Semester,Section Number,Course Prefix,Course Number,Course Title,Course,Letter Grade,Count of letter grade,Department/Program
Fall 2020,50695,C S, 303E,ELEMS OF COMPTRS/PROGRAMMNG-WB,"C S-303E: ELEMS OF COMPTRS/PROGRAMMNG-WB, Section no. 50695",Other,42,Computer Science
Fall 2020,50695,C S, 303E,ELEMS OF COMPTRS/PROGRAMMNG-WB,"C S-303E: ELEMS OF COMPTRS/PROGRAMMNG-WB, Section no. 50695",F,3,Computer Science
Fall 2020,50695,C S, 303E,ELEMS OF COMPTRS/PROGRAMMNG-WB,"C S-303E: ELEMS OF COMPTRS/PROGRAMMNG-WB, Section no. 50695",D,1,Computer Science
Fall 2020,50695,C S, 303E,ELEMS OF COMPTRS/PROGRAMMNG-WB,"C S-303E: ELEMS OF COMPTRS/PROGRAMMNG-WB, Section no. 50695",D+,3,Computer Science
Fall 2020,50695,C S, 303E,ELEMS OF COMPTRS/PROGRAMMNG-WB,"C S-303E: ELEMS OF COMPTRS/PROGRAMMNG-WB, Section no. 50695",C-,1,Computer Science
Fall 2020,50695,C S, 303E,ELEMS OF COMPTRS/PROGRAMMNG-WB,"C S-303E: ELEMS OF COMPTRS/PROGRAMMNG-WB, Section no. 50695",C,5,Computer Science
Fall 2020,50695,C S, 303E,ELEMS OF COMPTRS/PROGRAMMNG-WB,"C S-303E: ELEMS OF COMPTRS/PROGRAMMNG-WB, Section no. 50695",C+,1,Computer Science
Fall 2020,50695,C S, 303E,ELEMS OF COMPTRS/PROGRAMMNG-WB,"C S-303E: ELEMS OF COMPTRS/PROGRAMMNG-WB, Section no. 50695",B-,5,Computer Science
Fall 2020,50695,C S, 303E,ELEMS OF COMPTRS/PROGRAMMNG-WB,"C S-303E: ELEMS OF COMPTRS/PROGRAMMNG-WB, Section no. 50695",B,13,Computer Science
Fall 2020,50695,C S, 303E,ELEMS OF COMPTRS/PROGRAMMNG-WB,"C S-303E: ELEMS OF COMPTRS/PROGRAMMNG-WB, Section no. 50695",B+,6,Computer Science
Fall 2020,50695,C S, 303E,ELEMS OF COMPTRS/PROGRAMMNG-WB,"C S-303E: ELEMS OF COMPTRS/PROGRAMMNG-WB, Section no. 50695",A-,20,Computer Science
Fall 2020,50695,C S, 303E,ELEMS OF COMPTRS/PROGRAMMNG-WB,"C S-303E: ELEMS OF COMPTRS/PROGRAMMNG-WB, Section no. 50695",A,98,Computer Science
Fall 2020,50700,C S, 303E,ELEMS OF COMPTRS/PROGRAMMNG-WB,"C S-303E: ELEMS OF COMPTRS/PROGRAMMNG-WB, Section no. 50700",Other,42,Computer Science
Fall 2020,50700,C S, 303E,ELEMS OF COMPTRS/PROGRAMMNG-WB,"C S-303E: ELEMS OF COMPTRS/PROGRAMMNG-WB, Section no. 50700",F,2,Computer Science
Fall 2020,50700,C S, 303E,ELEMS OF COMPTRS/PROGRAMMNG-WB,"C S-303E: ELEMS OF COMPTRS/PROGRAMMNG-WB, Section no. 50700",D,1,Computer Science
Fall 2020,50700,C S, 303E,ELEMS OF COMPTRS/PROGRAMMNG-WB,"C S-303E: ELEMS OF COMPTRS/PROGRAMMNG-WB, Section no. 50700",D+,1,Computer Science
Fall 2020,50700,C S, 303E,ELEMS OF COMPTRS/PROGRAMMNG-WB,"C S-303E: ELEMS OF COMPTRS/PROGRAMMNG-WB, Section no. 50700",C-,2,Computer Science
Fall 2020,50700,C S, 303E,ELEMS OF COMPTRS/PROGRAMMNG-WB,"C S-303E: ELEMS OF COMPTRS/PROGRAMMNG-WB, Section no. 50700",C,1,Computer Science
Fall 2020,50700,C S, 303E,ELEMS OF COMPTRS/PROGRAMMNG-WB,"C S-303E: ELEMS OF COMPTRS/PROGRAMMNG-WB, Section no. 50700",C+,2,Computer Science
Fall 2020,50700,C S, 303E,ELEMS OF COMPTRS/PROGRAMMNG-WB,"C S-303E: ELEMS OF COMPTRS/PROGRAMMNG-WB, Section no. 50700",B-,6,Computer Science
Fall 2020,50700,C S, 303E,ELEMS OF COMPTRS/PROGRAMMNG-WB,"C S-303E: ELEMS OF COMPTRS/PROGRAMMNG-WB, Section no. 50700",B,12,Computer Science
Fall 2020,50700,C S, 303E,ELEMS OF COMPTRS/PROGRAMMNG-WB,"C S-303E: ELEMS OF COMPTRS/PROGRAMMNG-WB, Section no. 50700",B+,8,Computer Science
Fall 2020,50700,C S, 303E,ELEMS OF COMPTRS/PROGRAMMNG-WB,"C S-303E: ELEMS OF COMPTRS/PROGRAMMNG-WB, Section no. 50700",A-,10,Computer Science
Fall 2020,50700,C S, 303E,ELEMS OF COMPTRS/PROGRAMMNG-WB,"C S-303E: ELEMS OF COMPTRS/PROGRAMMNG-WB, Section no. 50700",A,112,Computer Science
Fall 2020,50705,C S, 303E,ELEMS OF COMPTRS/PROGRAMMNG-WB,"C S-303E: ELEMS OF COMPTRS/PROGRAMMNG-WB, Section no. 50705",Other,49,Computer Science
Fall 2020,50705,C S, 303E,ELEMS OF COMPTRS/PROGRAMMNG-WB,"C S-303E: ELEMS OF COMPTRS/PROGRAMMNG-WB, Section no. 50705",F,1,Computer Science
Fall 2020,50705,C S, 303E,ELEMS OF COMPTRS/PROGRAMMNG-WB,"C S-303E: ELEMS OF COMPTRS/PROGRAMMNG-WB, Section no. 50705",D,2,Computer Science
Fall 2020,50705,C S, 303E,ELEMS OF COMPTRS/PROGRAMMNG-WB,"C S-303E: ELEMS OF COMPTRS/PROGRAMMNG-WB, Section no. 50705",D+,1,Computer Science
Fall 2020,50705,C S, 303E,ELEMS OF COMPTRS/PROGRAMMNG-WB,"C S-303E: ELEMS OF COMPTRS/PROGRAMMNG-WB, Section no. 50705",C-,3,Computer Science
Fall 2020,50705,C S, 303E,ELEMS OF COMPTRS/PROGRAMMNG-WB,"C S-303E: ELEMS OF COMPTRS/PROGRAMMNG-WB, Section no. 50705",C+,1,Computer Science
Fall 2020,50705,C S, 303E,ELEMS OF COMPTRS/PROGRAMMNG-WB,"C S-303E: ELEMS OF COMPTRS/PROGRAMMNG-WB, Section no. 50705",B-,2,Computer Science
Fall 2020,50705,C S, 303E,ELEMS OF COMPTRS/PROGRAMMNG-WB,"C S-303E: ELEMS OF COMPTRS/PROGRAMMNG-WB, Section no. 50705",B,7,Computer Science
Fall 2020,50705,C S, 303E,ELEMS OF COMPTRS/PROGRAMMNG-WB,"C S-303E: ELEMS OF COMPTRS/PROGRAMMNG-WB, Section no. 50705",B+,5,Computer Science
Fall 2020,50705,C S, 303E,ELEMS OF COMPTRS/PROGRAMMNG-WB,"C S-303E: ELEMS OF COMPTRS/PROGRAMMNG-WB, Section no. 50705",A-,11,Computer Science
Fall 2020,50705,C S, 303E,ELEMS OF COMPTRS/PROGRAMMNG-WB,"C S-303E: ELEMS OF COMPTRS/PROGRAMMNG-WB, Section no. 50705",A,118,Computer Science
Fall 2020,50710,C S, 104C,COMPETITIVE PROGRAMMING-WB,"C S-104C: COMPETITIVE PROGRAMMING-WB, Section no. 50710",Other,15,Computer Science
Fall 2020,50710,C S, 104C,COMPETITIVE PROGRAMMING-WB,"C S-104C: COMPETITIVE PROGRAMMING-WB, Section no. 50710",F,1,Computer Science
Fall 2020,50710,C S, 104C,COMPETITIVE PROGRAMMING-WB,"C S-104C: COMPETITIVE PROGRAMMING-WB, Section no. 50710",C-,1,Computer Science
Fall 2020,50710,C S, 104C,COMPETITIVE PROGRAMMING-WB,"C S-104C: COMPETITIVE PROGRAMMING-WB, Section no. 50710",B-,1,Computer Science
Fall 2020,50710,C S, 104C,COMPETITIVE PROGRAMMING-WB,"C S-104C: COMPETITIVE PROGRAMMING-WB, Section no. 50710",B+,1,Computer Science
Fall 2020,50710,C S, 104C,COMPETITIVE PROGRAMMING-WB,"C S-104C: COMPETITIVE PROGRAMMING-WB, Section no. 50710",A-,7,Computer Science
Fall 2020,50710,C S, 104C,COMPETITIVE PROGRAMMING-WB,"C S-104C: COMPETITIVE PROGRAMMING-WB, Section no. 50710",A,55,Computer Science
Fall 2020,50715,C S, 105C,COMPUTER PROGRAMMING: C++-WB,"C S-105C: COMPUTER PROGRAMMING: C++-WB, Section no. 50715",Other,8,Computer Science
Fall 2020,50715,C S, 105C,COMPUTER PROGRAMMING: C++-WB,"C S-105C: COMPUTER PROGRAMMING: C++-WB, Section no. 50715",C,1,Computer Science
Fall 2020,50715,C S, 105C,COMPUTER PROGRAMMING: C++-WB,"C S-105C: COMPUTER PROGRAMMING: C++-WB, Section no. 50715",C+,1,Computer Science
Fall 2020,50715,C S, 105C,COMPUTER PROGRAMMING: C++-WB,"C S-105C: COMPUTER PROGRAMMING: C++-WB, Section no. 50715",B,1,Computer Science
Fall 2020,50715,C S, 105C,COMPUTER PROGRAMMING: C++-WB,"C S-105C: COMPUTER PROGRAMMING: C++-WB, Section no. 50715",B+,1,Computer Science
Fall 2020,50715,C S, 105C,COMPUTER PROGRAMMING: C++-WB,"C S-105C: COMPUTER PROGRAMMING: C++-WB, Section no. 50715",A-,2,Computer Science
Fall 2020,50715,C S, 105C,COMPUTER PROGRAMMING: C++-WB,"C S-105C: COMPUTER PROGRAMMING: C++-WB, Section no. 50715",A,1,Computer Science
Fall 2020,50720,C S, 109,COMPUTER PROGRAMMNG: PYTHON-WB,"C S-109: COMPUTER PROGRAMMNG: PYTHON-WB, Section no. 50720",Other,6,Computer Science
Fall 2020,50720,C S, 109,COMPUTER PROGRAMMNG: PYTHON-WB,"C S-109: COMPUTER PROGRAMMNG: PYTHON-WB, Section no. 50720",F,1,Computer Science
Fall 2020,50720,C S, 109,COMPUTER PROGRAMMNG: PYTHON-WB,"C S-109: COMPUTER PROGRAMMNG: PYTHON-WB, Section no. 50720",D+,2,Computer Science
Fall 2020,50720,C S, 109,COMPUTER PROGRAMMNG: PYTHON-WB,"C S-109: COMPUTER PROGRAMMNG: PYTHON-WB, Section no. 50720",B,2,Computer Science
Fall 2020,50720,C S, 109,COMPUTER PROGRAMMNG: PYTHON-WB,"C S-109: COMPUTER PROGRAMMNG: PYTHON-WB, Section no. 50720",B+,1,Computer Science
Fall 2020,50720,C S, 109,COMPUTER PROGRAMMNG: PYTHON-WB,"C S-109: COMPUTER PROGRAMMNG: PYTHON-WB, Section no. 50720",A,24,Computer Science
Fall 2020,50725,C S, 309,ENERGY ANALYTICS-FRI-WB,"C S-309: ENERGY ANALYTICS-FRI-WB, Section no. 50725",Other,1,Computer Science
Fall 2020,50725,C S, 309,ENERGY ANALYTICS-FRI-WB,"C S-309: ENERGY ANALYTICS-FRI-WB, Section no. 50725",F,1,Computer Science
Fall 2020,50725,C S, 309,ENERGY ANALYTICS-FRI-WB,"C S-309: ENERGY ANALYTICS-FRI-WB, Section no. 50725",A,31,Computer Science
Fall 2020,50730,C S, 311,DISCRETE MATH COMPTR SCI-WB,"C S-311: DISCRETE MATH COMPTR SCI-WB, Section no. 50730",C-,1,Computer Science
Fall 2020,50730,C S, 311,DISCRETE MATH COMPTR SCI-WB,"C S-311: DISCRETE MATH COMPTR SCI-WB, Section no. 50730",B-,1,Computer Science
Fall 2020,50730,C S, 311,DISCRETE MATH COMPTR SCI-WB,"C S-311: DISCRETE MATH COMPTR SCI-WB, Section no. 50730",B,3,Computer Science
Fall 2020,50730,C S, 311,DISCRETE MATH COMPTR SCI-WB,"C S-311: DISCRETE MATH COMPTR SCI-WB, Section no. 50730",B+,2,Computer Science
Fall 2020,50730,C S, 311,DISCRETE MATH COMPTR SCI-WB,"C S-311: DISCRETE MATH COMPTR SCI-WB, Section no. 50730",A-,8,Computer Science
Fall 2020,50730,C S, 311,DISCRETE MATH COMPTR SCI-WB,"C S-311: DISCRETE MATH COMPTR SCI-WB, Section no. 50730",A,8,Computer Science
Fall 2020,50735,C S, 311,DISCRETE MATH COMPTR SCI-WB,"C S-311: DISCRETE MATH COMPTR SCI-WB, Section no. 50735",F,1,Computer Science
Fall 2020,50735,C S, 311,DISCRETE MATH COMPTR SCI-WB,"C S-311: DISCRETE MATH COMPTR SCI-WB, Section no. 50735",A-,9,Computer Science
Fall 2020,50735,C S, 311,DISCRETE MATH COMPTR SCI-WB,"C S-311: DISCRETE MATH COMPTR SCI-WB, Section no. 50735",A,12,Computer Science
Fall 2020,50740,C S, 311,DISCRETE MATH COMPTR SCI-WB,"C S-311: DISCRETE MATH COMPTR SCI-WB, Section no. 50740",Other,2,Computer Science
Fall 2020,50740,C S, 311,DISCRETE MATH COMPTR SCI-WB,"C S-311: DISCRETE MATH COMPTR SCI-WB, Section no. 50740",C+,1,Computer Science
Fall 2020,50740,C S, 311,DISCRETE MATH COMPTR SCI-WB,"C S-311: DISCRETE MATH COMPTR SCI-WB, Section no. 50740",B+,2,Computer Science
Fall 2020,50740,C S, 311,DISCRETE MATH COMPTR SCI-WB,"C S-311: DISCRETE MATH COMPTR SCI-WB, Section no. 50740",A-,7,Computer Science
Fall 2020,50740,C S, 311,DISCRETE MATH COMPTR SCI-WB,"C S-311: DISCRETE MATH COMPTR SCI-WB, Section no. 50740",A,10,Computer Science
Fall 2020,50745,C S, 311,DISCRETE MATH COMPTR SCI-WB,"C S-311: DISCRETE MATH COMPTR SCI-WB, Section no. 50745",C,1,Computer Science
Fall 2020,50745,C S, 311,DISCRETE MATH COMPTR SCI-WB,"C S-311: DISCRETE MATH COMPTR SCI-WB, Section no. 50745",B-,2,Computer Science
Fall 2020,50745,C S, 311,DISCRETE MATH COMPTR SCI-WB,"C S-311: DISCRETE MATH COMPTR SCI-WB, Section no. 50745",B,1,Computer Science
Fall 2020,50745,C S, 311,DISCRETE MATH COMPTR SCI-WB,"C S-311: DISCRETE MATH COMPTR SCI-WB, Section no. 50745",B+,6,Computer Science
Fall 2020,50745,C S, 311,DISCRETE MATH COMPTR SCI-WB,"C S-311: DISCRETE MATH COMPTR SCI-WB, Section no. 50745",A-,6,Computer Science
Fall 2020,50745,C S, 311,DISCRETE MATH COMPTR SCI-WB,"C S-311: DISCRETE MATH COMPTR SCI-WB, Section no. 50745",A,10,Computer Science
Fall 2020,50750,C S, 311,DISCRETE MATH COMPTR SCI-WB,"C S-311: DISCRETE MATH COMPTR SCI-WB, Section no. 50750",B-,1,Computer Science
Fall 2020,50750,C S, 311,DISCRETE MATH COMPTR SCI-WB,"C S-311: DISCRETE MATH COMPTR SCI-WB, Section no. 50750",B+,7,Computer Science
Fall 2020,50750,C S, 311,DISCRETE MATH COMPTR SCI-WB,"C S-311: DISCRETE MATH COMPTR SCI-WB, Section no. 50750",A-,4,Computer Science
Fall 2020,50750,C S, 311,DISCRETE MATH COMPTR SCI-WB,"C S-311: DISCRETE MATH COMPTR SCI-WB, Section no. 50750",A,6,Computer Science
Fall 2020,50755,C S, 311,DISCRETE MATH COMPTR SCI-WB,"C S-311: DISCRETE MATH COMPTR SCI-WB, Section no. 50755",C,1,Computer Science
Fall 2020,50755,C S, 311,DISCRETE MATH COMPTR SCI-WB,"C S-311: DISCRETE MATH COMPTR SCI-WB, Section no. 50755",B-,2,Computer Science
Fall 2020,50755,C S, 311,DISCRETE MATH COMPTR SCI-WB,"C S-311: DISCRETE MATH COMPTR SCI-WB, Section no. 50755",B,2,Computer Science
Fall 2020,50755,C S, 311,DISCRETE MATH COMPTR SCI-WB,"C S-311: DISCRETE MATH COMPTR SCI-WB, Section no. 50755",B+,8,Computer Science
Fall 2020,50755,C S, 311,DISCRETE MATH COMPTR SCI-WB,"C S-311: DISCRETE MATH COMPTR SCI-WB, Section no. 50755",A-,7,Computer Science
Fall 2020,50755,C S, 311,DISCRETE MATH COMPTR SCI-WB,"C S-311: DISCRETE MATH COMPTR SCI-WB, Section no. 50755",A,8,Computer Science
Fall 2020,50760,C S, 311,DISCRETE MATH COMPTR SCI-WB,"C S-311: DISCRETE MATH COMPTR SCI-WB, Section no. 50760",Other,2,Computer Science
Fall 2020,50760,C S, 311,DISCRETE MATH COMPTR SCI-WB,"C S-311: DISCRETE MATH COMPTR SCI-WB, Section no. 50760",C-,1,Computer Science
Fall 2020,50760,C S, 311,DISCRETE MATH COMPTR SCI-WB,"C S-311: DISCRETE MATH COMPTR SCI-WB, Section no. 50760",C,3,Computer Science
Fall 2020,50760,C S, 311,DISCRETE MATH COMPTR SCI-WB,"C S-311: DISCRETE MATH COMPTR SCI-WB, Section no. 50760",C+,1,Computer Science
Fall 2020,50760,C S, 311,DISCRETE MATH COMPTR SCI-WB,"C S-311: DISCRETE MATH COMPTR SCI-WB, Section no. 50760",B-,3,Computer Science
Fall 2020,50760,C S, 311,DISCRETE MATH COMPTR SCI-WB,"C S-311: DISCRETE MATH COMPTR SCI-WB, Section no. 50760",B,2,Computer Science
Fall 2020,50760,C S, 311,DISCRETE MATH COMPTR SCI-WB,"C S-311: DISCRETE MATH COMPTR SCI-WB, Section no. 50760",B+,3,Computer Science
Fall 2020,50760,C S, 311,DISCRETE MATH COMPTR SCI-WB,"C S-311: DISCRETE MATH COMPTR SCI-WB, Section no. 50760",A-,3,Computer Science
Fall 2020,50760,C S, 311,DISCRETE MATH COMPTR SCI-WB,"C S-311: DISCRETE MATH COMPTR SCI-WB, Section no. 50760",A,8,Computer Science
Fall 2020,50765,C S, 311,DISCRETE MATH COMPTR SCI-WB,"C S-311: DISCRETE MATH COMPTR SCI-WB, Section no. 50765",C-,1,Computer Science
Fall 2020,50765,C S, 311,DISCRETE MATH COMPTR SCI-WB,"C S-311: DISCRETE MATH COMPTR SCI-WB, Section no. 50765",C+,1,Computer Science
Fall 2020,50765,C S, 311,DISCRETE MATH COMPTR SCI-WB,"C S-311: DISCRETE MATH COMPTR SCI-WB, Section no. 50765",B-,1,Computer Science
Fall 2020,50765,C S, 311,DISCRETE MATH COMPTR SCI-WB,"C S-311: DISCRETE MATH COMPTR SCI-WB, Section no. 50765",B,3,Computer Science
Fall 2020,50765,C S, 311,DISCRETE MATH COMPTR SCI-WB,"C S-311: DISCRETE MATH COMPTR SCI-WB, Section no. 50765",B+,2,Computer Science
Fall 2020,50765,C S, 311,DISCRETE MATH COMPTR SCI-WB,"C S-311: DISCRETE MATH COMPTR SCI-WB, Section no. 50765",A-,6,Computer Science
Fall 2020,50765,C S, 311,DISCRETE MATH COMPTR SCI-WB,"C S-311: DISCRETE MATH COMPTR SCI-WB, Section no. 50765",A,10,Computer Science
Fall 2020,50770,C S, 311,DISCRETE MATH COMPTR SCI-WB,"C S-311: DISCRETE MATH COMPTR SCI-WB, Section no. 50770",C-,1,Computer Science
Fall 2020,50770,C S, 311,DISCRETE MATH COMPTR SCI-WB,"C S-311: DISCRETE MATH COMPTR SCI-WB, Section no. 50770",B,3,Computer Science
Fall 2020,50770,C S, 311,DISCRETE MATH COMPTR SCI-WB,"C S-311: DISCRETE MATH COMPTR SCI-WB, Section no. 50770",B+,5,Computer Science
Fall 2020,50770,C S, 311,DISCRETE MATH COMPTR SCI-WB,"C S-311: DISCRETE MATH COMPTR SCI-WB, Section no. 50770",A-,9,Computer Science
Fall 2020,50770,C S, 311,DISCRETE MATH COMPTR SCI-WB,"C S-311: DISCRETE MATH COMPTR SCI-WB, Section no. 50770",A,9,Computer Science
Fall 2020,50775,C S, 311,DISCRETE MATH COMPTR SCI-WB,"C S-311: DISCRETE MATH COMPTR SCI-WB, Section no. 50775",Other,1,Computer Science
Fall 2020,50775,C S, 311,DISCRETE MATH COMPTR SCI-WB,"C S-311: DISCRETE MATH COMPTR SCI-WB, Section no. 50775",C-,1,Computer Science
Fall 2020,50775,C S, 311,DISCRETE MATH COMPTR SCI-WB,"C S-311: DISCRETE MATH COMPTR SCI-WB, Section no. 50775",B,2,Computer Science
Fall 2020,50775,C S, 311,DISCRETE MATH COMPTR SCI-WB,"C S-311: DISCRETE MATH COMPTR SCI-WB, Section no. 50775",B+,4,Computer Science
Fall 2020,50775,C S, 311,DISCRETE MATH COMPTR SCI-WB,"C S-311: DISCRETE MATH COMPTR SCI-WB, Section no. 50775",A-,4,Computer Science
Fall 2020,50775,C S, 311,DISCRETE MATH COMPTR SCI-WB,"C S-311: DISCRETE MATH COMPTR SCI-WB, Section no. 50775",A,10,Computer Science
Fall 2020,50780,C S, 311,DISCRETE MATH COMPTR SCI-WB,"C S-311: DISCRETE MATH COMPTR SCI-WB, Section no. 50780",B+,3,Computer Science
Fall 2020,50780,C S, 311,DISCRETE MATH COMPTR SCI-WB,"C S-311: DISCRETE MATH COMPTR SCI-WB, Section no. 50780",A-,7,Computer Science
Fall 2020,50780,C S, 311,DISCRETE MATH COMPTR SCI-WB,"C S-311: DISCRETE MATH COMPTR SCI-WB, Section no. 50780",A,13,Computer Science
Fall 2020,50785,C S, 311H,DISCRETE MATH COMP SCI: HON-WB,"C S-311H: DISCRETE MATH COMP SCI: HON-WB, Section no. 50785",Other,1,Computer Science
Fall 2020,50785,C S, 311H,DISCRETE MATH COMP SCI: HON-WB,"C S-311H: DISCRETE MATH COMP SCI: HON-WB, Section no. 50785",B,2,Computer Science
Fall 2020,50785,C S, 311H,DISCRETE MATH COMP SCI: HON-WB,"C S-311H: DISCRETE MATH COMP SCI: HON-WB, Section no. 50785",B+,1,Computer Science
Fall 2020,50785,C S, 311H,DISCRETE MATH COMP SCI: HON-WB,"C S-311H: DISCRETE MATH COMP SCI: HON-WB, Section no. 50785",A-,5,Computer Science
Fall 2020,50785,C S, 311H,DISCRETE MATH COMP SCI: HON-WB,"C S-311H: DISCRETE MATH COMP SCI: HON-WB, Section no. 50785",A,14,Computer Science
Fall 2020,50790,C S, 311H,DISCRETE MATH COMP SCI: HON-WB,"C S-311H: DISCRETE MATH COMP SCI: HON-WB, Section no. 50790",B-,1,Computer Science
Fall 2020,50790,C S, 311H,DISCRETE MATH COMP SCI: HON-WB,"C S-311H: DISCRETE MATH COMP SCI: HON-WB, Section no. 50790",B+,3,Computer Science
Fall 2020,50790,C S, 311H,DISCRETE MATH COMP SCI: HON-WB,"C S-311H: DISCRETE MATH COMP SCI: HON-WB, Section no. 50790",A-,5,Computer Science
Fall 2020,50790,C S, 311H,DISCRETE MATH COMP SCI: HON-WB,"C S-311H: DISCRETE MATH COMP SCI: HON-WB, Section no. 50790",A,9,Computer Science
Fall 2020,50795,C S, 311H,DISCRETE MATH COMP SCI: HON-WB,"C S-311H: DISCRETE MATH COMP SCI: HON-WB, Section no. 50795",B+,1,Computer Science
Fall 2020,50795,C S, 311H,DISCRETE MATH COMP SCI: HON-WB,"C S-311H: DISCRETE MATH COMP SCI: HON-WB, Section no. 50795",A-,2,Computer Science
Fall 2020,50795,C S, 311H,DISCRETE MATH COMP SCI: HON-WB,"C S-311H: DISCRETE MATH COMP SCI: HON-WB, Section no. 50795",A,28,Computer Science
Fall 2020,50797,C S, 312,INTRODUCTION TO PROGRAMMING-WB,"C S-312: INTRODUCTION TO PROGRAMMING-WB, Section no. 50797",Other,4,Computer Science
Fall 2020,50797,C S, 312,INTRODUCTION TO PROGRAMMING-WB,"C S-312: INTRODUCTION TO PROGRAMMING-WB, Section no. 50797",F,2,Computer Science
Fall 2020,50797,C S, 312,INTRODUCTION TO PROGRAMMING-WB,"C S-312: INTRODUCTION TO PROGRAMMING-WB, Section no. 50797",D+,1,Computer Science
Fall 2020,50797,C S, 312,INTRODUCTION TO PROGRAMMING-WB,"C S-312: INTRODUCTION TO PROGRAMMING-WB, Section no. 50797",C,3,Computer Science
Fall 2020,50797,C S, 312,INTRODUCTION TO PROGRAMMING-WB,"C S-312: INTRODUCTION TO PROGRAMMING-WB, Section no. 50797",C+,1,Computer Science
Fall 2020,50797,C S, 312,INTRODUCTION TO PROGRAMMING-WB,"C S-312: INTRODUCTION TO PROGRAMMING-WB, Section no. 50797",B-,1,Computer Science
Fall 2020,50797,C S, 312,INTRODUCTION TO PROGRAMMING-WB,"C S-312: INTRODUCTION TO PROGRAMMING-WB, Section no. 50797",B,1,Computer Science
Fall 2020,50797,C S, 312,INTRODUCTION TO PROGRAMMING-WB,"C S-312: INTRODUCTION TO PROGRAMMING-WB, Section no. 50797",B+,1,Computer Science
Fall 2020,50797,C S, 312,INTRODUCTION TO PROGRAMMING-WB,"C S-312: INTRODUCTION TO PROGRAMMING-WB, Section no. 50797",A,2,Computer Science
Fall 2020,50799,C S, 312,INTRODUCTION TO PROGRAMMING-WB,"C S-312: INTRODUCTION TO PROGRAMMING-WB, Section no. 50799",Other,4,Computer Science
Fall 2020,50799,C S, 312,INTRODUCTION TO PROGRAMMING-WB,"C S-312: INTRODUCTION TO PROGRAMMING-WB, Section no. 50799",F,1,Computer Science
Fall 2020,50799,C S, 312,INTRODUCTION TO PROGRAMMING-WB,"C S-312: INTRODUCTION TO PROGRAMMING-WB, Section no. 50799",D,1,Computer Science
Fall 2020,50799,C S, 312,INTRODUCTION TO PROGRAMMING-WB,"C S-312: INTRODUCTION TO PROGRAMMING-WB, Section no. 50799",C,1,Computer Science
Fall 2020,50799,C S, 312,INTRODUCTION TO PROGRAMMING-WB,"C S-312: INTRODUCTION TO PROGRAMMING-WB, Section no. 50799",C+,2,Computer Science
Fall 2020,50799,C S, 312,INTRODUCTION TO PROGRAMMING-WB,"C S-312: INTRODUCTION TO PROGRAMMING-WB, Section no. 50799",B-,3,Computer Science
Fall 2020,50799,C S, 312,INTRODUCTION TO PROGRAMMING-WB,"C S-312: INTRODUCTION TO PROGRAMMING-WB, Section no. 50799",B,2,Computer Science
Fall 2020,50799,C S, 312,INTRODUCTION TO PROGRAMMING-WB,"C S-312: INTRODUCTION TO PROGRAMMING-WB, Section no. 50799",B+,1,Computer Science
Fall 2020,50799,C S, 312,INTRODUCTION TO PROGRAMMING-WB,"C S-312: INTRODUCTION TO PROGRAMMING-WB, Section no. 50799",A-,4,Computer Science
Fall 2020,50799,C S, 312,INTRODUCTION TO PROGRAMMING-WB,"C S-312: INTRODUCTION TO PROGRAMMING-WB, Section no. 50799",A,5,Computer Science
Fall 2020,50800,C S, 312,INTRODUCTION TO PROGRAMMING-WB,"C S-312: INTRODUCTION TO PROGRAMMING-WB, Section no. 50800",Other,1,Computer Science
Fall 2020,50800,C S, 312,INTRODUCTION TO PROGRAMMING-WB,"C S-312: INTRODUCTION TO PROGRAMMING-WB, Section no. 50800",F,2,Computer Science
Fall 2020,50800,C S, 312,INTRODUCTION TO PROGRAMMING-WB,"C S-312: INTRODUCTION TO PROGRAMMING-WB, Section no. 50800",C-,1,Computer Science
Fall 2020,50800,C S, 312,INTRODUCTION TO PROGRAMMING-WB,"C S-312: INTRODUCTION TO PROGRAMMING-WB, Section no. 50800",C,2,Computer Science
Fall 2020,50800,C S, 312,INTRODUCTION TO PROGRAMMING-WB,"C S-312: INTRODUCTION TO PROGRAMMING-WB, Section no. 50800",B-,1,Computer Science
Fall 2020,50800,C S, 312,INTRODUCTION TO PROGRAMMING-WB,"C S-312: INTRODUCTION TO PROGRAMMING-WB, Section no. 50800",B,6,Computer Science
Fall 2020,50800,C S, 312,INTRODUCTION TO PROGRAMMING-WB,"C S-312: INTRODUCTION TO PROGRAMMING-WB, Section no. 50800",B+,2,Computer Science
Fall 2020,50800,C S, 312,INTRODUCTION TO PROGRAMMING-WB,"C S-312: INTRODUCTION TO PROGRAMMING-WB, Section no. 50800",A-,1,Computer Science
Fall 2020,50800,C S, 312,INTRODUCTION TO PROGRAMMING-WB,"C S-312: INTRODUCTION TO PROGRAMMING-WB, Section no. 50800",A,5,Computer Science
Fall 2020,50805,C S, 312,INTRODUCTION TO PROGRAMMING-WB,"C S-312: INTRODUCTION TO PROGRAMMING-WB, Section no. 50805",Other,1,Computer Science
Fall 2020,50805,C S, 312,INTRODUCTION TO PROGRAMMING-WB,"C S-312: INTRODUCTION TO PROGRAMMING-WB, Section no. 50805",C,1,Computer Science
Fall 2020,50805,C S, 312,INTRODUCTION TO PROGRAMMING-WB,"C S-312: INTRODUCTION TO PROGRAMMING-WB, Section no. 50805",B-,1,Computer Science
Fall 2020,50805,C S, 312,INTRODUCTION TO PROGRAMMING-WB,"C S-312: INTRODUCTION TO PROGRAMMING-WB, Section no. 50805",B,1,Computer Science
Fall 2020,50805,C S, 312,INTRODUCTION TO PROGRAMMING-WB,"C S-312: INTRODUCTION TO PROGRAMMING-WB, Section no. 50805",B+,5,Computer Science
Fall 2020,50805,C S, 312,INTRODUCTION TO PROGRAMMING-WB,"C S-312: INTRODUCTION TO PROGRAMMING-WB, Section no. 50805",A-,6,Computer Science
Fall 2020,50805,C S, 312,INTRODUCTION TO PROGRAMMING-WB,"C S-312: INTRODUCTION TO PROGRAMMING-WB, Section no. 50805",A,8,Computer Science
Fall 2020,50810,C S, 312,INTRODUCTION TO PROGRAMMING-WB,"C S-312: INTRODUCTION TO PROGRAMMING-WB, Section no. 50810",Other,2,Computer Science
Fall 2020,50810,C S, 312,INTRODUCTION TO PROGRAMMING-WB,"C S-312: INTRODUCTION TO PROGRAMMING-WB, Section no. 50810",D+,1,Computer Science
Fall 2020,50810,C S, 312,INTRODUCTION TO PROGRAMMING-WB,"C S-312: INTRODUCTION TO PROGRAMMING-WB, Section no. 50810",C,2,Computer Science
Fall 2020,50810,C S, 312,INTRODUCTION TO PROGRAMMING-WB,"C S-312: INTRODUCTION TO PROGRAMMING-WB, Section no. 50810",C+,1,Computer Science
Fall 2020,50810,C S, 312,INTRODUCTION TO PROGRAMMING-WB,"C S-312: INTRODUCTION TO PROGRAMMING-WB, Section no. 50810",B-,3,Computer Science
Fall 2020,50810,C S, 312,INTRODUCTION TO PROGRAMMING-WB,"C S-312: INTRODUCTION TO PROGRAMMING-WB, Section no. 50810",B,6,Computer Science
Fall 2020,50810,C S, 312,INTRODUCTION TO PROGRAMMING-WB,"C S-312: INTRODUCTION TO PROGRAMMING-WB, Section no. 50810",B+,2,Computer Science
Fall 2020,50810,C S, 312,INTRODUCTION TO PROGRAMMING-WB,"C S-312: INTRODUCTION TO PROGRAMMING-WB, Section no. 50810",A-,1,Computer Science
Fall 2020,50810,C S, 312,INTRODUCTION TO PROGRAMMING-WB,"C S-312: INTRODUCTION TO PROGRAMMING-WB, Section no. 50810",A,5,Computer Science
Fall 2020,50815,C S, 312,INTRODUCTION TO PROGRAMMING-WB,"C S-312: INTRODUCTION TO PROGRAMMING-WB, Section no. 50815",Other,2,Computer Science
Fall 2020,50815,C S, 312,INTRODUCTION TO PROGRAMMING-WB,"C S-312: INTRODUCTION TO PROGRAMMING-WB, Section no. 50815",C,2,Computer Science
Fall 2020,50815,C S, 312,INTRODUCTION TO PROGRAMMING-WB,"C S-312: INTRODUCTION TO PROGRAMMING-WB, Section no. 50815",C+,1,Computer Science
Fall 2020,50815,C S, 312,INTRODUCTION TO PROGRAMMING-WB,"C S-312: INTRODUCTION TO PROGRAMMING-WB, Section no. 50815",B-,1,Computer Science
Fall 2020,50815,C S, 312,INTRODUCTION TO PROGRAMMING-WB,"C S-312: INTRODUCTION TO PROGRAMMING-WB, Section no. 50815",B,3,Computer Science
Fall 2020,50815,C S, 312,INTRODUCTION TO PROGRAMMING-WB,"C S-312: INTRODUCTION TO PROGRAMMING-WB, Section no. 50815",B+,5,Computer Science
Fall 2020,50815,C S, 312,INTRODUCTION TO PROGRAMMING-WB,"C S-312: INTRODUCTION TO PROGRAMMING-WB, Section no. 50815",A-,3,Computer Science
Fall 2020,50815,C S, 312,INTRODUCTION TO PROGRAMMING-WB,"C S-312: INTRODUCTION TO PROGRAMMING-WB, Section no. 50815",A,6,Computer Science
Fall 2020,50820,C S, 312,INTRODUCTION TO PROGRAMMING-WB,"C S-312: INTRODUCTION TO PROGRAMMING-WB, Section no. 50820",Other,3,Computer Science
Fall 2020,50820,C S, 312,INTRODUCTION TO PROGRAMMING-WB,"C S-312: INTRODUCTION TO PROGRAMMING-WB, Section no. 50820",F,1,Computer Science
Fall 2020,50820,C S, 312,INTRODUCTION TO PROGRAMMING-WB,"C S-312: INTRODUCTION TO PROGRAMMING-WB, Section no. 50820",C,2,Computer Science
Fall 2020,50820,C S, 312,INTRODUCTION TO PROGRAMMING-WB,"C S-312: INTRODUCTION TO PROGRAMMING-WB, Section no. 50820",C+,1,Computer Science
Fall 2020,50820,C S, 312,INTRODUCTION TO PROGRAMMING-WB,"C S-312: INTRODUCTION TO PROGRAMMING-WB, Section no. 50820",B,3,Computer Science
Fall 2020,50820,C S, 312,INTRODUCTION TO PROGRAMMING-WB,"C S-312: INTRODUCTION TO PROGRAMMING-WB, Section no. 50820",B+,4,Computer Science
Fall 2020,50820,C S, 312,INTRODUCTION TO PROGRAMMING-WB,"C S-312: INTRODUCTION TO PROGRAMMING-WB, Section no. 50820",A-,3,Computer Science
Fall 2020,50820,C S, 312,INTRODUCTION TO PROGRAMMING-WB,"C S-312: INTRODUCTION TO PROGRAMMING-WB, Section no. 50820",A,6,Computer Science
Fall 2020,50825,C S, 312,INTRODUCTION TO PROGRAMMING-WB,"C S-312: INTRODUCTION TO PROGRAMMING-WB, Section no. 50825",Other,3,Computer Science
Fall 2020,50825,C S, 312,INTRODUCTION TO PROGRAMMING-WB,"C S-312: INTRODUCTION TO PROGRAMMING-WB, Section no. 50825",C+,1,Computer Science
Fall 2020,50825,C S, 312,INTRODUCTION TO PROGRAMMING-WB,"C S-312: INTRODUCTION TO PROGRAMMING-WB, Section no. 50825",B,3,Computer Science
Fall 2020,50825,C S, 312,INTRODUCTION TO PROGRAMMING-WB,"C S-312: INTRODUCTION TO PROGRAMMING-WB, Section no. 50825",B+,2,Computer Science
Fall 2020,50825,C S, 312,INTRODUCTION TO PROGRAMMING-WB,"C S-312: INTRODUCTION TO PROGRAMMING-WB, Section no. 50825",A-,2,Computer Science
Fall 2020,50825,C S, 312,INTRODUCTION TO PROGRAMMING-WB,"C S-312: INTRODUCTION TO PROGRAMMING-WB, Section no. 50825",A,12,Computer Science
Fall 2020,50830,C S, 312,INTRODUCTION TO PROGRAMMING-WB,"C S-312: INTRODUCTION TO PROGRAMMING-WB, Section no. 50830",Other,10,Computer Science
Fall 2020,50830,C S, 312,INTRODUCTION TO PROGRAMMING-WB,"C S-312: INTRODUCTION TO PROGRAMMING-WB, Section no. 50830",C-,1,Computer Science
Fall 2020,50830,C S, 312,INTRODUCTION TO PROGRAMMING-WB,"C S-312: INTRODUCTION TO PROGRAMMING-WB, Section no. 50830",C,1,Computer Science
Fall 2020,50830,C S, 312,INTRODUCTION TO PROGRAMMING-WB,"C S-312: INTRODUCTION TO PROGRAMMING-WB, Section no. 50830",C+,1,Computer Science
Fall 2020,50830,C S, 312,INTRODUCTION TO PROGRAMMING-WB,"C S-312: INTRODUCTION TO PROGRAMMING-WB, Section no. 50830",B,4,Computer Science
Fall 2020,50830,C S, 312,INTRODUCTION TO PROGRAMMING-WB,"C S-312: INTRODUCTION TO PROGRAMMING-WB, Section no. 50830",B+,1,Computer Science
Fall 2020,50830,C S, 312,INTRODUCTION TO PROGRAMMING-WB,"C S-312: INTRODUCTION TO PROGRAMMING-WB, Section no. 50830",A,5,Computer Science
Fall 2020,50835,C S, 312,INTRODUCTION TO PROGRAMMING-WB,"C S-312: INTRODUCTION TO PROGRAMMING-WB, Section no. 50835",Other,2,Computer Science
Fall 2020,50835,C S, 312,INTRODUCTION TO PROGRAMMING-WB,"C S-312: INTRODUCTION TO PROGRAMMING-WB, Section no. 50835",C-,1,Computer Science
Fall 2020,50835,C S, 312,INTRODUCTION TO PROGRAMMING-WB,"C S-312: INTRODUCTION TO PROGRAMMING-WB, Section no. 50835",C,1,Computer Science
Fall 2020,50835,C S, 312,INTRODUCTION TO PROGRAMMING-WB,"C S-312: INTRODUCTION TO PROGRAMMING-WB, Section no. 50835",C+,1,Computer Science
Fall 2020,50835,C S, 312,INTRODUCTION TO PROGRAMMING-WB,"C S-312: INTRODUCTION TO PROGRAMMING-WB, Section no. 50835",B-,3,Computer Science
Fall 2020,50835,C S, 312,INTRODUCTION TO PROGRAMMING-WB,"C S-312: INTRODUCTION TO PROGRAMMING-WB, Section no. 50835",B,4,Computer Science
Fall 2020,50835,C S, 312,INTRODUCTION TO PROGRAMMING-WB,"C S-312: INTRODUCTION TO PROGRAMMING-WB, Section no. 50835",B+,2,Computer Science
Fall 2020,50835,C S, 312,INTRODUCTION TO PROGRAMMING-WB,"C S-312: INTRODUCTION TO PROGRAMMING-WB, Section no. 50835",A-,2,Computer Science
Fall 2020,50835,C S, 312,INTRODUCTION TO PROGRAMMING-WB,"C S-312: INTRODUCTION TO PROGRAMMING-WB, Section no. 50835",A,7,Computer Science
Fall 2020,50840,C S, 312,INTRODUCTION TO PROGRAMMING-WB,"C S-312: INTRODUCTION TO PROGRAMMING-WB, Section no. 50840",Other,3,Computer Science
Fall 2020,50840,C S, 312,INTRODUCTION TO PROGRAMMING-WB,"C S-312: INTRODUCTION TO PROGRAMMING-WB, Section no. 50840",F,1,Computer Science
Fall 2020,50840,C S, 312,INTRODUCTION TO PROGRAMMING-WB,"C S-312: INTRODUCTION TO PROGRAMMING-WB, Section no. 50840",C-,1,Computer Science
Fall 2020,50840,C S, 312,INTRODUCTION TO PROGRAMMING-WB,"C S-312: INTRODUCTION TO PROGRAMMING-WB, Section no. 50840",B-,1,Computer Science
Fall 2020,50840,C S, 312,INTRODUCTION TO PROGRAMMING-WB,"C S-312: INTRODUCTION TO PROGRAMMING-WB, Section no. 50840",B,4,Computer Science
Fall 2020,50840,C S, 312,INTRODUCTION TO PROGRAMMING-WB,"C S-312: INTRODUCTION TO PROGRAMMING-WB, Section no. 50840",B+,4,Computer Science
Fall 2020,50840,C S, 312,INTRODUCTION TO PROGRAMMING-WB,"C S-312: INTRODUCTION TO PROGRAMMING-WB, Section no. 50840",A-,3,Computer Science
Fall 2020,50840,C S, 312,INTRODUCTION TO PROGRAMMING-WB,"C S-312: INTRODUCTION TO PROGRAMMING-WB, Section no. 50840",A,6,Computer Science
Fall 2020,50845,C S, 313E,ELEMENTS OF SOFTWARE DESIGN-WB,"C S-313E: ELEMENTS OF SOFTWARE DESIGN-WB, Section no. 50845",Other,24,Computer Science
Fall 2020,50845,C S, 313E,ELEMENTS OF SOFTWARE DESIGN-WB,"C S-313E: ELEMENTS OF SOFTWARE DESIGN-WB, Section no. 50845",F,2,Computer Science
Fall 2020,50845,C S, 313E,ELEMENTS OF SOFTWARE DESIGN-WB,"C S-313E: ELEMENTS OF SOFTWARE DESIGN-WB, Section no. 50845",C-,1,Computer Science
Fall 2020,50845,C S, 313E,ELEMENTS OF SOFTWARE DESIGN-WB,"C S-313E: ELEMENTS OF SOFTWARE DESIGN-WB, Section no. 50845",C+,2,Computer Science
Fall 2020,50845,C S, 313E,ELEMENTS OF SOFTWARE DESIGN-WB,"C S-313E: ELEMENTS OF SOFTWARE DESIGN-WB, Section no. 50845",B-,1,Computer Science
Fall 2020,50845,C S, 313E,ELEMENTS OF SOFTWARE DESIGN-WB,"C S-313E: ELEMENTS OF SOFTWARE DESIGN-WB, Section no. 50845",B,7,Computer Science
Fall 2020,50845,C S, 313E,ELEMENTS OF SOFTWARE DESIGN-WB,"C S-313E: ELEMENTS OF SOFTWARE DESIGN-WB, Section no. 50845",B+,7,Computer Science
Fall 2020,50845,C S, 313E,ELEMENTS OF SOFTWARE DESIGN-WB,"C S-313E: ELEMENTS OF SOFTWARE DESIGN-WB, Section no. 50845",A-,16,Computer Science
Fall 2020,50845,C S, 313E,ELEMENTS OF SOFTWARE DESIGN-WB,"C S-313E: ELEMENTS OF SOFTWARE DESIGN-WB, Section no. 50845",A,56,Computer Science
Fall 2020,50850,C S, 313E,ELEMENTS OF SOFTWARE DESIGN-WB,"C S-313E: ELEMENTS OF SOFTWARE DESIGN-WB, Section no. 50850",Other,19,Computer Science
Fall 2020,50850,C S, 313E,ELEMENTS OF SOFTWARE DESIGN-WB,"C S-313E: ELEMENTS OF SOFTWARE DESIGN-WB, Section no. 50850",F,2,Computer Science
Fall 2020,50850,C S, 313E,ELEMENTS OF SOFTWARE DESIGN-WB,"C S-313E: ELEMENTS OF SOFTWARE DESIGN-WB, Section no. 50850",C,4,Computer Science
Fall 2020,50850,C S, 313E,ELEMENTS OF SOFTWARE DESIGN-WB,"C S-313E: ELEMENTS OF SOFTWARE DESIGN-WB, Section no. 50850",C+,1,Computer Science
Fall 2020,50850,C S, 313E,ELEMENTS OF SOFTWARE DESIGN-WB,"C S-313E: ELEMENTS OF SOFTWARE DESIGN-WB, Section no. 50850",B-,2,Computer Science
Fall 2020,50850,C S, 313E,ELEMENTS OF SOFTWARE DESIGN-WB,"C S-313E: ELEMENTS OF SOFTWARE DESIGN-WB, Section no. 50850",B,5,Computer Science
Fall 2020,50850,C S, 313E,ELEMENTS OF SOFTWARE DESIGN-WB,"C S-313E: ELEMENTS OF SOFTWARE DESIGN-WB, Section no. 50850",B+,14,Computer Science
Fall 2020,50850,C S, 313E,ELEMENTS OF SOFTWARE DESIGN-WB,"C S-313E: ELEMENTS OF SOFTWARE DESIGN-WB, Section no. 50850",A-,12,Computer Science
Fall 2020,50850,C S, 313E,ELEMENTS OF SOFTWARE DESIGN-WB,"C S-313E: ELEMENTS OF SOFTWARE DESIGN-WB, Section no. 50850",A,55,Computer Science
Fall 2020,50855,C S, 313E,ELEMENTS OF SOFTWARE DESIGN-WB,"C S-313E: ELEMENTS OF SOFTWARE DESIGN-WB, Section no. 50855",Other,30,Computer Science
Fall 2020,50855,C S, 313E,ELEMENTS OF SOFTWARE DESIGN-WB,"C S-313E: ELEMENTS OF SOFTWARE DESIGN-WB, Section no. 50855",F,2,Computer Science
Fall 2020,50855,C S, 313E,ELEMENTS OF SOFTWARE DESIGN-WB,"C S-313E: ELEMENTS OF SOFTWARE DESIGN-WB, Section no. 50855",C,2,Computer Science
Fall 2020,50855,C S, 313E,ELEMENTS OF SOFTWARE DESIGN-WB,"C S-313E: ELEMENTS OF SOFTWARE DESIGN-WB, Section no. 50855",C+,2,Computer Science
Fall 2020,50855,C S, 313E,ELEMENTS OF SOFTWARE DESIGN-WB,"C S-313E: ELEMENTS OF SOFTWARE DESIGN-WB, Section no. 50855",B-,6,Computer Science
Fall 2020,50855,C S, 313E,ELEMENTS OF SOFTWARE DESIGN-WB,"C S-313E: ELEMENTS OF SOFTWARE DESIGN-WB, Section no. 50855",B,4,Computer Science
Fall 2020,50855,C S, 313E,ELEMENTS OF SOFTWARE DESIGN-WB,"C S-313E: ELEMENTS OF SOFTWARE DESIGN-WB, Section no. 50855",B+,5,Computer Science
Fall 2020,50855,C S, 313E,ELEMENTS OF SOFTWARE DESIGN-WB,"C S-313E: ELEMENTS OF SOFTWARE DESIGN-WB, Section no. 50855",A-,13,Computer Science
Fall 2020,50855,C S, 313E,ELEMENTS OF SOFTWARE DESIGN-WB,"C S-313E: ELEMENTS OF SOFTWARE DESIGN-WB, Section no. 50855",A,50,Computer Science
Fall 2020,50860,C S, 314,DATA STRUCTURES-WB,"C S-314: DATA STRUCTURES-WB, Section no. 50860",Other,3,Computer Science
Fall 2020,50860,C S, 314,DATA STRUCTURES-WB,"C S-314: DATA STRUCTURES-WB, Section no. 50860",C,2,Computer Science
Fall 2020,50860,C S, 314,DATA STRUCTURES-WB,"C S-314: DATA STRUCTURES-WB, Section no. 50860",B-,3,Computer Science
Fall 2020,50860,C S, 314,DATA STRUCTURES-WB,"C S-314: DATA STRUCTURES-WB, Section no. 50860",B,3,Computer Science
Fall 2020,50860,C S, 314,DATA STRUCTURES-WB,"C S-314: DATA STRUCTURES-WB, Section no. 50860",B+,1,Computer Science
Fall 2020,50860,C S, 314,DATA STRUCTURES-WB,"C S-314: DATA STRUCTURES-WB, Section no. 50860",A-,2,Computer Science
Fall 2020,50860,C S, 314,DATA STRUCTURES-WB,"C S-314: DATA STRUCTURES-WB, Section no. 50860",A,7,Computer Science
Fall 2020,50865,C S, 314,DATA STRUCTURES-WB,"C S-314: DATA STRUCTURES-WB, Section no. 50865",C-,1,Computer Science
Fall 2020,50865,C S, 314,DATA STRUCTURES-WB,"C S-314: DATA STRUCTURES-WB, Section no. 50865",C,1,Computer Science
Fall 2020,50865,C S, 314,DATA STRUCTURES-WB,"C S-314: DATA STRUCTURES-WB, Section no. 50865",B-,1,Computer Science
Fall 2020,50865,C S, 314,DATA STRUCTURES-WB,"C S-314: DATA STRUCTURES-WB, Section no. 50865",B,6,Computer Science
Fall 2020,50865,C S, 314,DATA STRUCTURES-WB,"C S-314: DATA STRUCTURES-WB, Section no. 50865",B+,2,Computer Science
Fall 2020,50865,C S, 314,DATA STRUCTURES-WB,"C S-314: DATA STRUCTURES-WB, Section no. 50865",A-,5,Computer Science
Fall 2020,50865,C S, 314,DATA STRUCTURES-WB,"C S-314: DATA STRUCTURES-WB, Section no. 50865",A,4,Computer Science
Fall 2020,50870,C S, 314,DATA STRUCTURES-WB,"C S-314: DATA STRUCTURES-WB, Section no. 50870",Other,3,Computer Science
Fall 2020,50870,C S, 314,DATA STRUCTURES-WB,"C S-314: DATA STRUCTURES-WB, Section no. 50870",C,2,Computer Science
Fall 2020,50870,C S, 314,DATA STRUCTURES-WB,"C S-314: DATA STRUCTURES-WB, Section no. 50870",B-,1,Computer Science
Fall 2020,50870,C S, 314,DATA STRUCTURES-WB,"C S-314: DATA STRUCTURES-WB, Section no. 50870",B,4,Computer Science
Fall 2020,50870,C S, 314,DATA STRUCTURES-WB,"C S-314: DATA STRUCTURES-WB, Section no. 50870",B+,5,Computer Science
Fall 2020,50870,C S, 314,DATA STRUCTURES-WB,"C S-314: DATA STRUCTURES-WB, Section no. 50870",A-,2,Computer Science
Fall 2020,50870,C S, 314,DATA STRUCTURES-WB,"C S-314: DATA STRUCTURES-WB, Section no. 50870",A,3,Computer Science
Fall 2020,50875,C S, 314,DATA STRUCTURES-WB,"C S-314: DATA STRUCTURES-WB, Section no. 50875",Other,9,Computer Science
Fall 2020,50875,C S, 314,DATA STRUCTURES-WB,"C S-314: DATA STRUCTURES-WB, Section no. 50875",C-,1,Computer Science
Fall 2020,50875,C S, 314,DATA STRUCTURES-WB,"C S-314: DATA STRUCTURES-WB, Section no. 50875",C,1,Computer Science
Fall 2020,50875,C S, 314,DATA STRUCTURES-WB,"C S-314: DATA STRUCTURES-WB, Section no. 50875",C+,1,Computer Science
Fall 2020,50875,C S, 314,DATA STRUCTURES-WB,"C S-314: DATA STRUCTURES-WB, Section no. 50875",B-,2,Computer Science
Fall 2020,50875,C S, 314,DATA STRUCTURES-WB,"C S-314: DATA STRUCTURES-WB, Section no. 50875",B,7,Computer Science
Fall 2020,50875,C S, 314,DATA STRUCTURES-WB,"C S-314: DATA STRUCTURES-WB, Section no. 50875",A-,2,Computer Science
Fall 2020,50875,C S, 314,DATA STRUCTURES-WB,"C S-314: DATA STRUCTURES-WB, Section no. 50875",A,1,Computer Science
Fall 2020,50880,C S, 314,DATA STRUCTURES-WB,"C S-314: DATA STRUCTURES-WB, Section no. 50880",Other,11,Computer Science
Fall 2020,50880,C S, 314,DATA STRUCTURES-WB,"C S-314: DATA STRUCTURES-WB, Section no. 50880",F,1,Computer Science
Fall 2020,50880,C S, 314,DATA STRUCTURES-WB,"C S-314: DATA STRUCTURES-WB, Section no. 50880",D,1,Computer Science
Fall 2020,50880,C S, 314,DATA STRUCTURES-WB,"C S-314: DATA STRUCTURES-WB, Section no. 50880",C,1,Computer Science
Fall 2020,50880,C S, 314,DATA STRUCTURES-WB,"C S-314: DATA STRUCTURES-WB, Section no. 50880",B-,1,Computer Science
Fall 2020,50880,C S, 314,DATA STRUCTURES-WB,"C S-314: DATA STRUCTURES-WB, Section no. 50880",B,1,Computer Science
Fall 2020,50880,C S, 314,DATA STRUCTURES-WB,"C S-314: DATA STRUCTURES-WB, Section no. 50880",B+,2,Computer Science
Fall 2020,50880,C S, 314,DATA STRUCTURES-WB,"C S-314: DATA STRUCTURES-WB, Section no. 50880",A-,2,Computer Science
Fall 2020,50880,C S, 314,DATA STRUCTURES-WB,"C S-314: DATA STRUCTURES-WB, Section no. 50880",A,3,Computer Science
Fall 2020,50890,C S, 314,DATA STRUCTURES-WB,"C S-314: DATA STRUCTURES-WB, Section no. 50890",Other,6,Computer Science
Fall 2020,50890,C S, 314,DATA STRUCTURES-WB,"C S-314: DATA STRUCTURES-WB, Section no. 50890",F,1,Computer Science
Fall 2020,50890,C S, 314,DATA STRUCTURES-WB,"C S-314: DATA STRUCTURES-WB, Section no. 50890",C-,1,Computer Science
Fall 2020,50890,C S, 314,DATA STRUCTURES-WB,"C S-314: DATA STRUCTURES-WB, Section no. 50890",C,1,Computer Science
Fall 2020,50890,C S, 314,DATA STRUCTURES-WB,"C S-314: DATA STRUCTURES-WB, Section no. 50890",B-,3,Computer Science
Fall 2020,50890,C S, 314,DATA STRUCTURES-WB,"C S-314: DATA STRUCTURES-WB, Section no. 50890",B,7,Computer Science
Fall 2020,50890,C S, 314,DATA STRUCTURES-WB,"C S-314: DATA STRUCTURES-WB, Section no. 50890",B+,4,Computer Science
Fall 2020,50890,C S, 314,DATA STRUCTURES-WB,"C S-314: DATA STRUCTURES-WB, Section no. 50890",A-,1,Computer Science
Fall 2020,50890,C S, 314,DATA STRUCTURES-WB,"C S-314: DATA STRUCTURES-WB, Section no. 50890",A,1,Computer Science
Fall 2020,50895,C S, 314,DATA STRUCTURES-WB,"C S-314: DATA STRUCTURES-WB, Section no. 50895",Other,4,Computer Science
Fall 2020,50895,C S, 314,DATA STRUCTURES-WB,"C S-314: DATA STRUCTURES-WB, Section no. 50895",C,2,Computer Science
Fall 2020,50895,C S, 314,DATA STRUCTURES-WB,"C S-314: DATA STRUCTURES-WB, Section no. 50895",C+,2,Computer Science
Fall 2020,50895,C S, 314,DATA STRUCTURES-WB,"C S-314: DATA STRUCTURES-WB, Section no. 50895",B-,1,Computer Science
Fall 2020,50895,C S, 314,DATA STRUCTURES-WB,"C S-314: DATA STRUCTURES-WB, Section no. 50895",B,4,Computer Science
Fall 2020,50895,C S, 314,DATA STRUCTURES-WB,"C S-314: DATA STRUCTURES-WB, Section no. 50895",B+,4,Computer Science
Fall 2020,50895,C S, 314,DATA STRUCTURES-WB,"C S-314: DATA STRUCTURES-WB, Section no. 50895",A-,3,Computer Science
Fall 2020,50895,C S, 314,DATA STRUCTURES-WB,"C S-314: DATA STRUCTURES-WB, Section no. 50895",A,2,Computer Science
Fall 2020,50900,C S, 314,DATA STRUCTURES-WB,"C S-314: DATA STRUCTURES-WB, Section no. 50900",Other,3,Computer Science
Fall 2020,50900,C S, 314,DATA STRUCTURES-WB,"C S-314: DATA STRUCTURES-WB, Section no. 50900",C+,1,Computer Science
Fall 2020,50900,C S, 314,DATA STRUCTURES-WB,"C S-314: DATA STRUCTURES-WB, Section no. 50900",B-,1,Computer Science
Fall 2020,50900,C S, 314,DATA STRUCTURES-WB,"C S-314: DATA STRUCTURES-WB, Section no. 50900",B,6,Computer Science
Fall 2020,50900,C S, 314,DATA STRUCTURES-WB,"C S-314: DATA STRUCTURES-WB, Section no. 50900",B+,4,Computer Science
Fall 2020,50900,C S, 314,DATA STRUCTURES-WB,"C S-314: DATA STRUCTURES-WB, Section no. 50900",A,6,Computer Science
Fall 2020,50905,C S, 314,DATA STRUCTURES-WB,"C S-314: DATA STRUCTURES-WB, Section no. 50905",Other,1,Computer Science
Fall 2020,50905,C S, 314,DATA STRUCTURES-WB,"C S-314: DATA STRUCTURES-WB, Section no. 50905",C,1,Computer Science
Fall 2020,50905,C S, 314,DATA STRUCTURES-WB,"C S-314: DATA STRUCTURES-WB, Section no. 50905",C+,2,Computer Science
Fall 2020,50905,C S, 314,DATA STRUCTURES-WB,"C S-314: DATA STRUCTURES-WB, Section no. 50905",B-,1,Computer Science
Fall 2020,50905,C S, 314,DATA STRUCTURES-WB,"C S-314: DATA STRUCTURES-WB, Section no. 50905",B,6,Computer Science
Fall 2020,50905,C S, 314,DATA STRUCTURES-WB,"C S-314: DATA STRUCTURES-WB, Section no. 50905",B+,1,Computer Science
Fall 2020,50905,C S, 314,DATA STRUCTURES-WB,"C S-314: DATA STRUCTURES-WB, Section no. 50905",A-,2,Computer Science
Fall 2020,50905,C S, 314,DATA STRUCTURES-WB,"C S-314: DATA STRUCTURES-WB, Section no. 50905",A,6,Computer Science
Fall 2020,50910,C S, 314,DATA STRUCTURES-WB,"C S-314: DATA STRUCTURES-WB, Section no. 50910",Other,1,Computer Science
Fall 2020,50910,C S, 314,DATA STRUCTURES-WB,"C S-314: DATA STRUCTURES-WB, Section no. 50910",C,1,Computer Science
Fall 2020,50910,C S, 314,DATA STRUCTURES-WB,"C S-314: DATA STRUCTURES-WB, Section no. 50910",C+,3,Computer Science
Fall 2020,50910,C S, 314,DATA STRUCTURES-WB,"C S-314: DATA STRUCTURES-WB, Section no. 50910",B-,4,Computer Science
Fall 2020,50910,C S, 314,DATA STRUCTURES-WB,"C S-314: DATA STRUCTURES-WB, Section no. 50910",B,9,Computer Science
Fall 2020,50910,C S, 314,DATA STRUCTURES-WB,"C S-314: DATA STRUCTURES-WB, Section no. 50910",B+,1,Computer Science
Fall 2020,50910,C S, 314,DATA STRUCTURES-WB,"C S-314: DATA STRUCTURES-WB, Section no. 50910",A-,2,Computer Science
Fall 2020,50910,C S, 314,DATA STRUCTURES-WB,"C S-314: DATA STRUCTURES-WB, Section no. 50910",A,1,Computer Science
Fall 2020,50915,C S, 314,DATA STRUCTURES-WB,"C S-314: DATA STRUCTURES-WB, Section no. 50915",Other,4,Computer Science
Fall 2020,50915,C S, 314,DATA STRUCTURES-WB,"C S-314: DATA STRUCTURES-WB, Section no. 50915",C+,1,Computer Science
Fall 2020,50915,C S, 314,DATA STRUCTURES-WB,"C S-314: DATA STRUCTURES-WB, Section no. 50915",B-,2,Computer Science
Fall 2020,50915,C S, 314,DATA STRUCTURES-WB,"C S-314: DATA STRUCTURES-WB, Section no. 50915",B,7,Computer Science
Fall 2020,50915,C S, 314,DATA STRUCTURES-WB,"C S-314: DATA STRUCTURES-WB, Section no. 50915",B+,4,Computer Science
Fall 2020,50915,C S, 314,DATA STRUCTURES-WB,"C S-314: DATA STRUCTURES-WB, Section no. 50915",A-,4,Computer Science
Fall 2020,50915,C S, 314,DATA STRUCTURES-WB,"C S-314: DATA STRUCTURES-WB, Section no. 50915",A,3,Computer Science
Fall 2020,50920,C S, 314,DATA STRUCTURES-WB,"C S-314: DATA STRUCTURES-WB, Section no. 50920",Other,6,Computer Science
Fall 2020,50920,C S, 314,DATA STRUCTURES-WB,"C S-314: DATA STRUCTURES-WB, Section no. 50920",C,2,Computer Science
Fall 2020,50920,C S, 314,DATA STRUCTURES-WB,"C S-314: DATA STRUCTURES-WB, Section no. 50920",C+,3,Computer Science
Fall 2020,50920,C S, 314,DATA STRUCTURES-WB,"C S-314: DATA STRUCTURES-WB, Section no. 50920",B-,1,Computer Science
Fall 2020,50920,C S, 314,DATA STRUCTURES-WB,"C S-314: DATA STRUCTURES-WB, Section no. 50920",B,2,Computer Science
Fall 2020,50920,C S, 314,DATA STRUCTURES-WB,"C S-314: DATA STRUCTURES-WB, Section no. 50920",B+,1,Computer Science
Fall 2020,50920,C S, 314,DATA STRUCTURES-WB,"C S-314: DATA STRUCTURES-WB, Section no. 50920",A-,1,Computer Science
Fall 2020,50920,C S, 314,DATA STRUCTURES-WB,"C S-314: DATA STRUCTURES-WB, Section no. 50920",A,2,Computer Science
Fall 2020,50925,C S, 314H,DATA STRUCTURES: HONORS,"C S-314H: DATA STRUCTURES: HONORS, Section no. 50925",B+,6,Computer Science
Fall 2020,50925,C S, 314H,DATA STRUCTURES: HONORS,"C S-314H: DATA STRUCTURES: HONORS, Section no. 50925",A-,1,Computer Science
Fall 2020,50925,C S, 314H,DATA STRUCTURES: HONORS,"C S-314H: DATA STRUCTURES: HONORS, Section no. 50925",A,4,Computer Science
Fall 2020,50930,C S, 314H,DATA STRUCTURES: HONORS,"C S-314H: DATA STRUCTURES: HONORS, Section no. 50930",B+,3,Computer Science
Fall 2020,50930,C S, 314H,DATA STRUCTURES: HONORS,"C S-314H: DATA STRUCTURES: HONORS, Section no. 50930",A-,3,Computer Science
Fall 2020,50930,C S, 314H,DATA STRUCTURES: HONORS,"C S-314H: DATA STRUCTURES: HONORS, Section no. 50930",A,4,Computer Science
Fall 2020,50940,C S, 314H,DATA STRUCTURES: HONORS-WB,"C S-314H: DATA STRUCTURES: HONORS-WB, Section no. 50940",Other,3,Computer Science
Fall 2020,50940,C S, 314H,DATA STRUCTURES: HONORS-WB,"C S-314H: DATA STRUCTURES: HONORS-WB, Section no. 50940",C+,1,Computer Science
Fall 2020,50940,C S, 314H,DATA STRUCTURES: HONORS-WB,"C S-314H: DATA STRUCTURES: HONORS-WB, Section no. 50940",B-,1,Computer Science
Fall 2020,50940,C S, 314H,DATA STRUCTURES: HONORS-WB,"C S-314H: DATA STRUCTURES: HONORS-WB, Section no. 50940",B,4,Computer Science
Fall 2020,50940,C S, 314H,DATA STRUCTURES: HONORS-WB,"C S-314H: DATA STRUCTURES: HONORS-WB, Section no. 50940",B+,5,Computer Science
Fall 2020,50940,C S, 314H,DATA STRUCTURES: HONORS-WB,"C S-314H: DATA STRUCTURES: HONORS-WB, Section no. 50940",A-,4,Computer Science
Fall 2020,50940,C S, 314H,DATA STRUCTURES: HONORS-WB,"C S-314H: DATA STRUCTURES: HONORS-WB, Section no. 50940",A,14,Computer Science
Fall 2020,50943,C S, 314H,DATA STRUCTURES: HONORS-WB,"C S-314H: DATA STRUCTURES: HONORS-WB, Section no. 50943",Other,1,Computer Science
Fall 2020,50943,C S, 314H,DATA STRUCTURES: HONORS-WB,"C S-314H: DATA STRUCTURES: HONORS-WB, Section no. 50943",B+,2,Computer Science
Fall 2020,50943,C S, 314H,DATA STRUCTURES: HONORS-WB,"C S-314H: DATA STRUCTURES: HONORS-WB, Section no. 50943",A-,2,Computer Science
Fall 2020,50943,C S, 314H,DATA STRUCTURES: HONORS-WB,"C S-314H: DATA STRUCTURES: HONORS-WB, Section no. 50943",A,5,Computer Science
Fall 2020,50944,C S, 314H,DATA STRUCTURES: HONORS-WB,"C S-314H: DATA STRUCTURES: HONORS-WB, Section no. 50944",B,1,Computer Science
Fall 2020,50944,C S, 314H,DATA STRUCTURES: HONORS-WB,"C S-314H: DATA STRUCTURES: HONORS-WB, Section no. 50944",B+,2,Computer Science
Fall 2020,50944,C S, 314H,DATA STRUCTURES: HONORS-WB,"C S-314H: DATA STRUCTURES: HONORS-WB, Section no. 50944",A-,6,Computer Science
Fall 2020,50944,C S, 314H,DATA STRUCTURES: HONORS-WB,"C S-314H: DATA STRUCTURES: HONORS-WB, Section no. 50944",A,3,Computer Science
Fall 2020,50945,C S, 324E,ELEM GRAPHICS & VISUALIZATN-WB,"C S-324E: ELEM GRAPHICS & VISUALIZATN-WB, Section no. 50945",Other,4,Computer Science
Fall 2020,50945,C S, 324E,ELEM GRAPHICS & VISUALIZATN-WB,"C S-324E: ELEM GRAPHICS & VISUALIZATN-WB, Section no. 50945",C,1,Computer Science
Fall 2020,50945,C S, 324E,ELEM GRAPHICS & VISUALIZATN-WB,"C S-324E: ELEM GRAPHICS & VISUALIZATN-WB, Section no. 50945",B+,1,Computer Science
Fall 2020,50945,C S, 324E,ELEM GRAPHICS & VISUALIZATN-WB,"C S-324E: ELEM GRAPHICS & VISUALIZATN-WB, Section no. 50945",A-,5,Computer Science
Fall 2020,50945,C S, 324E,ELEM GRAPHICS & VISUALIZATN-WB,"C S-324E: ELEM GRAPHICS & VISUALIZATN-WB, Section no. 50945",A,66,Computer Science
Fall 2020,50950,C S, 327E,ELEMENTS OF DATABASES-WB,"C S-327E: ELEMENTS OF DATABASES-WB, Section no. 50950",Other,16,Computer Science
Fall 2020,50950,C S, 327E,ELEMENTS OF DATABASES-WB,"C S-327E: ELEMENTS OF DATABASES-WB, Section no. 50950",D-,1,Computer Science
Fall 2020,50950,C S, 327E,ELEMENTS OF DATABASES-WB,"C S-327E: ELEMENTS OF DATABASES-WB, Section no. 50950",C-,1,Computer Science
Fall 2020,50950,C S, 327E,ELEMENTS OF DATABASES-WB,"C S-327E: ELEMENTS OF DATABASES-WB, Section no. 50950",C,1,Computer Science
Fall 2020,50950,C S, 327E,ELEMENTS OF DATABASES-WB,"C S-327E: ELEMENTS OF DATABASES-WB, Section no. 50950",C+,1,Computer Science
Fall 2020,50950,C S, 327E,ELEMENTS OF DATABASES-WB,"C S-327E: ELEMENTS OF DATABASES-WB, Section no. 50950",B-,6,Computer Science
Fall 2020,50950,C S, 327E,ELEMENTS OF DATABASES-WB,"C S-327E: ELEMENTS OF DATABASES-WB, Section no. 50950",B,6,Computer Science
Fall 2020,50950,C S, 327E,ELEMENTS OF DATABASES-WB,"C S-327E: ELEMENTS OF DATABASES-WB, Section no. 50950",B+,9,Computer Science
Fall 2020,50950,C S, 327E,ELEMENTS OF DATABASES-WB,"C S-327E: ELEMENTS OF DATABASES-WB, Section no. 50950",A-,18,Computer Science
Fall 2020,50950,C S, 327E,ELEMENTS OF DATABASES-WB,"C S-327E: ELEMENTS OF DATABASES-WB, Section no. 50950",A,28,Computer Science
Fall 2020,50955,C S, 429,COMP ORGANIZATN AND ARCH-WB,"C S-429: COMP ORGANIZATN AND ARCH-WB, Section no. 50955",Other,14,Computer Science
Fall 2020,50955,C S, 429,COMP ORGANIZATN AND ARCH-WB,"C S-429: COMP ORGANIZATN AND ARCH-WB, Section no. 50955",D-,1,Computer Science
Fall 2020,50955,C S, 429,COMP ORGANIZATN AND ARCH-WB,"C S-429: COMP ORGANIZATN AND ARCH-WB, Section no. 50955",C-,1,Computer Science
Fall 2020,50955,C S, 429,COMP ORGANIZATN AND ARCH-WB,"C S-429: COMP ORGANIZATN AND ARCH-WB, Section no. 50955",C,2,Computer Science
Fall 2020,50955,C S, 429,COMP ORGANIZATN AND ARCH-WB,"C S-429: COMP ORGANIZATN AND ARCH-WB, Section no. 50955",B-,1,Computer Science
Fall 2020,50955,C S, 429,COMP ORGANIZATN AND ARCH-WB,"C S-429: COMP ORGANIZATN AND ARCH-WB, Section no. 50955",B,2,Computer Science
Fall 2020,50955,C S, 429,COMP ORGANIZATN AND ARCH-WB,"C S-429: COMP ORGANIZATN AND ARCH-WB, Section no. 50955",A-,1,Computer Science
Fall 2020,50955,C S, 429,COMP ORGANIZATN AND ARCH-WB,"C S-429: COMP ORGANIZATN AND ARCH-WB, Section no. 50955",A,10,Computer Science
Fall 2020,50960,C S, 429,COMP ORGANIZATN AND ARCH-WB,"C S-429: COMP ORGANIZATN AND ARCH-WB, Section no. 50960",Other,8,Computer Science
Fall 2020,50960,C S, 429,COMP ORGANIZATN AND ARCH-WB,"C S-429: COMP ORGANIZATN AND ARCH-WB, Section no. 50960",F,1,Computer Science
Fall 2020,50960,C S, 429,COMP ORGANIZATN AND ARCH-WB,"C S-429: COMP ORGANIZATN AND ARCH-WB, Section no. 50960",C-,1,Computer Science
Fall 2020,50960,C S, 429,COMP ORGANIZATN AND ARCH-WB,"C S-429: COMP ORGANIZATN AND ARCH-WB, Section no. 50960",C,4,Computer Science
Fall 2020,50960,C S, 429,COMP ORGANIZATN AND ARCH-WB,"C S-429: COMP ORGANIZATN AND ARCH-WB, Section no. 50960",B-,3,Computer Science
Fall 2020,50960,C S, 429,COMP ORGANIZATN AND ARCH-WB,"C S-429: COMP ORGANIZATN AND ARCH-WB, Section no. 50960",B,1,Computer Science
Fall 2020,50960,C S, 429,COMP ORGANIZATN AND ARCH-WB,"C S-429: COMP ORGANIZATN AND ARCH-WB, Section no. 50960",B+,1,Computer Science
Fall 2020,50960,C S, 429,COMP ORGANIZATN AND ARCH-WB,"C S-429: COMP ORGANIZATN AND ARCH-WB, Section no. 50960",A-,3,Computer Science
Fall 2020,50960,C S, 429,COMP ORGANIZATN AND ARCH-WB,"C S-429: COMP ORGANIZATN AND ARCH-WB, Section no. 50960",A,10,Computer Science
Fall 2020,50965,C S, 429,COMP ORGANIZATN AND ARCH-WB,"C S-429: COMP ORGANIZATN AND ARCH-WB, Section no. 50965",Other,13,Computer Science
Fall 2020,50965,C S, 429,COMP ORGANIZATN AND ARCH-WB,"C S-429: COMP ORGANIZATN AND ARCH-WB, Section no. 50965",F,2,Computer Science
Fall 2020,50965,C S, 429,COMP ORGANIZATN AND ARCH-WB,"C S-429: COMP ORGANIZATN AND ARCH-WB, Section no. 50965",C-,1,Computer Science
Fall 2020,50965,C S, 429,COMP ORGANIZATN AND ARCH-WB,"C S-429: COMP ORGANIZATN AND ARCH-WB, Section no. 50965",B-,1,Computer Science
Fall 2020,50965,C S, 429,COMP ORGANIZATN AND ARCH-WB,"C S-429: COMP ORGANIZATN AND ARCH-WB, Section no. 50965",B,1,Computer Science
Fall 2020,50965,C S, 429,COMP ORGANIZATN AND ARCH-WB,"C S-429: COMP ORGANIZATN AND ARCH-WB, Section no. 50965",A-,1,Computer Science
Fall 2020,50965,C S, 429,COMP ORGANIZATN AND ARCH-WB,"C S-429: COMP ORGANIZATN AND ARCH-WB, Section no. 50965",A,6,Computer Science
Fall 2020,50970,C S, 429,COMP ORGANIZATN AND ARCH-WB,"C S-429: COMP ORGANIZATN AND ARCH-WB, Section no. 50970",Other,11,Computer Science
Fall 2020,50970,C S, 429,COMP ORGANIZATN AND ARCH-WB,"C S-429: COMP ORGANIZATN AND ARCH-WB, Section no. 50970",C-,2,Computer Science
Fall 2020,50970,C S, 429,COMP ORGANIZATN AND ARCH-WB,"C S-429: COMP ORGANIZATN AND ARCH-WB, Section no. 50970",C,3,Computer Science
Fall 2020,50970,C S, 429,COMP ORGANIZATN AND ARCH-WB,"C S-429: COMP ORGANIZATN AND ARCH-WB, Section no. 50970",B-,2,Computer Science
Fall 2020,50970,C S, 429,COMP ORGANIZATN AND ARCH-WB,"C S-429: COMP ORGANIZATN AND ARCH-WB, Section no. 50970",B,3,Computer Science
Fall 2020,50970,C S, 429,COMP ORGANIZATN AND ARCH-WB,"C S-429: COMP ORGANIZATN AND ARCH-WB, Section no. 50970",B+,2,Computer Science
Fall 2020,50970,C S, 429,COMP ORGANIZATN AND ARCH-WB,"C S-429: COMP ORGANIZATN AND ARCH-WB, Section no. 50970",A,8,Computer Science
Fall 2020,50975,C S, 429,COMP ORGANIZATN AND ARCH-WB,"C S-429: COMP ORGANIZATN AND ARCH-WB, Section no. 50975",Other,8,Computer Science
Fall 2020,50975,C S, 429,COMP ORGANIZATN AND ARCH-WB,"C S-429: COMP ORGANIZATN AND ARCH-WB, Section no. 50975",F,1,Computer Science
Fall 2020,50975,C S, 429,COMP ORGANIZATN AND ARCH-WB,"C S-429: COMP ORGANIZATN AND ARCH-WB, Section no. 50975",C,1,Computer Science
Fall 2020,50975,C S, 429,COMP ORGANIZATN AND ARCH-WB,"C S-429: COMP ORGANIZATN AND ARCH-WB, Section no. 50975",B-,2,Computer Science
Fall 2020,50975,C S, 429,COMP ORGANIZATN AND ARCH-WB,"C S-429: COMP ORGANIZATN AND ARCH-WB, Section no. 50975",B,3,Computer Science
Fall 2020,50975,C S, 429,COMP ORGANIZATN AND ARCH-WB,"C S-429: COMP ORGANIZATN AND ARCH-WB, Section no. 50975",B+,1,Computer Science
Fall 2020,50975,C S, 429,COMP ORGANIZATN AND ARCH-WB,"C S-429: COMP ORGANIZATN AND ARCH-WB, Section no. 50975",A-,1,Computer Science
Fall 2020,50975,C S, 429,COMP ORGANIZATN AND ARCH-WB,"C S-429: COMP ORGANIZATN AND ARCH-WB, Section no. 50975",A,18,Computer Science
Fall 2020,50980,C S, 429,COMP ORGANIZATN AND ARCH-WB,"C S-429: COMP ORGANIZATN AND ARCH-WB, Section no. 50980",Other,7,Computer Science
Fall 2020,50980,C S, 429,COMP ORGANIZATN AND ARCH-WB,"C S-429: COMP ORGANIZATN AND ARCH-WB, Section no. 50980",C-,1,Computer Science
Fall 2020,50980,C S, 429,COMP ORGANIZATN AND ARCH-WB,"C S-429: COMP ORGANIZATN AND ARCH-WB, Section no. 50980",C,3,Computer Science
Fall 2020,50980,C S, 429,COMP ORGANIZATN AND ARCH-WB,"C S-429: COMP ORGANIZATN AND ARCH-WB, Section no. 50980",C+,1,Computer Science
Fall 2020,50980,C S, 429,COMP ORGANIZATN AND ARCH-WB,"C S-429: COMP ORGANIZATN AND ARCH-WB, Section no. 50980",B-,3,Computer Science
Fall 2020,50980,C S, 429,COMP ORGANIZATN AND ARCH-WB,"C S-429: COMP ORGANIZATN AND ARCH-WB, Section no. 50980",B,2,Computer Science
Fall 2020,50980,C S, 429,COMP ORGANIZATN AND ARCH-WB,"C S-429: COMP ORGANIZATN AND ARCH-WB, Section no. 50980",A-,2,Computer Science
Fall 2020,50980,C S, 429,COMP ORGANIZATN AND ARCH-WB,"C S-429: COMP ORGANIZATN AND ARCH-WB, Section no. 50980",A,13,Computer Science
Fall 2020,50985,C S, 329E,ELEMENTS OF DATA ANALYTICS-WB,"C S-329E: ELEMENTS OF DATA ANALYTICS-WB, Section no. 50985",Other,6,Computer Science
Fall 2020,50985,C S, 329E,ELEMENTS OF DATA ANALYTICS-WB,"C S-329E: ELEMENTS OF DATA ANALYTICS-WB, Section no. 50985",C-,1,Computer Science
Fall 2020,50985,C S, 329E,ELEMENTS OF DATA ANALYTICS-WB,"C S-329E: ELEMENTS OF DATA ANALYTICS-WB, Section no. 50985",C,1,Computer Science
Fall 2020,50985,C S, 329E,ELEMENTS OF DATA ANALYTICS-WB,"C S-329E: ELEMENTS OF DATA ANALYTICS-WB, Section no. 50985",B-,8,Computer Science
Fall 2020,50985,C S, 329E,ELEMENTS OF DATA ANALYTICS-WB,"C S-329E: ELEMENTS OF DATA ANALYTICS-WB, Section no. 50985",B,2,Computer Science
Fall 2020,50985,C S, 329E,ELEMENTS OF DATA ANALYTICS-WB,"C S-329E: ELEMENTS OF DATA ANALYTICS-WB, Section no. 50985",B+,8,Computer Science
Fall 2020,50985,C S, 329E,ELEMENTS OF DATA ANALYTICS-WB,"C S-329E: ELEMENTS OF DATA ANALYTICS-WB, Section no. 50985",A-,15,Computer Science
Fall 2020,50985,C S, 329E,ELEMENTS OF DATA ANALYTICS-WB,"C S-329E: ELEMENTS OF DATA ANALYTICS-WB, Section no. 50985",A,18,Computer Science
Fall 2020,50989,C S, 329E,ELEMENTS OF DATA ANALYTICS-WB,"C S-329E: ELEMENTS OF DATA ANALYTICS-WB, Section no. 50989",Other,6,Computer Science
Fall 2020,50989,C S, 329E,ELEMENTS OF DATA ANALYTICS-WB,"C S-329E: ELEMENTS OF DATA ANALYTICS-WB, Section no. 50989",C-,2,Computer Science
Fall 2020,50989,C S, 329E,ELEMENTS OF DATA ANALYTICS-WB,"C S-329E: ELEMENTS OF DATA ANALYTICS-WB, Section no. 50989",B-,2,Computer Science
Fall 2020,50989,C S, 329E,ELEMENTS OF DATA ANALYTICS-WB,"C S-329E: ELEMENTS OF DATA ANALYTICS-WB, Section no. 50989",B,2,Computer Science
Fall 2020,50989,C S, 329E,ELEMENTS OF DATA ANALYTICS-WB,"C S-329E: ELEMENTS OF DATA ANALYTICS-WB, Section no. 50989",B+,5,Computer Science
Fall 2020,50989,C S, 329E,ELEMENTS OF DATA ANALYTICS-WB,"C S-329E: ELEMENTS OF DATA ANALYTICS-WB, Section no. 50989",A-,17,Computer Science
Fall 2020,50989,C S, 329E,ELEMENTS OF DATA ANALYTICS-WB,"C S-329E: ELEMENTS OF DATA ANALYTICS-WB, Section no. 50989",A,24,Computer Science
Fall 2020,50990,C S, 329E,ELEMENTS OF GAME DEVELPMENT-WB,"C S-329E: ELEMENTS OF GAME DEVELPMENT-WB, Section no. 50990",Other,2,Computer Science
Fall 2020,50990,C S, 329E,ELEMENTS OF GAME DEVELPMENT-WB,"C S-329E: ELEMENTS OF GAME DEVELPMENT-WB, Section no. 50990",C+,1,Computer Science
Fall 2020,50990,C S, 329E,ELEMENTS OF GAME DEVELPMENT-WB,"C S-329E: ELEMENTS OF GAME DEVELPMENT-WB, Section no. 50990",B-,2,Computer Science
Fall 2020,50990,C S, 329E,ELEMENTS OF GAME DEVELPMENT-WB,"C S-329E: ELEMENTS OF GAME DEVELPMENT-WB, Section no. 50990",B,1,Computer Science
Fall 2020,50990,C S, 329E,ELEMENTS OF GAME DEVELPMENT-WB,"C S-329E: ELEMENTS OF GAME DEVELPMENT-WB, Section no. 50990",B+,4,Computer Science
Fall 2020,50990,C S, 329E,ELEMENTS OF GAME DEVELPMENT-WB,"C S-329E: ELEMENTS OF GAME DEVELPMENT-WB, Section no. 50990",A-,4,Computer Science
Fall 2020,50990,C S, 329E,ELEMENTS OF GAME DEVELPMENT-WB,"C S-329E: ELEMENTS OF GAME DEVELPMENT-WB, Section no. 50990",A,40,Computer Science
Fall 2020,51000,C S, 329E,ELEMENTS OF WEB PROGRAMMING-WB,"C S-329E: ELEMENTS OF WEB PROGRAMMING-WB, Section no. 51000",Other,3,Computer Science
Fall 2020,51000,C S, 329E,ELEMENTS OF WEB PROGRAMMING-WB,"C S-329E: ELEMENTS OF WEB PROGRAMMING-WB, Section no. 51000",C-,1,Computer Science
Fall 2020,51000,C S, 329E,ELEMENTS OF WEB PROGRAMMING-WB,"C S-329E: ELEMENTS OF WEB PROGRAMMING-WB, Section no. 51000",B-,1,Computer Science
Fall 2020,51000,C S, 329E,ELEMENTS OF WEB PROGRAMMING-WB,"C S-329E: ELEMENTS OF WEB PROGRAMMING-WB, Section no. 51000",B,2,Computer Science
Fall 2020,51000,C S, 329E,ELEMENTS OF WEB PROGRAMMING-WB,"C S-329E: ELEMENTS OF WEB PROGRAMMING-WB, Section no. 51000",B+,4,Computer Science
Fall 2020,51000,C S, 329E,ELEMENTS OF WEB PROGRAMMING-WB,"C S-329E: ELEMENTS OF WEB PROGRAMMING-WB, Section no. 51000",A-,11,Computer Science
Fall 2020,51000,C S, 329E,ELEMENTS OF WEB PROGRAMMING-WB,"C S-329E: ELEMENTS OF WEB PROGRAMMING-WB, Section no. 51000",A,38,Computer Science
Fall 2020,51001,C S, 329E,ELEMS OF WEB PROGRAMMING-WB,"C S-329E: ELEMS OF WEB PROGRAMMING-WB, Section no. 51001",D+,1,Computer Science
Fall 2020,51001,C S, 329E,ELEMS OF WEB PROGRAMMING-WB,"C S-329E: ELEMS OF WEB PROGRAMMING-WB, Section no. 51001",C+,1,Computer Science
Fall 2020,51001,C S, 329E,ELEMS OF WEB PROGRAMMING-WB,"C S-329E: ELEMS OF WEB PROGRAMMING-WB, Section no. 51001",B-,2,Computer Science
Fall 2020,51001,C S, 329E,ELEMS OF WEB PROGRAMMING-WB,"C S-329E: ELEMS OF WEB PROGRAMMING-WB, Section no. 51001",B+,3,Computer Science
Fall 2020,51001,C S, 329E,ELEMS OF WEB PROGRAMMING-WB,"C S-329E: ELEMS OF WEB PROGRAMMING-WB, Section no. 51001",A-,10,Computer Science
Fall 2020,51001,C S, 329E,ELEMS OF WEB PROGRAMMING-WB,"C S-329E: ELEMS OF WEB PROGRAMMING-WB, Section no. 51001",A,43,Computer Science
Fall 2020,51005,C S, 330E,ELMNTS SOFTWARE ENGINEER I-WB,"C S-330E: ELMNTS SOFTWARE ENGINEER I-WB, Section no. 51005",Other,2,Computer Science
Fall 2020,51005,C S, 330E,ELMNTS SOFTWARE ENGINEER I-WB,"C S-330E: ELMNTS SOFTWARE ENGINEER I-WB, Section no. 51005",C-,2,Computer Science
Fall 2020,51005,C S, 330E,ELMNTS SOFTWARE ENGINEER I-WB,"C S-330E: ELMNTS SOFTWARE ENGINEER I-WB, Section no. 51005",C,3,Computer Science
Fall 2020,51005,C S, 330E,ELMNTS SOFTWARE ENGINEER I-WB,"C S-330E: ELMNTS SOFTWARE ENGINEER I-WB, Section no. 51005",C+,1,Computer Science
Fall 2020,51005,C S, 330E,ELMNTS SOFTWARE ENGINEER I-WB,"C S-330E: ELMNTS SOFTWARE ENGINEER I-WB, Section no. 51005",B-,4,Computer Science
Fall 2020,51005,C S, 330E,ELMNTS SOFTWARE ENGINEER I-WB,"C S-330E: ELMNTS SOFTWARE ENGINEER I-WB, Section no. 51005",B+,10,Computer Science
Fall 2020,51005,C S, 330E,ELMNTS SOFTWARE ENGINEER I-WB,"C S-330E: ELMNTS SOFTWARE ENGINEER I-WB, Section no. 51005",A-,15,Computer Science
Fall 2020,51005,C S, 330E,ELMNTS SOFTWARE ENGINEER I-WB,"C S-330E: ELMNTS SOFTWARE ENGINEER I-WB, Section no. 51005",A,45,Computer Science
Fall 2020,51010,C S, 330E,ELMNTS SOFTWARE ENGINEER I-WB,"C S-330E: ELMNTS SOFTWARE ENGINEER I-WB, Section no. 51010",Other,3,Computer Science
Fall 2020,51010,C S, 330E,ELMNTS SOFTWARE ENGINEER I-WB,"C S-330E: ELMNTS SOFTWARE ENGINEER I-WB, Section no. 51010",B-,3,Computer Science
Fall 2020,51010,C S, 330E,ELMNTS SOFTWARE ENGINEER I-WB,"C S-330E: ELMNTS SOFTWARE ENGINEER I-WB, Section no. 51010",B,2,Computer Science
Fall 2020,51010,C S, 330E,ELMNTS SOFTWARE ENGINEER I-WB,"C S-330E: ELMNTS SOFTWARE ENGINEER I-WB, Section no. 51010",B+,3,Computer Science
Fall 2020,51010,C S, 330E,ELMNTS SOFTWARE ENGINEER I-WB,"C S-330E: ELMNTS SOFTWARE ENGINEER I-WB, Section no. 51010",A-,9,Computer Science
Fall 2020,51010,C S, 330E,ELMNTS SOFTWARE ENGINEER I-WB,"C S-330E: ELMNTS SOFTWARE ENGINEER I-WB, Section no. 51010",A,65,Computer Science
Fall 2020,51015,C S, 331,ALGORITHMS AND COMPLEXITY-WB,"C S-331: ALGORITHMS AND COMPLEXITY-WB, Section no. 51015",Other,3,Computer Science
Fall 2020,51015,C S, 331,ALGORITHMS AND COMPLEXITY-WB,"C S-331: ALGORITHMS AND COMPLEXITY-WB, Section no. 51015",C+,3,Computer Science
Fall 2020,51015,C S, 331,ALGORITHMS AND COMPLEXITY-WB,"C S-331: ALGORITHMS AND COMPLEXITY-WB, Section no. 51015",B-,4,Computer Science
Fall 2020,51015,C S, 331,ALGORITHMS AND COMPLEXITY-WB,"C S-331: ALGORITHMS AND COMPLEXITY-WB, Section no. 51015",B,3,Computer Science
Fall 2020,51015,C S, 331,ALGORITHMS AND COMPLEXITY-WB,"C S-331: ALGORITHMS AND COMPLEXITY-WB, Section no. 51015",B+,5,Computer Science
Fall 2020,51015,C S, 331,ALGORITHMS AND COMPLEXITY-WB,"C S-331: ALGORITHMS AND COMPLEXITY-WB, Section no. 51015",A,7,Computer Science
Fall 2020,51020,C S, 331,ALGORITHMS AND COMPLEXITY-WB,"C S-331: ALGORITHMS AND COMPLEXITY-WB, Section no. 51020",Other,2,Computer Science
Fall 2020,51020,C S, 331,ALGORITHMS AND COMPLEXITY-WB,"C S-331: ALGORITHMS AND COMPLEXITY-WB, Section no. 51020",C,3,Computer Science
Fall 2020,51020,C S, 331,ALGORITHMS AND COMPLEXITY-WB,"C S-331: ALGORITHMS AND COMPLEXITY-WB, Section no. 51020",C+,2,Computer Science
Fall 2020,51020,C S, 331,ALGORITHMS AND COMPLEXITY-WB,"C S-331: ALGORITHMS AND COMPLEXITY-WB, Section no. 51020",B-,5,Computer Science
Fall 2020,51020,C S, 331,ALGORITHMS AND COMPLEXITY-WB,"C S-331: ALGORITHMS AND COMPLEXITY-WB, Section no. 51020",B,6,Computer Science
Fall 2020,51020,C S, 331,ALGORITHMS AND COMPLEXITY-WB,"C S-331: ALGORITHMS AND COMPLEXITY-WB, Section no. 51020",B+,10,Computer Science
Fall 2020,51020,C S, 331,ALGORITHMS AND COMPLEXITY-WB,"C S-331: ALGORITHMS AND COMPLEXITY-WB, Section no. 51020",A-,7,Computer Science
Fall 2020,51020,C S, 331,ALGORITHMS AND COMPLEXITY-WB,"C S-331: ALGORITHMS AND COMPLEXITY-WB, Section no. 51020",A,5,Computer Science
Fall 2020,51025,C S, 331,ALGORITHMS AND COMPLEXITY-WB,"C S-331: ALGORITHMS AND COMPLEXITY-WB, Section no. 51025",Other,1,Computer Science
Fall 2020,51025,C S, 331,ALGORITHMS AND COMPLEXITY-WB,"C S-331: ALGORITHMS AND COMPLEXITY-WB, Section no. 51025",B-,2,Computer Science
Fall 2020,51025,C S, 331,ALGORITHMS AND COMPLEXITY-WB,"C S-331: ALGORITHMS AND COMPLEXITY-WB, Section no. 51025",B,5,Computer Science
Fall 2020,51025,C S, 331,ALGORITHMS AND COMPLEXITY-WB,"C S-331: ALGORITHMS AND COMPLEXITY-WB, Section no. 51025",B+,4,Computer Science
Fall 2020,51025,C S, 331,ALGORITHMS AND COMPLEXITY-WB,"C S-331: ALGORITHMS AND COMPLEXITY-WB, Section no. 51025",A-,5,Computer Science
Fall 2020,51025,C S, 331,ALGORITHMS AND COMPLEXITY-WB,"C S-331: ALGORITHMS AND COMPLEXITY-WB, Section no. 51025",A,23,Computer Science
Fall 2020,51030,C S, 331,ALGORITHMS AND COMPLEXITY-WB,"C S-331: ALGORITHMS AND COMPLEXITY-WB, Section no. 51030",Other,3,Computer Science
Fall 2020,51030,C S, 331,ALGORITHMS AND COMPLEXITY-WB,"C S-331: ALGORITHMS AND COMPLEXITY-WB, Section no. 51030",C+,1,Computer Science
Fall 2020,51030,C S, 331,ALGORITHMS AND COMPLEXITY-WB,"C S-331: ALGORITHMS AND COMPLEXITY-WB, Section no. 51030",B-,2,Computer Science
Fall 2020,51030,C S, 331,ALGORITHMS AND COMPLEXITY-WB,"C S-331: ALGORITHMS AND COMPLEXITY-WB, Section no. 51030",B,1,Computer Science
Fall 2020,51030,C S, 331,ALGORITHMS AND COMPLEXITY-WB,"C S-331: ALGORITHMS AND COMPLEXITY-WB, Section no. 51030",B+,6,Computer Science
Fall 2020,51030,C S, 331,ALGORITHMS AND COMPLEXITY-WB,"C S-331: ALGORITHMS AND COMPLEXITY-WB, Section no. 51030",A-,8,Computer Science
Fall 2020,51030,C S, 331,ALGORITHMS AND COMPLEXITY-WB,"C S-331: ALGORITHMS AND COMPLEXITY-WB, Section no. 51030",A,20,Computer Science
Fall 2020,51035,C S, 331,ALGORITHMS AND COMPLEXITY-WB,"C S-331: ALGORITHMS AND COMPLEXITY-WB, Section no. 51035",Other,2,Computer Science
Fall 2020,51035,C S, 331,ALGORITHMS AND COMPLEXITY-WB,"C S-331: ALGORITHMS AND COMPLEXITY-WB, Section no. 51035",C,4,Computer Science
Fall 2020,51035,C S, 331,ALGORITHMS AND COMPLEXITY-WB,"C S-331: ALGORITHMS AND COMPLEXITY-WB, Section no. 51035",C+,2,Computer Science
Fall 2020,51035,C S, 331,ALGORITHMS AND COMPLEXITY-WB,"C S-331: ALGORITHMS AND COMPLEXITY-WB, Section no. 51035",B,9,Computer Science
Fall 2020,51035,C S, 331,ALGORITHMS AND COMPLEXITY-WB,"C S-331: ALGORITHMS AND COMPLEXITY-WB, Section no. 51035",B+,2,Computer Science
Fall 2020,51035,C S, 331,ALGORITHMS AND COMPLEXITY-WB,"C S-331: ALGORITHMS AND COMPLEXITY-WB, Section no. 51035",A-,3,Computer Science
Fall 2020,51035,C S, 331,ALGORITHMS AND COMPLEXITY-WB,"C S-331: ALGORITHMS AND COMPLEXITY-WB, Section no. 51035",A,13,Computer Science
Fall 2020,51040,C S, 331,ALGORITHMS AND COMPLEXITY-WB,"C S-331: ALGORITHMS AND COMPLEXITY-WB, Section no. 51040",Other,1,Computer Science
Fall 2020,51040,C S, 331,ALGORITHMS AND COMPLEXITY-WB,"C S-331: ALGORITHMS AND COMPLEXITY-WB, Section no. 51040",C,4,Computer Science
Fall 2020,51040,C S, 331,ALGORITHMS AND COMPLEXITY-WB,"C S-331: ALGORITHMS AND COMPLEXITY-WB, Section no. 51040",B-,2,Computer Science
Fall 2020,51040,C S, 331,ALGORITHMS AND COMPLEXITY-WB,"C S-331: ALGORITHMS AND COMPLEXITY-WB, Section no. 51040",B,6,Computer Science
Fall 2020,51040,C S, 331,ALGORITHMS AND COMPLEXITY-WB,"C S-331: ALGORITHMS AND COMPLEXITY-WB, Section no. 51040",B+,3,Computer Science
Fall 2020,51040,C S, 331,ALGORITHMS AND COMPLEXITY-WB,"C S-331: ALGORITHMS AND COMPLEXITY-WB, Section no. 51040",A-,5,Computer Science
Fall 2020,51040,C S, 331,ALGORITHMS AND COMPLEXITY-WB,"C S-331: ALGORITHMS AND COMPLEXITY-WB, Section no. 51040",A,16,Computer Science
Fall 2020,51045,C S, 439,PRINCPLS OF COMPUTR SYS-C S-WB,"C S-439: PRINCPLS OF COMPUTR SYS-C S-WB, Section no. 51045",Other,1,Computer Science
Fall 2020,51045,C S, 439,PRINCPLS OF COMPUTR SYS-C S-WB,"C S-439: PRINCPLS OF COMPUTR SYS-C S-WB, Section no. 51045",F,1,Computer Science
Fall 2020,51045,C S, 439,PRINCPLS OF COMPUTR SYS-C S-WB,"C S-439: PRINCPLS OF COMPUTR SYS-C S-WB, Section no. 51045",B-,1,Computer Science
Fall 2020,51045,C S, 439,PRINCPLS OF COMPUTR SYS-C S-WB,"C S-439: PRINCPLS OF COMPUTR SYS-C S-WB, Section no. 51045",B,4,Computer Science
Fall 2020,51045,C S, 439,PRINCPLS OF COMPUTR SYS-C S-WB,"C S-439: PRINCPLS OF COMPUTR SYS-C S-WB, Section no. 51045",B+,4,Computer Science
Fall 2020,51045,C S, 439,PRINCPLS OF COMPUTR SYS-C S-WB,"C S-439: PRINCPLS OF COMPUTR SYS-C S-WB, Section no. 51045",A,20,Computer Science
Fall 2020,51050,C S, 439,PRINCPLS OF COMPUTR SYS-C S-WB,"C S-439: PRINCPLS OF COMPUTR SYS-C S-WB, Section no. 51050",Other,2,Computer Science
Fall 2020,51050,C S, 439,PRINCPLS OF COMPUTR SYS-C S-WB,"C S-439: PRINCPLS OF COMPUTR SYS-C S-WB, Section no. 51050",B,3,Computer Science
Fall 2020,51050,C S, 439,PRINCPLS OF COMPUTR SYS-C S-WB,"C S-439: PRINCPLS OF COMPUTR SYS-C S-WB, Section no. 51050",A,26,Computer Science
Fall 2020,51055,C S, 439,PRINCPLS OF COMPUTR SYS-C S-WB,"C S-439: PRINCPLS OF COMPUTR SYS-C S-WB, Section no. 51055",Other,4,Computer Science
Fall 2020,51055,C S, 439,PRINCPLS OF COMPUTR SYS-C S-WB,"C S-439: PRINCPLS OF COMPUTR SYS-C S-WB, Section no. 51055",B,6,Computer Science
Fall 2020,51055,C S, 439,PRINCPLS OF COMPUTR SYS-C S-WB,"C S-439: PRINCPLS OF COMPUTR SYS-C S-WB, Section no. 51055",B+,1,Computer Science
Fall 2020,51055,C S, 439,PRINCPLS OF COMPUTR SYS-C S-WB,"C S-439: PRINCPLS OF COMPUTR SYS-C S-WB, Section no. 51055",A,16,Computer Science
Fall 2020,51060,C S, 439,PRINCPLS OF COMPUTR SYS-C S-WB,"C S-439: PRINCPLS OF COMPUTR SYS-C S-WB, Section no. 51060",Other,1,Computer Science
Fall 2020,51060,C S, 439,PRINCPLS OF COMPUTR SYS-C S-WB,"C S-439: PRINCPLS OF COMPUTR SYS-C S-WB, Section no. 51060",C,2,Computer Science
Fall 2020,51060,C S, 439,PRINCPLS OF COMPUTR SYS-C S-WB,"C S-439: PRINCPLS OF COMPUTR SYS-C S-WB, Section no. 51060",B-,1,Computer Science
Fall 2020,51060,C S, 439,PRINCPLS OF COMPUTR SYS-C S-WB,"C S-439: PRINCPLS OF COMPUTR SYS-C S-WB, Section no. 51060",B,5,Computer Science
Fall 2020,51060,C S, 439,PRINCPLS OF COMPUTR SYS-C S-WB,"C S-439: PRINCPLS OF COMPUTR SYS-C S-WB, Section no. 51060",B+,6,Computer Science
Fall 2020,51060,C S, 439,PRINCPLS OF COMPUTR SYS-C S-WB,"C S-439: PRINCPLS OF COMPUTR SYS-C S-WB, Section no. 51060",A,16,Computer Science
Fall 2020,51065,C S, 439,PRINCPLS OF COMPUTR SYS-C S-WB,"C S-439: PRINCPLS OF COMPUTR SYS-C S-WB, Section no. 51065",Other,2,Computer Science
Fall 2020,51065,C S, 439,PRINCPLS OF COMPUTR SYS-C S-WB,"C S-439: PRINCPLS OF COMPUTR SYS-C S-WB, Section no. 51065",C,1,Computer Science
Fall 2020,51065,C S, 439,PRINCPLS OF COMPUTR SYS-C S-WB,"C S-439: PRINCPLS OF COMPUTR SYS-C S-WB, Section no. 51065",B-,1,Computer Science
Fall 2020,51065,C S, 439,PRINCPLS OF COMPUTR SYS-C S-WB,"C S-439: PRINCPLS OF COMPUTR SYS-C S-WB, Section no. 51065",B,5,Computer Science
Fall 2020,51065,C S, 439,PRINCPLS OF COMPUTR SYS-C S-WB,"C S-439: PRINCPLS OF COMPUTR SYS-C S-WB, Section no. 51065",A,19,Computer Science
Fall 2020,51070,C S, 439,PRINCPLS OF COMPUTR SYS-C S-WB,"C S-439: PRINCPLS OF COMPUTR SYS-C S-WB, Section no. 51070",Other,3,Computer Science
Fall 2020,51070,C S, 439,PRINCPLS OF COMPUTR SYS-C S-WB,"C S-439: PRINCPLS OF COMPUTR SYS-C S-WB, Section no. 51070",B,5,Computer Science
Fall 2020,51070,C S, 439,PRINCPLS OF COMPUTR SYS-C S-WB,"C S-439: PRINCPLS OF COMPUTR SYS-C S-WB, Section no. 51070",B+,2,Computer Science
Fall 2020,51070,C S, 439,PRINCPLS OF COMPUTR SYS-C S-WB,"C S-439: PRINCPLS OF COMPUTR SYS-C S-WB, Section no. 51070",A,19,Computer Science
Fall 2020,51075,C S, 439,PRIN OF COMPUTER SYS-C S-WB,"C S-439: PRIN OF COMPUTER SYS-C S-WB, Section no. 51075",Other,5,Computer Science
Fall 2020,51075,C S, 439,PRIN OF COMPUTER SYS-C S-WB,"C S-439: PRIN OF COMPUTER SYS-C S-WB, Section no. 51075",C-,2,Computer Science
Fall 2020,51075,C S, 439,PRIN OF COMPUTER SYS-C S-WB,"C S-439: PRIN OF COMPUTER SYS-C S-WB, Section no. 51075",C,1,Computer Science
Fall 2020,51075,C S, 439,PRIN OF COMPUTER SYS-C S-WB,"C S-439: PRIN OF COMPUTER SYS-C S-WB, Section no. 51075",C+,1,Computer Science
Fall 2020,51075,C S, 439,PRIN OF COMPUTER SYS-C S-WB,"C S-439: PRIN OF COMPUTER SYS-C S-WB, Section no. 51075",B,3,Computer Science
Fall 2020,51075,C S, 439,PRIN OF COMPUTER SYS-C S-WB,"C S-439: PRIN OF COMPUTER SYS-C S-WB, Section no. 51075",B+,4,Computer Science
Fall 2020,51075,C S, 439,PRIN OF COMPUTER SYS-C S-WB,"C S-439: PRIN OF COMPUTER SYS-C S-WB, Section no. 51075",A-,3,Computer Science
Fall 2020,51075,C S, 439,PRIN OF COMPUTER SYS-C S-WB,"C S-439: PRIN OF COMPUTER SYS-C S-WB, Section no. 51075",A,10,Computer Science
Fall 2020,51080,C S, 439,PRIN OF COMPUTER SYS-C S-WB,"C S-439: PRIN OF COMPUTER SYS-C S-WB, Section no. 51080",Other,2,Computer Science
Fall 2020,51080,C S, 439,PRIN OF COMPUTER SYS-C S-WB,"C S-439: PRIN OF COMPUTER SYS-C S-WB, Section no. 51080",C-,2,Computer Science
Fall 2020,51080,C S, 439,PRIN OF COMPUTER SYS-C S-WB,"C S-439: PRIN OF COMPUTER SYS-C S-WB, Section no. 51080",C+,2,Computer Science
Fall 2020,51080,C S, 439,PRIN OF COMPUTER SYS-C S-WB,"C S-439: PRIN OF COMPUTER SYS-C S-WB, Section no. 51080",B-,1,Computer Science
Fall 2020,51080,C S, 439,PRIN OF COMPUTER SYS-C S-WB,"C S-439: PRIN OF COMPUTER SYS-C S-WB, Section no. 51080",B+,6,Computer Science
Fall 2020,51080,C S, 439,PRIN OF COMPUTER SYS-C S-WB,"C S-439: PRIN OF COMPUTER SYS-C S-WB, Section no. 51080",A-,8,Computer Science
Fall 2020,51080,C S, 439,PRIN OF COMPUTER SYS-C S-WB,"C S-439: PRIN OF COMPUTER SYS-C S-WB, Section no. 51080",A,8,Computer Science
Fall 2020,51085,C S, 439,PRIN OF COMPUTER SYS-C S-WB,"C S-439: PRIN OF COMPUTER SYS-C S-WB, Section no. 51085",Other,4,Computer Science
Fall 2020,51085,C S, 439,PRIN OF COMPUTER SYS-C S-WB,"C S-439: PRIN OF COMPUTER SYS-C S-WB, Section no. 51085",C+,2,Computer Science
Fall 2020,51085,C S, 439,PRIN OF COMPUTER SYS-C S-WB,"C S-439: PRIN OF COMPUTER SYS-C S-WB, Section no. 51085",B,4,Computer Science
Fall 2020,51085,C S, 439,PRIN OF COMPUTER SYS-C S-WB,"C S-439: PRIN OF COMPUTER SYS-C S-WB, Section no. 51085",B+,4,Computer Science
Fall 2020,51085,C S, 439,PRIN OF COMPUTER SYS-C S-WB,"C S-439: PRIN OF COMPUTER SYS-C S-WB, Section no. 51085",A-,8,Computer Science
Fall 2020,51085,C S, 439,PRIN OF COMPUTER SYS-C S-WB,"C S-439: PRIN OF COMPUTER SYS-C S-WB, Section no. 51085",A,8,Computer Science
Fall 2020,51090,C S, 439H,PRINS OF COMPTR SYS: HONORS-WB,"C S-439H: PRINS OF COMPTR SYS: HONORS-WB, Section no. 51090",Other,5,Computer Science
Fall 2020,51090,C S, 439H,PRINS OF COMPTR SYS: HONORS-WB,"C S-439H: PRINS OF COMPTR SYS: HONORS-WB, Section no. 51090",C-,1,Computer Science
Fall 2020,51090,C S, 439H,PRINS OF COMPTR SYS: HONORS-WB,"C S-439H: PRINS OF COMPTR SYS: HONORS-WB, Section no. 51090",C,1,Computer Science
Fall 2020,51090,C S, 439H,PRINS OF COMPTR SYS: HONORS-WB,"C S-439H: PRINS OF COMPTR SYS: HONORS-WB, Section no. 51090",C+,2,Computer Science
Fall 2020,51090,C S, 439H,PRINS OF COMPTR SYS: HONORS-WB,"C S-439H: PRINS OF COMPTR SYS: HONORS-WB, Section no. 51090",B-,1,Computer Science
Fall 2020,51090,C S, 439H,PRINS OF COMPTR SYS: HONORS-WB,"C S-439H: PRINS OF COMPTR SYS: HONORS-WB, Section no. 51090",B,9,Computer Science
Fall 2020,51090,C S, 439H,PRINS OF COMPTR SYS: HONORS-WB,"C S-439H: PRINS OF COMPTR SYS: HONORS-WB, Section no. 51090",B+,8,Computer Science
Fall 2020,51090,C S, 439H,PRINS OF COMPTR SYS: HONORS-WB,"C S-439H: PRINS OF COMPTR SYS: HONORS-WB, Section no. 51090",A-,13,Computer Science
Fall 2020,51090,C S, 439H,PRINS OF COMPTR SYS: HONORS-WB,"C S-439H: PRINS OF COMPTR SYS: HONORS-WB, Section no. 51090",A,18,Computer Science
Fall 2020,51094,C S, 439H,PRINS OF COMPTR SYS: HONORS-WB,"C S-439H: PRINS OF COMPTR SYS: HONORS-WB, Section no. 51094",Other,2,Computer Science
Fall 2020,51094,C S, 439H,PRINS OF COMPTR SYS: HONORS-WB,"C S-439H: PRINS OF COMPTR SYS: HONORS-WB, Section no. 51094",C-,1,Computer Science
Fall 2020,51094,C S, 439H,PRINS OF COMPTR SYS: HONORS-WB,"C S-439H: PRINS OF COMPTR SYS: HONORS-WB, Section no. 51094",B,3,Computer Science
Fall 2020,51094,C S, 439H,PRINS OF COMPTR SYS: HONORS-WB,"C S-439H: PRINS OF COMPTR SYS: HONORS-WB, Section no. 51094",B+,4,Computer Science
Fall 2020,51094,C S, 439H,PRINS OF COMPTR SYS: HONORS-WB,"C S-439H: PRINS OF COMPTR SYS: HONORS-WB, Section no. 51094",A-,4,Computer Science
Fall 2020,51094,C S, 439H,PRINS OF COMPTR SYS: HONORS-WB,"C S-439H: PRINS OF COMPTR SYS: HONORS-WB, Section no. 51094",A,6,Computer Science
Fall 2020,51095,C S, 342,NEURAL NETWORKS-WB,"C S-342: NEURAL NETWORKS-WB, Section no. 51095",Other,13,Computer Science
Fall 2020,51095,C S, 342,NEURAL NETWORKS-WB,"C S-342: NEURAL NETWORKS-WB, Section no. 51095",F,1,Computer Science
Fall 2020,51095,C S, 342,NEURAL NETWORKS-WB,"C S-342: NEURAL NETWORKS-WB, Section no. 51095",C+,1,Computer Science
Fall 2020,51095,C S, 342,NEURAL NETWORKS-WB,"C S-342: NEURAL NETWORKS-WB, Section no. 51095",B-,3,Computer Science
Fall 2020,51095,C S, 342,NEURAL NETWORKS-WB,"C S-342: NEURAL NETWORKS-WB, Section no. 51095",B,3,Computer Science
Fall 2020,51095,C S, 342,NEURAL NETWORKS-WB,"C S-342: NEURAL NETWORKS-WB, Section no. 51095",B+,8,Computer Science
Fall 2020,51095,C S, 342,NEURAL NETWORKS-WB,"C S-342: NEURAL NETWORKS-WB, Section no. 51095",A-,17,Computer Science
Fall 2020,51095,C S, 342,NEURAL NETWORKS-WB,"C S-342: NEURAL NETWORKS-WB, Section no. 51095",A,131,Computer Science
Fall 2020,51100,C S, 343,ARTIFICIAL INTELLIGENCE-WB,"C S-343: ARTIFICIAL INTELLIGENCE-WB, Section no. 51100",Other,11,Computer Science
Fall 2020,51100,C S, 343,ARTIFICIAL INTELLIGENCE-WB,"C S-343: ARTIFICIAL INTELLIGENCE-WB, Section no. 51100",C-,1,Computer Science
Fall 2020,51100,C S, 343,ARTIFICIAL INTELLIGENCE-WB,"C S-343: ARTIFICIAL INTELLIGENCE-WB, Section no. 51100",C,1,Computer Science
Fall 2020,51100,C S, 343,ARTIFICIAL INTELLIGENCE-WB,"C S-343: ARTIFICIAL INTELLIGENCE-WB, Section no. 51100",B-,7,Computer Science
Fall 2020,51100,C S, 343,ARTIFICIAL INTELLIGENCE-WB,"C S-343: ARTIFICIAL INTELLIGENCE-WB, Section no. 51100",B,7,Computer Science
Fall 2020,51100,C S, 343,ARTIFICIAL INTELLIGENCE-WB,"C S-343: ARTIFICIAL INTELLIGENCE-WB, Section no. 51100",B+,7,Computer Science
Fall 2020,51100,C S, 343,ARTIFICIAL INTELLIGENCE-WB,"C S-343: ARTIFICIAL INTELLIGENCE-WB, Section no. 51100",A-,11,Computer Science
Fall 2020,51100,C S, 343,ARTIFICIAL INTELLIGENCE-WB,"C S-343: ARTIFICIAL INTELLIGENCE-WB, Section no. 51100",A,14,Computer Science
Fall 2020,51110,C S, 347,DATA MANAGEMENT-WB,"C S-347: DATA MANAGEMENT-WB, Section no. 51110",Other,16,Computer Science
Fall 2020,51110,C S, 347,DATA MANAGEMENT-WB,"C S-347: DATA MANAGEMENT-WB, Section no. 51110",C,1,Computer Science
Fall 2020,51110,C S, 347,DATA MANAGEMENT-WB,"C S-347: DATA MANAGEMENT-WB, Section no. 51110",C+,1,Computer Science
Fall 2020,51110,C S, 347,DATA MANAGEMENT-WB,"C S-347: DATA MANAGEMENT-WB, Section no. 51110",B,2,Computer Science
Fall 2020,51110,C S, 347,DATA MANAGEMENT-WB,"C S-347: DATA MANAGEMENT-WB, Section no. 51110",B+,1,Computer Science
Fall 2020,51110,C S, 347,DATA MANAGEMENT-WB,"C S-347: DATA MANAGEMENT-WB, Section no. 51110",A-,2,Computer Science
Fall 2020,51110,C S, 347,DATA MANAGEMENT-WB,"C S-347: DATA MANAGEMENT-WB, Section no. 51110",A,6,Computer Science
Fall 2020,51115,C S, 349,CONTEMP ISSUES IN COMP SCI-WB,"C S-349: CONTEMP ISSUES IN COMP SCI-WB, Section no. 51115",Other,3,Computer Science
Fall 2020,51115,C S, 349,CONTEMP ISSUES IN COMP SCI-WB,"C S-349: CONTEMP ISSUES IN COMP SCI-WB, Section no. 51115",C+,1,Computer Science
Fall 2020,51115,C S, 349,CONTEMP ISSUES IN COMP SCI-WB,"C S-349: CONTEMP ISSUES IN COMP SCI-WB, Section no. 51115",B,2,Computer Science
Fall 2020,51115,C S, 349,CONTEMP ISSUES IN COMP SCI-WB,"C S-349: CONTEMP ISSUES IN COMP SCI-WB, Section no. 51115",B+,7,Computer Science
Fall 2020,51115,C S, 349,CONTEMP ISSUES IN COMP SCI-WB,"C S-349: CONTEMP ISSUES IN COMP SCI-WB, Section no. 51115",A-,9,Computer Science
Fall 2020,51115,C S, 349,CONTEMP ISSUES IN COMP SCI-WB,"C S-349: CONTEMP ISSUES IN COMP SCI-WB, Section no. 51115",A,18,Computer Science
Fall 2020,51116,C S, 349,CONTEMP ISSUES IN COMP SCI-WB,"C S-349: CONTEMP ISSUES IN COMP SCI-WB, Section no. 51116",Other,2,Computer Science
Fall 2020,51116,C S, 349,CONTEMP ISSUES IN COMP SCI-WB,"C S-349: CONTEMP ISSUES IN COMP SCI-WB, Section no. 51116",C-,1,Computer Science
Fall 2020,51116,C S, 349,CONTEMP ISSUES IN COMP SCI-WB,"C S-349: CONTEMP ISSUES IN COMP SCI-WB, Section no. 51116",B,2,Computer Science
Fall 2020,51116,C S, 349,CONTEMP ISSUES IN COMP SCI-WB,"C S-349: CONTEMP ISSUES IN COMP SCI-WB, Section no. 51116",B+,2,Computer Science
Fall 2020,51116,C S, 349,CONTEMP ISSUES IN COMP SCI-WB,"C S-349: CONTEMP ISSUES IN COMP SCI-WB, Section no. 51116",A-,6,Computer Science
Fall 2020,51116,C S, 349,CONTEMP ISSUES IN COMP SCI-WB,"C S-349: CONTEMP ISSUES IN COMP SCI-WB, Section no. 51116",A,28,Computer Science
Fall 2020,51120,C S, 354R,GAME TECHNOLOGY-WB,"C S-354R: GAME TECHNOLOGY-WB, Section no. 51120",Other,3,Computer Science
Fall 2020,51120,C S, 354R,GAME TECHNOLOGY-WB,"C S-354R: GAME TECHNOLOGY-WB, Section no. 51120",B+,1,Computer Science
Fall 2020,51120,C S, 354R,GAME TECHNOLOGY-WB,"C S-354R: GAME TECHNOLOGY-WB, Section no. 51120",A-,1,Computer Science
Fall 2020,51120,C S, 354R,GAME TECHNOLOGY-WB,"C S-354R: GAME TECHNOLOGY-WB, Section no. 51120",A,41,Computer Science
Fall 2020,51125,C S, 354S,GAME DEV CAPSTNE: 2-D GAMES-WB,"C S-354S: GAME DEV CAPSTNE: 2-D GAMES-WB, Section no. 51125",Other,1,Computer Science
Fall 2020,51125,C S, 354S,GAME DEV CAPSTNE: 2-D GAMES-WB,"C S-354S: GAME DEV CAPSTNE: 2-D GAMES-WB, Section no. 51125",B+,1,Computer Science
Fall 2020,51125,C S, 354S,GAME DEV CAPSTNE: 2-D GAMES-WB,"C S-354S: GAME DEV CAPSTNE: 2-D GAMES-WB, Section no. 51125",A-,3,Computer Science
Fall 2020,51125,C S, 354S,GAME DEV CAPSTNE: 2-D GAMES-WB,"C S-354S: GAME DEV CAPSTNE: 2-D GAMES-WB, Section no. 51125",A,5,Computer Science
Fall 2020,51134,C S, 358H,INTRO QUANTUM INFO SCI: HON-WB,"C S-358H: INTRO QUANTUM INFO SCI: HON-WB, Section no. 51134",Other,15,Computer Science
Fall 2020,51134,C S, 358H,INTRO QUANTUM INFO SCI: HON-WB,"C S-358H: INTRO QUANTUM INFO SCI: HON-WB, Section no. 51134",C,1,Computer Science
Fall 2020,51134,C S, 358H,INTRO QUANTUM INFO SCI: HON-WB,"C S-358H: INTRO QUANTUM INFO SCI: HON-WB, Section no. 51134",B-,5,Computer Science
Fall 2020,51134,C S, 358H,INTRO QUANTUM INFO SCI: HON-WB,"C S-358H: INTRO QUANTUM INFO SCI: HON-WB, Section no. 51134",B,1,Computer Science
Fall 2020,51134,C S, 358H,INTRO QUANTUM INFO SCI: HON-WB,"C S-358H: INTRO QUANTUM INFO SCI: HON-WB, Section no. 51134",B+,3,Computer Science
Fall 2020,51134,C S, 358H,INTRO QUANTUM INFO SCI: HON-WB,"C S-358H: INTRO QUANTUM INFO SCI: HON-WB, Section no. 51134",A-,7,Computer Science
Fall 2020,51134,C S, 358H,INTRO QUANTUM INFO SCI: HON-WB,"C S-358H: INTRO QUANTUM INFO SCI: HON-WB, Section no. 51134",A,13,Computer Science
Fall 2020,51135,C S, 360V,VIRTUALIZATION-WB,"C S-360V: VIRTUALIZATION-WB, Section no. 51135",Other,11,Computer Science
Fall 2020,51135,C S, 360V,VIRTUALIZATION-WB,"C S-360V: VIRTUALIZATION-WB, Section no. 51135",C,2,Computer Science
Fall 2020,51135,C S, 360V,VIRTUALIZATION-WB,"C S-360V: VIRTUALIZATION-WB, Section no. 51135",B+,1,Computer Science
Fall 2020,51135,C S, 360V,VIRTUALIZATION-WB,"C S-360V: VIRTUALIZATION-WB, Section no. 51135",A-,4,Computer Science
Fall 2020,51135,C S, 360V,VIRTUALIZATION-WB,"C S-360V: VIRTUALIZATION-WB, Section no. 51135",A,65,Computer Science
Fall 2020,51150,C S, 361S,NETWORK SECURITY/PRIVACY-WB,"C S-361S: NETWORK SECURITY/PRIVACY-WB, Section no. 51150",Other,6,Computer Science
Fall 2020,51150,C S, 361S,NETWORK SECURITY/PRIVACY-WB,"C S-361S: NETWORK SECURITY/PRIVACY-WB, Section no. 51150",F,1,Computer Science
Fall 2020,51150,C S, 361S,NETWORK SECURITY/PRIVACY-WB,"C S-361S: NETWORK SECURITY/PRIVACY-WB, Section no. 51150",C-,1,Computer Science
Fall 2020,51150,C S, 361S,NETWORK SECURITY/PRIVACY-WB,"C S-361S: NETWORK SECURITY/PRIVACY-WB, Section no. 51150",B,1,Computer Science
Fall 2020,51150,C S, 361S,NETWORK SECURITY/PRIVACY-WB,"C S-361S: NETWORK SECURITY/PRIVACY-WB, Section no. 51150",B+,2,Computer Science
Fall 2020,51150,C S, 361S,NETWORK SECURITY/PRIVACY-WB,"C S-361S: NETWORK SECURITY/PRIVACY-WB, Section no. 51150",A-,2,Computer Science
Fall 2020,51150,C S, 361S,NETWORK SECURITY/PRIVACY-WB,"C S-361S: NETWORK SECURITY/PRIVACY-WB, Section no. 51150",A,48,Computer Science
Fall 2020,51160,C S, 363D,INTRODUCTION TO DATA MINING-WB,"C S-363D: INTRODUCTION TO DATA MINING-WB, Section no. 51160",Other,1,Computer Science
Fall 2020,51160,C S, 363D,INTRODUCTION TO DATA MINING-WB,"C S-363D: INTRODUCTION TO DATA MINING-WB, Section no. 51160",F,1,Computer Science
Fall 2020,51160,C S, 363D,INTRODUCTION TO DATA MINING-WB,"C S-363D: INTRODUCTION TO DATA MINING-WB, Section no. 51160",C+,1,Computer Science
Fall 2020,51160,C S, 363D,INTRODUCTION TO DATA MINING-WB,"C S-363D: INTRODUCTION TO DATA MINING-WB, Section no. 51160",B,4,Computer Science
Fall 2020,51160,C S, 363D,INTRODUCTION TO DATA MINING-WB,"C S-363D: INTRODUCTION TO DATA MINING-WB, Section no. 51160",B+,8,Computer Science
Fall 2020,51160,C S, 363D,INTRODUCTION TO DATA MINING-WB,"C S-363D: INTRODUCTION TO DATA MINING-WB, Section no. 51160",A-,15,Computer Science
Fall 2020,51160,C S, 363D,INTRODUCTION TO DATA MINING-WB,"C S-363D: INTRODUCTION TO DATA MINING-WB, Section no. 51160",A,27,Computer Science
Fall 2020,51163,C S, 364D,ADVANCED DATA MINING-WB,"C S-364D: ADVANCED DATA MINING-WB, Section no. 51163",Other,4,Computer Science
Fall 2020,51163,C S, 364D,ADVANCED DATA MINING-WB,"C S-364D: ADVANCED DATA MINING-WB, Section no. 51163",D+,1,Computer Science
Fall 2020,51163,C S, 364D,ADVANCED DATA MINING-WB,"C S-364D: ADVANCED DATA MINING-WB, Section no. 51163",C,1,Computer Science
Fall 2020,51163,C S, 364D,ADVANCED DATA MINING-WB,"C S-364D: ADVANCED DATA MINING-WB, Section no. 51163",B+,1,Computer Science
Fall 2020,51163,C S, 364D,ADVANCED DATA MINING-WB,"C S-364D: ADVANCED DATA MINING-WB, Section no. 51163",A-,2,Computer Science
Fall 2020,51163,C S, 364D,ADVANCED DATA MINING-WB,"C S-364D: ADVANCED DATA MINING-WB, Section no. 51163",A,3,Computer Science
Fall 2020,51175,C S, 371L,IOS MOBILE COMPUTING-WB,"C S-371L: IOS MOBILE COMPUTING-WB, Section no. 51175",F,1,Computer Science
Fall 2020,51175,C S, 371L,IOS MOBILE COMPUTING-WB,"C S-371L: IOS MOBILE COMPUTING-WB, Section no. 51175",C+,1,Computer Science
Fall 2020,51175,C S, 371L,IOS MOBILE COMPUTING-WB,"C S-371L: IOS MOBILE COMPUTING-WB, Section no. 51175",B-,1,Computer Science
Fall 2020,51175,C S, 371L,IOS MOBILE COMPUTING-WB,"C S-371L: IOS MOBILE COMPUTING-WB, Section no. 51175",B+,4,Computer Science
Fall 2020,51175,C S, 371L,IOS MOBILE COMPUTING-WB,"C S-371L: IOS MOBILE COMPUTING-WB, Section no. 51175",A-,7,Computer Science
Fall 2020,51175,C S, 371L,IOS MOBILE COMPUTING-WB,"C S-371L: IOS MOBILE COMPUTING-WB, Section no. 51175",A,46,Computer Science
Fall 2020,51185,C S, 371P,OBJECT-ORIENTED PROGRAMMING-WB,"C S-371P: OBJECT-ORIENTED PROGRAMMING-WB, Section no. 51185",Other,7,Computer Science
Fall 2020,51185,C S, 371P,OBJECT-ORIENTED PROGRAMMING-WB,"C S-371P: OBJECT-ORIENTED PROGRAMMING-WB, Section no. 51185",B-,3,Computer Science
Fall 2020,51185,C S, 371P,OBJECT-ORIENTED PROGRAMMING-WB,"C S-371P: OBJECT-ORIENTED PROGRAMMING-WB, Section no. 51185",B,2,Computer Science
Fall 2020,51185,C S, 371P,OBJECT-ORIENTED PROGRAMMING-WB,"C S-371P: OBJECT-ORIENTED PROGRAMMING-WB, Section no. 51185",B+,2,Computer Science
Fall 2020,51185,C S, 371P,OBJECT-ORIENTED PROGRAMMING-WB,"C S-371P: OBJECT-ORIENTED PROGRAMMING-WB, Section no. 51185",A-,9,Computer Science
Fall 2020,51185,C S, 371P,OBJECT-ORIENTED PROGRAMMING-WB,"C S-371P: OBJECT-ORIENTED PROGRAMMING-WB, Section no. 51185",A,54,Computer Science
Fall 2020,51190,C S, 371R,INFO RETRIEVAL & WEB SEARCH-WB,"C S-371R: INFO RETRIEVAL & WEB SEARCH-WB, Section no. 51190",Other,9,Computer Science
Fall 2020,51190,C S, 371R,INFO RETRIEVAL & WEB SEARCH-WB,"C S-371R: INFO RETRIEVAL & WEB SEARCH-WB, Section no. 51190",D+,2,Computer Science
Fall 2020,51190,C S, 371R,INFO RETRIEVAL & WEB SEARCH-WB,"C S-371R: INFO RETRIEVAL & WEB SEARCH-WB, Section no. 51190",C-,1,Computer Science
Fall 2020,51190,C S, 371R,INFO RETRIEVAL & WEB SEARCH-WB,"C S-371R: INFO RETRIEVAL & WEB SEARCH-WB, Section no. 51190",C,4,Computer Science
Fall 2020,51190,C S, 371R,INFO RETRIEVAL & WEB SEARCH-WB,"C S-371R: INFO RETRIEVAL & WEB SEARCH-WB, Section no. 51190",C+,1,Computer Science
Fall 2020,51190,C S, 371R,INFO RETRIEVAL & WEB SEARCH-WB,"C S-371R: INFO RETRIEVAL & WEB SEARCH-WB, Section no. 51190",B-,2,Computer Science
Fall 2020,51190,C S, 371R,INFO RETRIEVAL & WEB SEARCH-WB,"C S-371R: INFO RETRIEVAL & WEB SEARCH-WB, Section no. 51190",B,5,Computer Science
Fall 2020,51190,C S, 371R,INFO RETRIEVAL & WEB SEARCH-WB,"C S-371R: INFO RETRIEVAL & WEB SEARCH-WB, Section no. 51190",B+,5,Computer Science
Fall 2020,51190,C S, 371R,INFO RETRIEVAL & WEB SEARCH-WB,"C S-371R: INFO RETRIEVAL & WEB SEARCH-WB, Section no. 51190",A-,10,Computer Science
Fall 2020,51190,C S, 371R,INFO RETRIEVAL & WEB SEARCH-WB,"C S-371R: INFO RETRIEVAL & WEB SEARCH-WB, Section no. 51190",A,17,Computer Science
Fall 2020,51195,C S, 373,SOFTWARE ENGINEERING-WB,"C S-373: SOFTWARE ENGINEERING-WB, Section no. 51195",C-,1,Computer Science
Fall 2020,51195,C S, 373,SOFTWARE ENGINEERING-WB,"C S-373: SOFTWARE ENGINEERING-WB, Section no. 51195",B+,2,Computer Science
Fall 2020,51195,C S, 373,SOFTWARE ENGINEERING-WB,"C S-373: SOFTWARE ENGINEERING-WB, Section no. 51195",A-,9,Computer Science
Fall 2020,51195,C S, 373,SOFTWARE ENGINEERING-WB,"C S-373: SOFTWARE ENGINEERING-WB, Section no. 51195",A,47,Computer Science
Fall 2020,51200,C S, 373,SOFTWARE ENGINEERING-WB,"C S-373: SOFTWARE ENGINEERING-WB, Section no. 51200",Other,5,Computer Science
Fall 2020,51200,C S, 373,SOFTWARE ENGINEERING-WB,"C S-373: SOFTWARE ENGINEERING-WB, Section no. 51200",B,1,Computer Science
Fall 2020,51200,C S, 373,SOFTWARE ENGINEERING-WB,"C S-373: SOFTWARE ENGINEERING-WB, Section no. 51200",B+,2,Computer Science
Fall 2020,51200,C S, 373,SOFTWARE ENGINEERING-WB,"C S-373: SOFTWARE ENGINEERING-WB, Section no. 51200",A-,4,Computer Science
Fall 2020,51200,C S, 373,SOFTWARE ENGINEERING-WB,"C S-373: SOFTWARE ENGINEERING-WB, Section no. 51200",A,50,Computer Science
Fall 2020,51205,C S, 174S,LONGHORN STARTUP SEMINAR-WB,"C S-174S: LONGHORN STARTUP SEMINAR-WB, Section no. 51205",Other,3,Computer Science
Fall 2020,51205,C S, 174S,LONGHORN STARTUP SEMINAR-WB,"C S-174S: LONGHORN STARTUP SEMINAR-WB, Section no. 51205",A-,2,Computer Science
Fall 2020,51205,C S, 174S,LONGHORN STARTUP SEMINAR-WB,"C S-174S: LONGHORN STARTUP SEMINAR-WB, Section no. 51205",A,52,Computer Science
Fall 2020,51210,C S, 375,COMPILERS-WB,"C S-375: COMPILERS-WB, Section no. 51210",Other,11,Computer Science
Fall 2020,51210,C S, 375,COMPILERS-WB,"C S-375: COMPILERS-WB, Section no. 51210",C,1,Computer Science
Fall 2020,51210,C S, 375,COMPILERS-WB,"C S-375: COMPILERS-WB, Section no. 51210",C+,1,Computer Science
Fall 2020,51210,C S, 375,COMPILERS-WB,"C S-375: COMPILERS-WB, Section no. 51210",B-,1,Computer Science
Fall 2020,51210,C S, 375,COMPILERS-WB,"C S-375: COMPILERS-WB, Section no. 51210",B,4,Computer Science
Fall 2020,51210,C S, 375,COMPILERS-WB,"C S-375: COMPILERS-WB, Section no. 51210",B+,4,Computer Science
Fall 2020,51210,C S, 375,COMPILERS-WB,"C S-375: COMPILERS-WB, Section no. 51210",A-,9,Computer Science
Fall 2020,51210,C S, 375,COMPILERS-WB,"C S-375: COMPILERS-WB, Section no. 51210",A,27,Computer Science
Fall 2020,51215,C S, 376,COMPUTER VISION-WB,"C S-376: COMPUTER VISION-WB, Section no. 51215",Other,3,Computer Science
Fall 2020,51215,C S, 376,COMPUTER VISION-WB,"C S-376: COMPUTER VISION-WB, Section no. 51215",A-,8,Computer Science
Fall 2020,51215,C S, 376,COMPUTER VISION-WB,"C S-376: COMPUTER VISION-WB, Section no. 51215",A,47,Computer Science
Fall 2020,51224,C S, 378,BEHAVIORAL ETHICS: DGTL AGE-WB,"C S-378: BEHAVIORAL ETHICS: DGTL AGE-WB, Section no. 51224",C,1,Computer Science
Fall 2020,51224,C S, 378,BEHAVIORAL ETHICS: DGTL AGE-WB,"C S-378: BEHAVIORAL ETHICS: DGTL AGE-WB, Section no. 51224",B-,1,Computer Science
Fall 2020,51224,C S, 378,BEHAVIORAL ETHICS: DGTL AGE-WB,"C S-378: BEHAVIORAL ETHICS: DGTL AGE-WB, Section no. 51224",B+,1,Computer Science
Fall 2020,51224,C S, 378,BEHAVIORAL ETHICS: DGTL AGE-WB,"C S-378: BEHAVIORAL ETHICS: DGTL AGE-WB, Section no. 51224",A-,7,Computer Science
Fall 2020,51224,C S, 378,BEHAVIORAL ETHICS: DGTL AGE-WB,"C S-378: BEHAVIORAL ETHICS: DGTL AGE-WB, Section no. 51224",A,40,Computer Science
Fall 2020,51230,C S, 378,ETHICAL HACKING,"C S-378: ETHICAL HACKING, Section no. 51230",B-,2,Computer Science
Fall 2020,51230,C S, 378,ETHICAL HACKING,"C S-378: ETHICAL HACKING, Section no. 51230",B+,2,Computer Science
Fall 2020,51230,C S, 378,ETHICAL HACKING,"C S-378: ETHICAL HACKING, Section no. 51230",A-,3,Computer Science
Fall 2020,51230,C S, 378,ETHICAL HACKING,"C S-378: ETHICAL HACKING, Section no. 51230",A,29,Computer Science
Fall 2020,51234,C S, 378,ETHICAL HACKING-WB,"C S-378: ETHICAL HACKING-WB, Section no. 51234",F,1,Computer Science
Fall 2020,51234,C S, 378,ETHICAL HACKING-WB,"C S-378: ETHICAL HACKING-WB, Section no. 51234",B,2,Computer Science
Fall 2020,51234,C S, 378,ETHICAL HACKING-WB,"C S-378: ETHICAL HACKING-WB, Section no. 51234",B+,1,Computer Science
Fall 2020,51234,C S, 378,ETHICAL HACKING-WB,"C S-378: ETHICAL HACKING-WB, Section no. 51234",A-,1,Computer Science
Fall 2020,51234,C S, 378,ETHICAL HACKING-WB,"C S-378: ETHICAL HACKING-WB, Section no. 51234",A,33,Computer Science
Fall 2020,51235,C S, 378,GAME PROGRAMMING PARADIGMS-WB,"C S-378: GAME PROGRAMMING PARADIGMS-WB, Section no. 51235",Other,3,Computer Science
Fall 2020,51235,C S, 378,GAME PROGRAMMING PARADIGMS-WB,"C S-378: GAME PROGRAMMING PARADIGMS-WB, Section no. 51235",B+,5,Computer Science
Fall 2020,51235,C S, 378,GAME PROGRAMMING PARADIGMS-WB,"C S-378: GAME PROGRAMMING PARADIGMS-WB, Section no. 51235",A-,7,Computer Science
Fall 2020,51235,C S, 378,GAME PROGRAMMING PARADIGMS-WB,"C S-378: GAME PROGRAMMING PARADIGMS-WB, Section no. 51235",A,44,Computer Science
Fall 2020,51249,C S, 378,INTRO TO COMP/SYSTEMS BIO-WB,"C S-378: INTRO TO COMP/SYSTEMS BIO-WB, Section no. 51249",Other,8,Computer Science
Fall 2020,51249,C S, 378,INTRO TO COMP/SYSTEMS BIO-WB,"C S-378: INTRO TO COMP/SYSTEMS BIO-WB, Section no. 51249",B,7,Computer Science
Fall 2020,51249,C S, 378,INTRO TO COMP/SYSTEMS BIO-WB,"C S-378: INTRO TO COMP/SYSTEMS BIO-WB, Section no. 51249",A,26,Computer Science
Fall 2020,51250,C S, 378,MODERN WEB APPLICATIONS-WB,"C S-378: MODERN WEB APPLICATIONS-WB, Section no. 51250",Other,10,Computer Science
Fall 2020,51250,C S, 378,MODERN WEB APPLICATIONS-WB,"C S-378: MODERN WEB APPLICATIONS-WB, Section no. 51250",F,2,Computer Science
Fall 2020,51250,C S, 378,MODERN WEB APPLICATIONS-WB,"C S-378: MODERN WEB APPLICATIONS-WB, Section no. 51250",B-,3,Computer Science
Fall 2020,51250,C S, 378,MODERN WEB APPLICATIONS-WB,"C S-378: MODERN WEB APPLICATIONS-WB, Section no. 51250",B,3,Computer Science
Fall 2020,51250,C S, 378,MODERN WEB APPLICATIONS-WB,"C S-378: MODERN WEB APPLICATIONS-WB, Section no. 51250",B+,10,Computer Science
Fall 2020,51250,C S, 378,MODERN WEB APPLICATIONS-WB,"C S-378: MODERN WEB APPLICATIONS-WB, Section no. 51250",A-,24,Computer Science
Fall 2020,51250,C S, 378,MODERN WEB APPLICATIONS-WB,"C S-378: MODERN WEB APPLICATIONS-WB, Section no. 51250",A,8,Computer Science
Fall 2020,51255,C S, 378,NATURAL LANGUAGE PROCESSING-WB,"C S-378: NATURAL LANGUAGE PROCESSING-WB, Section no. 51255",Other,7,Computer Science
Fall 2020,51255,C S, 378,NATURAL LANGUAGE PROCESSING-WB,"C S-378: NATURAL LANGUAGE PROCESSING-WB, Section no. 51255",C+,2,Computer Science
Fall 2020,51255,C S, 378,NATURAL LANGUAGE PROCESSING-WB,"C S-378: NATURAL LANGUAGE PROCESSING-WB, Section no. 51255",B-,2,Computer Science
Fall 2020,51255,C S, 378,NATURAL LANGUAGE PROCESSING-WB,"C S-378: NATURAL LANGUAGE PROCESSING-WB, Section no. 51255",B,2,Computer Science
Fall 2020,51255,C S, 378,NATURAL LANGUAGE PROCESSING-WB,"C S-378: NATURAL LANGUAGE PROCESSING-WB, Section no. 51255",B+,6,Computer Science
Fall 2020,51255,C S, 378,NATURAL LANGUAGE PROCESSING-WB,"C S-378: NATURAL LANGUAGE PROCESSING-WB, Section no. 51255",A-,23,Computer Science
Fall 2020,51255,C S, 378,NATURAL LANGUAGE PROCESSING-WB,"C S-378: NATURAL LANGUAGE PROCESSING-WB, Section no. 51255",A,37,Computer Science
Fall 2020,51265,C S, 378,PROG CORRECTNESS/PERFORMNC-WB,"C S-378: PROG CORRECTNESS/PERFORMNC-WB, Section no. 51265",Other,5,Computer Science
Fall 2020,51265,C S, 378,PROG CORRECTNESS/PERFORMNC-WB,"C S-378: PROG CORRECTNESS/PERFORMNC-WB, Section no. 51265",B+,1,Computer Science
Fall 2020,51265,C S, 378,PROG CORRECTNESS/PERFORMNC-WB,"C S-378: PROG CORRECTNESS/PERFORMNC-WB, Section no. 51265",A-,3,Computer Science
Fall 2020,51265,C S, 378,PROG CORRECTNESS/PERFORMNC-WB,"C S-378: PROG CORRECTNESS/PERFORMNC-WB, Section no. 51265",A,41,Computer Science
Fall 2020,51274,C S, 378,QUANTUM COMPUTING-FRI-WB,"C S-378: QUANTUM COMPUTING-FRI-WB, Section no. 51274",Other,2,Computer Science
Fall 2020,51274,C S, 378,QUANTUM COMPUTING-FRI-WB,"C S-378: QUANTUM COMPUTING-FRI-WB, Section no. 51274",B+,1,Computer Science
Fall 2020,51274,C S, 378,QUANTUM COMPUTING-FRI-WB,"C S-378: QUANTUM COMPUTING-FRI-WB, Section no. 51274",A-,2,Computer Science
Fall 2020,51274,C S, 378,QUANTUM COMPUTING-FRI-WB,"C S-378: QUANTUM COMPUTING-FRI-WB, Section no. 51274",A,8,Computer Science
Fall 2020,51275,C S, 378,ROBOT LEARNING-FRI-WB,"C S-378: ROBOT LEARNING-FRI-WB, Section no. 51275",Other,2,Computer Science
Fall 2020,51275,C S, 378,ROBOT LEARNING-FRI-WB,"C S-378: ROBOT LEARNING-FRI-WB, Section no. 51275",B+,3,Computer Science
Fall 2020,51275,C S, 378,ROBOT LEARNING-FRI-WB,"C S-378: ROBOT LEARNING-FRI-WB, Section no. 51275",A-,1,Computer Science
Fall 2020,51275,C S, 378,ROBOT LEARNING-FRI-WB,"C S-378: ROBOT LEARNING-FRI-WB, Section no. 51275",A,6,Computer Science
Fall 2020,51280,C S, 378,LOGIC IN COMP SCIENCE & AI-WB,"C S-378: LOGIC IN COMP SCIENCE & AI-WB, Section no. 51280",Other,16,Computer Science
Fall 2020,51280,C S, 378,LOGIC IN COMP SCIENCE & AI-WB,"C S-378: LOGIC IN COMP SCIENCE & AI-WB, Section no. 51280",F,1,Computer Science
Fall 2020,51280,C S, 378,LOGIC IN COMP SCIENCE & AI-WB,"C S-378: LOGIC IN COMP SCIENCE & AI-WB, Section no. 51280",C,1,Computer Science
Fall 2020,51280,C S, 378,LOGIC IN COMP SCIENCE & AI-WB,"C S-378: LOGIC IN COMP SCIENCE & AI-WB, Section no. 51280",C+,3,Computer Science
Fall 2020,51280,C S, 378,LOGIC IN COMP SCIENCE & AI-WB,"C S-378: LOGIC IN COMP SCIENCE & AI-WB, Section no. 51280",B-,2,Computer Science
Fall 2020,51280,C S, 378,LOGIC IN COMP SCIENCE & AI-WB,"C S-378: LOGIC IN COMP SCIENCE & AI-WB, Section no. 51280",B,4,Computer Science
Fall 2020,51280,C S, 378,LOGIC IN COMP SCIENCE & AI-WB,"C S-378: LOGIC IN COMP SCIENCE & AI-WB, Section no. 51280",B+,1,Computer Science
Fall 2020,51280,C S, 378,LOGIC IN COMP SCIENCE & AI-WB,"C S-378: LOGIC IN COMP SCIENCE & AI-WB, Section no. 51280",A,9,Computer Science
Fall 2020,51285,C S, 378,SYMBOLIC PROGRAMMING-WB,"C S-378: SYMBOLIC PROGRAMMING-WB, Section no. 51285",Other,9,Computer Science
Fall 2020,51285,C S, 378,SYMBOLIC PROGRAMMING-WB,"C S-378: SYMBOLIC PROGRAMMING-WB, Section no. 51285",B,1,Computer Science
Fall 2020,51285,C S, 378,SYMBOLIC PROGRAMMING-WB,"C S-378: SYMBOLIC PROGRAMMING-WB, Section no. 51285",B+,5,Computer Science
Fall 2020,51285,C S, 378,SYMBOLIC PROGRAMMING-WB,"C S-378: SYMBOLIC PROGRAMMING-WB, Section no. 51285",A-,4,Computer Science
Fall 2020,51285,C S, 378,SYMBOLIC PROGRAMMING-WB,"C S-378: SYMBOLIC PROGRAMMING-WB, Section no. 51285",A,39,Computer Science
Fall 2020,51295,C S, 378H,NETWORK SECURITY/PRVACY:HON-WB,"C S-378H: NETWORK SECURITY/PRVACY:HON-WB, Section no. 51295",Other,6,Computer Science
Fall 2020,51295,C S, 378H,NETWORK SECURITY/PRVACY:HON-WB,"C S-378H: NETWORK SECURITY/PRVACY:HON-WB, Section no. 51295",C,2,Computer Science
Fall 2020,51295,C S, 378H,NETWORK SECURITY/PRVACY:HON-WB,"C S-378H: NETWORK SECURITY/PRVACY:HON-WB, Section no. 51295",B,1,Computer Science
Fall 2020,51295,C S, 378H,NETWORK SECURITY/PRVACY:HON-WB,"C S-378H: NETWORK SECURITY/PRVACY:HON-WB, Section no. 51295",B+,2,Computer Science
Fall 2020,51295,C S, 378H,NETWORK SECURITY/PRVACY:HON-WB,"C S-378H: NETWORK SECURITY/PRVACY:HON-WB, Section no. 51295",A-,4,Computer Science
Fall 2020,51295,C S, 378H,NETWORK SECURITY/PRVACY:HON-WB,"C S-378H: NETWORK SECURITY/PRVACY:HON-WB, Section no. 51295",A,14,Computer Science
Fall 2020,51305,C S, 380C,COMPILERS-WB,"C S-380C: COMPILERS-WB, Section no. 51305",Other,1,Computer Science
Fall 2020,51305,C S, 380C,COMPILERS-WB,"C S-380C: COMPILERS-WB, Section no. 51305",B-,1,Computer Science
Fall 2020,51305,C S, 380C,COMPILERS-WB,"C S-380C: COMPILERS-WB, Section no. 51305",B,3,Computer Science
Fall 2020,51305,C S, 380C,COMPILERS-WB,"C S-380C: COMPILERS-WB, Section no. 51305",B+,8,Computer Science
Fall 2020,51305,C S, 380C,COMPILERS-WB,"C S-380C: COMPILERS-WB, Section no. 51305",A-,6,Computer Science
Fall 2020,51305,C S, 380C,COMPILERS-WB,"C S-380C: COMPILERS-WB, Section no. 51305",A,11,Computer Science
Fall 2020,51310,C S, 380L,ADVANCED OPERATING SYSTEMS-WB,"C S-380L: ADVANCED OPERATING SYSTEMS-WB, Section no. 51310",Other,5,Computer Science
Fall 2020,51310,C S, 380L,ADVANCED OPERATING SYSTEMS-WB,"C S-380L: ADVANCED OPERATING SYSTEMS-WB, Section no. 51310",B,14,Computer Science
Fall 2020,51310,C S, 380L,ADVANCED OPERATING SYSTEMS-WB,"C S-380L: ADVANCED OPERATING SYSTEMS-WB, Section no. 51310",A,22,Computer Science
Fall 2020,51315,C S, 380L,ADVANCED OPERATING SYSTEMS-WB,"C S-380L: ADVANCED OPERATING SYSTEMS-WB, Section no. 51315",Other,13,Computer Science
Fall 2020,51315,C S, 380L,ADVANCED OPERATING SYSTEMS-WB,"C S-380L: ADVANCED OPERATING SYSTEMS-WB, Section no. 51315",C+,1,Computer Science
Fall 2020,51315,C S, 380L,ADVANCED OPERATING SYSTEMS-WB,"C S-380L: ADVANCED OPERATING SYSTEMS-WB, Section no. 51315",B-,3,Computer Science
Fall 2020,51315,C S, 380L,ADVANCED OPERATING SYSTEMS-WB,"C S-380L: ADVANCED OPERATING SYSTEMS-WB, Section no. 51315",B,3,Computer Science
Fall 2020,51315,C S, 380L,ADVANCED OPERATING SYSTEMS-WB,"C S-380L: ADVANCED OPERATING SYSTEMS-WB, Section no. 51315",B+,4,Computer Science
Fall 2020,51315,C S, 380L,ADVANCED OPERATING SYSTEMS-WB,"C S-380L: ADVANCED OPERATING SYSTEMS-WB, Section no. 51315",A-,14,Computer Science
Fall 2020,51315,C S, 380L,ADVANCED OPERATING SYSTEMS-WB,"C S-380L: ADVANCED OPERATING SYSTEMS-WB, Section no. 51315",A,53,Computer Science
Fall 2020,51320,C S, 380P,PARALLEL SYSTEMS-WB,"C S-380P: PARALLEL SYSTEMS-WB, Section no. 51320",Other,19,Computer Science
Fall 2020,51320,C S, 380P,PARALLEL SYSTEMS-WB,"C S-380P: PARALLEL SYSTEMS-WB, Section no. 51320",F,2,Computer Science
Fall 2020,51320,C S, 380P,PARALLEL SYSTEMS-WB,"C S-380P: PARALLEL SYSTEMS-WB, Section no. 51320",C,3,Computer Science
Fall 2020,51320,C S, 380P,PARALLEL SYSTEMS-WB,"C S-380P: PARALLEL SYSTEMS-WB, Section no. 51320",B,11,Computer Science
Fall 2020,51320,C S, 380P,PARALLEL SYSTEMS-WB,"C S-380P: PARALLEL SYSTEMS-WB, Section no. 51320",A,56,Computer Science
Fall 2020,51330,C S, 383C,NUMERCL ANLY: LINEAR ALGBRA-WB,"C S-383C: NUMERCL ANLY: LINEAR ALGBRA-WB, Section no. 51330",Other,1,Computer Science
Fall 2020,51330,C S, 383C,NUMERCL ANLY: LINEAR ALGBRA-WB,"C S-383C: NUMERCL ANLY: LINEAR ALGBRA-WB, Section no. 51330",A-,1,Computer Science
Fall 2020,51330,C S, 383C,NUMERCL ANLY: LINEAR ALGBRA-WB,"C S-383C: NUMERCL ANLY: LINEAR ALGBRA-WB, Section no. 51330",A,14,Computer Science
Fall 2020,51331,C S, 383C,NUMRCL ANLY: LINEAR ALGEBRA-WB,"C S-383C: NUMRCL ANLY: LINEAR ALGEBRA-WB, Section no. 51331",Other,14,Computer Science
Fall 2020,51331,C S, 383C,NUMRCL ANLY: LINEAR ALGEBRA-WB,"C S-383C: NUMRCL ANLY: LINEAR ALGEBRA-WB, Section no. 51331",F,2,Computer Science
Fall 2020,51331,C S, 383C,NUMRCL ANLY: LINEAR ALGEBRA-WB,"C S-383C: NUMRCL ANLY: LINEAR ALGEBRA-WB, Section no. 51331",C,4,Computer Science
Fall 2020,51331,C S, 383C,NUMRCL ANLY: LINEAR ALGEBRA-WB,"C S-383C: NUMRCL ANLY: LINEAR ALGEBRA-WB, Section no. 51331",C+,1,Computer Science
Fall 2020,51331,C S, 383C,NUMRCL ANLY: LINEAR ALGEBRA-WB,"C S-383C: NUMRCL ANLY: LINEAR ALGEBRA-WB, Section no. 51331",B,5,Computer Science
Fall 2020,51331,C S, 383C,NUMRCL ANLY: LINEAR ALGEBRA-WB,"C S-383C: NUMRCL ANLY: LINEAR ALGEBRA-WB, Section no. 51331",B+,3,Computer Science
Fall 2020,51331,C S, 383C,NUMRCL ANLY: LINEAR ALGEBRA-WB,"C S-383C: NUMRCL ANLY: LINEAR ALGEBRA-WB, Section no. 51331",A-,10,Computer Science
Fall 2020,51331,C S, 383C,NUMRCL ANLY: LINEAR ALGEBRA-WB,"C S-383C: NUMRCL ANLY: LINEAR ALGEBRA-WB, Section no. 51331",A,71,Computer Science
Fall 2020,51335,C S, 386C,DEPENDABLE COMPUTNG SYSTEMS-WB,"C S-386C: DEPENDABLE COMPUTNG SYSTEMS-WB, Section no. 51335",Other,1,Computer Science
Fall 2020,51335,C S, 386C,DEPENDABLE COMPUTNG SYSTEMS-WB,"C S-386C: DEPENDABLE COMPUTNG SYSTEMS-WB, Section no. 51335",B,4,Computer Science
Fall 2020,51335,C S, 386C,DEPENDABLE COMPUTNG SYSTEMS-WB,"C S-386C: DEPENDABLE COMPUTNG SYSTEMS-WB, Section no. 51335",A-,3,Computer Science
Fall 2020,51335,C S, 386C,DEPENDABLE COMPUTNG SYSTEMS-WB,"C S-386C: DEPENDABLE COMPUTNG SYSTEMS-WB, Section no. 51335",A,6,Computer Science
Fall 2020,51340,C S, 386W,WIRELESS NETWORKING-WB,"C S-386W: WIRELESS NETWORKING-WB, Section no. 51340",B,1,Computer Science
Fall 2020,51340,C S, 386W,WIRELESS NETWORKING-WB,"C S-386W: WIRELESS NETWORKING-WB, Section no. 51340",A-,17,Computer Science
Fall 2020,51340,C S, 386W,WIRELESS NETWORKING-WB,"C S-386W: WIRELESS NETWORKING-WB, Section no. 51340",A,16,Computer Science
Fall 2020,51350,C S, 388G,ALGORITHMS: TECHNQS & THRY-WB,"C S-388G: ALGORITHMS: TECHNQS & THRY-WB, Section no. 51350",Other,2,Computer Science
Fall 2020,51350,C S, 388G,ALGORITHMS: TECHNQS & THRY-WB,"C S-388G: ALGORITHMS: TECHNQS & THRY-WB, Section no. 51350",B-,2,Computer Science
Fall 2020,51350,C S, 388G,ALGORITHMS: TECHNQS & THRY-WB,"C S-388G: ALGORITHMS: TECHNQS & THRY-WB, Section no. 51350",B,5,Computer Science
Fall 2020,51350,C S, 388G,ALGORITHMS: TECHNQS & THRY-WB,"C S-388G: ALGORITHMS: TECHNQS & THRY-WB, Section no. 51350",B+,4,Computer Science
Fall 2020,51350,C S, 388G,ALGORITHMS: TECHNQS & THRY-WB,"C S-388G: ALGORITHMS: TECHNQS & THRY-WB, Section no. 51350",A-,7,Computer Science
Fall 2020,51350,C S, 388G,ALGORITHMS: TECHNQS & THRY-WB,"C S-388G: ALGORITHMS: TECHNQS & THRY-WB, Section no. 51350",A,6,Computer Science
Fall 2020,51355,C S, 391L,MACHINE LEARNING-WB,"C S-391L: MACHINE LEARNING-WB, Section no. 51355",Other,1,Computer Science
Fall 2020,51355,C S, 391L,MACHINE LEARNING-WB,"C S-391L: MACHINE LEARNING-WB, Section no. 51355",B+,3,Computer Science
Fall 2020,51355,C S, 391L,MACHINE LEARNING-WB,"C S-391L: MACHINE LEARNING-WB, Section no. 51355",A-,11,Computer Science
Fall 2020,51355,C S, 391L,MACHINE LEARNING-WB,"C S-391L: MACHINE LEARNING-WB, Section no. 51355",A,17,Computer Science
Fall 2020,51360,C S, 391L,MACHINE LEARNING-WB,"C S-391L: MACHINE LEARNING-WB, Section no. 51360",Other,15,Computer Science
Fall 2020,51360,C S, 391L,MACHINE LEARNING-WB,"C S-391L: MACHINE LEARNING-WB, Section no. 51360",D,3,Computer Science
Fall 2020,51360,C S, 391L,MACHINE LEARNING-WB,"C S-391L: MACHINE LEARNING-WB, Section no. 51360",D+,1,Computer Science
Fall 2020,51360,C S, 391L,MACHINE LEARNING-WB,"C S-391L: MACHINE LEARNING-WB, Section no. 51360",C,3,Computer Science
Fall 2020,51360,C S, 391L,MACHINE LEARNING-WB,"C S-391L: MACHINE LEARNING-WB, Section no. 51360",C+,3,Computer Science
Fall 2020,51360,C S, 391L,MACHINE LEARNING-WB,"C S-391L: MACHINE LEARNING-WB, Section no. 51360",B-,1,Computer Science
Fall 2020,51360,C S, 391L,MACHINE LEARNING-WB,"C S-391L: MACHINE LEARNING-WB, Section no. 51360",B,12,Computer Science
Fall 2020,51360,C S, 391L,MACHINE LEARNING-WB,"C S-391L: MACHINE LEARNING-WB, Section no. 51360",B+,25,Computer Science
Fall 2020,51360,C S, 391L,MACHINE LEARNING-WB,"C S-391L: MACHINE LEARNING-WB, Section no. 51360",A-,14,Computer Science
Fall 2020,51360,C S, 391L,MACHINE LEARNING-WB,"C S-391L: MACHINE LEARNING-WB, Section no. 51360",A,20,Computer Science
Fall 2020,51365,C S, 391R,ROBOT LEARNING-WB,"C S-391R: ROBOT LEARNING-WB, Section no. 51365",Other,1,Computer Science
Fall 2020,51365,C S, 391R,ROBOT LEARNING-WB,"C S-391R: ROBOT LEARNING-WB, Section no. 51365",B,1,Computer Science
Fall 2020,51365,C S, 391R,ROBOT LEARNING-WB,"C S-391R: ROBOT LEARNING-WB, Section no. 51365",B+,3,Computer Science
Fall 2020,51365,C S, 391R,ROBOT LEARNING-WB,"C S-391R: ROBOT LEARNING-WB, Section no. 51365",A-,7,Computer Science
Fall 2020,51365,C S, 391R,ROBOT LEARNING-WB,"C S-391R: ROBOT LEARNING-WB, Section no. 51365",A,22,Computer Science
Fall 2020,51370,C S, 393R,AUTONOMOUS ROBOTS-WB,"C S-393R: AUTONOMOUS ROBOTS-WB, Section no. 51370",F,2,Computer Science
Fall 2020,51370,C S, 393R,AUTONOMOUS ROBOTS-WB,"C S-393R: AUTONOMOUS ROBOTS-WB, Section no. 51370",A-,4,Computer Science
Fall 2020,51370,C S, 393R,AUTONOMOUS ROBOTS-WB,"C S-393R: AUTONOMOUS ROBOTS-WB, Section no. 51370",A,14,Computer Science
Fall 2020,51373,C S, 393R,AUTONOMOUS ROBOTS,"C S-393R: AUTONOMOUS ROBOTS, Section no. 51373",Other,1,Computer Science
Fall 2020,51373,C S, 393R,AUTONOMOUS ROBOTS,"C S-393R: AUTONOMOUS ROBOTS, Section no. 51373",A-,1,Computer Science
Fall 2020,51373,C S, 393R,AUTONOMOUS ROBOTS,"C S-393R: AUTONOMOUS ROBOTS, Section no. 51373",A,23,Computer Science
Fall 2020,51374,C S, 394D,DEEP LEARNING-WB,"C S-394D: DEEP LEARNING-WB, Section no. 51374",Other,16,Computer Science
Fall 2020,51374,C S, 394D,DEEP LEARNING-WB,"C S-394D: DEEP LEARNING-WB, Section no. 51374",F,7,Computer Science
Fall 2020,51374,C S, 394D,DEEP LEARNING-WB,"C S-394D: DEEP LEARNING-WB, Section no. 51374",D-,1,Computer Science
Fall 2020,51374,C S, 394D,DEEP LEARNING-WB,"C S-394D: DEEP LEARNING-WB, Section no. 51374",C-,1,Computer Science
Fall 2020,51374,C S, 394D,DEEP LEARNING-WB,"C S-394D: DEEP LEARNING-WB, Section no. 51374",B-,2,Computer Science
Fall 2020,51374,C S, 394D,DEEP LEARNING-WB,"C S-394D: DEEP LEARNING-WB, Section no. 51374",B,1,Computer Science
Fall 2020,51374,C S, 394D,DEEP LEARNING-WB,"C S-394D: DEEP LEARNING-WB, Section no. 51374",B+,4,Computer Science
Fall 2020,51374,C S, 394D,DEEP LEARNING-WB,"C S-394D: DEEP LEARNING-WB, Section no. 51374",A-,7,Computer Science
Fall 2020,51374,C S, 394D,DEEP LEARNING-WB,"C S-394D: DEEP LEARNING-WB, Section no. 51374",A,38,Computer Science
Fall 2020,51375,C S, 394N,NEURAL NETWORKS-WB,"C S-394N: NEURAL NETWORKS-WB, Section no. 51375",B+,2,Computer Science
Fall 2020,51375,C S, 394N,NEURAL NETWORKS-WB,"C S-394N: NEURAL NETWORKS-WB, Section no. 51375",A-,9,Computer Science
Fall 2020,51375,C S, 394N,NEURAL NETWORKS-WB,"C S-394N: NEURAL NETWORKS-WB, Section no. 51375",A,10,Computer Science
Fall 2020,51404,C S, 395T,ANDROID PROGRAMMING-WB,"C S-395T: ANDROID PROGRAMMING-WB, Section no. 51404",Other,14,Computer Science
Fall 2020,51404,C S, 395T,ANDROID PROGRAMMING-WB,"C S-395T: ANDROID PROGRAMMING-WB, Section no. 51404",F,3,Computer Science
Fall 2020,51404,C S, 395T,ANDROID PROGRAMMING-WB,"C S-395T: ANDROID PROGRAMMING-WB, Section no. 51404",D-,1,Computer Science
Fall 2020,51404,C S, 395T,ANDROID PROGRAMMING-WB,"C S-395T: ANDROID PROGRAMMING-WB, Section no. 51404",C,2,Computer Science
Fall 2020,51404,C S, 395T,ANDROID PROGRAMMING-WB,"C S-395T: ANDROID PROGRAMMING-WB, Section no. 51404",C+,1,Computer Science
Fall 2020,51404,C S, 395T,ANDROID PROGRAMMING-WB,"C S-395T: ANDROID PROGRAMMING-WB, Section no. 51404",B-,2,Computer Science
Fall 2020,51404,C S, 395T,ANDROID PROGRAMMING-WB,"C S-395T: ANDROID PROGRAMMING-WB, Section no. 51404",B+,6,Computer Science
Fall 2020,51404,C S, 395T,ANDROID PROGRAMMING-WB,"C S-395T: ANDROID PROGRAMMING-WB, Section no. 51404",A-,17,Computer Science
Fall 2020,51404,C S, 395T,ANDROID PROGRAMMING-WB,"C S-395T: ANDROID PROGRAMMING-WB, Section no. 51404",A,92,Computer Science
Fall 2020,51405,C S, 395T,APPROXIMABILITY-WB,"C S-395T: APPROXIMABILITY-WB, Section no. 51405",Other,1,Computer Science
Fall 2020,51405,C S, 395T,APPROXIMABILITY-WB,"C S-395T: APPROXIMABILITY-WB, Section no. 51405",A-,3,Computer Science
Fall 2020,51405,C S, 395T,APPROXIMABILITY-WB,"C S-395T: APPROXIMABILITY-WB, Section no. 51405",A,5,Computer Science
Fall 2020,51410,C S, 395T,CYBERSECURITY LAW/POLICY-WB,"C S-395T: CYBERSECURITY LAW/POLICY-WB, Section no. 51410",A-,3,Computer Science
Fall 2020,51410,C S, 395T,CYBERSECURITY LAW/POLICY-WB,"C S-395T: CYBERSECURITY LAW/POLICY-WB, Section no. 51410",A,15,Computer Science
Fall 2020,51424,C S, 395T,EXPANDERS AND EXTRACTORS,"C S-395T: EXPANDERS AND EXTRACTORS, Section no. 51424",Other,1,Computer Science
Fall 2020,51424,C S, 395T,EXPANDERS AND EXTRACTORS,"C S-395T: EXPANDERS AND EXTRACTORS, Section no. 51424",B+,1,Computer Science
Fall 2020,51424,C S, 395T,EXPANDERS AND EXTRACTORS,"C S-395T: EXPANDERS AND EXTRACTORS, Section no. 51424",A-,2,Computer Science
Fall 2020,51424,C S, 395T,EXPANDERS AND EXTRACTORS,"C S-395T: EXPANDERS AND EXTRACTORS, Section no. 51424",A,1,Computer Science
Fall 2020,51426,C S, 395T,FDTNS OF PREDICT MACHN LRNG-WB,"C S-395T: FDTNS OF PREDICT MACHN LRNG-WB, Section no. 51426",Other,3,Computer Science
Fall 2020,51426,C S, 395T,FDTNS OF PREDICT MACHN LRNG-WB,"C S-395T: FDTNS OF PREDICT MACHN LRNG-WB, Section no. 51426",A-,7,Computer Science
Fall 2020,51426,C S, 395T,FDTNS OF PREDICT MACHN LRNG-WB,"C S-395T: FDTNS OF PREDICT MACHN LRNG-WB, Section no. 51426",A,6,Computer Science
Fall 2020,51430,C S, 395T,TOPICS IN NAT LANG PRCSG-WB,"C S-395T: TOPICS IN NAT LANG PRCSG-WB, Section no. 51430",Other,2,Computer Science
Fall 2020,51430,C S, 395T,TOPICS IN NAT LANG PRCSG-WB,"C S-395T: TOPICS IN NAT LANG PRCSG-WB, Section no. 51430",B,1,Computer Science
Fall 2020,51430,C S, 395T,TOPICS IN NAT LANG PRCSG-WB,"C S-395T: TOPICS IN NAT LANG PRCSG-WB, Section no. 51430",B+,6,Computer Science
Fall 2020,51430,C S, 395T,TOPICS IN NAT LANG PRCSG-WB,"C S-395T: TOPICS IN NAT LANG PRCSG-WB, Section no. 51430",A-,7,Computer Science
Fall 2020,51430,C S, 395T,TOPICS IN NAT LANG PRCSG-WB,"C S-395T: TOPICS IN NAT LANG PRCSG-WB, Section no. 51430",A,16,Computer Science
Fall 2020,51440,C S, 395T,OPTIMIZATION-WB,"C S-395T: OPTIMIZATION-WB, Section no. 51440",Other,8,Computer Science
Fall 2020,51440,C S, 395T,OPTIMIZATION-WB,"C S-395T: OPTIMIZATION-WB, Section no. 51440",F,2,Computer Science
Fall 2020,51440,C S, 395T,OPTIMIZATION-WB,"C S-395T: OPTIMIZATION-WB, Section no. 51440",C+,4,Computer Science
Fall 2020,51440,C S, 395T,OPTIMIZATION-WB,"C S-395T: OPTIMIZATION-WB, Section no. 51440",B-,2,Computer Science
Fall 2020,51440,C S, 395T,OPTIMIZATION-WB,"C S-395T: OPTIMIZATION-WB, Section no. 51440",B,19,Computer Science
Fall 2020,51440,C S, 395T,OPTIMIZATION-WB,"C S-395T: OPTIMIZATION-WB, Section no. 51440",B+,2,Computer Science
Fall 2020,51440,C S, 395T,OPTIMIZATION-WB,"C S-395T: OPTIMIZATION-WB, Section no. 51440",A-,27,Computer Science
Fall 2020,51440,C S, 395T,OPTIMIZATION-WB,"C S-395T: OPTIMIZATION-WB, Section no. 51440",A,18,Computer Science
Fall 2020,51450,C S, 395T,SUBLINEAR ALGORITHMS-WB,"C S-395T: SUBLINEAR ALGORITHMS-WB, Section no. 51450",Other,1,Computer Science
Fall 2020,51450,C S, 395T,SUBLINEAR ALGORITHMS-WB,"C S-395T: SUBLINEAR ALGORITHMS-WB, Section no. 51450",A-,3,Computer Science
Fall 2020,51450,C S, 395T,SUBLINEAR ALGORITHMS-WB,"C S-395T: SUBLINEAR ALGORITHMS-WB, Section no. 51450",A,12,Computer Science
Spring 2021,52065,C S, 302,COMPUTER FLUENCY-WB,"C S-302: COMPUTER FLUENCY-WB, Section no. 52065",Other,1,Computer Science
Spring 2021,52065,C S, 302,COMPUTER FLUENCY-WB,"C S-302: COMPUTER FLUENCY-WB, Section no. 52065",B+,1,Computer Science
Spring 2021,52065,C S, 302,COMPUTER FLUENCY-WB,"C S-302: COMPUTER FLUENCY-WB, Section no. 52065",A-,1,Computer Science
Spring 2021,52065,C S, 302,COMPUTER FLUENCY-WB,"C S-302: COMPUTER FLUENCY-WB, Section no. 52065",A,27,Computer Science
Spring 2021,52070,C S, 302,COMPUTER FLUENCY-WB,"C S-302: COMPUTER FLUENCY-WB, Section no. 52070",Other,1,Computer Science
Spring 2021,52070,C S, 302,COMPUTER FLUENCY-WB,"C S-302: COMPUTER FLUENCY-WB, Section no. 52070",B,1,Computer Science
Spring 2021,52070,C S, 302,COMPUTER FLUENCY-WB,"C S-302: COMPUTER FLUENCY-WB, Section no. 52070",A,28,Computer Science
Spring 2021,52075,C S, 302,COMPUTER FLUENCY-WB,"C S-302: COMPUTER FLUENCY-WB, Section no. 52075",A-,2,Computer Science
Spring 2021,52075,C S, 302,COMPUTER FLUENCY-WB,"C S-302: COMPUTER FLUENCY-WB, Section no. 52075",A,26,Computer Science
Spring 2021,52080,C S, 302,COMPUTER FLUENCY-WB,"C S-302: COMPUTER FLUENCY-WB, Section no. 52080",Other,2,Computer Science
Spring 2021,52080,C S, 302,COMPUTER FLUENCY-WB,"C S-302: COMPUTER FLUENCY-WB, Section no. 52080",A-,3,Computer Science
Spring 2021,52080,C S, 302,COMPUTER FLUENCY-WB,"C S-302: COMPUTER FLUENCY-WB, Section no. 52080",A,24,Computer Science
Spring 2021,52085,C S, 302,COMPUTER FLUENCY-WB,"C S-302: COMPUTER FLUENCY-WB, Section no. 52085",C+,1,Computer Science
Spring 2021,52085,C S, 302,COMPUTER FLUENCY-WB,"C S-302: COMPUTER FLUENCY-WB, Section no. 52085",B,2,Computer Science
Spring 2021,52085,C S, 302,COMPUTER FLUENCY-WB,"C S-302: COMPUTER FLUENCY-WB, Section no. 52085",B+,1,Computer Science
Spring 2021,52085,C S, 302,COMPUTER FLUENCY-WB,"C S-302: COMPUTER FLUENCY-WB, Section no. 52085",A,25,Computer Science
Spring 2021,52090,C S, 303E,ELEMS OF COMPTRS/PROGRAMMNG-WB,"C S-303E: ELEMS OF COMPTRS/PROGRAMMNG-WB, Section no. 52090",Other,75,Computer Science
Spring 2021,52090,C S, 303E,ELEMS OF COMPTRS/PROGRAMMNG-WB,"C S-303E: ELEMS OF COMPTRS/PROGRAMMNG-WB, Section no. 52090",F,5,Computer Science
Spring 2021,52090,C S, 303E,ELEMS OF COMPTRS/PROGRAMMNG-WB,"C S-303E: ELEMS OF COMPTRS/PROGRAMMNG-WB, Section no. 52090",C,2,Computer Science
Spring 2021,52090,C S, 303E,ELEMS OF COMPTRS/PROGRAMMNG-WB,"C S-303E: ELEMS OF COMPTRS/PROGRAMMNG-WB, Section no. 52090",C+,2,Computer Science
Spring 2021,52090,C S, 303E,ELEMS OF COMPTRS/PROGRAMMNG-WB,"C S-303E: ELEMS OF COMPTRS/PROGRAMMNG-WB, Section no. 52090",B-,1,Computer Science
Spring 2021,52090,C S, 303E,ELEMS OF COMPTRS/PROGRAMMNG-WB,"C S-303E: ELEMS OF COMPTRS/PROGRAMMNG-WB, Section no. 52090",B,12,Computer Science
Spring 2021,52090,C S, 303E,ELEMS OF COMPTRS/PROGRAMMNG-WB,"C S-303E: ELEMS OF COMPTRS/PROGRAMMNG-WB, Section no. 52090",B+,8,Computer Science
Spring 2021,52090,C S, 303E,ELEMS OF COMPTRS/PROGRAMMNG-WB,"C S-303E: ELEMS OF COMPTRS/PROGRAMMNG-WB, Section no. 52090",A-,9,Computer Science
Spring 2021,52090,C S, 303E,ELEMS OF COMPTRS/PROGRAMMNG-WB,"C S-303E: ELEMS OF COMPTRS/PROGRAMMNG-WB, Section no. 52090",A,76,Computer Science
Spring 2021,52095,C S, 303E,ELEMS OF COMPTRS/PROGRAMMNG-WB,"C S-303E: ELEMS OF COMPTRS/PROGRAMMNG-WB, Section no. 52095",Other,73,Computer Science
Spring 2021,52095,C S, 303E,ELEMS OF COMPTRS/PROGRAMMNG-WB,"C S-303E: ELEMS OF COMPTRS/PROGRAMMNG-WB, Section no. 52095",F,5,Computer Science
Spring 2021,52095,C S, 303E,ELEMS OF COMPTRS/PROGRAMMNG-WB,"C S-303E: ELEMS OF COMPTRS/PROGRAMMNG-WB, Section no. 52095",D+,1,Computer Science
Spring 2021,52095,C S, 303E,ELEMS OF COMPTRS/PROGRAMMNG-WB,"C S-303E: ELEMS OF COMPTRS/PROGRAMMNG-WB, Section no. 52095",C+,3,Computer Science
Spring 2021,52095,C S, 303E,ELEMS OF COMPTRS/PROGRAMMNG-WB,"C S-303E: ELEMS OF COMPTRS/PROGRAMMNG-WB, Section no. 52095",B-,4,Computer Science
Spring 2021,52095,C S, 303E,ELEMS OF COMPTRS/PROGRAMMNG-WB,"C S-303E: ELEMS OF COMPTRS/PROGRAMMNG-WB, Section no. 52095",B,4,Computer Science
Spring 2021,52095,C S, 303E,ELEMS OF COMPTRS/PROGRAMMNG-WB,"C S-303E: ELEMS OF COMPTRS/PROGRAMMNG-WB, Section no. 52095",B+,6,Computer Science
Spring 2021,52095,C S, 303E,ELEMS OF COMPTRS/PROGRAMMNG-WB,"C S-303E: ELEMS OF COMPTRS/PROGRAMMNG-WB, Section no. 52095",A-,13,Computer Science
Spring 2021,52095,C S, 303E,ELEMS OF COMPTRS/PROGRAMMNG-WB,"C S-303E: ELEMS OF COMPTRS/PROGRAMMNG-WB, Section no. 52095",A,89,Computer Science
Spring 2021,52100,C S, 303E,ELEMS OF COMPTRS/PROGRAMMNG-WB,"C S-303E: ELEMS OF COMPTRS/PROGRAMMNG-WB, Section no. 52100",Other,84,Computer Science
Spring 2021,52100,C S, 303E,ELEMS OF COMPTRS/PROGRAMMNG-WB,"C S-303E: ELEMS OF COMPTRS/PROGRAMMNG-WB, Section no. 52100",F,7,Computer Science
Spring 2021,52100,C S, 303E,ELEMS OF COMPTRS/PROGRAMMNG-WB,"C S-303E: ELEMS OF COMPTRS/PROGRAMMNG-WB, Section no. 52100",D,1,Computer Science
Spring 2021,52100,C S, 303E,ELEMS OF COMPTRS/PROGRAMMNG-WB,"C S-303E: ELEMS OF COMPTRS/PROGRAMMNG-WB, Section no. 52100",D+,1,Computer Science
Spring 2021,52100,C S, 303E,ELEMS OF COMPTRS/PROGRAMMNG-WB,"C S-303E: ELEMS OF COMPTRS/PROGRAMMNG-WB, Section no. 52100",C+,1,Computer Science
Spring 2021,52100,C S, 303E,ELEMS OF COMPTRS/PROGRAMMNG-WB,"C S-303E: ELEMS OF COMPTRS/PROGRAMMNG-WB, Section no. 52100",B-,3,Computer Science
Spring 2021,52100,C S, 303E,ELEMS OF COMPTRS/PROGRAMMNG-WB,"C S-303E: ELEMS OF COMPTRS/PROGRAMMNG-WB, Section no. 52100",B,7,Computer Science
Spring 2021,52100,C S, 303E,ELEMS OF COMPTRS/PROGRAMMNG-WB,"C S-303E: ELEMS OF COMPTRS/PROGRAMMNG-WB, Section no. 52100",B+,5,Computer Science
Spring 2021,52100,C S, 303E,ELEMS OF COMPTRS/PROGRAMMNG-WB,"C S-303E: ELEMS OF COMPTRS/PROGRAMMNG-WB, Section no. 52100",A-,14,Computer Science
Spring 2021,52100,C S, 303E,ELEMS OF COMPTRS/PROGRAMMNG-WB,"C S-303E: ELEMS OF COMPTRS/PROGRAMMNG-WB, Section no. 52100",A,62,Computer Science
Spring 2021,52105,C S, 303E,ELEMS OF COMPTRS/PROGRAMMNG-WB,"C S-303E: ELEMS OF COMPTRS/PROGRAMMNG-WB, Section no. 52105",Other,85,Computer Science
Spring 2021,52105,C S, 303E,ELEMS OF COMPTRS/PROGRAMMNG-WB,"C S-303E: ELEMS OF COMPTRS/PROGRAMMNG-WB, Section no. 52105",F,4,Computer Science
Spring 2021,52105,C S, 303E,ELEMS OF COMPTRS/PROGRAMMNG-WB,"C S-303E: ELEMS OF COMPTRS/PROGRAMMNG-WB, Section no. 52105",D,1,Computer Science
Spring 2021,52105,C S, 303E,ELEMS OF COMPTRS/PROGRAMMNG-WB,"C S-303E: ELEMS OF COMPTRS/PROGRAMMNG-WB, Section no. 52105",C,1,Computer Science
Spring 2021,52105,C S, 303E,ELEMS OF COMPTRS/PROGRAMMNG-WB,"C S-303E: ELEMS OF COMPTRS/PROGRAMMNG-WB, Section no. 52105",C+,4,Computer Science
Spring 2021,52105,C S, 303E,ELEMS OF COMPTRS/PROGRAMMNG-WB,"C S-303E: ELEMS OF COMPTRS/PROGRAMMNG-WB, Section no. 52105",B,6,Computer Science
Spring 2021,52105,C S, 303E,ELEMS OF COMPTRS/PROGRAMMNG-WB,"C S-303E: ELEMS OF COMPTRS/PROGRAMMNG-WB, Section no. 52105",B+,5,Computer Science
Spring 2021,52105,C S, 303E,ELEMS OF COMPTRS/PROGRAMMNG-WB,"C S-303E: ELEMS OF COMPTRS/PROGRAMMNG-WB, Section no. 52105",A-,6,Computer Science
Spring 2021,52105,C S, 303E,ELEMS OF COMPTRS/PROGRAMMNG-WB,"C S-303E: ELEMS OF COMPTRS/PROGRAMMNG-WB, Section no. 52105",A,75,Computer Science
Spring 2021,52110,C S, 103F,ETHICAL FNDTN COMP SCIENCE-WB,"C S-103F: ETHICAL FNDTN COMP SCIENCE-WB, Section no. 52110",Other,6,Computer Science
Spring 2021,52110,C S, 103F,ETHICAL FNDTN COMP SCIENCE-WB,"C S-103F: ETHICAL FNDTN COMP SCIENCE-WB, Section no. 52110",F,1,Computer Science
Spring 2021,52110,C S, 103F,ETHICAL FNDTN COMP SCIENCE-WB,"C S-103F: ETHICAL FNDTN COMP SCIENCE-WB, Section no. 52110",B,2,Computer Science
Spring 2021,52110,C S, 103F,ETHICAL FNDTN COMP SCIENCE-WB,"C S-103F: ETHICAL FNDTN COMP SCIENCE-WB, Section no. 52110",B+,3,Computer Science
Spring 2021,52110,C S, 103F,ETHICAL FNDTN COMP SCIENCE-WB,"C S-103F: ETHICAL FNDTN COMP SCIENCE-WB, Section no. 52110",A-,11,Computer Science
Spring 2021,52110,C S, 103F,ETHICAL FNDTN COMP SCIENCE-WB,"C S-103F: ETHICAL FNDTN COMP SCIENCE-WB, Section no. 52110",A,79,Computer Science
Spring 2021,52115,C S, 104C,COMPETITIVE PROGRAMMING-WB,"C S-104C: COMPETITIVE PROGRAMMING-WB, Section no. 52115",Other,18,Computer Science
Spring 2021,52115,C S, 104C,COMPETITIVE PROGRAMMING-WB,"C S-104C: COMPETITIVE PROGRAMMING-WB, Section no. 52115",F,1,Computer Science
Spring 2021,52115,C S, 104C,COMPETITIVE PROGRAMMING-WB,"C S-104C: COMPETITIVE PROGRAMMING-WB, Section no. 52115",B,1,Computer Science
Spring 2021,52115,C S, 104C,COMPETITIVE PROGRAMMING-WB,"C S-104C: COMPETITIVE PROGRAMMING-WB, Section no. 52115",A,46,Computer Science
Spring 2021,52120,C S, 309,AUTONOM INTELLGNT ROBTCS I-FRI,"C S-309: AUTONOM INTELLGNT ROBTCS I-FRI, Section no. 52120",Other,6,Computer Science
Spring 2021,52120,C S, 309,AUTONOM INTELLGNT ROBTCS I-FRI,"C S-309: AUTONOM INTELLGNT ROBTCS I-FRI, Section no. 52120",A,34,Computer Science
Spring 2021,52125,C S, 309,BIG DATA IN BIOLOGY-FRI-WB,"C S-309: BIG DATA IN BIOLOGY-FRI-WB, Section no. 52125",Other,2,Computer Science
Spring 2021,52125,C S, 309,BIG DATA IN BIOLOGY-FRI-WB,"C S-309: BIG DATA IN BIOLOGY-FRI-WB, Section no. 52125",A,11,Computer Science
Spring 2021,52130,C S, 309,GEOMETRY OF SPACE-FRI-WB,"C S-309: GEOMETRY OF SPACE-FRI-WB, Section no. 52130",Other,2,Computer Science
Spring 2021,52130,C S, 309,GEOMETRY OF SPACE-FRI-WB,"C S-309: GEOMETRY OF SPACE-FRI-WB, Section no. 52130",B,1,Computer Science
Spring 2021,52130,C S, 309,GEOMETRY OF SPACE-FRI-WB,"C S-309: GEOMETRY OF SPACE-FRI-WB, Section no. 52130",B+,1,Computer Science
Spring 2021,52130,C S, 309,GEOMETRY OF SPACE-FRI-WB,"C S-309: GEOMETRY OF SPACE-FRI-WB, Section no. 52130",A-,2,Computer Science
Spring 2021,52130,C S, 309,GEOMETRY OF SPACE-FRI-WB,"C S-309: GEOMETRY OF SPACE-FRI-WB, Section no. 52130",A,13,Computer Science
Spring 2021,52135,C S, 309,QUANTUM COMPUTING-FRI-WB,"C S-309: QUANTUM COMPUTING-FRI-WB, Section no. 52135",Other,3,Computer Science
Spring 2021,52135,C S, 309,QUANTUM COMPUTING-FRI-WB,"C S-309: QUANTUM COMPUTING-FRI-WB, Section no. 52135",B,2,Computer Science
Spring 2021,52135,C S, 309,QUANTUM COMPUTING-FRI-WB,"C S-309: QUANTUM COMPUTING-FRI-WB, Section no. 52135",B+,1,Computer Science
Spring 2021,52135,C S, 309,QUANTUM COMPUTING-FRI-WB,"C S-309: QUANTUM COMPUTING-FRI-WB, Section no. 52135",A-,1,Computer Science
Spring 2021,52135,C S, 309,QUANTUM COMPUTING-FRI-WB,"C S-309: QUANTUM COMPUTING-FRI-WB, Section no. 52135",A,16,Computer Science
Spring 2021,52140,C S, 309,ROBOT LEARNING-FRI,"C S-309: ROBOT LEARNING-FRI, Section no. 52140",Other,1,Computer Science
Spring 2021,52140,C S, 309,ROBOT LEARNING-FRI,"C S-309: ROBOT LEARNING-FRI, Section no. 52140",B+,1,Computer Science
Spring 2021,52140,C S, 309,ROBOT LEARNING-FRI,"C S-309: ROBOT LEARNING-FRI, Section no. 52140",A-,6,Computer Science
Spring 2021,52140,C S, 309,ROBOT LEARNING-FRI,"C S-309: ROBOT LEARNING-FRI, Section no. 52140",A,12,Computer Science
Spring 2021,52145,C S, 311,DISCRETE MATH COMPTR SCI-WB,"C S-311: DISCRETE MATH COMPTR SCI-WB, Section no. 52145",Other,6,Computer Science
Spring 2021,52145,C S, 311,DISCRETE MATH COMPTR SCI-WB,"C S-311: DISCRETE MATH COMPTR SCI-WB, Section no. 52145",F,2,Computer Science
Spring 2021,52145,C S, 311,DISCRETE MATH COMPTR SCI-WB,"C S-311: DISCRETE MATH COMPTR SCI-WB, Section no. 52145",C,1,Computer Science
Spring 2021,52145,C S, 311,DISCRETE MATH COMPTR SCI-WB,"C S-311: DISCRETE MATH COMPTR SCI-WB, Section no. 52145",B,2,Computer Science
Spring 2021,52145,C S, 311,DISCRETE MATH COMPTR SCI-WB,"C S-311: DISCRETE MATH COMPTR SCI-WB, Section no. 52145",B+,2,Computer Science
Spring 2021,52145,C S, 311,DISCRETE MATH COMPTR SCI-WB,"C S-311: DISCRETE MATH COMPTR SCI-WB, Section no. 52145",A-,3,Computer Science
Spring 2021,52145,C S, 311,DISCRETE MATH COMPTR SCI-WB,"C S-311: DISCRETE MATH COMPTR SCI-WB, Section no. 52145",A,6,Computer Science
Spring 2021,52150,C S, 311,DISCRETE MATH COMPTR SCI-WB,"C S-311: DISCRETE MATH COMPTR SCI-WB, Section no. 52150",Other,9,Computer Science
Spring 2021,52150,C S, 311,DISCRETE MATH COMPTR SCI-WB,"C S-311: DISCRETE MATH COMPTR SCI-WB, Section no. 52150",F,1,Computer Science
Spring 2021,52150,C S, 311,DISCRETE MATH COMPTR SCI-WB,"C S-311: DISCRETE MATH COMPTR SCI-WB, Section no. 52150",C+,1,Computer Science
Spring 2021,52150,C S, 311,DISCRETE MATH COMPTR SCI-WB,"C S-311: DISCRETE MATH COMPTR SCI-WB, Section no. 52150",B-,1,Computer Science
Spring 2021,52150,C S, 311,DISCRETE MATH COMPTR SCI-WB,"C S-311: DISCRETE MATH COMPTR SCI-WB, Section no. 52150",B,2,Computer Science
Spring 2021,52150,C S, 311,DISCRETE MATH COMPTR SCI-WB,"C S-311: DISCRETE MATH COMPTR SCI-WB, Section no. 52150",A-,6,Computer Science
Spring 2021,52150,C S, 311,DISCRETE MATH COMPTR SCI-WB,"C S-311: DISCRETE MATH COMPTR SCI-WB, Section no. 52150",A,6,Computer Science
Spring 2021,52155,C S, 311,DISCRETE MATH COMPTR SCI-WB,"C S-311: DISCRETE MATH COMPTR SCI-WB, Section no. 52155",Other,7,Computer Science
Spring 2021,52155,C S, 311,DISCRETE MATH COMPTR SCI-WB,"C S-311: DISCRETE MATH COMPTR SCI-WB, Section no. 52155",F,1,Computer Science
Spring 2021,52155,C S, 311,DISCRETE MATH COMPTR SCI-WB,"C S-311: DISCRETE MATH COMPTR SCI-WB, Section no. 52155",C+,1,Computer Science
Spring 2021,52155,C S, 311,DISCRETE MATH COMPTR SCI-WB,"C S-311: DISCRETE MATH COMPTR SCI-WB, Section no. 52155",B-,1,Computer Science
Spring 2021,52155,C S, 311,DISCRETE MATH COMPTR SCI-WB,"C S-311: DISCRETE MATH COMPTR SCI-WB, Section no. 52155",B,1,Computer Science
Spring 2021,52155,C S, 311,DISCRETE MATH COMPTR SCI-WB,"C S-311: DISCRETE MATH COMPTR SCI-WB, Section no. 52155",B+,1,Computer Science
Spring 2021,52155,C S, 311,DISCRETE MATH COMPTR SCI-WB,"C S-311: DISCRETE MATH COMPTR SCI-WB, Section no. 52155",A-,5,Computer Science
Spring 2021,52155,C S, 311,DISCRETE MATH COMPTR SCI-WB,"C S-311: DISCRETE MATH COMPTR SCI-WB, Section no. 52155",A,7,Computer Science
Spring 2021,52160,C S, 311,DISCRETE MATH COMPTR SCI-WB,"C S-311: DISCRETE MATH COMPTR SCI-WB, Section no. 52160",Other,6,Computer Science
Spring 2021,52160,C S, 311,DISCRETE MATH COMPTR SCI-WB,"C S-311: DISCRETE MATH COMPTR SCI-WB, Section no. 52160",F,1,Computer Science
Spring 2021,52160,C S, 311,DISCRETE MATH COMPTR SCI-WB,"C S-311: DISCRETE MATH COMPTR SCI-WB, Section no. 52160",B-,2,Computer Science
Spring 2021,52160,C S, 311,DISCRETE MATH COMPTR SCI-WB,"C S-311: DISCRETE MATH COMPTR SCI-WB, Section no. 52160",B,1,Computer Science
Spring 2021,52160,C S, 311,DISCRETE MATH COMPTR SCI-WB,"C S-311: DISCRETE MATH COMPTR SCI-WB, Section no. 52160",B+,4,Computer Science
Spring 2021,52160,C S, 311,DISCRETE MATH COMPTR SCI-WB,"C S-311: DISCRETE MATH COMPTR SCI-WB, Section no. 52160",A-,7,Computer Science
Spring 2021,52165,C S, 311,DISCRETE MATH COMPTR SCI-WB,"C S-311: DISCRETE MATH COMPTR SCI-WB, Section no. 52165",B,1,Computer Science
Spring 2021,52165,C S, 311,DISCRETE MATH COMPTR SCI-WB,"C S-311: DISCRETE MATH COMPTR SCI-WB, Section no. 52165",B+,3,Computer Science
Spring 2021,52165,C S, 311,DISCRETE MATH COMPTR SCI-WB,"C S-311: DISCRETE MATH COMPTR SCI-WB, Section no. 52165",A-,5,Computer Science
Spring 2021,52165,C S, 311,DISCRETE MATH COMPTR SCI-WB,"C S-311: DISCRETE MATH COMPTR SCI-WB, Section no. 52165",A,17,Computer Science
Spring 2021,52170,C S, 311,DISCRETE MATH COMPTR SCI-WB,"C S-311: DISCRETE MATH COMPTR SCI-WB, Section no. 52170",Other,6,Computer Science
Spring 2021,52170,C S, 311,DISCRETE MATH COMPTR SCI-WB,"C S-311: DISCRETE MATH COMPTR SCI-WB, Section no. 52170",C+,1,Computer Science
Spring 2021,52170,C S, 311,DISCRETE MATH COMPTR SCI-WB,"C S-311: DISCRETE MATH COMPTR SCI-WB, Section no. 52170",B-,1,Computer Science
Spring 2021,52170,C S, 311,DISCRETE MATH COMPTR SCI-WB,"C S-311: DISCRETE MATH COMPTR SCI-WB, Section no. 52170",B+,2,Computer Science
Spring 2021,52170,C S, 311,DISCRETE MATH COMPTR SCI-WB,"C S-311: DISCRETE MATH COMPTR SCI-WB, Section no. 52170",A-,3,Computer Science
Spring 2021,52170,C S, 311,DISCRETE MATH COMPTR SCI-WB,"C S-311: DISCRETE MATH COMPTR SCI-WB, Section no. 52170",A,5,Computer Science
Spring 2021,52175,C S, 311,DISCRETE MATH COMPTR SCI-WB,"C S-311: DISCRETE MATH COMPTR SCI-WB, Section no. 52175",Other,8,Computer Science
Spring 2021,52175,C S, 311,DISCRETE MATH COMPTR SCI-WB,"C S-311: DISCRETE MATH COMPTR SCI-WB, Section no. 52175",B-,2,Computer Science
Spring 2021,52175,C S, 311,DISCRETE MATH COMPTR SCI-WB,"C S-311: DISCRETE MATH COMPTR SCI-WB, Section no. 52175",B,2,Computer Science
Spring 2021,52175,C S, 311,DISCRETE MATH COMPTR SCI-WB,"C S-311: DISCRETE MATH COMPTR SCI-WB, Section no. 52175",B+,2,Computer Science
Spring 2021,52175,C S, 311,DISCRETE MATH COMPTR SCI-WB,"C S-311: DISCRETE MATH COMPTR SCI-WB, Section no. 52175",A-,7,Computer Science
Spring 2021,52175,C S, 311,DISCRETE MATH COMPTR SCI-WB,"C S-311: DISCRETE MATH COMPTR SCI-WB, Section no. 52175",A,6,Computer Science
Spring 2021,52180,C S, 311,DISCRETE MATH COMPTR SCI-WB,"C S-311: DISCRETE MATH COMPTR SCI-WB, Section no. 52180",Other,6,Computer Science
Spring 2021,52180,C S, 311,DISCRETE MATH COMPTR SCI-WB,"C S-311: DISCRETE MATH COMPTR SCI-WB, Section no. 52180",F,3,Computer Science
Spring 2021,52180,C S, 311,DISCRETE MATH COMPTR SCI-WB,"C S-311: DISCRETE MATH COMPTR SCI-WB, Section no. 52180",C,1,Computer Science
Spring 2021,52180,C S, 311,DISCRETE MATH COMPTR SCI-WB,"C S-311: DISCRETE MATH COMPTR SCI-WB, Section no. 52180",B-,1,Computer Science
Spring 2021,52180,C S, 311,DISCRETE MATH COMPTR SCI-WB,"C S-311: DISCRETE MATH COMPTR SCI-WB, Section no. 52180",B+,2,Computer Science
Spring 2021,52180,C S, 311,DISCRETE MATH COMPTR SCI-WB,"C S-311: DISCRETE MATH COMPTR SCI-WB, Section no. 52180",A-,6,Computer Science
Spring 2021,52180,C S, 311,DISCRETE MATH COMPTR SCI-WB,"C S-311: DISCRETE MATH COMPTR SCI-WB, Section no. 52180",A,6,Computer Science
Spring 2021,52185,C S, 311,DISCRETE MATH COMPTR SCI-WB,"C S-311: DISCRETE MATH COMPTR SCI-WB, Section no. 52185",Other,6,Computer Science
Spring 2021,52185,C S, 311,DISCRETE MATH COMPTR SCI-WB,"C S-311: DISCRETE MATH COMPTR SCI-WB, Section no. 52185",F,3,Computer Science
Spring 2021,52185,C S, 311,DISCRETE MATH COMPTR SCI-WB,"C S-311: DISCRETE MATH COMPTR SCI-WB, Section no. 52185",B,4,Computer Science
Spring 2021,52185,C S, 311,DISCRETE MATH COMPTR SCI-WB,"C S-311: DISCRETE MATH COMPTR SCI-WB, Section no. 52185",B+,4,Computer Science
Spring 2021,52185,C S, 311,DISCRETE MATH COMPTR SCI-WB,"C S-311: DISCRETE MATH COMPTR SCI-WB, Section no. 52185",A-,4,Computer Science
Spring 2021,52185,C S, 311,DISCRETE MATH COMPTR SCI-WB,"C S-311: DISCRETE MATH COMPTR SCI-WB, Section no. 52185",A,3,Computer Science
Spring 2021,52190,C S, 312,INTRODUCTION TO PROGRAMMING-WB,"C S-312: INTRODUCTION TO PROGRAMMING-WB, Section no. 52190",Other,11,Computer Science
Spring 2021,52190,C S, 312,INTRODUCTION TO PROGRAMMING-WB,"C S-312: INTRODUCTION TO PROGRAMMING-WB, Section no. 52190",F,4,Computer Science
Spring 2021,52190,C S, 312,INTRODUCTION TO PROGRAMMING-WB,"C S-312: INTRODUCTION TO PROGRAMMING-WB, Section no. 52190",C+,1,Computer Science
Spring 2021,52190,C S, 312,INTRODUCTION TO PROGRAMMING-WB,"C S-312: INTRODUCTION TO PROGRAMMING-WB, Section no. 52190",B-,1,Computer Science
Spring 2021,52190,C S, 312,INTRODUCTION TO PROGRAMMING-WB,"C S-312: INTRODUCTION TO PROGRAMMING-WB, Section no. 52190",B+,2,Computer Science
Spring 2021,52190,C S, 312,INTRODUCTION TO PROGRAMMING-WB,"C S-312: INTRODUCTION TO PROGRAMMING-WB, Section no. 52190",A-,3,Computer Science
Spring 2021,52190,C S, 312,INTRODUCTION TO PROGRAMMING-WB,"C S-312: INTRODUCTION TO PROGRAMMING-WB, Section no. 52190",A,1,Computer Science
Spring 2021,52195,C S, 312,INTRODUCTION TO PROGRAMMING-WB,"C S-312: INTRODUCTION TO PROGRAMMING-WB, Section no. 52195",Other,12,Computer Science
Spring 2021,52195,C S, 312,INTRODUCTION TO PROGRAMMING-WB,"C S-312: INTRODUCTION TO PROGRAMMING-WB, Section no. 52195",F,2,Computer Science
Spring 2021,52195,C S, 312,INTRODUCTION TO PROGRAMMING-WB,"C S-312: INTRODUCTION TO PROGRAMMING-WB, Section no. 52195",C-,1,Computer Science
Spring 2021,52195,C S, 312,INTRODUCTION TO PROGRAMMING-WB,"C S-312: INTRODUCTION TO PROGRAMMING-WB, Section no. 52195",B,1,Computer Science
Spring 2021,52195,C S, 312,INTRODUCTION TO PROGRAMMING-WB,"C S-312: INTRODUCTION TO PROGRAMMING-WB, Section no. 52195",B+,1,Computer Science
Spring 2021,52195,C S, 312,INTRODUCTION TO PROGRAMMING-WB,"C S-312: INTRODUCTION TO PROGRAMMING-WB, Section no. 52195",A-,5,Computer Science
Spring 2021,52195,C S, 312,INTRODUCTION TO PROGRAMMING-WB,"C S-312: INTRODUCTION TO PROGRAMMING-WB, Section no. 52195",A,3,Computer Science
Spring 2021,52200,C S, 312,INTRODUCTION TO PROGRAMMING-WB,"C S-312: INTRODUCTION TO PROGRAMMING-WB, Section no. 52200",Other,10,Computer Science
Spring 2021,52200,C S, 312,INTRODUCTION TO PROGRAMMING-WB,"C S-312: INTRODUCTION TO PROGRAMMING-WB, Section no. 52200",C,1,Computer Science
Spring 2021,52200,C S, 312,INTRODUCTION TO PROGRAMMING-WB,"C S-312: INTRODUCTION TO PROGRAMMING-WB, Section no. 52200",C+,1,Computer Science
Spring 2021,52200,C S, 312,INTRODUCTION TO PROGRAMMING-WB,"C S-312: INTRODUCTION TO PROGRAMMING-WB, Section no. 52200",B-,3,Computer Science
Spring 2021,52200,C S, 312,INTRODUCTION TO PROGRAMMING-WB,"C S-312: INTRODUCTION TO PROGRAMMING-WB, Section no. 52200",B,2,Computer Science
Spring 2021,52200,C S, 312,INTRODUCTION TO PROGRAMMING-WB,"C S-312: INTRODUCTION TO PROGRAMMING-WB, Section no. 52200",B+,2,Computer Science
Spring 2021,52200,C S, 312,INTRODUCTION TO PROGRAMMING-WB,"C S-312: INTRODUCTION TO PROGRAMMING-WB, Section no. 52200",A-,2,Computer Science
Spring 2021,52200,C S, 312,INTRODUCTION TO PROGRAMMING-WB,"C S-312: INTRODUCTION TO PROGRAMMING-WB, Section no. 52200",A,4,Computer Science
Spring 2021,52205,C S, 312,INTRODUCTION TO PROGRAMMING-WB,"C S-312: INTRODUCTION TO PROGRAMMING-WB, Section no. 52205",Other,9,Computer Science
Spring 2021,52205,C S, 312,INTRODUCTION TO PROGRAMMING-WB,"C S-312: INTRODUCTION TO PROGRAMMING-WB, Section no. 52205",F,1,Computer Science
Spring 2021,52205,C S, 312,INTRODUCTION TO PROGRAMMING-WB,"C S-312: INTRODUCTION TO PROGRAMMING-WB, Section no. 52205",C,2,Computer Science
Spring 2021,52205,C S, 312,INTRODUCTION TO PROGRAMMING-WB,"C S-312: INTRODUCTION TO PROGRAMMING-WB, Section no. 52205",C+,1,Computer Science
Spring 2021,52205,C S, 312,INTRODUCTION TO PROGRAMMING-WB,"C S-312: INTRODUCTION TO PROGRAMMING-WB, Section no. 52205",B-,2,Computer Science
Spring 2021,52205,C S, 312,INTRODUCTION TO PROGRAMMING-WB,"C S-312: INTRODUCTION TO PROGRAMMING-WB, Section no. 52205",A-,3,Computer Science
Spring 2021,52205,C S, 312,INTRODUCTION TO PROGRAMMING-WB,"C S-312: INTRODUCTION TO PROGRAMMING-WB, Section no. 52205",A,6,Computer Science
Spring 2021,52210,C S, 312,INTRODUCTION TO PROGRAMMING-WB,"C S-312: INTRODUCTION TO PROGRAMMING-WB, Section no. 52210",Other,13,Computer Science
Spring 2021,52210,C S, 312,INTRODUCTION TO PROGRAMMING-WB,"C S-312: INTRODUCTION TO PROGRAMMING-WB, Section no. 52210",C+,1,Computer Science
Spring 2021,52210,C S, 312,INTRODUCTION TO PROGRAMMING-WB,"C S-312: INTRODUCTION TO PROGRAMMING-WB, Section no. 52210",B-,1,Computer Science
Spring 2021,52210,C S, 312,INTRODUCTION TO PROGRAMMING-WB,"C S-312: INTRODUCTION TO PROGRAMMING-WB, Section no. 52210",B+,2,Computer Science
Spring 2021,52210,C S, 312,INTRODUCTION TO PROGRAMMING-WB,"C S-312: INTRODUCTION TO PROGRAMMING-WB, Section no. 52210",A-,3,Computer Science
Spring 2021,52210,C S, 312,INTRODUCTION TO PROGRAMMING-WB,"C S-312: INTRODUCTION TO PROGRAMMING-WB, Section no. 52210",A,5,Computer Science
Spring 2021,52215,C S, 312,INTRODUCTION TO PROGRAMMING-WB,"C S-312: INTRODUCTION TO PROGRAMMING-WB, Section no. 52215",Other,14,Computer Science
Spring 2021,52215,C S, 312,INTRODUCTION TO PROGRAMMING-WB,"C S-312: INTRODUCTION TO PROGRAMMING-WB, Section no. 52215",B+,3,Computer Science
Spring 2021,52215,C S, 312,INTRODUCTION TO PROGRAMMING-WB,"C S-312: INTRODUCTION TO PROGRAMMING-WB, Section no. 52215",A-,4,Computer Science
Spring 2021,52215,C S, 312,INTRODUCTION TO PROGRAMMING-WB,"C S-312: INTRODUCTION TO PROGRAMMING-WB, Section no. 52215",A,3,Computer Science
Spring 2021,52220,C S, 312,INTRODUCTION TO PROGRAMMING-WB,"C S-312: INTRODUCTION TO PROGRAMMING-WB, Section no. 52220",Other,14,Computer Science
Spring 2021,52220,C S, 312,INTRODUCTION TO PROGRAMMING-WB,"C S-312: INTRODUCTION TO PROGRAMMING-WB, Section no. 52220",F,1,Computer Science
Spring 2021,52220,C S, 312,INTRODUCTION TO PROGRAMMING-WB,"C S-312: INTRODUCTION TO PROGRAMMING-WB, Section no. 52220",B-,1,Computer Science
Spring 2021,52220,C S, 312,INTRODUCTION TO PROGRAMMING-WB,"C S-312: INTRODUCTION TO PROGRAMMING-WB, Section no. 52220",B,3,Computer Science
Spring 2021,52220,C S, 312,INTRODUCTION TO PROGRAMMING-WB,"C S-312: INTRODUCTION TO PROGRAMMING-WB, Section no. 52220",B+,3,Computer Science
Spring 2021,52220,C S, 312,INTRODUCTION TO PROGRAMMING-WB,"C S-312: INTRODUCTION TO PROGRAMMING-WB, Section no. 52220",A-,1,Computer Science
Spring 2021,52220,C S, 312,INTRODUCTION TO PROGRAMMING-WB,"C S-312: INTRODUCTION TO PROGRAMMING-WB, Section no. 52220",A,3,Computer Science
Spring 2021,52225,C S, 312,INTRODUCTION TO PROGRAMMING-WB,"C S-312: INTRODUCTION TO PROGRAMMING-WB, Section no. 52225",Other,12,Computer Science
Spring 2021,52225,C S, 312,INTRODUCTION TO PROGRAMMING-WB,"C S-312: INTRODUCTION TO PROGRAMMING-WB, Section no. 52225",F,2,Computer Science
Spring 2021,52225,C S, 312,INTRODUCTION TO PROGRAMMING-WB,"C S-312: INTRODUCTION TO PROGRAMMING-WB, Section no. 52225",B-,2,Computer Science
Spring 2021,52225,C S, 312,INTRODUCTION TO PROGRAMMING-WB,"C S-312: INTRODUCTION TO PROGRAMMING-WB, Section no. 52225",A,1,Computer Science
Spring 2021,52230,C S, 313E,ELEMENTS OF SOFTWARE DESIGN-WB,"C S-313E: ELEMENTS OF SOFTWARE DESIGN-WB, Section no. 52230",Other,50,Computer Science
Spring 2021,52230,C S, 313E,ELEMENTS OF SOFTWARE DESIGN-WB,"C S-313E: ELEMENTS OF SOFTWARE DESIGN-WB, Section no. 52230",F,4,Computer Science
Spring 2021,52230,C S, 313E,ELEMENTS OF SOFTWARE DESIGN-WB,"C S-313E: ELEMENTS OF SOFTWARE DESIGN-WB, Section no. 52230",C+,1,Computer Science
Spring 2021,52230,C S, 313E,ELEMENTS OF SOFTWARE DESIGN-WB,"C S-313E: ELEMENTS OF SOFTWARE DESIGN-WB, Section no. 52230",B-,5,Computer Science
Spring 2021,52230,C S, 313E,ELEMENTS OF SOFTWARE DESIGN-WB,"C S-313E: ELEMENTS OF SOFTWARE DESIGN-WB, Section no. 52230",B,5,Computer Science
Spring 2021,52230,C S, 313E,ELEMENTS OF SOFTWARE DESIGN-WB,"C S-313E: ELEMENTS OF SOFTWARE DESIGN-WB, Section no. 52230",B+,9,Computer Science
Spring 2021,52230,C S, 313E,ELEMENTS OF SOFTWARE DESIGN-WB,"C S-313E: ELEMENTS OF SOFTWARE DESIGN-WB, Section no. 52230",A-,6,Computer Science
Spring 2021,52230,C S, 313E,ELEMENTS OF SOFTWARE DESIGN-WB,"C S-313E: ELEMENTS OF SOFTWARE DESIGN-WB, Section no. 52230",A,40,Computer Science
Spring 2021,52235,C S, 313E,ELEMENTS OF SOFTWARE DESIGN-WB,"C S-313E: ELEMENTS OF SOFTWARE DESIGN-WB, Section no. 52235",Other,40,Computer Science
Spring 2021,52235,C S, 313E,ELEMENTS OF SOFTWARE DESIGN-WB,"C S-313E: ELEMENTS OF SOFTWARE DESIGN-WB, Section no. 52235",F,1,Computer Science
Spring 2021,52235,C S, 313E,ELEMENTS OF SOFTWARE DESIGN-WB,"C S-313E: ELEMENTS OF SOFTWARE DESIGN-WB, Section no. 52235",C,1,Computer Science
Spring 2021,52235,C S, 313E,ELEMENTS OF SOFTWARE DESIGN-WB,"C S-313E: ELEMENTS OF SOFTWARE DESIGN-WB, Section no. 52235",C+,2,Computer Science
Spring 2021,52235,C S, 313E,ELEMENTS OF SOFTWARE DESIGN-WB,"C S-313E: ELEMENTS OF SOFTWARE DESIGN-WB, Section no. 52235",B-,1,Computer Science
Spring 2021,52235,C S, 313E,ELEMENTS OF SOFTWARE DESIGN-WB,"C S-313E: ELEMENTS OF SOFTWARE DESIGN-WB, Section no. 52235",B,4,Computer Science
Spring 2021,52235,C S, 313E,ELEMENTS OF SOFTWARE DESIGN-WB,"C S-313E: ELEMENTS OF SOFTWARE DESIGN-WB, Section no. 52235",B+,5,Computer Science
Spring 2021,52235,C S, 313E,ELEMENTS OF SOFTWARE DESIGN-WB,"C S-313E: ELEMENTS OF SOFTWARE DESIGN-WB, Section no. 52235",A-,9,Computer Science
Spring 2021,52235,C S, 313E,ELEMENTS OF SOFTWARE DESIGN-WB,"C S-313E: ELEMENTS OF SOFTWARE DESIGN-WB, Section no. 52235",A,49,Computer Science
Spring 2021,52240,C S, 313E,ELEMENTS OF SOFTWARE DESIGN-WB,"C S-313E: ELEMENTS OF SOFTWARE DESIGN-WB, Section no. 52240",Other,48,Computer Science
Spring 2021,52240,C S, 313E,ELEMENTS OF SOFTWARE DESIGN-WB,"C S-313E: ELEMENTS OF SOFTWARE DESIGN-WB, Section no. 52240",F,1,Computer Science
Spring 2021,52240,C S, 313E,ELEMENTS OF SOFTWARE DESIGN-WB,"C S-313E: ELEMENTS OF SOFTWARE DESIGN-WB, Section no. 52240",C-,1,Computer Science
Spring 2021,52240,C S, 313E,ELEMENTS OF SOFTWARE DESIGN-WB,"C S-313E: ELEMENTS OF SOFTWARE DESIGN-WB, Section no. 52240",C,1,Computer Science
Spring 2021,52240,C S, 313E,ELEMENTS OF SOFTWARE DESIGN-WB,"C S-313E: ELEMENTS OF SOFTWARE DESIGN-WB, Section no. 52240",C+,1,Computer Science
Spring 2021,52240,C S, 313E,ELEMENTS OF SOFTWARE DESIGN-WB,"C S-313E: ELEMENTS OF SOFTWARE DESIGN-WB, Section no. 52240",B-,1,Computer Science
Spring 2021,52240,C S, 313E,ELEMENTS OF SOFTWARE DESIGN-WB,"C S-313E: ELEMENTS OF SOFTWARE DESIGN-WB, Section no. 52240",B,2,Computer Science
Spring 2021,52240,C S, 313E,ELEMENTS OF SOFTWARE DESIGN-WB,"C S-313E: ELEMENTS OF SOFTWARE DESIGN-WB, Section no. 52240",B+,3,Computer Science
Spring 2021,52240,C S, 313E,ELEMENTS OF SOFTWARE DESIGN-WB,"C S-313E: ELEMENTS OF SOFTWARE DESIGN-WB, Section no. 52240",A-,6,Computer Science
Spring 2021,52240,C S, 313E,ELEMENTS OF SOFTWARE DESIGN-WB,"C S-313E: ELEMENTS OF SOFTWARE DESIGN-WB, Section no. 52240",A,50,Computer Science
Spring 2021,52245,C S, 314,DATA STRUCTURES-WB,"C S-314: DATA STRUCTURES-WB, Section no. 52245",Other,11,Computer Science
Spring 2021,52245,C S, 314,DATA STRUCTURES-WB,"C S-314: DATA STRUCTURES-WB, Section no. 52245",C,1,Computer Science
Spring 2021,52245,C S, 314,DATA STRUCTURES-WB,"C S-314: DATA STRUCTURES-WB, Section no. 52245",B,2,Computer Science
Spring 2021,52245,C S, 314,DATA STRUCTURES-WB,"C S-314: DATA STRUCTURES-WB, Section no. 52245",B+,2,Computer Science
Spring 2021,52245,C S, 314,DATA STRUCTURES-WB,"C S-314: DATA STRUCTURES-WB, Section no. 52245",A-,1,Computer Science
Spring 2021,52245,C S, 314,DATA STRUCTURES-WB,"C S-314: DATA STRUCTURES-WB, Section no. 52245",A,4,Computer Science
Spring 2021,52250,C S, 314,DATA STRUCTURES-WB,"C S-314: DATA STRUCTURES-WB, Section no. 52250",Other,9,Computer Science
Spring 2021,52250,C S, 314,DATA STRUCTURES-WB,"C S-314: DATA STRUCTURES-WB, Section no. 52250",F,2,Computer Science
Spring 2021,52250,C S, 314,DATA STRUCTURES-WB,"C S-314: DATA STRUCTURES-WB, Section no. 52250",C+,1,Computer Science
Spring 2021,52250,C S, 314,DATA STRUCTURES-WB,"C S-314: DATA STRUCTURES-WB, Section no. 52250",B,3,Computer Science
Spring 2021,52250,C S, 314,DATA STRUCTURES-WB,"C S-314: DATA STRUCTURES-WB, Section no. 52250",B+,1,Computer Science
Spring 2021,52250,C S, 314,DATA STRUCTURES-WB,"C S-314: DATA STRUCTURES-WB, Section no. 52250",A-,2,Computer Science
Spring 2021,52250,C S, 314,DATA STRUCTURES-WB,"C S-314: DATA STRUCTURES-WB, Section no. 52250",A,4,Computer Science
Spring 2021,52255,C S, 314,DATA STRUCTURES-WB,"C S-314: DATA STRUCTURES-WB, Section no. 52255",Other,4,Computer Science
Spring 2021,52255,C S, 314,DATA STRUCTURES-WB,"C S-314: DATA STRUCTURES-WB, Section no. 52255",F,1,Computer Science
Spring 2021,52255,C S, 314,DATA STRUCTURES-WB,"C S-314: DATA STRUCTURES-WB, Section no. 52255",C+,1,Computer Science
Spring 2021,52255,C S, 314,DATA STRUCTURES-WB,"C S-314: DATA STRUCTURES-WB, Section no. 52255",B,4,Computer Science
Spring 2021,52255,C S, 314,DATA STRUCTURES-WB,"C S-314: DATA STRUCTURES-WB, Section no. 52255",B+,3,Computer Science
Spring 2021,52255,C S, 314,DATA STRUCTURES-WB,"C S-314: DATA STRUCTURES-WB, Section no. 52255",A-,3,Computer Science
Spring 2021,52255,C S, 314,DATA STRUCTURES-WB,"C S-314: DATA STRUCTURES-WB, Section no. 52255",A,1,Computer Science
Spring 2021,52260,C S, 314,DATA STRUCTURES-WB,"C S-314: DATA STRUCTURES-WB, Section no. 52260",Other,8,Computer Science
Spring 2021,52260,C S, 314,DATA STRUCTURES-WB,"C S-314: DATA STRUCTURES-WB, Section no. 52260",C,1,Computer Science
Spring 2021,52260,C S, 314,DATA STRUCTURES-WB,"C S-314: DATA STRUCTURES-WB, Section no. 52260",B-,2,Computer Science
Spring 2021,52260,C S, 314,DATA STRUCTURES-WB,"C S-314: DATA STRUCTURES-WB, Section no. 52260",B,1,Computer Science
Spring 2021,52260,C S, 314,DATA STRUCTURES-WB,"C S-314: DATA STRUCTURES-WB, Section no. 52260",B+,2,Computer Science
Spring 2021,52260,C S, 314,DATA STRUCTURES-WB,"C S-314: DATA STRUCTURES-WB, Section no. 52260",A-,1,Computer Science
Spring 2021,52260,C S, 314,DATA STRUCTURES-WB,"C S-314: DATA STRUCTURES-WB, Section no. 52260",A,7,Computer Science
Spring 2021,52265,C S, 314,DATA STRUCTURES-WB,"C S-314: DATA STRUCTURES-WB, Section no. 52265",Other,9,Computer Science
Spring 2021,52265,C S, 314,DATA STRUCTURES-WB,"C S-314: DATA STRUCTURES-WB, Section no. 52265",C+,1,Computer Science
Spring 2021,52265,C S, 314,DATA STRUCTURES-WB,"C S-314: DATA STRUCTURES-WB, Section no. 52265",B,2,Computer Science
Spring 2021,52265,C S, 314,DATA STRUCTURES-WB,"C S-314: DATA STRUCTURES-WB, Section no. 52265",B+,2,Computer Science
Spring 2021,52265,C S, 314,DATA STRUCTURES-WB,"C S-314: DATA STRUCTURES-WB, Section no. 52265",A-,2,Computer Science
Spring 2021,52265,C S, 314,DATA STRUCTURES-WB,"C S-314: DATA STRUCTURES-WB, Section no. 52265",A,5,Computer Science
Spring 2021,52270,C S, 314,DATA STRUCTURES-WB,"C S-314: DATA STRUCTURES-WB, Section no. 52270",Other,14,Computer Science
Spring 2021,52270,C S, 314,DATA STRUCTURES-WB,"C S-314: DATA STRUCTURES-WB, Section no. 52270",B-,1,Computer Science
Spring 2021,52270,C S, 314,DATA STRUCTURES-WB,"C S-314: DATA STRUCTURES-WB, Section no. 52270",B,1,Computer Science
Spring 2021,52270,C S, 314,DATA STRUCTURES-WB,"C S-314: DATA STRUCTURES-WB, Section no. 52270",A-,4,Computer Science
Spring 2021,52270,C S, 314,DATA STRUCTURES-WB,"C S-314: DATA STRUCTURES-WB, Section no. 52270",A,3,Computer Science
Spring 2021,52275,C S, 314,DATA STRUCTURES-WB,"C S-314: DATA STRUCTURES-WB, Section no. 52275",Other,10,Computer Science
Spring 2021,52275,C S, 314,DATA STRUCTURES-WB,"C S-314: DATA STRUCTURES-WB, Section no. 52275",B-,1,Computer Science
Spring 2021,52275,C S, 314,DATA STRUCTURES-WB,"C S-314: DATA STRUCTURES-WB, Section no. 52275",B,3,Computer Science
Spring 2021,52275,C S, 314,DATA STRUCTURES-WB,"C S-314: DATA STRUCTURES-WB, Section no. 52275",B+,2,Computer Science
Spring 2021,52275,C S, 314,DATA STRUCTURES-WB,"C S-314: DATA STRUCTURES-WB, Section no. 52275",A-,2,Computer Science
Spring 2021,52275,C S, 314,DATA STRUCTURES-WB,"C S-314: DATA STRUCTURES-WB, Section no. 52275",A,6,Computer Science
Spring 2021,52280,C S, 314,DATA STRUCTURES-WB,"C S-314: DATA STRUCTURES-WB, Section no. 52280",Other,8,Computer Science
Spring 2021,52280,C S, 314,DATA STRUCTURES-WB,"C S-314: DATA STRUCTURES-WB, Section no. 52280",F,1,Computer Science
Spring 2021,52280,C S, 314,DATA STRUCTURES-WB,"C S-314: DATA STRUCTURES-WB, Section no. 52280",C,1,Computer Science
Spring 2021,52280,C S, 314,DATA STRUCTURES-WB,"C S-314: DATA STRUCTURES-WB, Section no. 52280",B-,3,Computer Science
Spring 2021,52280,C S, 314,DATA STRUCTURES-WB,"C S-314: DATA STRUCTURES-WB, Section no. 52280",B,3,Computer Science
Spring 2021,52280,C S, 314,DATA STRUCTURES-WB,"C S-314: DATA STRUCTURES-WB, Section no. 52280",B+,3,Computer Science
Spring 2021,52280,C S, 314,DATA STRUCTURES-WB,"C S-314: DATA STRUCTURES-WB, Section no. 52280",A-,3,Computer Science
Spring 2021,52280,C S, 314,DATA STRUCTURES-WB,"C S-314: DATA STRUCTURES-WB, Section no. 52280",A,2,Computer Science
Spring 2021,52285,C S, 314,DATA STRUCTURES-WB,"C S-314: DATA STRUCTURES-WB, Section no. 52285",Other,7,Computer Science
Spring 2021,52285,C S, 314,DATA STRUCTURES-WB,"C S-314: DATA STRUCTURES-WB, Section no. 52285",F,1,Computer Science
Spring 2021,52285,C S, 314,DATA STRUCTURES-WB,"C S-314: DATA STRUCTURES-WB, Section no. 52285",B,1,Computer Science
Spring 2021,52285,C S, 314,DATA STRUCTURES-WB,"C S-314: DATA STRUCTURES-WB, Section no. 52285",B+,1,Computer Science
Spring 2021,52285,C S, 314,DATA STRUCTURES-WB,"C S-314: DATA STRUCTURES-WB, Section no. 52285",A-,3,Computer Science
Spring 2021,52285,C S, 314,DATA STRUCTURES-WB,"C S-314: DATA STRUCTURES-WB, Section no. 52285",A,6,Computer Science
Spring 2021,52288,C S, 314,DATA STRUCTURES-WB,"C S-314: DATA STRUCTURES-WB, Section no. 52288",Other,8,Computer Science
Spring 2021,52288,C S, 314,DATA STRUCTURES-WB,"C S-314: DATA STRUCTURES-WB, Section no. 52288",F,1,Computer Science
Spring 2021,52288,C S, 314,DATA STRUCTURES-WB,"C S-314: DATA STRUCTURES-WB, Section no. 52288",C,1,Computer Science
Spring 2021,52288,C S, 314,DATA STRUCTURES-WB,"C S-314: DATA STRUCTURES-WB, Section no. 52288",B-,1,Computer Science
Spring 2021,52288,C S, 314,DATA STRUCTURES-WB,"C S-314: DATA STRUCTURES-WB, Section no. 52288",B,4,Computer Science
Spring 2021,52288,C S, 314,DATA STRUCTURES-WB,"C S-314: DATA STRUCTURES-WB, Section no. 52288",B+,2,Computer Science
Spring 2021,52289,C S, 314,DATA STRUCTURES-WB,"C S-314: DATA STRUCTURES-WB, Section no. 52289",Other,12,Computer Science
Spring 2021,52289,C S, 314,DATA STRUCTURES-WB,"C S-314: DATA STRUCTURES-WB, Section no. 52289",B-,1,Computer Science
Spring 2021,52289,C S, 314,DATA STRUCTURES-WB,"C S-314: DATA STRUCTURES-WB, Section no. 52289",B,2,Computer Science
Spring 2021,52289,C S, 314,DATA STRUCTURES-WB,"C S-314: DATA STRUCTURES-WB, Section no. 52289",B+,3,Computer Science
Spring 2021,52289,C S, 314,DATA STRUCTURES-WB,"C S-314: DATA STRUCTURES-WB, Section no. 52289",A-,1,Computer Science
Spring 2021,52289,C S, 314,DATA STRUCTURES-WB,"C S-314: DATA STRUCTURES-WB, Section no. 52289",A,2,Computer Science
Spring 2021,52290,C S, 324E,ELEM GRAPHICS & VISUALIZATN-WB,"C S-324E: ELEM GRAPHICS & VISUALIZATN-WB, Section no. 52290",Other,3,Computer Science
Spring 2021,52290,C S, 324E,ELEM GRAPHICS & VISUALIZATN-WB,"C S-324E: ELEM GRAPHICS & VISUALIZATN-WB, Section no. 52290",B-,2,Computer Science
Spring 2021,52290,C S, 324E,ELEM GRAPHICS & VISUALIZATN-WB,"C S-324E: ELEM GRAPHICS & VISUALIZATN-WB, Section no. 52290",B+,2,Computer Science
Spring 2021,52290,C S, 324E,ELEM GRAPHICS & VISUALIZATN-WB,"C S-324E: ELEM GRAPHICS & VISUALIZATN-WB, Section no. 52290",A-,7,Computer Science
Spring 2021,52290,C S, 324E,ELEM GRAPHICS & VISUALIZATN-WB,"C S-324E: ELEM GRAPHICS & VISUALIZATN-WB, Section no. 52290",A,47,Computer Science
Spring 2021,52295,C S, 324E,ELEM GRAPHICS & VISUALIZATN-WB,"C S-324E: ELEM GRAPHICS & VISUALIZATN-WB, Section no. 52295",Other,11,Computer Science
Spring 2021,52295,C S, 324E,ELEM GRAPHICS & VISUALIZATN-WB,"C S-324E: ELEM GRAPHICS & VISUALIZATN-WB, Section no. 52295",B+,1,Computer Science
Spring 2021,52295,C S, 324E,ELEM GRAPHICS & VISUALIZATN-WB,"C S-324E: ELEM GRAPHICS & VISUALIZATN-WB, Section no. 52295",A-,6,Computer Science
Spring 2021,52295,C S, 324E,ELEM GRAPHICS & VISUALIZATN-WB,"C S-324E: ELEM GRAPHICS & VISUALIZATN-WB, Section no. 52295",A,42,Computer Science
Spring 2021,52300,C S, 327E,ELEMENTS OF DATABASES-WB,"C S-327E: ELEMENTS OF DATABASES-WB, Section no. 52300",Other,18,Computer Science
Spring 2021,52300,C S, 327E,ELEMENTS OF DATABASES-WB,"C S-327E: ELEMENTS OF DATABASES-WB, Section no. 52300",D,1,Computer Science
Spring 2021,52300,C S, 327E,ELEMENTS OF DATABASES-WB,"C S-327E: ELEMENTS OF DATABASES-WB, Section no. 52300",C-,1,Computer Science
Spring 2021,52300,C S, 327E,ELEMENTS OF DATABASES-WB,"C S-327E: ELEMENTS OF DATABASES-WB, Section no. 52300",C+,2,Computer Science
Spring 2021,52300,C S, 327E,ELEMENTS OF DATABASES-WB,"C S-327E: ELEMENTS OF DATABASES-WB, Section no. 52300",B-,2,Computer Science
Spring 2021,52300,C S, 327E,ELEMENTS OF DATABASES-WB,"C S-327E: ELEMENTS OF DATABASES-WB, Section no. 52300",B,9,Computer Science
Spring 2021,52300,C S, 327E,ELEMENTS OF DATABASES-WB,"C S-327E: ELEMENTS OF DATABASES-WB, Section no. 52300",B+,10,Computer Science
Spring 2021,52300,C S, 327E,ELEMENTS OF DATABASES-WB,"C S-327E: ELEMENTS OF DATABASES-WB, Section no. 52300",A-,16,Computer Science
Spring 2021,52300,C S, 327E,ELEMENTS OF DATABASES-WB,"C S-327E: ELEMENTS OF DATABASES-WB, Section no. 52300",A,17,Computer Science
Spring 2021,52305,C S, 429,COMP ORGANIZATN AND ARCH-WB,"C S-429: COMP ORGANIZATN AND ARCH-WB, Section no. 52305",Other,20,Computer Science
Spring 2021,52305,C S, 429,COMP ORGANIZATN AND ARCH-WB,"C S-429: COMP ORGANIZATN AND ARCH-WB, Section no. 52305",F,3,Computer Science
Spring 2021,52305,C S, 429,COMP ORGANIZATN AND ARCH-WB,"C S-429: COMP ORGANIZATN AND ARCH-WB, Section no. 52305",B-,1,Computer Science
Spring 2021,52305,C S, 429,COMP ORGANIZATN AND ARCH-WB,"C S-429: COMP ORGANIZATN AND ARCH-WB, Section no. 52305",B,2,Computer Science
Spring 2021,52305,C S, 429,COMP ORGANIZATN AND ARCH-WB,"C S-429: COMP ORGANIZATN AND ARCH-WB, Section no. 52305",B+,1,Computer Science
Spring 2021,52305,C S, 429,COMP ORGANIZATN AND ARCH-WB,"C S-429: COMP ORGANIZATN AND ARCH-WB, Section no. 52305",A-,2,Computer Science
Spring 2021,52305,C S, 429,COMP ORGANIZATN AND ARCH-WB,"C S-429: COMP ORGANIZATN AND ARCH-WB, Section no. 52305",A,10,Computer Science
Spring 2021,52310,C S, 429,COMP ORGANIZATN AND ARCH-WB,"C S-429: COMP ORGANIZATN AND ARCH-WB, Section no. 52310",Other,13,Computer Science
Spring 2021,52310,C S, 429,COMP ORGANIZATN AND ARCH-WB,"C S-429: COMP ORGANIZATN AND ARCH-WB, Section no. 52310",C,1,Computer Science
Spring 2021,52310,C S, 429,COMP ORGANIZATN AND ARCH-WB,"C S-429: COMP ORGANIZATN AND ARCH-WB, Section no. 52310",C+,1,Computer Science
Spring 2021,52310,C S, 429,COMP ORGANIZATN AND ARCH-WB,"C S-429: COMP ORGANIZATN AND ARCH-WB, Section no. 52310",B-,2,Computer Science
Spring 2021,52310,C S, 429,COMP ORGANIZATN AND ARCH-WB,"C S-429: COMP ORGANIZATN AND ARCH-WB, Section no. 52310",B,3,Computer Science
Spring 2021,52310,C S, 429,COMP ORGANIZATN AND ARCH-WB,"C S-429: COMP ORGANIZATN AND ARCH-WB, Section no. 52310",B+,5,Computer Science
Spring 2021,52310,C S, 429,COMP ORGANIZATN AND ARCH-WB,"C S-429: COMP ORGANIZATN AND ARCH-WB, Section no. 52310",A-,6,Computer Science
Spring 2021,52310,C S, 429,COMP ORGANIZATN AND ARCH-WB,"C S-429: COMP ORGANIZATN AND ARCH-WB, Section no. 52310",A,15,Computer Science
Spring 2021,52315,C S, 429,COMP ORGANIZATN AND ARCH-WB,"C S-429: COMP ORGANIZATN AND ARCH-WB, Section no. 52315",Other,13,Computer Science
Spring 2021,52315,C S, 429,COMP ORGANIZATN AND ARCH-WB,"C S-429: COMP ORGANIZATN AND ARCH-WB, Section no. 52315",F,3,Computer Science
Spring 2021,52315,C S, 429,COMP ORGANIZATN AND ARCH-WB,"C S-429: COMP ORGANIZATN AND ARCH-WB, Section no. 52315",B,2,Computer Science
Spring 2021,52315,C S, 429,COMP ORGANIZATN AND ARCH-WB,"C S-429: COMP ORGANIZATN AND ARCH-WB, Section no. 52315",B+,1,Computer Science
Spring 2021,52315,C S, 429,COMP ORGANIZATN AND ARCH-WB,"C S-429: COMP ORGANIZATN AND ARCH-WB, Section no. 52315",A-,3,Computer Science
Spring 2021,52315,C S, 429,COMP ORGANIZATN AND ARCH-WB,"C S-429: COMP ORGANIZATN AND ARCH-WB, Section no. 52315",A,12,Computer Science
Spring 2021,52320,C S, 429,COMP ORGANIZATN AND ARCH-WB,"C S-429: COMP ORGANIZATN AND ARCH-WB, Section no. 52320",Other,23,Computer Science
Spring 2021,52320,C S, 429,COMP ORGANIZATN AND ARCH-WB,"C S-429: COMP ORGANIZATN AND ARCH-WB, Section no. 52320",F,1,Computer Science
Spring 2021,52320,C S, 429,COMP ORGANIZATN AND ARCH-WB,"C S-429: COMP ORGANIZATN AND ARCH-WB, Section no. 52320",C-,1,Computer Science
Spring 2021,52320,C S, 429,COMP ORGANIZATN AND ARCH-WB,"C S-429: COMP ORGANIZATN AND ARCH-WB, Section no. 52320",B,4,Computer Science
Spring 2021,52320,C S, 429,COMP ORGANIZATN AND ARCH-WB,"C S-429: COMP ORGANIZATN AND ARCH-WB, Section no. 52320",B+,2,Computer Science
Spring 2021,52320,C S, 429,COMP ORGANIZATN AND ARCH-WB,"C S-429: COMP ORGANIZATN AND ARCH-WB, Section no. 52320",A-,2,Computer Science
Spring 2021,52320,C S, 429,COMP ORGANIZATN AND ARCH-WB,"C S-429: COMP ORGANIZATN AND ARCH-WB, Section no. 52320",A,14,Computer Science
Spring 2021,52325,C S, 429,COMP ORGANIZATN AND ARCH-WB,"C S-429: COMP ORGANIZATN AND ARCH-WB, Section no. 52325",Other,24,Computer Science
Spring 2021,52325,C S, 429,COMP ORGANIZATN AND ARCH-WB,"C S-429: COMP ORGANIZATN AND ARCH-WB, Section no. 52325",F,2,Computer Science
Spring 2021,52325,C S, 429,COMP ORGANIZATN AND ARCH-WB,"C S-429: COMP ORGANIZATN AND ARCH-WB, Section no. 52325",B,3,Computer Science
Spring 2021,52325,C S, 429,COMP ORGANIZATN AND ARCH-WB,"C S-429: COMP ORGANIZATN AND ARCH-WB, Section no. 52325",B+,3,Computer Science
Spring 2021,52325,C S, 429,COMP ORGANIZATN AND ARCH-WB,"C S-429: COMP ORGANIZATN AND ARCH-WB, Section no. 52325",A-,3,Computer Science
Spring 2021,52325,C S, 429,COMP ORGANIZATN AND ARCH-WB,"C S-429: COMP ORGANIZATN AND ARCH-WB, Section no. 52325",A,11,Computer Science
Spring 2021,52330,C S, 429,COMP ORGANIZATN AND ARCH-WB,"C S-429: COMP ORGANIZATN AND ARCH-WB, Section no. 52330",Other,18,Computer Science
Spring 2021,52330,C S, 429,COMP ORGANIZATN AND ARCH-WB,"C S-429: COMP ORGANIZATN AND ARCH-WB, Section no. 52330",F,2,Computer Science
Spring 2021,52330,C S, 429,COMP ORGANIZATN AND ARCH-WB,"C S-429: COMP ORGANIZATN AND ARCH-WB, Section no. 52330",C+,2,Computer Science
Spring 2021,52330,C S, 429,COMP ORGANIZATN AND ARCH-WB,"C S-429: COMP ORGANIZATN AND ARCH-WB, Section no. 52330",B-,2,Computer Science
Spring 2021,52330,C S, 429,COMP ORGANIZATN AND ARCH-WB,"C S-429: COMP ORGANIZATN AND ARCH-WB, Section no. 52330",B,3,Computer Science
Spring 2021,52330,C S, 429,COMP ORGANIZATN AND ARCH-WB,"C S-429: COMP ORGANIZATN AND ARCH-WB, Section no. 52330",B+,2,Computer Science
Spring 2021,52330,C S, 429,COMP ORGANIZATN AND ARCH-WB,"C S-429: COMP ORGANIZATN AND ARCH-WB, Section no. 52330",A-,5,Computer Science
Spring 2021,52330,C S, 429,COMP ORGANIZATN AND ARCH-WB,"C S-429: COMP ORGANIZATN AND ARCH-WB, Section no. 52330",A,13,Computer Science
Spring 2021,52335,C S, 329E,ELEMENTS OF DATA ANALYTICS-WB,"C S-329E: ELEMENTS OF DATA ANALYTICS-WB, Section no. 52335",Other,13,Computer Science
Spring 2021,52335,C S, 329E,ELEMENTS OF DATA ANALYTICS-WB,"C S-329E: ELEMENTS OF DATA ANALYTICS-WB, Section no. 52335",C+,2,Computer Science
Spring 2021,52335,C S, 329E,ELEMENTS OF DATA ANALYTICS-WB,"C S-329E: ELEMENTS OF DATA ANALYTICS-WB, Section no. 52335",B-,1,Computer Science
Spring 2021,52335,C S, 329E,ELEMENTS OF DATA ANALYTICS-WB,"C S-329E: ELEMENTS OF DATA ANALYTICS-WB, Section no. 52335",B,5,Computer Science
Spring 2021,52335,C S, 329E,ELEMENTS OF DATA ANALYTICS-WB,"C S-329E: ELEMENTS OF DATA ANALYTICS-WB, Section no. 52335",B+,4,Computer Science
Spring 2021,52335,C S, 329E,ELEMENTS OF DATA ANALYTICS-WB,"C S-329E: ELEMENTS OF DATA ANALYTICS-WB, Section no. 52335",A-,3,Computer Science
Spring 2021,52335,C S, 329E,ELEMENTS OF DATA ANALYTICS-WB,"C S-329E: ELEMENTS OF DATA ANALYTICS-WB, Section no. 52335",A,32,Computer Science
Spring 2021,52340,C S, 329E,ELEMENTS OF DATA ANALYTICS-WB,"C S-329E: ELEMENTS OF DATA ANALYTICS-WB, Section no. 52340",Other,17,Computer Science
Spring 2021,52340,C S, 329E,ELEMENTS OF DATA ANALYTICS-WB,"C S-329E: ELEMENTS OF DATA ANALYTICS-WB, Section no. 52340",F,1,Computer Science
Spring 2021,52340,C S, 329E,ELEMENTS OF DATA ANALYTICS-WB,"C S-329E: ELEMENTS OF DATA ANALYTICS-WB, Section no. 52340",C-,2,Computer Science
Spring 2021,52340,C S, 329E,ELEMENTS OF DATA ANALYTICS-WB,"C S-329E: ELEMENTS OF DATA ANALYTICS-WB, Section no. 52340",B-,2,Computer Science
Spring 2021,52340,C S, 329E,ELEMENTS OF DATA ANALYTICS-WB,"C S-329E: ELEMENTS OF DATA ANALYTICS-WB, Section no. 52340",B,2,Computer Science
Spring 2021,52340,C S, 329E,ELEMENTS OF DATA ANALYTICS-WB,"C S-329E: ELEMENTS OF DATA ANALYTICS-WB, Section no. 52340",B+,3,Computer Science
Spring 2021,52340,C S, 329E,ELEMENTS OF DATA ANALYTICS-WB,"C S-329E: ELEMENTS OF DATA ANALYTICS-WB, Section no. 52340",A-,11,Computer Science
Spring 2021,52340,C S, 329E,ELEMENTS OF DATA ANALYTICS-WB,"C S-329E: ELEMENTS OF DATA ANALYTICS-WB, Section no. 52340",A,22,Computer Science
Spring 2021,52344,C S, 329E,ELEMENTS OF GAME DEVELPMENT-WB,"C S-329E: ELEMENTS OF GAME DEVELPMENT-WB, Section no. 52344",Other,7,Computer Science
Spring 2021,52344,C S, 329E,ELEMENTS OF GAME DEVELPMENT-WB,"C S-329E: ELEMENTS OF GAME DEVELPMENT-WB, Section no. 52344",B-,1,Computer Science
Spring 2021,52344,C S, 329E,ELEMENTS OF GAME DEVELPMENT-WB,"C S-329E: ELEMENTS OF GAME DEVELPMENT-WB, Section no. 52344",B,1,Computer Science
Spring 2021,52344,C S, 329E,ELEMENTS OF GAME DEVELPMENT-WB,"C S-329E: ELEMENTS OF GAME DEVELPMENT-WB, Section no. 52344",B+,2,Computer Science
Spring 2021,52344,C S, 329E,ELEMENTS OF GAME DEVELPMENT-WB,"C S-329E: ELEMENTS OF GAME DEVELPMENT-WB, Section no. 52344",A-,5,Computer Science
Spring 2021,52344,C S, 329E,ELEMENTS OF GAME DEVELPMENT-WB,"C S-329E: ELEMENTS OF GAME DEVELPMENT-WB, Section no. 52344",A,41,Computer Science
Spring 2021,52350,C S, 329E,ELEMS OF DATA VISUALIZATION-WB,"C S-329E: ELEMS OF DATA VISUALIZATION-WB, Section no. 52350",Other,5,Computer Science
Spring 2021,52350,C S, 329E,ELEMS OF DATA VISUALIZATION-WB,"C S-329E: ELEMS OF DATA VISUALIZATION-WB, Section no. 52350",F,1,Computer Science
Spring 2021,52350,C S, 329E,ELEMS OF DATA VISUALIZATION-WB,"C S-329E: ELEMS OF DATA VISUALIZATION-WB, Section no. 52350",B-,1,Computer Science
Spring 2021,52350,C S, 329E,ELEMS OF DATA VISUALIZATION-WB,"C S-329E: ELEMS OF DATA VISUALIZATION-WB, Section no. 52350",B+,2,Computer Science
Spring 2021,52350,C S, 329E,ELEMS OF DATA VISUALIZATION-WB,"C S-329E: ELEMS OF DATA VISUALIZATION-WB, Section no. 52350",A-,13,Computer Science
Spring 2021,52350,C S, 329E,ELEMS OF DATA VISUALIZATION-WB,"C S-329E: ELEMS OF DATA VISUALIZATION-WB, Section no. 52350",A,37,Computer Science
Spring 2021,52355,C S, 329E,ELEMS OF WEB PROGRAMMING-WB,"C S-329E: ELEMS OF WEB PROGRAMMING-WB, Section no. 52355",Other,11,Computer Science
Spring 2021,52355,C S, 329E,ELEMS OF WEB PROGRAMMING-WB,"C S-329E: ELEMS OF WEB PROGRAMMING-WB, Section no. 52355",F,3,Computer Science
Spring 2021,52355,C S, 329E,ELEMS OF WEB PROGRAMMING-WB,"C S-329E: ELEMS OF WEB PROGRAMMING-WB, Section no. 52355",C+,1,Computer Science
Spring 2021,52355,C S, 329E,ELEMS OF WEB PROGRAMMING-WB,"C S-329E: ELEMS OF WEB PROGRAMMING-WB, Section no. 52355",B-,1,Computer Science
Spring 2021,52355,C S, 329E,ELEMS OF WEB PROGRAMMING-WB,"C S-329E: ELEMS OF WEB PROGRAMMING-WB, Section no. 52355",B,1,Computer Science
Spring 2021,52355,C S, 329E,ELEMS OF WEB PROGRAMMING-WB,"C S-329E: ELEMS OF WEB PROGRAMMING-WB, Section no. 52355",B+,6,Computer Science
Spring 2021,52355,C S, 329E,ELEMS OF WEB PROGRAMMING-WB,"C S-329E: ELEMS OF WEB PROGRAMMING-WB, Section no. 52355",A-,7,Computer Science
Spring 2021,52355,C S, 329E,ELEMS OF WEB PROGRAMMING-WB,"C S-329E: ELEMS OF WEB PROGRAMMING-WB, Section no. 52355",A,69,Computer Science
Spring 2021,52360,C S, 329E,ELEMS OF WEB PROGRAMMING-WB,"C S-329E: ELEMS OF WEB PROGRAMMING-WB, Section no. 52360",Other,13,Computer Science
Spring 2021,52360,C S, 329E,ELEMS OF WEB PROGRAMMING-WB,"C S-329E: ELEMS OF WEB PROGRAMMING-WB, Section no. 52360",C,2,Computer Science
Spring 2021,52360,C S, 329E,ELEMS OF WEB PROGRAMMING-WB,"C S-329E: ELEMS OF WEB PROGRAMMING-WB, Section no. 52360",C+,1,Computer Science
Spring 2021,52360,C S, 329E,ELEMS OF WEB PROGRAMMING-WB,"C S-329E: ELEMS OF WEB PROGRAMMING-WB, Section no. 52360",B-,1,Computer Science
Spring 2021,52360,C S, 329E,ELEMS OF WEB PROGRAMMING-WB,"C S-329E: ELEMS OF WEB PROGRAMMING-WB, Section no. 52360",B,5,Computer Science
Spring 2021,52360,C S, 329E,ELEMS OF WEB PROGRAMMING-WB,"C S-329E: ELEMS OF WEB PROGRAMMING-WB, Section no. 52360",B+,1,Computer Science
Spring 2021,52360,C S, 329E,ELEMS OF WEB PROGRAMMING-WB,"C S-329E: ELEMS OF WEB PROGRAMMING-WB, Section no. 52360",A-,14,Computer Science
Spring 2021,52360,C S, 329E,ELEMS OF WEB PROGRAMMING-WB,"C S-329E: ELEMS OF WEB PROGRAMMING-WB, Section no. 52360",A,63,Computer Science
Spring 2021,52365,C S, 429H,COMP ORGANIZATN & ARCH: HON-WB,"C S-429H: COMP ORGANIZATN & ARCH: HON-WB, Section no. 52365",Other,10,Computer Science
Spring 2021,52365,C S, 429H,COMP ORGANIZATN & ARCH: HON-WB,"C S-429H: COMP ORGANIZATN & ARCH: HON-WB, Section no. 52365",B-,1,Computer Science
Spring 2021,52365,C S, 429H,COMP ORGANIZATN & ARCH: HON-WB,"C S-429H: COMP ORGANIZATN & ARCH: HON-WB, Section no. 52365",B,3,Computer Science
Spring 2021,52365,C S, 429H,COMP ORGANIZATN & ARCH: HON-WB,"C S-429H: COMP ORGANIZATN & ARCH: HON-WB, Section no. 52365",B+,8,Computer Science
Spring 2021,52365,C S, 429H,COMP ORGANIZATN & ARCH: HON-WB,"C S-429H: COMP ORGANIZATN & ARCH: HON-WB, Section no. 52365",A-,11,Computer Science
Spring 2021,52365,C S, 429H,COMP ORGANIZATN & ARCH: HON-WB,"C S-429H: COMP ORGANIZATN & ARCH: HON-WB, Section no. 52365",A,10,Computer Science
Spring 2021,52370,C S, 429H,COMP ORGANIZATN & ARCH: HON-WB,"C S-429H: COMP ORGANIZATN & ARCH: HON-WB, Section no. 52370",Other,8,Computer Science
Spring 2021,52370,C S, 429H,COMP ORGANIZATN & ARCH: HON-WB,"C S-429H: COMP ORGANIZATN & ARCH: HON-WB, Section no. 52370",B+,2,Computer Science
Spring 2021,52370,C S, 429H,COMP ORGANIZATN & ARCH: HON-WB,"C S-429H: COMP ORGANIZATN & ARCH: HON-WB, Section no. 52370",A,16,Computer Science
Spring 2021,52380,C S, 331,ALGORITHMS AND COMPLEXITY-WB,"C S-331: ALGORITHMS AND COMPLEXITY-WB, Section no. 52380",Other,8,Computer Science
Spring 2021,52380,C S, 331,ALGORITHMS AND COMPLEXITY-WB,"C S-331: ALGORITHMS AND COMPLEXITY-WB, Section no. 52380",B+,4,Computer Science
Spring 2021,52380,C S, 331,ALGORITHMS AND COMPLEXITY-WB,"C S-331: ALGORITHMS AND COMPLEXITY-WB, Section no. 52380",A-,5,Computer Science
Spring 2021,52380,C S, 331,ALGORITHMS AND COMPLEXITY-WB,"C S-331: ALGORITHMS AND COMPLEXITY-WB, Section no. 52380",A,23,Computer Science
Spring 2021,52385,C S, 331,ALGORITHMS AND COMPLEXITY-WB,"C S-331: ALGORITHMS AND COMPLEXITY-WB, Section no. 52385",Other,7,Computer Science
Spring 2021,52385,C S, 331,ALGORITHMS AND COMPLEXITY-WB,"C S-331: ALGORITHMS AND COMPLEXITY-WB, Section no. 52385",B-,1,Computer Science
Spring 2021,52385,C S, 331,ALGORITHMS AND COMPLEXITY-WB,"C S-331: ALGORITHMS AND COMPLEXITY-WB, Section no. 52385",B,2,Computer Science
Spring 2021,52385,C S, 331,ALGORITHMS AND COMPLEXITY-WB,"C S-331: ALGORITHMS AND COMPLEXITY-WB, Section no. 52385",B+,2,Computer Science
Spring 2021,52385,C S, 331,ALGORITHMS AND COMPLEXITY-WB,"C S-331: ALGORITHMS AND COMPLEXITY-WB, Section no. 52385",A-,5,Computer Science
Spring 2021,52385,C S, 331,ALGORITHMS AND COMPLEXITY-WB,"C S-331: ALGORITHMS AND COMPLEXITY-WB, Section no. 52385",A,23,Computer Science
Spring 2021,52390,C S, 331,ALGORITHMS AND COMPLEXITY-WB,"C S-331: ALGORITHMS AND COMPLEXITY-WB, Section no. 52390",Other,12,Computer Science
Spring 2021,52390,C S, 331,ALGORITHMS AND COMPLEXITY-WB,"C S-331: ALGORITHMS AND COMPLEXITY-WB, Section no. 52390",F,3,Computer Science
Spring 2021,52390,C S, 331,ALGORITHMS AND COMPLEXITY-WB,"C S-331: ALGORITHMS AND COMPLEXITY-WB, Section no. 52390",B+,1,Computer Science
Spring 2021,52390,C S, 331,ALGORITHMS AND COMPLEXITY-WB,"C S-331: ALGORITHMS AND COMPLEXITY-WB, Section no. 52390",A-,4,Computer Science
Spring 2021,52390,C S, 331,ALGORITHMS AND COMPLEXITY-WB,"C S-331: ALGORITHMS AND COMPLEXITY-WB, Section no. 52390",A,9,Computer Science
Spring 2021,52395,C S, 331,ALGORITHMS AND COMPLEXITY-WB,"C S-331: ALGORITHMS AND COMPLEXITY-WB, Section no. 52395",Other,10,Computer Science
Spring 2021,52395,C S, 331,ALGORITHMS AND COMPLEXITY-WB,"C S-331: ALGORITHMS AND COMPLEXITY-WB, Section no. 52395",F,1,Computer Science
Spring 2021,52395,C S, 331,ALGORITHMS AND COMPLEXITY-WB,"C S-331: ALGORITHMS AND COMPLEXITY-WB, Section no. 52395",B-,1,Computer Science
Spring 2021,52395,C S, 331,ALGORITHMS AND COMPLEXITY-WB,"C S-331: ALGORITHMS AND COMPLEXITY-WB, Section no. 52395",B,2,Computer Science
Spring 2021,52395,C S, 331,ALGORITHMS AND COMPLEXITY-WB,"C S-331: ALGORITHMS AND COMPLEXITY-WB, Section no. 52395",B+,2,Computer Science
Spring 2021,52395,C S, 331,ALGORITHMS AND COMPLEXITY-WB,"C S-331: ALGORITHMS AND COMPLEXITY-WB, Section no. 52395",A-,3,Computer Science
Spring 2021,52395,C S, 331,ALGORITHMS AND COMPLEXITY-WB,"C S-331: ALGORITHMS AND COMPLEXITY-WB, Section no. 52395",A,3,Computer Science
Spring 2021,52400,C S, 331,ALGORITHMS AND COMPLEXITY-WB,"C S-331: ALGORITHMS AND COMPLEXITY-WB, Section no. 52400",Other,15,Computer Science
Spring 2021,52400,C S, 331,ALGORITHMS AND COMPLEXITY-WB,"C S-331: ALGORITHMS AND COMPLEXITY-WB, Section no. 52400",F,1,Computer Science
Spring 2021,52400,C S, 331,ALGORITHMS AND COMPLEXITY-WB,"C S-331: ALGORITHMS AND COMPLEXITY-WB, Section no. 52400",C,4,Computer Science
Spring 2021,52400,C S, 331,ALGORITHMS AND COMPLEXITY-WB,"C S-331: ALGORITHMS AND COMPLEXITY-WB, Section no. 52400",B-,1,Computer Science
Spring 2021,52400,C S, 331,ALGORITHMS AND COMPLEXITY-WB,"C S-331: ALGORITHMS AND COMPLEXITY-WB, Section no. 52400",B,5,Computer Science
Spring 2021,52400,C S, 331,ALGORITHMS AND COMPLEXITY-WB,"C S-331: ALGORITHMS AND COMPLEXITY-WB, Section no. 52400",A-,6,Computer Science
Spring 2021,52400,C S, 331,ALGORITHMS AND COMPLEXITY-WB,"C S-331: ALGORITHMS AND COMPLEXITY-WB, Section no. 52400",A,8,Computer Science
Spring 2021,52405,C S, 331,ALGORITHMS AND COMPLEXITY-WB,"C S-331: ALGORITHMS AND COMPLEXITY-WB, Section no. 52405",Other,12,Computer Science
Spring 2021,52405,C S, 331,ALGORITHMS AND COMPLEXITY-WB,"C S-331: ALGORITHMS AND COMPLEXITY-WB, Section no. 52405",B-,2,Computer Science
Spring 2021,52405,C S, 331,ALGORITHMS AND COMPLEXITY-WB,"C S-331: ALGORITHMS AND COMPLEXITY-WB, Section no. 52405",B,4,Computer Science
Spring 2021,52405,C S, 331,ALGORITHMS AND COMPLEXITY-WB,"C S-331: ALGORITHMS AND COMPLEXITY-WB, Section no. 52405",B+,1,Computer Science
Spring 2021,52405,C S, 331,ALGORITHMS AND COMPLEXITY-WB,"C S-331: ALGORITHMS AND COMPLEXITY-WB, Section no. 52405",A-,9,Computer Science
Spring 2021,52405,C S, 331,ALGORITHMS AND COMPLEXITY-WB,"C S-331: ALGORITHMS AND COMPLEXITY-WB, Section no. 52405",A,12,Computer Science
Spring 2021,52410,C S, 331E,ELMNTS SOFTWARE ENGINEER II-WB,"C S-331E: ELMNTS SOFTWARE ENGINEER II-WB, Section no. 52410",Other,2,Computer Science
Spring 2021,52410,C S, 331E,ELMNTS SOFTWARE ENGINEER II-WB,"C S-331E: ELMNTS SOFTWARE ENGINEER II-WB, Section no. 52410",B+,2,Computer Science
Spring 2021,52410,C S, 331E,ELMNTS SOFTWARE ENGINEER II-WB,"C S-331E: ELMNTS SOFTWARE ENGINEER II-WB, Section no. 52410",A-,1,Computer Science
Spring 2021,52410,C S, 331E,ELMNTS SOFTWARE ENGINEER II-WB,"C S-331E: ELMNTS SOFTWARE ENGINEER II-WB, Section no. 52410",A,40,Computer Science
Spring 2021,52415,C S, 331E,ELMNTS SOFTWARE ENGINEER II-WB,"C S-331E: ELMNTS SOFTWARE ENGINEER II-WB, Section no. 52415",Other,4,Computer Science
Spring 2021,52415,C S, 331E,ELMNTS SOFTWARE ENGINEER II-WB,"C S-331E: ELMNTS SOFTWARE ENGINEER II-WB, Section no. 52415",B,1,Computer Science
Spring 2021,52415,C S, 331E,ELMNTS SOFTWARE ENGINEER II-WB,"C S-331E: ELMNTS SOFTWARE ENGINEER II-WB, Section no. 52415",B+,3,Computer Science
Spring 2021,52415,C S, 331E,ELMNTS SOFTWARE ENGINEER II-WB,"C S-331E: ELMNTS SOFTWARE ENGINEER II-WB, Section no. 52415",A-,2,Computer Science
Spring 2021,52415,C S, 331E,ELMNTS SOFTWARE ENGINEER II-WB,"C S-331E: ELMNTS SOFTWARE ENGINEER II-WB, Section no. 52415",A,41,Computer Science
Spring 2021,52420,C S, 331H,ALGORITHMS/COMPLEXITY: HON-WB,"C S-331H: ALGORITHMS/COMPLEXITY: HON-WB, Section no. 52420",Other,16,Computer Science
Spring 2021,52420,C S, 331H,ALGORITHMS/COMPLEXITY: HON-WB,"C S-331H: ALGORITHMS/COMPLEXITY: HON-WB, Section no. 52420",B-,1,Computer Science
Spring 2021,52420,C S, 331H,ALGORITHMS/COMPLEXITY: HON-WB,"C S-331H: ALGORITHMS/COMPLEXITY: HON-WB, Section no. 52420",B,1,Computer Science
Spring 2021,52420,C S, 331H,ALGORITHMS/COMPLEXITY: HON-WB,"C S-331H: ALGORITHMS/COMPLEXITY: HON-WB, Section no. 52420",B+,1,Computer Science
Spring 2021,52420,C S, 331H,ALGORITHMS/COMPLEXITY: HON-WB,"C S-331H: ALGORITHMS/COMPLEXITY: HON-WB, Section no. 52420",A-,7,Computer Science
Spring 2021,52420,C S, 331H,ALGORITHMS/COMPLEXITY: HON-WB,"C S-331H: ALGORITHMS/COMPLEXITY: HON-WB, Section no. 52420",A,14,Computer Science
Spring 2021,52425,C S, 331H,ALGORITHMS/COMPLEXITY: HON-WB,"C S-331H: ALGORITHMS/COMPLEXITY: HON-WB, Section no. 52425",Other,14,Computer Science
Spring 2021,52425,C S, 331H,ALGORITHMS/COMPLEXITY: HON-WB,"C S-331H: ALGORITHMS/COMPLEXITY: HON-WB, Section no. 52425",C+,1,Computer Science
Spring 2021,52425,C S, 331H,ALGORITHMS/COMPLEXITY: HON-WB,"C S-331H: ALGORITHMS/COMPLEXITY: HON-WB, Section no. 52425",B-,1,Computer Science
Spring 2021,52425,C S, 331H,ALGORITHMS/COMPLEXITY: HON-WB,"C S-331H: ALGORITHMS/COMPLEXITY: HON-WB, Section no. 52425",B,1,Computer Science
Spring 2021,52425,C S, 331H,ALGORITHMS/COMPLEXITY: HON-WB,"C S-331H: ALGORITHMS/COMPLEXITY: HON-WB, Section no. 52425",B+,3,Computer Science
Spring 2021,52425,C S, 331H,ALGORITHMS/COMPLEXITY: HON-WB,"C S-331H: ALGORITHMS/COMPLEXITY: HON-WB, Section no. 52425",A-,7,Computer Science
Spring 2021,52425,C S, 331H,ALGORITHMS/COMPLEXITY: HON-WB,"C S-331H: ALGORITHMS/COMPLEXITY: HON-WB, Section no. 52425",A,13,Computer Science
Spring 2021,52430,C S, 439,PRINCIPLES OF COMP SYS-C S-WB,"C S-439: PRINCIPLES OF COMP SYS-C S-WB, Section no. 52430",Other,22,Computer Science
Spring 2021,52430,C S, 439,PRINCIPLES OF COMP SYS-C S-WB,"C S-439: PRINCIPLES OF COMP SYS-C S-WB, Section no. 52430",C+,1,Computer Science
Spring 2021,52430,C S, 439,PRINCIPLES OF COMP SYS-C S-WB,"C S-439: PRINCIPLES OF COMP SYS-C S-WB, Section no. 52430",B-,1,Computer Science
Spring 2021,52430,C S, 439,PRINCIPLES OF COMP SYS-C S-WB,"C S-439: PRINCIPLES OF COMP SYS-C S-WB, Section no. 52430",B,3,Computer Science
Spring 2021,52430,C S, 439,PRINCIPLES OF COMP SYS-C S-WB,"C S-439: PRINCIPLES OF COMP SYS-C S-WB, Section no. 52430",B+,3,Computer Science
Spring 2021,52430,C S, 439,PRINCIPLES OF COMP SYS-C S-WB,"C S-439: PRINCIPLES OF COMP SYS-C S-WB, Section no. 52430",A-,10,Computer Science
Spring 2021,52430,C S, 439,PRINCIPLES OF COMP SYS-C S-WB,"C S-439: PRINCIPLES OF COMP SYS-C S-WB, Section no. 52430",A,10,Computer Science
Spring 2021,52440,C S, 439,PRINCPLS OF COMPUTR SYS-C S-WB,"C S-439: PRINCPLS OF COMPUTR SYS-C S-WB, Section no. 52440",Other,6,Computer Science
Spring 2021,52440,C S, 439,PRINCPLS OF COMPUTR SYS-C S-WB,"C S-439: PRINCPLS OF COMPUTR SYS-C S-WB, Section no. 52440",F,1,Computer Science
Spring 2021,52440,C S, 439,PRINCPLS OF COMPUTR SYS-C S-WB,"C S-439: PRINCPLS OF COMPUTR SYS-C S-WB, Section no. 52440",B,3,Computer Science
Spring 2021,52440,C S, 439,PRINCPLS OF COMPUTR SYS-C S-WB,"C S-439: PRINCPLS OF COMPUTR SYS-C S-WB, Section no. 52440",A,14,Computer Science
Spring 2021,52445,C S, 439,PRINCPLS OF COMPUTR SYS-C S-WB,"C S-439: PRINCPLS OF COMPUTR SYS-C S-WB, Section no. 52445",Other,12,Computer Science
Spring 2021,52445,C S, 439,PRINCPLS OF COMPUTR SYS-C S-WB,"C S-439: PRINCPLS OF COMPUTR SYS-C S-WB, Section no. 52445",B-,2,Computer Science
Spring 2021,52445,C S, 439,PRINCPLS OF COMPUTR SYS-C S-WB,"C S-439: PRINCPLS OF COMPUTR SYS-C S-WB, Section no. 52445",B,3,Computer Science
Spring 2021,52445,C S, 439,PRINCPLS OF COMPUTR SYS-C S-WB,"C S-439: PRINCPLS OF COMPUTR SYS-C S-WB, Section no. 52445",A,4,Computer Science
Spring 2021,52450,C S, 439,PRINCPLS OF COMPUTR SYS-C S-WB,"C S-439: PRINCPLS OF COMPUTR SYS-C S-WB, Section no. 52450",Other,5,Computer Science
Spring 2021,52450,C S, 439,PRINCPLS OF COMPUTR SYS-C S-WB,"C S-439: PRINCPLS OF COMPUTR SYS-C S-WB, Section no. 52450",B,3,Computer Science
Spring 2021,52450,C S, 439,PRINCPLS OF COMPUTR SYS-C S-WB,"C S-439: PRINCPLS OF COMPUTR SYS-C S-WB, Section no. 52450",B+,3,Computer Science
Spring 2021,52450,C S, 439,PRINCPLS OF COMPUTR SYS-C S-WB,"C S-439: PRINCPLS OF COMPUTR SYS-C S-WB, Section no. 52450",A,8,Computer Science
Spring 2021,52455,C S, 439,PRINCPLS OF COMPUTR SYS-C S-WB,"C S-439: PRINCPLS OF COMPUTR SYS-C S-WB, Section no. 52455",Other,4,Computer Science
Spring 2021,52455,C S, 439,PRINCPLS OF COMPUTR SYS-C S-WB,"C S-439: PRINCPLS OF COMPUTR SYS-C S-WB, Section no. 52455",B-,2,Computer Science
Spring 2021,52455,C S, 439,PRINCPLS OF COMPUTR SYS-C S-WB,"C S-439: PRINCPLS OF COMPUTR SYS-C S-WB, Section no. 52455",B,5,Computer Science
Spring 2021,52455,C S, 439,PRINCPLS OF COMPUTR SYS-C S-WB,"C S-439: PRINCPLS OF COMPUTR SYS-C S-WB, Section no. 52455",A,7,Computer Science
Spring 2021,52460,C S, 439,PRINCPLS OF COMPUTR SYS-C S-WB,"C S-439: PRINCPLS OF COMPUTR SYS-C S-WB, Section no. 52460",Other,5,Computer Science
Spring 2021,52460,C S, 439,PRINCPLS OF COMPUTR SYS-C S-WB,"C S-439: PRINCPLS OF COMPUTR SYS-C S-WB, Section no. 52460",F,1,Computer Science
Spring 2021,52460,C S, 439,PRINCPLS OF COMPUTR SYS-C S-WB,"C S-439: PRINCPLS OF COMPUTR SYS-C S-WB, Section no. 52460",B-,1,Computer Science
Spring 2021,52460,C S, 439,PRINCPLS OF COMPUTR SYS-C S-WB,"C S-439: PRINCPLS OF COMPUTR SYS-C S-WB, Section no. 52460",B,3,Computer Science
Spring 2021,52460,C S, 439,PRINCPLS OF COMPUTR SYS-C S-WB,"C S-439: PRINCPLS OF COMPUTR SYS-C S-WB, Section no. 52460",B+,1,Computer Science
Spring 2021,52460,C S, 439,PRINCPLS OF COMPUTR SYS-C S-WB,"C S-439: PRINCPLS OF COMPUTR SYS-C S-WB, Section no. 52460",A,8,Computer Science
Spring 2021,52465,C S, 439,PRINCPLS OF COMPUTR SYS-C S-WB,"C S-439: PRINCPLS OF COMPUTR SYS-C S-WB, Section no. 52465",Other,6,Computer Science
Spring 2021,52465,C S, 439,PRINCPLS OF COMPUTR SYS-C S-WB,"C S-439: PRINCPLS OF COMPUTR SYS-C S-WB, Section no. 52465",C,1,Computer Science
Spring 2021,52465,C S, 439,PRINCPLS OF COMPUTR SYS-C S-WB,"C S-439: PRINCPLS OF COMPUTR SYS-C S-WB, Section no. 52465",B,3,Computer Science
Spring 2021,52465,C S, 439,PRINCPLS OF COMPUTR SYS-C S-WB,"C S-439: PRINCPLS OF COMPUTR SYS-C S-WB, Section no. 52465",A,7,Computer Science
Spring 2021,52470,C S, 340D,DEBUGGING/VERIFYING PROGRMS-WB,"C S-340D: DEBUGGING/VERIFYING PROGRMS-WB, Section no. 52470",Other,8,Computer Science
Spring 2021,52470,C S, 340D,DEBUGGING/VERIFYING PROGRMS-WB,"C S-340D: DEBUGGING/VERIFYING PROGRMS-WB, Section no. 52470",F,1,Computer Science
Spring 2021,52470,C S, 340D,DEBUGGING/VERIFYING PROGRMS-WB,"C S-340D: DEBUGGING/VERIFYING PROGRMS-WB, Section no. 52470",B,3,Computer Science
Spring 2021,52470,C S, 340D,DEBUGGING/VERIFYING PROGRMS-WB,"C S-340D: DEBUGGING/VERIFYING PROGRMS-WB, Section no. 52470",A-,4,Computer Science
Spring 2021,52470,C S, 340D,DEBUGGING/VERIFYING PROGRMS-WB,"C S-340D: DEBUGGING/VERIFYING PROGRMS-WB, Section no. 52470",A,13,Computer Science
Spring 2021,52475,C S, 342C,COMPUTATIONAL BRAIN-WB,"C S-342C: COMPUTATIONAL BRAIN-WB, Section no. 52475",Other,4,Computer Science
Spring 2021,52475,C S, 342C,COMPUTATIONAL BRAIN-WB,"C S-342C: COMPUTATIONAL BRAIN-WB, Section no. 52475",B+,5,Computer Science
Spring 2021,52475,C S, 342C,COMPUTATIONAL BRAIN-WB,"C S-342C: COMPUTATIONAL BRAIN-WB, Section no. 52475",A-,10,Computer Science
Spring 2021,52475,C S, 342C,COMPUTATIONAL BRAIN-WB,"C S-342C: COMPUTATIONAL BRAIN-WB, Section no. 52475",A,20,Computer Science
Spring 2021,52480,C S, 343,ARTIFICIAL INTELLIGENCE-WB,"C S-343: ARTIFICIAL INTELLIGENCE-WB, Section no. 52480",Other,91,Computer Science
Spring 2021,52480,C S, 343,ARTIFICIAL INTELLIGENCE-WB,"C S-343: ARTIFICIAL INTELLIGENCE-WB, Section no. 52480",F,8,Computer Science
Spring 2021,52480,C S, 343,ARTIFICIAL INTELLIGENCE-WB,"C S-343: ARTIFICIAL INTELLIGENCE-WB, Section no. 52480",C,2,Computer Science
Spring 2021,52480,C S, 343,ARTIFICIAL INTELLIGENCE-WB,"C S-343: ARTIFICIAL INTELLIGENCE-WB, Section no. 52480",B-,4,Computer Science
Spring 2021,52480,C S, 343,ARTIFICIAL INTELLIGENCE-WB,"C S-343: ARTIFICIAL INTELLIGENCE-WB, Section no. 52480",B,25,Computer Science
Spring 2021,52480,C S, 343,ARTIFICIAL INTELLIGENCE-WB,"C S-343: ARTIFICIAL INTELLIGENCE-WB, Section no. 52480",B+,9,Computer Science
Spring 2021,52480,C S, 343,ARTIFICIAL INTELLIGENCE-WB,"C S-343: ARTIFICIAL INTELLIGENCE-WB, Section no. 52480",A-,40,Computer Science
Spring 2021,52480,C S, 343,ARTIFICIAL INTELLIGENCE-WB,"C S-343: ARTIFICIAL INTELLIGENCE-WB, Section no. 52480",A,30,Computer Science
Spring 2021,52485,C S, 345,PROGRAMMING LANGUAGES-WB,"C S-345: PROGRAMMING LANGUAGES-WB, Section no. 52485",Other,10,Computer Science
Spring 2021,52485,C S, 345,PROGRAMMING LANGUAGES-WB,"C S-345: PROGRAMMING LANGUAGES-WB, Section no. 52485",F,4,Computer Science
Spring 2021,52485,C S, 345,PROGRAMMING LANGUAGES-WB,"C S-345: PROGRAMMING LANGUAGES-WB, Section no. 52485",C+,1,Computer Science
Spring 2021,52485,C S, 345,PROGRAMMING LANGUAGES-WB,"C S-345: PROGRAMMING LANGUAGES-WB, Section no. 52485",B-,1,Computer Science
Spring 2021,52485,C S, 345,PROGRAMMING LANGUAGES-WB,"C S-345: PROGRAMMING LANGUAGES-WB, Section no. 52485",B,4,Computer Science
Spring 2021,52485,C S, 345,PROGRAMMING LANGUAGES-WB,"C S-345: PROGRAMMING LANGUAGES-WB, Section no. 52485",B+,3,Computer Science
Spring 2021,52485,C S, 345,PROGRAMMING LANGUAGES-WB,"C S-345: PROGRAMMING LANGUAGES-WB, Section no. 52485",A-,2,Computer Science
Spring 2021,52485,C S, 345,PROGRAMMING LANGUAGES-WB,"C S-345: PROGRAMMING LANGUAGES-WB, Section no. 52485",A,32,Computer Science
Spring 2021,52490,C S, 349,CONTEMP ISSUES IN COMP SCI-WB,"C S-349: CONTEMP ISSUES IN COMP SCI-WB, Section no. 52490",Other,5,Computer Science
Spring 2021,52490,C S, 349,CONTEMP ISSUES IN COMP SCI-WB,"C S-349: CONTEMP ISSUES IN COMP SCI-WB, Section no. 52490",B,3,Computer Science
Spring 2021,52490,C S, 349,CONTEMP ISSUES IN COMP SCI-WB,"C S-349: CONTEMP ISSUES IN COMP SCI-WB, Section no. 52490",B+,3,Computer Science
Spring 2021,52490,C S, 349,CONTEMP ISSUES IN COMP SCI-WB,"C S-349: CONTEMP ISSUES IN COMP SCI-WB, Section no. 52490",A-,7,Computer Science
Spring 2021,52490,C S, 349,CONTEMP ISSUES IN COMP SCI-WB,"C S-349: CONTEMP ISSUES IN COMP SCI-WB, Section no. 52490",A,23,Computer Science
Spring 2021,52495,C S, 349,CONTEMP ISSUES IN COMP SCI-WB,"C S-349: CONTEMP ISSUES IN COMP SCI-WB, Section no. 52495",Other,12,Computer Science
Spring 2021,52495,C S, 349,CONTEMP ISSUES IN COMP SCI-WB,"C S-349: CONTEMP ISSUES IN COMP SCI-WB, Section no. 52495",C+,2,Computer Science
Spring 2021,52495,C S, 349,CONTEMP ISSUES IN COMP SCI-WB,"C S-349: CONTEMP ISSUES IN COMP SCI-WB, Section no. 52495",B+,1,Computer Science
Spring 2021,52495,C S, 349,CONTEMP ISSUES IN COMP SCI-WB,"C S-349: CONTEMP ISSUES IN COMP SCI-WB, Section no. 52495",A-,4,Computer Science
Spring 2021,52495,C S, 349,CONTEMP ISSUES IN COMP SCI-WB,"C S-349: CONTEMP ISSUES IN COMP SCI-WB, Section no. 52495",A,21,Computer Science
Spring 2021,52505,C S, 353,THEORY OF COMPUTATION-WB,"C S-353: THEORY OF COMPUTATION-WB, Section no. 52505",Other,12,Computer Science
Spring 2021,52505,C S, 353,THEORY OF COMPUTATION-WB,"C S-353: THEORY OF COMPUTATION-WB, Section no. 52505",F,3,Computer Science
Spring 2021,52505,C S, 353,THEORY OF COMPUTATION-WB,"C S-353: THEORY OF COMPUTATION-WB, Section no. 52505",A-,4,Computer Science
Spring 2021,52505,C S, 353,THEORY OF COMPUTATION-WB,"C S-353: THEORY OF COMPUTATION-WB, Section no. 52505",A,3,Computer Science
Spring 2021,52510,C S, 354,COMPUTER GRAPHICS-WB,"C S-354: COMPUTER GRAPHICS-WB, Section no. 52510",Other,8,Computer Science
Spring 2021,52510,C S, 354,COMPUTER GRAPHICS-WB,"C S-354: COMPUTER GRAPHICS-WB, Section no. 52510",A,51,Computer Science
Spring 2021,52515,C S, 354T,GAME DEV CAPSTNE: 3-D GAMES-WB,"C S-354T: GAME DEV CAPSTNE: 3-D GAMES-WB, Section no. 52515",Other,1,Computer Science
Spring 2021,52515,C S, 354T,GAME DEV CAPSTNE: 3-D GAMES-WB,"C S-354T: GAME DEV CAPSTNE: 3-D GAMES-WB, Section no. 52515",A-,2,Computer Science
Spring 2021,52515,C S, 354T,GAME DEV CAPSTNE: 3-D GAMES-WB,"C S-354T: GAME DEV CAPSTNE: 3-D GAMES-WB, Section no. 52515",A,15,Computer Science
Spring 2021,52520,C S, 356,COMPUTER NETWORKS-WB,"C S-356: COMPUTER NETWORKS-WB, Section no. 52520",Other,17,Computer Science
Spring 2021,52520,C S, 356,COMPUTER NETWORKS-WB,"C S-356: COMPUTER NETWORKS-WB, Section no. 52520",F,1,Computer Science
Spring 2021,52520,C S, 356,COMPUTER NETWORKS-WB,"C S-356: COMPUTER NETWORKS-WB, Section no. 52520",B,1,Computer Science
Spring 2021,52520,C S, 356,COMPUTER NETWORKS-WB,"C S-356: COMPUTER NETWORKS-WB, Section no. 52520",B+,6,Computer Science
Spring 2021,52520,C S, 356,COMPUTER NETWORKS-WB,"C S-356: COMPUTER NETWORKS-WB, Section no. 52520",A-,7,Computer Science
Spring 2021,52520,C S, 356,COMPUTER NETWORKS-WB,"C S-356: COMPUTER NETWORKS-WB, Section no. 52520",A,24,Computer Science
Spring 2021,52525,C S, 356,COMPUTER NETWORKS-WB,"C S-356: COMPUTER NETWORKS-WB, Section no. 52525",Other,19,Computer Science
Spring 2021,52525,C S, 356,COMPUTER NETWORKS-WB,"C S-356: COMPUTER NETWORKS-WB, Section no. 52525",C+,1,Computer Science
Spring 2021,52525,C S, 356,COMPUTER NETWORKS-WB,"C S-356: COMPUTER NETWORKS-WB, Section no. 52525",B-,1,Computer Science
Spring 2021,52525,C S, 356,COMPUTER NETWORKS-WB,"C S-356: COMPUTER NETWORKS-WB, Section no. 52525",B,2,Computer Science
Spring 2021,52525,C S, 356,COMPUTER NETWORKS-WB,"C S-356: COMPUTER NETWORKS-WB, Section no. 52525",B+,1,Computer Science
Spring 2021,52525,C S, 356,COMPUTER NETWORKS-WB,"C S-356: COMPUTER NETWORKS-WB, Section no. 52525",A-,4,Computer Science
Spring 2021,52525,C S, 356,COMPUTER NETWORKS-WB,"C S-356: COMPUTER NETWORKS-WB, Section no. 52525",A,31,Computer Science
Spring 2021,52530,C S, 361S,NETWORK SECURITY/PRIVACY-WB,"C S-361S: NETWORK SECURITY/PRIVACY-WB, Section no. 52530",Other,15,Computer Science
Spring 2021,52530,C S, 361S,NETWORK SECURITY/PRIVACY-WB,"C S-361S: NETWORK SECURITY/PRIVACY-WB, Section no. 52530",F,3,Computer Science
Spring 2021,52530,C S, 361S,NETWORK SECURITY/PRIVACY-WB,"C S-361S: NETWORK SECURITY/PRIVACY-WB, Section no. 52530",C-,1,Computer Science
Spring 2021,52530,C S, 361S,NETWORK SECURITY/PRIVACY-WB,"C S-361S: NETWORK SECURITY/PRIVACY-WB, Section no. 52530",C+,4,Computer Science
Spring 2021,52530,C S, 361S,NETWORK SECURITY/PRIVACY-WB,"C S-361S: NETWORK SECURITY/PRIVACY-WB, Section no. 52530",B-,3,Computer Science
Spring 2021,52530,C S, 361S,NETWORK SECURITY/PRIVACY-WB,"C S-361S: NETWORK SECURITY/PRIVACY-WB, Section no. 52530",B+,4,Computer Science
Spring 2021,52530,C S, 361S,NETWORK SECURITY/PRIVACY-WB,"C S-361S: NETWORK SECURITY/PRIVACY-WB, Section no. 52530",A,26,Computer Science
Spring 2021,52535,C S, 363D,INTRODUCTION TO DATA MINING-WB,"C S-363D: INTRODUCTION TO DATA MINING-WB, Section no. 52535",Other,13,Computer Science
Spring 2021,52535,C S, 363D,INTRODUCTION TO DATA MINING-WB,"C S-363D: INTRODUCTION TO DATA MINING-WB, Section no. 52535",D+,1,Computer Science
Spring 2021,52535,C S, 363D,INTRODUCTION TO DATA MINING-WB,"C S-363D: INTRODUCTION TO DATA MINING-WB, Section no. 52535",C-,1,Computer Science
Spring 2021,52535,C S, 363D,INTRODUCTION TO DATA MINING-WB,"C S-363D: INTRODUCTION TO DATA MINING-WB, Section no. 52535",B-,2,Computer Science
Spring 2021,52535,C S, 363D,INTRODUCTION TO DATA MINING-WB,"C S-363D: INTRODUCTION TO DATA MINING-WB, Section no. 52535",B+,4,Computer Science
Spring 2021,52535,C S, 363D,INTRODUCTION TO DATA MINING-WB,"C S-363D: INTRODUCTION TO DATA MINING-WB, Section no. 52535",A-,13,Computer Science
Spring 2021,52535,C S, 363D,INTRODUCTION TO DATA MINING-WB,"C S-363D: INTRODUCTION TO DATA MINING-WB, Section no. 52535",A,36,Computer Science
Spring 2021,52540,C S, 363D,INTRODUCTION TO DATA MINING-WB,"C S-363D: INTRODUCTION TO DATA MINING-WB, Section no. 52540",Other,19,Computer Science
Spring 2021,52540,C S, 363D,INTRODUCTION TO DATA MINING-WB,"C S-363D: INTRODUCTION TO DATA MINING-WB, Section no. 52540",C-,1,Computer Science
Spring 2021,52540,C S, 363D,INTRODUCTION TO DATA MINING-WB,"C S-363D: INTRODUCTION TO DATA MINING-WB, Section no. 52540",B,4,Computer Science
Spring 2021,52540,C S, 363D,INTRODUCTION TO DATA MINING-WB,"C S-363D: INTRODUCTION TO DATA MINING-WB, Section no. 52540",B+,2,Computer Science
Spring 2021,52540,C S, 363D,INTRODUCTION TO DATA MINING-WB,"C S-363D: INTRODUCTION TO DATA MINING-WB, Section no. 52540",A-,12,Computer Science
Spring 2021,52540,C S, 363D,INTRODUCTION TO DATA MINING-WB,"C S-363D: INTRODUCTION TO DATA MINING-WB, Section no. 52540",A,31,Computer Science
Spring 2021,52555,C S, 371L,IOS MOBILE COMPUTING-WB,"C S-371L: IOS MOBILE COMPUTING-WB, Section no. 52555",Other,3,Computer Science
Spring 2021,52555,C S, 371L,IOS MOBILE COMPUTING-WB,"C S-371L: IOS MOBILE COMPUTING-WB, Section no. 52555",B,3,Computer Science
Spring 2021,52555,C S, 371L,IOS MOBILE COMPUTING-WB,"C S-371L: IOS MOBILE COMPUTING-WB, Section no. 52555",B+,3,Computer Science
Spring 2021,52555,C S, 371L,IOS MOBILE COMPUTING-WB,"C S-371L: IOS MOBILE COMPUTING-WB, Section no. 52555",A-,6,Computer Science
Spring 2021,52555,C S, 371L,IOS MOBILE COMPUTING-WB,"C S-371L: IOS MOBILE COMPUTING-WB, Section no. 52555",A,45,Computer Science
Spring 2021,52565,C S, 371P,OBJECT-ORIENTED PROGRAMMING-WB,"C S-371P: OBJECT-ORIENTED PROGRAMMING-WB, Section no. 52565",Other,12,Computer Science
Spring 2021,52565,C S, 371P,OBJECT-ORIENTED PROGRAMMING-WB,"C S-371P: OBJECT-ORIENTED PROGRAMMING-WB, Section no. 52565",C+,1,Computer Science
Spring 2021,52565,C S, 371P,OBJECT-ORIENTED PROGRAMMING-WB,"C S-371P: OBJECT-ORIENTED PROGRAMMING-WB, Section no. 52565",B,1,Computer Science
Spring 2021,52565,C S, 371P,OBJECT-ORIENTED PROGRAMMING-WB,"C S-371P: OBJECT-ORIENTED PROGRAMMING-WB, Section no. 52565",B+,2,Computer Science
Spring 2021,52565,C S, 371P,OBJECT-ORIENTED PROGRAMMING-WB,"C S-371P: OBJECT-ORIENTED PROGRAMMING-WB, Section no. 52565",A-,2,Computer Science
Spring 2021,52565,C S, 371P,OBJECT-ORIENTED PROGRAMMING-WB,"C S-371P: OBJECT-ORIENTED PROGRAMMING-WB, Section no. 52565",A,81,Computer Science
Spring 2021,52570,C S, 373,SOFTWARE ENGINEERING-WB,"C S-373: SOFTWARE ENGINEERING-WB, Section no. 52570",Other,3,Computer Science
Spring 2021,52570,C S, 373,SOFTWARE ENGINEERING-WB,"C S-373: SOFTWARE ENGINEERING-WB, Section no. 52570",A-,4,Computer Science
Spring 2021,52570,C S, 373,SOFTWARE ENGINEERING-WB,"C S-373: SOFTWARE ENGINEERING-WB, Section no. 52570",A,52,Computer Science
Spring 2021,52575,C S, 373,SOFTWARE ENGINEERING-WB,"C S-373: SOFTWARE ENGINEERING-WB, Section no. 52575",Other,3,Computer Science
Spring 2021,52575,C S, 373,SOFTWARE ENGINEERING-WB,"C S-373: SOFTWARE ENGINEERING-WB, Section no. 52575",B-,1,Computer Science
Spring 2021,52575,C S, 373,SOFTWARE ENGINEERING-WB,"C S-373: SOFTWARE ENGINEERING-WB, Section no. 52575",A-,2,Computer Science
Spring 2021,52575,C S, 373,SOFTWARE ENGINEERING-WB,"C S-373: SOFTWARE ENGINEERING-WB, Section no. 52575",A,51,Computer Science
Spring 2021,52580,C S, 374L,LONGHORN STARTUP-WB,"C S-374L: LONGHORN STARTUP-WB, Section no. 52580",B-,1,Computer Science
Spring 2021,52580,C S, 374L,LONGHORN STARTUP-WB,"C S-374L: LONGHORN STARTUP-WB, Section no. 52580",B,1,Computer Science
Spring 2021,52580,C S, 374L,LONGHORN STARTUP-WB,"C S-374L: LONGHORN STARTUP-WB, Section no. 52580",A-,2,Computer Science
Spring 2021,52580,C S, 374L,LONGHORN STARTUP-WB,"C S-374L: LONGHORN STARTUP-WB, Section no. 52580",A,8,Computer Science
Spring 2021,52585,C S, 375,COMPILERS-WB,"C S-375: COMPILERS-WB, Section no. 52585",Other,17,Computer Science
Spring 2021,52585,C S, 375,COMPILERS-WB,"C S-375: COMPILERS-WB, Section no. 52585",C-,2,Computer Science
Spring 2021,52585,C S, 375,COMPILERS-WB,"C S-375: COMPILERS-WB, Section no. 52585",C+,1,Computer Science
Spring 2021,52585,C S, 375,COMPILERS-WB,"C S-375: COMPILERS-WB, Section no. 52585",B-,2,Computer Science
Spring 2021,52585,C S, 375,COMPILERS-WB,"C S-375: COMPILERS-WB, Section no. 52585",B,2,Computer Science
Spring 2021,52585,C S, 375,COMPILERS-WB,"C S-375: COMPILERS-WB, Section no. 52585",B+,1,Computer Science
Spring 2021,52585,C S, 375,COMPILERS-WB,"C S-375: COMPILERS-WB, Section no. 52585",A-,2,Computer Science
Spring 2021,52585,C S, 375,COMPILERS-WB,"C S-375: COMPILERS-WB, Section no. 52585",A,29,Computer Science
Spring 2021,52595,C S, 377P,PROGRAMMING FOR PERFORMANCE-WB,"C S-377P: PROGRAMMING FOR PERFORMANCE-WB, Section no. 52595",Other,16,Computer Science
Spring 2021,52595,C S, 377P,PROGRAMMING FOR PERFORMANCE-WB,"C S-377P: PROGRAMMING FOR PERFORMANCE-WB, Section no. 52595",F,1,Computer Science
Spring 2021,52595,C S, 377P,PROGRAMMING FOR PERFORMANCE-WB,"C S-377P: PROGRAMMING FOR PERFORMANCE-WB, Section no. 52595",B-,1,Computer Science
Spring 2021,52595,C S, 377P,PROGRAMMING FOR PERFORMANCE-WB,"C S-377P: PROGRAMMING FOR PERFORMANCE-WB, Section no. 52595",B,3,Computer Science
Spring 2021,52595,C S, 377P,PROGRAMMING FOR PERFORMANCE-WB,"C S-377P: PROGRAMMING FOR PERFORMANCE-WB, Section no. 52595",B+,1,Computer Science
Spring 2021,52595,C S, 377P,PROGRAMMING FOR PERFORMANCE-WB,"C S-377P: PROGRAMMING FOR PERFORMANCE-WB, Section no. 52595",A-,10,Computer Science
Spring 2021,52595,C S, 377P,PROGRAMMING FOR PERFORMANCE-WB,"C S-377P: PROGRAMMING FOR PERFORMANCE-WB, Section no. 52595",A,24,Computer Science
Spring 2021,52600,C S, 378,BEHAVIORAL ETHICS: DGTL AGE-WB,"C S-378: BEHAVIORAL ETHICS: DGTL AGE-WB, Section no. 52600",B+,1,Computer Science
Spring 2021,52600,C S, 378,BEHAVIORAL ETHICS: DGTL AGE-WB,"C S-378: BEHAVIORAL ETHICS: DGTL AGE-WB, Section no. 52600",A-,9,Computer Science
Spring 2021,52600,C S, 378,BEHAVIORAL ETHICS: DGTL AGE-WB,"C S-378: BEHAVIORAL ETHICS: DGTL AGE-WB, Section no. 52600",A,40,Computer Science
Spring 2021,52605,C S, 378,CLOUD COMPUTING-WB,"C S-378: CLOUD COMPUTING-WB, Section no. 52605",Other,33,Computer Science
Spring 2021,52605,C S, 378,CLOUD COMPUTING-WB,"C S-378: CLOUD COMPUTING-WB, Section no. 52605",B,1,Computer Science
Spring 2021,52605,C S, 378,CLOUD COMPUTING-WB,"C S-378: CLOUD COMPUTING-WB, Section no. 52605",B+,2,Computer Science
Spring 2021,52605,C S, 378,CLOUD COMPUTING-WB,"C S-378: CLOUD COMPUTING-WB, Section no. 52605",A-,9,Computer Science
Spring 2021,52605,C S, 378,CLOUD COMPUTING-WB,"C S-378: CLOUD COMPUTING-WB, Section no. 52605",A,15,Computer Science
Spring 2021,52610,C S, 378,CYBERPHYSICAL SYSTEMS-WB,"C S-378: CYBERPHYSICAL SYSTEMS-WB, Section no. 52610",Other,3,Computer Science
Spring 2021,52610,C S, 378,CYBERPHYSICAL SYSTEMS-WB,"C S-378: CYBERPHYSICAL SYSTEMS-WB, Section no. 52610",B,9,Computer Science
Spring 2021,52610,C S, 378,CYBERPHYSICAL SYSTEMS-WB,"C S-378: CYBERPHYSICAL SYSTEMS-WB, Section no. 52610",A-,6,Computer Science
Spring 2021,52610,C S, 378,CYBERPHYSICAL SYSTEMS-WB,"C S-378: CYBERPHYSICAL SYSTEMS-WB, Section no. 52610",A,9,Computer Science
Spring 2021,52615,C S, 378,ENERGY ANALYTICS-FRI-WB,"C S-378: ENERGY ANALYTICS-FRI-WB, Section no. 52615",Other,1,Computer Science
Spring 2021,52615,C S, 378,ENERGY ANALYTICS-FRI-WB,"C S-378: ENERGY ANALYTICS-FRI-WB, Section no. 52615",B,2,Computer Science
Spring 2021,52615,C S, 378,ENERGY ANALYTICS-FRI-WB,"C S-378: ENERGY ANALYTICS-FRI-WB, Section no. 52615",B+,2,Computer Science
Spring 2021,52615,C S, 378,ENERGY ANALYTICS-FRI-WB,"C S-378: ENERGY ANALYTICS-FRI-WB, Section no. 52615",A-,6,Computer Science
Spring 2021,52615,C S, 378,ENERGY ANALYTICS-FRI-WB,"C S-378: ENERGY ANALYTICS-FRI-WB, Section no. 52615",A,13,Computer Science
Spring 2021,52620,C S, 378,ETHICAL HACKING,"C S-378: ETHICAL HACKING, Section no. 52620",Other,12,Computer Science
Spring 2021,52620,C S, 378,ETHICAL HACKING,"C S-378: ETHICAL HACKING, Section no. 52620",B,1,Computer Science
Spring 2021,52620,C S, 378,ETHICAL HACKING,"C S-378: ETHICAL HACKING, Section no. 52620",B+,3,Computer Science
Spring 2021,52620,C S, 378,ETHICAL HACKING,"C S-378: ETHICAL HACKING, Section no. 52620",A-,4,Computer Science
Spring 2021,52620,C S, 378,ETHICAL HACKING,"C S-378: ETHICAL HACKING, Section no. 52620",A,44,Computer Science
Spring 2021,52625,C S, 378,F1/10 AUTONOMOUS DRIVING,"C S-378: F1/10 AUTONOMOUS DRIVING, Section no. 52625",A-,2,Computer Science
Spring 2021,52625,C S, 378,F1/10 AUTONOMOUS DRIVING,"C S-378: F1/10 AUTONOMOUS DRIVING, Section no. 52625",A,11,Computer Science
Spring 2021,52630,C S, 378,F1/10 AUTONOMOUS DRIVING-WB,"C S-378: F1/10 AUTONOMOUS DRIVING-WB, Section no. 52630",Other,1,Computer Science
Spring 2021,52630,C S, 378,F1/10 AUTONOMOUS DRIVING-WB,"C S-378: F1/10 AUTONOMOUS DRIVING-WB, Section no. 52630",B+,2,Computer Science
Spring 2021,52630,C S, 378,F1/10 AUTONOMOUS DRIVING-WB,"C S-378: F1/10 AUTONOMOUS DRIVING-WB, Section no. 52630",A-,2,Computer Science
Spring 2021,52630,C S, 378,F1/10 AUTONOMOUS DRIVING-WB,"C S-378: F1/10 AUTONOMOUS DRIVING-WB, Section no. 52630",A,12,Computer Science
Spring 2021,52635,C S, 378,MOBILE NEWS APP DESIGN-WB,"C S-378: MOBILE NEWS APP DESIGN-WB, Section no. 52635",F,2,Computer Science
Spring 2021,52635,C S, 378,MOBILE NEWS APP DESIGN-WB,"C S-378: MOBILE NEWS APP DESIGN-WB, Section no. 52635",A,12,Computer Science
Spring 2021,52640,C S, 378,MULTICORE OPER SYS IMPLMNTN-WB,"C S-378: MULTICORE OPER SYS IMPLMNTN-WB, Section no. 52640",Other,9,Computer Science
Spring 2021,52640,C S, 378,MULTICORE OPER SYS IMPLMNTN-WB,"C S-378: MULTICORE OPER SYS IMPLMNTN-WB, Section no. 52640",F,1,Computer Science
Spring 2021,52640,C S, 378,MULTICORE OPER SYS IMPLMNTN-WB,"C S-378: MULTICORE OPER SYS IMPLMNTN-WB, Section no. 52640",A-,8,Computer Science
Spring 2021,52640,C S, 378,MULTICORE OPER SYS IMPLMNTN-WB,"C S-378: MULTICORE OPER SYS IMPLMNTN-WB, Section no. 52640",A,12,Computer Science
Spring 2021,52645,C S, 378,NATURAL LANGUAGE PROCESSING-WB,"C S-378: NATURAL LANGUAGE PROCESSING-WB, Section no. 52645",Other,25,Computer Science
Spring 2021,52645,C S, 378,NATURAL LANGUAGE PROCESSING-WB,"C S-378: NATURAL LANGUAGE PROCESSING-WB, Section no. 52645",F,1,Computer Science
Spring 2021,52645,C S, 378,NATURAL LANGUAGE PROCESSING-WB,"C S-378: NATURAL LANGUAGE PROCESSING-WB, Section no. 52645",B-,4,Computer Science
Spring 2021,52645,C S, 378,NATURAL LANGUAGE PROCESSING-WB,"C S-378: NATURAL LANGUAGE PROCESSING-WB, Section no. 52645",B,3,Computer Science
Spring 2021,52645,C S, 378,NATURAL LANGUAGE PROCESSING-WB,"C S-378: NATURAL LANGUAGE PROCESSING-WB, Section no. 52645",B+,1,Computer Science
Spring 2021,52645,C S, 378,NATURAL LANGUAGE PROCESSING-WB,"C S-378: NATURAL LANGUAGE PROCESSING-WB, Section no. 52645",A-,3,Computer Science
Spring 2021,52645,C S, 378,NATURAL LANGUAGE PROCESSING-WB,"C S-378: NATURAL LANGUAGE PROCESSING-WB, Section no. 52645",A,18,Computer Science
Spring 2021,52650,C S, 378,PROG CORRECTNESS/PERFORMNC-WB,"C S-378: PROG CORRECTNESS/PERFORMNC-WB, Section no. 52650",Other,8,Computer Science
Spring 2021,52650,C S, 378,PROG CORRECTNESS/PERFORMNC-WB,"C S-378: PROG CORRECTNESS/PERFORMNC-WB, Section no. 52650",F,1,Computer Science
Spring 2021,52650,C S, 378,PROG CORRECTNESS/PERFORMNC-WB,"C S-378: PROG CORRECTNESS/PERFORMNC-WB, Section no. 52650",B-,1,Computer Science
Spring 2021,52650,C S, 378,PROG CORRECTNESS/PERFORMNC-WB,"C S-378: PROG CORRECTNESS/PERFORMNC-WB, Section no. 52650",B,5,Computer Science
Spring 2021,52650,C S, 378,PROG CORRECTNESS/PERFORMNC-WB,"C S-378: PROG CORRECTNESS/PERFORMNC-WB, Section no. 52650",A-,10,Computer Science
Spring 2021,52650,C S, 378,PROG CORRECTNESS/PERFORMNC-WB,"C S-378: PROG CORRECTNESS/PERFORMNC-WB, Section no. 52650",A,34,Computer Science
Spring 2021,52655,C S, 378,SYMBOLIC PROGRAMMING-WB,"C S-378: SYMBOLIC PROGRAMMING-WB, Section no. 52655",Other,5,Computer Science
Spring 2021,52655,C S, 378,SYMBOLIC PROGRAMMING-WB,"C S-378: SYMBOLIC PROGRAMMING-WB, Section no. 52655",B,2,Computer Science
Spring 2021,52655,C S, 378,SYMBOLIC PROGRAMMING-WB,"C S-378: SYMBOLIC PROGRAMMING-WB, Section no. 52655",A-,3,Computer Science
Spring 2021,52655,C S, 378,SYMBOLIC PROGRAMMING-WB,"C S-378: SYMBOLIC PROGRAMMING-WB, Section no. 52655",A,47,Computer Science
Spring 2021,52665,C S, 378H,COMPUTER GRAPHICS: HONORS-WB,"C S-378H: COMPUTER GRAPHICS: HONORS-WB, Section no. 52665",Other,10,Computer Science
Spring 2021,52665,C S, 378H,COMPUTER GRAPHICS: HONORS-WB,"C S-378H: COMPUTER GRAPHICS: HONORS-WB, Section no. 52665",B,1,Computer Science
Spring 2021,52665,C S, 378H,COMPUTER GRAPHICS: HONORS-WB,"C S-378H: COMPUTER GRAPHICS: HONORS-WB, Section no. 52665",B+,1,Computer Science
Spring 2021,52665,C S, 378H,COMPUTER GRAPHICS: HONORS-WB,"C S-378H: COMPUTER GRAPHICS: HONORS-WB, Section no. 52665",A-,3,Computer Science
Spring 2021,52665,C S, 378H,COMPUTER GRAPHICS: HONORS-WB,"C S-378H: COMPUTER GRAPHICS: HONORS-WB, Section no. 52665",A,18,Computer Science
Spring 2021,52670,C S, 378H,CONCURRENCY: HONORS-WB,"C S-378H: CONCURRENCY: HONORS-WB, Section no. 52670",Other,21,Computer Science
Spring 2021,52670,C S, 378H,CONCURRENCY: HONORS-WB,"C S-378H: CONCURRENCY: HONORS-WB, Section no. 52670",B,6,Computer Science
Spring 2021,52670,C S, 378H,CONCURRENCY: HONORS-WB,"C S-378H: CONCURRENCY: HONORS-WB, Section no. 52670",B+,1,Computer Science
Spring 2021,52670,C S, 378H,CONCURRENCY: HONORS-WB,"C S-378H: CONCURRENCY: HONORS-WB, Section no. 52670",A-,5,Computer Science
Spring 2021,52670,C S, 378H,CONCURRENCY: HONORS-WB,"C S-378H: CONCURRENCY: HONORS-WB, Section no. 52670",A,24,Computer Science
Spring 2021,52675,C S, 378H,INTRO TO DATA MINING: HON-WB,"C S-378H: INTRO TO DATA MINING: HON-WB, Section no. 52675",Other,18,Computer Science
Spring 2021,52675,C S, 378H,INTRO TO DATA MINING: HON-WB,"C S-378H: INTRO TO DATA MINING: HON-WB, Section no. 52675",B-,1,Computer Science
Spring 2021,52675,C S, 378H,INTRO TO DATA MINING: HON-WB,"C S-378H: INTRO TO DATA MINING: HON-WB, Section no. 52675",B,3,Computer Science
Spring 2021,52675,C S, 378H,INTRO TO DATA MINING: HON-WB,"C S-378H: INTRO TO DATA MINING: HON-WB, Section no. 52675",B+,5,Computer Science
Spring 2021,52675,C S, 378H,INTRO TO DATA MINING: HON-WB,"C S-378H: INTRO TO DATA MINING: HON-WB, Section no. 52675",A-,5,Computer Science
Spring 2021,52675,C S, 378H,INTRO TO DATA MINING: HON-WB,"C S-378H: INTRO TO DATA MINING: HON-WB, Section no. 52675",A,20,Computer Science
Spring 2021,52685,C S, 380D,DISTRIBUTED COMPUTING I-WB,"C S-380D: DISTRIBUTED COMPUTING I-WB, Section no. 52685",Other,5,Computer Science
Spring 2021,52685,C S, 380D,DISTRIBUTED COMPUTING I-WB,"C S-380D: DISTRIBUTED COMPUTING I-WB, Section no. 52685",B-,1,Computer Science
Spring 2021,52685,C S, 380D,DISTRIBUTED COMPUTING I-WB,"C S-380D: DISTRIBUTED COMPUTING I-WB, Section no. 52685",B+,2,Computer Science
Spring 2021,52685,C S, 380D,DISTRIBUTED COMPUTING I-WB,"C S-380D: DISTRIBUTED COMPUTING I-WB, Section no. 52685",A-,4,Computer Science
Spring 2021,52685,C S, 380D,DISTRIBUTED COMPUTING I-WB,"C S-380D: DISTRIBUTED COMPUTING I-WB, Section no. 52685",A,12,Computer Science
Spring 2021,52690,C S, 380L,ADVNCD OPERATING SYSTEMS-WB,"C S-380L: ADVNCD OPERATING SYSTEMS-WB, Section no. 52690",Other,14,Computer Science
Spring 2021,52690,C S, 380L,ADVNCD OPERATING SYSTEMS-WB,"C S-380L: ADVNCD OPERATING SYSTEMS-WB, Section no. 52690",F,5,Computer Science
Spring 2021,52690,C S, 380L,ADVNCD OPERATING SYSTEMS-WB,"C S-380L: ADVNCD OPERATING SYSTEMS-WB, Section no. 52690",C,2,Computer Science
Spring 2021,52690,C S, 380L,ADVNCD OPERATING SYSTEMS-WB,"C S-380L: ADVNCD OPERATING SYSTEMS-WB, Section no. 52690",B-,5,Computer Science
Spring 2021,52690,C S, 380L,ADVNCD OPERATING SYSTEMS-WB,"C S-380L: ADVNCD OPERATING SYSTEMS-WB, Section no. 52690",B,9,Computer Science
Spring 2021,52690,C S, 380L,ADVNCD OPERATING SYSTEMS-WB,"C S-380L: ADVNCD OPERATING SYSTEMS-WB, Section no. 52690",B+,15,Computer Science
Spring 2021,52690,C S, 380L,ADVNCD OPERATING SYSTEMS-WB,"C S-380L: ADVNCD OPERATING SYSTEMS-WB, Section no. 52690",A-,38,Computer Science
Spring 2021,52690,C S, 380L,ADVNCD OPERATING SYSTEMS-WB,"C S-380L: ADVNCD OPERATING SYSTEMS-WB, Section no. 52690",A,35,Computer Science
Spring 2021,52695,C S, 380S,THRY & PRAC OF SECURE SYS-WB,"C S-380S: THRY & PRAC OF SECURE SYS-WB, Section no. 52695",Other,1,Computer Science
Spring 2021,52695,C S, 380S,THRY & PRAC OF SECURE SYS-WB,"C S-380S: THRY & PRAC OF SECURE SYS-WB, Section no. 52695",C+,1,Computer Science
Spring 2021,52695,C S, 380S,THRY & PRAC OF SECURE SYS-WB,"C S-380S: THRY & PRAC OF SECURE SYS-WB, Section no. 52695",B-,1,Computer Science
Spring 2021,52695,C S, 380S,THRY & PRAC OF SECURE SYS-WB,"C S-380S: THRY & PRAC OF SECURE SYS-WB, Section no. 52695",B,2,Computer Science
Spring 2021,52695,C S, 380S,THRY & PRAC OF SECURE SYS-WB,"C S-380S: THRY & PRAC OF SECURE SYS-WB, Section no. 52695",B+,1,Computer Science
Spring 2021,52695,C S, 380S,THRY & PRAC OF SECURE SYS-WB,"C S-380S: THRY & PRAC OF SECURE SYS-WB, Section no. 52695",A-,3,Computer Science
Spring 2021,52695,C S, 380S,THRY & PRAC OF SECURE SYS-WB,"C S-380S: THRY & PRAC OF SECURE SYS-WB, Section no. 52695",A,2,Computer Science
Spring 2021,52700,C S, 383C,NUMRCL ANLY: LINEAR ALGEBRA-WB,"C S-383C: NUMRCL ANLY: LINEAR ALGEBRA-WB, Section no. 52700",Other,45,Computer Science
Spring 2021,52700,C S, 383C,NUMRCL ANLY: LINEAR ALGEBRA-WB,"C S-383C: NUMRCL ANLY: LINEAR ALGEBRA-WB, Section no. 52700",F,7,Computer Science
Spring 2021,52700,C S, 383C,NUMRCL ANLY: LINEAR ALGEBRA-WB,"C S-383C: NUMRCL ANLY: LINEAR ALGEBRA-WB, Section no. 52700",C,7,Computer Science
Spring 2021,52700,C S, 383C,NUMRCL ANLY: LINEAR ALGEBRA-WB,"C S-383C: NUMRCL ANLY: LINEAR ALGEBRA-WB, Section no. 52700",B-,1,Computer Science
Spring 2021,52700,C S, 383C,NUMRCL ANLY: LINEAR ALGEBRA-WB,"C S-383C: NUMRCL ANLY: LINEAR ALGEBRA-WB, Section no. 52700",B,5,Computer Science
Spring 2021,52700,C S, 383C,NUMRCL ANLY: LINEAR ALGEBRA-WB,"C S-383C: NUMRCL ANLY: LINEAR ALGEBRA-WB, Section no. 52700",B+,4,Computer Science
Spring 2021,52700,C S, 383C,NUMRCL ANLY: LINEAR ALGEBRA-WB,"C S-383C: NUMRCL ANLY: LINEAR ALGEBRA-WB, Section no. 52700",A-,10,Computer Science
Spring 2021,52700,C S, 383C,NUMRCL ANLY: LINEAR ALGEBRA-WB,"C S-383C: NUMRCL ANLY: LINEAR ALGEBRA-WB, Section no. 52700",A,132,Computer Science
Spring 2021,52704,C S, 384P,PHYSCL SIMULTN COMP GRAPHCS-WB,"C S-384P: PHYSCL SIMULTN COMP GRAPHCS-WB, Section no. 52704",Other,2,Computer Science
Spring 2021,52704,C S, 384P,PHYSCL SIMULTN COMP GRAPHCS-WB,"C S-384P: PHYSCL SIMULTN COMP GRAPHCS-WB, Section no. 52704",B-,1,Computer Science
Spring 2021,52704,C S, 384P,PHYSCL SIMULTN COMP GRAPHCS-WB,"C S-384P: PHYSCL SIMULTN COMP GRAPHCS-WB, Section no. 52704",B+,1,Computer Science
Spring 2021,52704,C S, 384P,PHYSCL SIMULTN COMP GRAPHCS-WB,"C S-384P: PHYSCL SIMULTN COMP GRAPHCS-WB, Section no. 52704",A-,1,Computer Science
Spring 2021,52704,C S, 384P,PHYSCL SIMULTN COMP GRAPHCS-WB,"C S-384P: PHYSCL SIMULTN COMP GRAPHCS-WB, Section no. 52704",A,14,Computer Science
Spring 2021,52705,C S, 386D,DATABASE SYSTEMS-WB,"C S-386D: DATABASE SYSTEMS-WB, Section no. 52705",Other,2,Computer Science
Spring 2021,52705,C S, 386D,DATABASE SYSTEMS-WB,"C S-386D: DATABASE SYSTEMS-WB, Section no. 52705",B,2,Computer Science
Spring 2021,52705,C S, 386D,DATABASE SYSTEMS-WB,"C S-386D: DATABASE SYSTEMS-WB, Section no. 52705",B+,1,Computer Science
Spring 2021,52705,C S, 386D,DATABASE SYSTEMS-WB,"C S-386D: DATABASE SYSTEMS-WB, Section no. 52705",A-,1,Computer Science
Spring 2021,52705,C S, 386D,DATABASE SYSTEMS-WB,"C S-386D: DATABASE SYSTEMS-WB, Section no. 52705",A,4,Computer Science
Spring 2021,52710,C S, 386L,PROGRAMMING LANGUAGES-WB,"C S-386L: PROGRAMMING LANGUAGES-WB, Section no. 52710",Other,2,Computer Science
Spring 2021,52710,C S, 386L,PROGRAMMING LANGUAGES-WB,"C S-386L: PROGRAMMING LANGUAGES-WB, Section no. 52710",F,1,Computer Science
Spring 2021,52710,C S, 386L,PROGRAMMING LANGUAGES-WB,"C S-386L: PROGRAMMING LANGUAGES-WB, Section no. 52710",B+,1,Computer Science
Spring 2021,52710,C S, 386L,PROGRAMMING LANGUAGES-WB,"C S-386L: PROGRAMMING LANGUAGES-WB, Section no. 52710",A,24,Computer Science
Spring 2021,52715,C S, 388,NATURAL LANGUAGE PROCESSING-WB,"C S-388: NATURAL LANGUAGE PROCESSING-WB, Section no. 52715",Other,2,Computer Science
Spring 2021,52715,C S, 388,NATURAL LANGUAGE PROCESSING-WB,"C S-388: NATURAL LANGUAGE PROCESSING-WB, Section no. 52715",B+,2,Computer Science
Spring 2021,52715,C S, 388,NATURAL LANGUAGE PROCESSING-WB,"C S-388: NATURAL LANGUAGE PROCESSING-WB, Section no. 52715",A-,5,Computer Science
Spring 2021,52715,C S, 388,NATURAL LANGUAGE PROCESSING-WB,"C S-388: NATURAL LANGUAGE PROCESSING-WB, Section no. 52715",A,40,Computer Science
Spring 2021,52720,C S, 388,NATURAL LANGUAGE PROCESSING-WB,"C S-388: NATURAL LANGUAGE PROCESSING-WB, Section no. 52720",Other,16,Computer Science
Spring 2021,52720,C S, 388,NATURAL LANGUAGE PROCESSING-WB,"C S-388: NATURAL LANGUAGE PROCESSING-WB, Section no. 52720",F,4,Computer Science
Spring 2021,52720,C S, 388,NATURAL LANGUAGE PROCESSING-WB,"C S-388: NATURAL LANGUAGE PROCESSING-WB, Section no. 52720",C+,1,Computer Science
Spring 2021,52720,C S, 388,NATURAL LANGUAGE PROCESSING-WB,"C S-388: NATURAL LANGUAGE PROCESSING-WB, Section no. 52720",B-,3,Computer Science
Spring 2021,52720,C S, 388,NATURAL LANGUAGE PROCESSING-WB,"C S-388: NATURAL LANGUAGE PROCESSING-WB, Section no. 52720",B,6,Computer Science
Spring 2021,52720,C S, 388,NATURAL LANGUAGE PROCESSING-WB,"C S-388: NATURAL LANGUAGE PROCESSING-WB, Section no. 52720",B+,5,Computer Science
Spring 2021,52720,C S, 388,NATURAL LANGUAGE PROCESSING-WB,"C S-388: NATURAL LANGUAGE PROCESSING-WB, Section no. 52720",A-,9,Computer Science
Spring 2021,52720,C S, 388,NATURAL LANGUAGE PROCESSING-WB,"C S-388: NATURAL LANGUAGE PROCESSING-WB, Section no. 52720",A,147,Computer Science
Spring 2021,52725,C S, 388C,COMBINATORICS & GRAPH THRY-WB,"C S-388C: COMBINATORICS & GRAPH THRY-WB, Section no. 52725",Other,2,Computer Science
Spring 2021,52725,C S, 388C,COMBINATORICS & GRAPH THRY-WB,"C S-388C: COMBINATORICS & GRAPH THRY-WB, Section no. 52725",B,5,Computer Science
Spring 2021,52725,C S, 388C,COMBINATORICS & GRAPH THRY-WB,"C S-388C: COMBINATORICS & GRAPH THRY-WB, Section no. 52725",B+,1,Computer Science
Spring 2021,52725,C S, 388C,COMBINATORICS & GRAPH THRY-WB,"C S-388C: COMBINATORICS & GRAPH THRY-WB, Section no. 52725",A-,2,Computer Science
Spring 2021,52725,C S, 388C,COMBINATORICS & GRAPH THRY-WB,"C S-388C: COMBINATORICS & GRAPH THRY-WB, Section no. 52725",A,18,Computer Science
Spring 2021,52730,C S, 388G,ALGORITHMS: TECHNIQUES/THRY-WB,"C S-388G: ALGORITHMS: TECHNIQUES/THRY-WB, Section no. 52730",Other,3,Computer Science
Spring 2021,52730,C S, 388G,ALGORITHMS: TECHNIQUES/THRY-WB,"C S-388G: ALGORITHMS: TECHNIQUES/THRY-WB, Section no. 52730",B,4,Computer Science
Spring 2021,52730,C S, 388G,ALGORITHMS: TECHNIQUES/THRY-WB,"C S-388G: ALGORITHMS: TECHNIQUES/THRY-WB, Section no. 52730",B+,3,Computer Science
Spring 2021,52730,C S, 388G,ALGORITHMS: TECHNIQUES/THRY-WB,"C S-388G: ALGORITHMS: TECHNIQUES/THRY-WB, Section no. 52730",A-,6,Computer Science
Spring 2021,52730,C S, 388G,ALGORITHMS: TECHNIQUES/THRY-WB,"C S-388G: ALGORITHMS: TECHNIQUES/THRY-WB, Section no. 52730",A,7,Computer Science
Spring 2021,52735,C S, 388G,ALGORITHMS: TECHNQS & THRY-WB,"C S-388G: ALGORITHMS: TECHNQS & THRY-WB, Section no. 52735",Other,28,Computer Science
Spring 2021,52735,C S, 388G,ALGORITHMS: TECHNQS & THRY-WB,"C S-388G: ALGORITHMS: TECHNQS & THRY-WB, Section no. 52735",D,1,Computer Science
Spring 2021,52735,C S, 388G,ALGORITHMS: TECHNQS & THRY-WB,"C S-388G: ALGORITHMS: TECHNQS & THRY-WB, Section no. 52735",C,2,Computer Science
Spring 2021,52735,C S, 388G,ALGORITHMS: TECHNQS & THRY-WB,"C S-388G: ALGORITHMS: TECHNQS & THRY-WB, Section no. 52735",C+,1,Computer Science
Spring 2021,52735,C S, 388G,ALGORITHMS: TECHNQS & THRY-WB,"C S-388G: ALGORITHMS: TECHNQS & THRY-WB, Section no. 52735",B-,4,Computer Science
Spring 2021,52735,C S, 388G,ALGORITHMS: TECHNQS & THRY-WB,"C S-388G: ALGORITHMS: TECHNQS & THRY-WB, Section no. 52735",B,7,Computer Science
Spring 2021,52735,C S, 388G,ALGORITHMS: TECHNQS & THRY-WB,"C S-388G: ALGORITHMS: TECHNQS & THRY-WB, Section no. 52735",B+,7,Computer Science
Spring 2021,52735,C S, 388G,ALGORITHMS: TECHNQS & THRY-WB,"C S-388G: ALGORITHMS: TECHNQS & THRY-WB, Section no. 52735",A-,8,Computer Science
Spring 2021,52735,C S, 388G,ALGORITHMS: TECHNQS & THRY-WB,"C S-388G: ALGORITHMS: TECHNQS & THRY-WB, Section no. 52735",A,12,Computer Science
Spring 2021,52740,C S, 389L,AUTOMATED LOGICAL REASONING-WB,"C S-389L: AUTOMATED LOGICAL REASONING-WB, Section no. 52740",Other,1,Computer Science
Spring 2021,52740,C S, 389L,AUTOMATED LOGICAL REASONING-WB,"C S-389L: AUTOMATED LOGICAL REASONING-WB, Section no. 52740",C+,1,Computer Science
Spring 2021,52740,C S, 389L,AUTOMATED LOGICAL REASONING-WB,"C S-389L: AUTOMATED LOGICAL REASONING-WB, Section no. 52740",B,4,Computer Science
Spring 2021,52740,C S, 389L,AUTOMATED LOGICAL REASONING-WB,"C S-389L: AUTOMATED LOGICAL REASONING-WB, Section no. 52740",B+,3,Computer Science
Spring 2021,52740,C S, 389L,AUTOMATED LOGICAL REASONING-WB,"C S-389L: AUTOMATED LOGICAL REASONING-WB, Section no. 52740",A-,10,Computer Science
Spring 2021,52740,C S, 389L,AUTOMATED LOGICAL REASONING-WB,"C S-389L: AUTOMATED LOGICAL REASONING-WB, Section no. 52740",A,20,Computer Science
Spring 2021,52745,C S, 391L,MACHINE LEARNING-WB,"C S-391L: MACHINE LEARNING-WB, Section no. 52745",Other,29,Computer Science
Spring 2021,52745,C S, 391L,MACHINE LEARNING-WB,"C S-391L: MACHINE LEARNING-WB, Section no. 52745",C,10,Computer Science
Spring 2021,52745,C S, 391L,MACHINE LEARNING-WB,"C S-391L: MACHINE LEARNING-WB, Section no. 52745",B-,10,Computer Science
Spring 2021,52745,C S, 391L,MACHINE LEARNING-WB,"C S-391L: MACHINE LEARNING-WB, Section no. 52745",B,41,Computer Science
Spring 2021,52745,C S, 391L,MACHINE LEARNING-WB,"C S-391L: MACHINE LEARNING-WB, Section no. 52745",A,74,Computer Science
Spring 2021,52750,C S, 394D,DEEP LEARNING-WB,"C S-394D: DEEP LEARNING-WB, Section no. 52750",Other,14,Computer Science
Spring 2021,52750,C S, 394D,DEEP LEARNING-WB,"C S-394D: DEEP LEARNING-WB, Section no. 52750",F,4,Computer Science
Spring 2021,52750,C S, 394D,DEEP LEARNING-WB,"C S-394D: DEEP LEARNING-WB, Section no. 52750",C,1,Computer Science
Spring 2021,52750,C S, 394D,DEEP LEARNING-WB,"C S-394D: DEEP LEARNING-WB, Section no. 52750",B,1,Computer Science
Spring 2021,52750,C S, 394D,DEEP LEARNING-WB,"C S-394D: DEEP LEARNING-WB, Section no. 52750",B+,2,Computer Science
Spring 2021,52750,C S, 394D,DEEP LEARNING-WB,"C S-394D: DEEP LEARNING-WB, Section no. 52750",A-,8,Computer Science
Spring 2021,52750,C S, 394D,DEEP LEARNING-WB,"C S-394D: DEEP LEARNING-WB, Section no. 52750",A,25,Computer Science
Spring 2021,52755,C S, 394R,REINFRCMNT LEARN: THRY/PRAC-WB,"C S-394R: REINFRCMNT LEARN: THRY/PRAC-WB, Section no. 52755",Other,17,Computer Science
Spring 2021,52755,C S, 394R,REINFRCMNT LEARN: THRY/PRAC-WB,"C S-394R: REINFRCMNT LEARN: THRY/PRAC-WB, Section no. 52755",F,3,Computer Science
Spring 2021,52755,C S, 394R,REINFRCMNT LEARN: THRY/PRAC-WB,"C S-394R: REINFRCMNT LEARN: THRY/PRAC-WB, Section no. 52755",D,1,Computer Science
Spring 2021,52755,C S, 394R,REINFRCMNT LEARN: THRY/PRAC-WB,"C S-394R: REINFRCMNT LEARN: THRY/PRAC-WB, Section no. 52755",C,4,Computer Science
Spring 2021,52755,C S, 394R,REINFRCMNT LEARN: THRY/PRAC-WB,"C S-394R: REINFRCMNT LEARN: THRY/PRAC-WB, Section no. 52755",C+,3,Computer Science
Spring 2021,52755,C S, 394R,REINFRCMNT LEARN: THRY/PRAC-WB,"C S-394R: REINFRCMNT LEARN: THRY/PRAC-WB, Section no. 52755",B-,15,Computer Science
Spring 2021,52755,C S, 394R,REINFRCMNT LEARN: THRY/PRAC-WB,"C S-394R: REINFRCMNT LEARN: THRY/PRAC-WB, Section no. 52755",B,14,Computer Science
Spring 2021,52755,C S, 394R,REINFRCMNT LEARN: THRY/PRAC-WB,"C S-394R: REINFRCMNT LEARN: THRY/PRAC-WB, Section no. 52755",B+,19,Computer Science
Spring 2021,52755,C S, 394R,REINFRCMNT LEARN: THRY/PRAC-WB,"C S-394R: REINFRCMNT LEARN: THRY/PRAC-WB, Section no. 52755",A-,22,Computer Science
Spring 2021,52755,C S, 394R,REINFRCMNT LEARN: THRY/PRAC-WB,"C S-394R: REINFRCMNT LEARN: THRY/PRAC-WB, Section no. 52755",A,19,Computer Science
Spring 2021,52795,C S, 395T,ADV TOPICS IN MACHINE LRNG-WB,"C S-395T: ADV TOPICS IN MACHINE LRNG-WB, Section no. 52795",Other,2,Computer Science
Spring 2021,52795,C S, 395T,ADV TOPICS IN MACHINE LRNG-WB,"C S-395T: ADV TOPICS IN MACHINE LRNG-WB, Section no. 52795",A,14,Computer Science
Spring 2021,52805,C S, 395T,FDTNL TCHNQ ML/DATA SCI-WB,"C S-395T: FDTNL TCHNQ ML/DATA SCI-WB, Section no. 52805",B-,1,Computer Science
Spring 2021,52805,C S, 395T,FDTNL TCHNQ ML/DATA SCI-WB,"C S-395T: FDTNL TCHNQ ML/DATA SCI-WB, Section no. 52805",A-,2,Computer Science
Spring 2021,52805,C S, 395T,FDTNL TCHNQ ML/DATA SCI-WB,"C S-395T: FDTNL TCHNQ ML/DATA SCI-WB, Section no. 52805",A,2,Computer Science
Spring 2021,52810,C S, 395T,GROUNDED NAT LANG PROCESSNG-WB,"C S-395T: GROUNDED NAT LANG PROCESSNG-WB, Section no. 52810",A-,3,Computer Science
Spring 2021,52810,C S, 395T,GROUNDED NAT LANG PROCESSNG-WB,"C S-395T: GROUNDED NAT LANG PROCESSNG-WB, Section no. 52810",A,7,Computer Science
Spring 2021,52820,C S, 395T,NUMER OPTIMIZ: GRAPHICS/AI-WB,"C S-395T: NUMER OPTIMIZ: GRAPHICS/AI-WB, Section no. 52820",Other,3,Computer Science
Spring 2021,52820,C S, 395T,NUMER OPTIMIZ: GRAPHICS/AI-WB,"C S-395T: NUMER OPTIMIZ: GRAPHICS/AI-WB, Section no. 52820",A-,2,Computer Science
Spring 2021,52820,C S, 395T,NUMER OPTIMIZ: GRAPHICS/AI-WB,"C S-395T: NUMER OPTIMIZ: GRAPHICS/AI-WB, Section no. 52820",A,18,Computer Science
Spring 2021,52825,C S, 395T,ONLINE LRNG/OPTIMIZATION-WB,"C S-395T: ONLINE LRNG/OPTIMIZATION-WB, Section no. 52825",Other,4,Computer Science
Spring 2021,52825,C S, 395T,ONLINE LRNG/OPTIMIZATION-WB,"C S-395T: ONLINE LRNG/OPTIMIZATION-WB, Section no. 52825",C+,1,Computer Science
Spring 2021,52825,C S, 395T,ONLINE LRNG/OPTIMIZATION-WB,"C S-395T: ONLINE LRNG/OPTIMIZATION-WB, Section no. 52825",B+,3,Computer Science
Spring 2021,52825,C S, 395T,ONLINE LRNG/OPTIMIZATION-WB,"C S-395T: ONLINE LRNG/OPTIMIZATION-WB, Section no. 52825",A-,8,Computer Science
Spring 2021,52825,C S, 395T,ONLINE LRNG/OPTIMIZATION-WB,"C S-395T: ONLINE LRNG/OPTIMIZATION-WB, Section no. 52825",A,43,Computer Science
Spring 2021,52840,C S, 395T,QUANTM/CLASCL COMPLXTY THRY-WB,"C S-395T: QUANTM/CLASCL COMPLXTY THRY-WB, Section no. 52840",Other,1,Computer Science
Spring 2021,52840,C S, 395T,QUANTM/CLASCL COMPLXTY THRY-WB,"C S-395T: QUANTM/CLASCL COMPLXTY THRY-WB, Section no. 52840",F,1,Computer Science
Spring 2021,52840,C S, 395T,QUANTM/CLASCL COMPLXTY THRY-WB,"C S-395T: QUANTM/CLASCL COMPLXTY THRY-WB, Section no. 52840",C+,1,Computer Science
Spring 2021,52840,C S, 395T,QUANTM/CLASCL COMPLXTY THRY-WB,"C S-395T: QUANTM/CLASCL COMPLXTY THRY-WB, Section no. 52840",B-,2,Computer Science
Spring 2021,52840,C S, 395T,QUANTM/CLASCL COMPLXTY THRY-WB,"C S-395T: QUANTM/CLASCL COMPLXTY THRY-WB, Section no. 52840",B,1,Computer Science
Spring 2021,52840,C S, 395T,QUANTM/CLASCL COMPLXTY THRY-WB,"C S-395T: QUANTM/CLASCL COMPLXTY THRY-WB, Section no. 52840",B+,1,Computer Science
Spring 2021,52840,C S, 395T,QUANTM/CLASCL COMPLXTY THRY-WB,"C S-395T: QUANTM/CLASCL COMPLXTY THRY-WB, Section no. 52840",A-,2,Computer Science
Spring 2021,52840,C S, 395T,QUANTM/CLASCL COMPLXTY THRY-WB,"C S-395T: QUANTM/CLASCL COMPLXTY THRY-WB, Section no. 52840",A,7,Computer Science
Spring 2021,52845,C S, 395T,SPOKEN LANG TECHNOLOGIES-WB,"C S-395T: SPOKEN LANG TECHNOLOGIES-WB, Section no. 52845",B-,1,Computer Science
Spring 2021,52845,C S, 395T,SPOKEN LANG TECHNOLOGIES-WB,"C S-395T: SPOKEN LANG TECHNOLOGIES-WB, Section no. 52845",A-,1,Computer Science
Spring 2021,52845,C S, 395T,SPOKEN LANG TECHNOLOGIES-WB,"C S-395T: SPOKEN LANG TECHNOLOGIES-WB, Section no. 52845",A,14,Computer Science
Spring 2021,52850,C S, 395T,SYS VERIFICATION/SYNTHESIS-WB,"C S-395T: SYS VERIFICATION/SYNTHESIS-WB, Section no. 52850",B-,1,Computer Science
Spring 2021,52850,C S, 395T,SYS VERIFICATION/SYNTHESIS-WB,"C S-395T: SYS VERIFICATION/SYNTHESIS-WB, Section no. 52850",B,1,Computer Science
Spring 2021,52850,C S, 395T,SYS VERIFICATION/SYNTHESIS-WB,"C S-395T: SYS VERIFICATION/SYNTHESIS-WB, Section no. 52850",A-,1,Computer Science
Spring 2021,52850,C S, 395T,SYS VERIFICATION/SYNTHESIS-WB,"C S-395T: SYS VERIFICATION/SYNTHESIS-WB, Section no. 52850",A,11,Computer Science
Spring 2021,57440,DSC, 381,PROB/SIM-BASD INFR DATA SCI-WB,"DSC-381: PROB/SIM-BASD INFR DATA SCI-WB, Section no. 57440",Other,38,Data Science
Spring 2021,57440,DSC, 381,PROB/SIM-BASD INFR DATA SCI-WB,"DSC-381: PROB/SIM-BASD INFR DATA SCI-WB, Section no. 57440",F,15,Data Science
Spring 2021,57440,DSC, 381,PROB/SIM-BASD INFR DATA SCI-WB,"DSC-381: PROB/SIM-BASD INFR DATA SCI-WB, Section no. 57440",D-,3,Data Science
Spring 2021,57440,DSC, 381,PROB/SIM-BASD INFR DATA SCI-WB,"DSC-381: PROB/SIM-BASD INFR DATA SCI-WB, Section no. 57440",D,2,Data Science
Spring 2021,57440,DSC, 381,PROB/SIM-BASD INFR DATA SCI-WB,"DSC-381: PROB/SIM-BASD INFR DATA SCI-WB, Section no. 57440",C,4,Data Science
Spring 2021,57440,DSC, 381,PROB/SIM-BASD INFR DATA SCI-WB,"DSC-381: PROB/SIM-BASD INFR DATA SCI-WB, Section no. 57440",C+,6,Data Science
Spring 2021,57440,DSC, 381,PROB/SIM-BASD INFR DATA SCI-WB,"DSC-381: PROB/SIM-BASD INFR DATA SCI-WB, Section no. 57440",B-,10,Data Science
Spring 2021,57440,DSC, 381,PROB/SIM-BASD INFR DATA SCI-WB,"DSC-381: PROB/SIM-BASD INFR DATA SCI-WB, Section no. 57440",B,19,Data Science
Spring 2021,57440,DSC, 381,PROB/SIM-BASD INFR DATA SCI-WB,"DSC-381: PROB/SIM-BASD INFR DATA SCI-WB, Section no. 57440",B+,20,Data Science
Spring 2021,57440,DSC, 381,PROB/SIM-BASD INFR DATA SCI-WB,"DSC-381: PROB/SIM-BASD INFR DATA SCI-WB, Section no. 57440",A-,36,Data Science
Spring 2021,57440,DSC, 381,PROB/SIM-BASD INFR DATA SCI-WB,"DSC-381: PROB/SIM-BASD INFR DATA SCI-WB, Section no. 57440",A,141,Data Science
Spring 2021,57441,DSC, 391L,PRINCIPLES MACHINE LEARNING-WB,"DSC-391L: PRINCIPLES MACHINE LEARNING-WB, Section no. 57441",Other,32,Data Science
Spring 2021,57441,DSC, 391L,PRINCIPLES MACHINE LEARNING-WB,"DSC-391L: PRINCIPLES MACHINE LEARNING-WB, Section no. 57441",C,5,Data Science
Spring 2021,57441,DSC, 391L,PRINCIPLES MACHINE LEARNING-WB,"DSC-391L: PRINCIPLES MACHINE LEARNING-WB, Section no. 57441",B-,9,Data Science
Spring 2021,57441,DSC, 391L,PRINCIPLES MACHINE LEARNING-WB,"DSC-391L: PRINCIPLES MACHINE LEARNING-WB, Section no. 57441",B,26,Data Science
Spring 2021,57441,DSC, 391L,PRINCIPLES MACHINE LEARNING-WB,"DSC-391L: PRINCIPLES MACHINE LEARNING-WB, Section no. 57441",A,38,Data Science
Spring 2021,57443,DSC, 395T,DEEP LEARNING-WB,"DSC-395T: DEEP LEARNING-WB, Section no. 57443",Other,6,Data Science
Spring 2021,57443,DSC, 395T,DEEP LEARNING-WB,"DSC-395T: DEEP LEARNING-WB, Section no. 57443",C+,1,Data Science
Spring 2021,57443,DSC, 395T,DEEP LEARNING-WB,"DSC-395T: DEEP LEARNING-WB, Section no. 57443",B+,1,Data Science
Spring 2021,57443,DSC, 395T,DEEP LEARNING-WB,"DSC-395T: DEEP LEARNING-WB, Section no. 57443",A-,1,Data Science
Spring 2021,57443,DSC, 395T,DEEP LEARNING-WB,"DSC-395T: DEEP LEARNING-WB, Section no. 57443",A,1,Data Science
Spring 2021,57444,DSC, 395T,NATURAL LANGUAGE PROCESSING-WB,"DSC-395T: NATURAL LANGUAGE PROCESSING-WB, Section no. 57444",Other,8,Data Science
Spring 2021,57444,DSC, 395T,NATURAL LANGUAGE PROCESSING-WB,"DSC-395T: NATURAL LANGUAGE PROCESSING-WB, Section no. 57444",B-,1,Data Science
Spring 2021,57444,DSC, 395T,NATURAL LANGUAGE PROCESSING-WB,"DSC-395T: NATURAL LANGUAGE PROCESSING-WB, Section no. 57444",B,1,Data Science
Spring 2021,57444,DSC, 395T,NATURAL LANGUAGE PROCESSING-WB,"DSC-395T: NATURAL LANGUAGE PROCESSING-WB, Section no. 57444",A-,1,Data Science
Spring 2021,57444,DSC, 395T,NATURAL LANGUAGE PROCESSING-WB,"DSC-395T: NATURAL LANGUAGE PROCESSING-WB, Section no. 57444",A,7,Data Science
Summer 2021,86605,C S,N303E,ELEMS OF COMPUTERS/PRGRMMNG-WB,"C S-N303E: ELEMS OF COMPUTERS/PRGRMMNG-WB, Section no. 86605",Other,38,Computer Science
Summer 2021,86605,C S,N303E,ELEMS OF COMPUTERS/PRGRMMNG-WB,"C S-N303E: ELEMS OF COMPUTERS/PRGRMMNG-WB, Section no. 86605",F,5,Computer Science
Summer 2021,86605,C S,N303E,ELEMS OF COMPUTERS/PRGRMMNG-WB,"C S-N303E: ELEMS OF COMPUTERS/PRGRMMNG-WB, Section no. 86605",D-,2,Computer Science
Summer 2021,86605,C S,N303E,ELEMS OF COMPUTERS/PRGRMMNG-WB,"C S-N303E: ELEMS OF COMPUTERS/PRGRMMNG-WB, Section no. 86605",D,2,Computer Science
Summer 2021,86605,C S,N303E,ELEMS OF COMPUTERS/PRGRMMNG-WB,"C S-N303E: ELEMS OF COMPUTERS/PRGRMMNG-WB, Section no. 86605",C-,3,Computer Science
Summer 2021,86605,C S,N303E,ELEMS OF COMPUTERS/PRGRMMNG-WB,"C S-N303E: ELEMS OF COMPUTERS/PRGRMMNG-WB, Section no. 86605",C,7,Computer Science
Summer 2021,86605,C S,N303E,ELEMS OF COMPUTERS/PRGRMMNG-WB,"C S-N303E: ELEMS OF COMPUTERS/PRGRMMNG-WB, Section no. 86605",C+,4,Computer Science
Summer 2021,86605,C S,N303E,ELEMS OF COMPUTERS/PRGRMMNG-WB,"C S-N303E: ELEMS OF COMPUTERS/PRGRMMNG-WB, Section no. 86605",B-,6,Computer Science
Summer 2021,86605,C S,N303E,ELEMS OF COMPUTERS/PRGRMMNG-WB,"C S-N303E: ELEMS OF COMPUTERS/PRGRMMNG-WB, Section no. 86605",B,11,Computer Science
Summer 2021,86605,C S,N303E,ELEMS OF COMPUTERS/PRGRMMNG-WB,"C S-N303E: ELEMS OF COMPUTERS/PRGRMMNG-WB, Section no. 86605",B+,11,Computer Science
Summer 2021,86605,C S,N303E,ELEMS OF COMPUTERS/PRGRMMNG-WB,"C S-N303E: ELEMS OF COMPUTERS/PRGRMMNG-WB, Section no. 86605",A-,11,Computer Science
Summer 2021,86605,C S,N303E,ELEMS OF COMPUTERS/PRGRMMNG-WB,"C S-N303E: ELEMS OF COMPUTERS/PRGRMMNG-WB, Section no. 86605",A,16,Computer Science
Summer 2021,86610,C S,W313E,ELEMENTS OF SOFTWARE DESIGN-WB,"C S-W313E: ELEMENTS OF SOFTWARE DESIGN-WB, Section no. 86610",Other,16,Computer Science
Summer 2021,86610,C S,W313E,ELEMENTS OF SOFTWARE DESIGN-WB,"C S-W313E: ELEMENTS OF SOFTWARE DESIGN-WB, Section no. 86610",F,1,Computer Science
Summer 2021,86610,C S,W313E,ELEMENTS OF SOFTWARE DESIGN-WB,"C S-W313E: ELEMENTS OF SOFTWARE DESIGN-WB, Section no. 86610",D-,2,Computer Science
Summer 2021,86610,C S,W313E,ELEMENTS OF SOFTWARE DESIGN-WB,"C S-W313E: ELEMENTS OF SOFTWARE DESIGN-WB, Section no. 86610",D,2,Computer Science
Summer 2021,86610,C S,W313E,ELEMENTS OF SOFTWARE DESIGN-WB,"C S-W313E: ELEMENTS OF SOFTWARE DESIGN-WB, Section no. 86610",D+,1,Computer Science
Summer 2021,86610,C S,W313E,ELEMENTS OF SOFTWARE DESIGN-WB,"C S-W313E: ELEMENTS OF SOFTWARE DESIGN-WB, Section no. 86610",C-,1,Computer Science
Summer 2021,86610,C S,W313E,ELEMENTS OF SOFTWARE DESIGN-WB,"C S-W313E: ELEMENTS OF SOFTWARE DESIGN-WB, Section no. 86610",C,4,Computer Science
Summer 2021,86610,C S,W313E,ELEMENTS OF SOFTWARE DESIGN-WB,"C S-W313E: ELEMENTS OF SOFTWARE DESIGN-WB, Section no. 86610",C+,4,Computer Science
Summer 2021,86610,C S,W313E,ELEMENTS OF SOFTWARE DESIGN-WB,"C S-W313E: ELEMENTS OF SOFTWARE DESIGN-WB, Section no. 86610",B-,3,Computer Science
Summer 2021,86610,C S,W313E,ELEMENTS OF SOFTWARE DESIGN-WB,"C S-W313E: ELEMENTS OF SOFTWARE DESIGN-WB, Section no. 86610",B,2,Computer Science
Summer 2021,86610,C S,W313E,ELEMENTS OF SOFTWARE DESIGN-WB,"C S-W313E: ELEMENTS OF SOFTWARE DESIGN-WB, Section no. 86610",B+,3,Computer Science
Summer 2021,86610,C S,W313E,ELEMENTS OF SOFTWARE DESIGN-WB,"C S-W313E: ELEMENTS OF SOFTWARE DESIGN-WB, Section no. 86610",A-,5,Computer Science
Summer 2021,86610,C S,W313E,ELEMENTS OF SOFTWARE DESIGN-WB,"C S-W313E: ELEMENTS OF SOFTWARE DESIGN-WB, Section no. 86610",A,14,Computer Science
Summer 2021,86615,C S,W329E,ELEMENTS OF WEB PROGRAMMING-WB,"C S-W329E: ELEMENTS OF WEB PROGRAMMING-WB, Section no. 86615",Other,6,Computer Science
Summer 2021,86615,C S,W329E,ELEMENTS OF WEB PROGRAMMING-WB,"C S-W329E: ELEMENTS OF WEB PROGRAMMING-WB, Section no. 86615",F,3,Computer Science
Summer 2021,86615,C S,W329E,ELEMENTS OF WEB PROGRAMMING-WB,"C S-W329E: ELEMENTS OF WEB PROGRAMMING-WB, Section no. 86615",C,1,Computer Science
Summer 2021,86615,C S,W329E,ELEMENTS OF WEB PROGRAMMING-WB,"C S-W329E: ELEMENTS OF WEB PROGRAMMING-WB, Section no. 86615",B-,4,Computer Science
Summer 2021,86615,C S,W329E,ELEMENTS OF WEB PROGRAMMING-WB,"C S-W329E: ELEMENTS OF WEB PROGRAMMING-WB, Section no. 86615",B,4,Computer Science
Summer 2021,86615,C S,W329E,ELEMENTS OF WEB PROGRAMMING-WB,"C S-W329E: ELEMENTS OF WEB PROGRAMMING-WB, Section no. 86615",A-,5,Computer Science
Summer 2021,86615,C S,W329E,ELEMENTS OF WEB PROGRAMMING-WB,"C S-W329E: ELEMENTS OF WEB PROGRAMMING-WB, Section no. 86615",A,19,Computer Science
Summer 2021,86619,C S,N330E,ELMNTS SOFTWARE ENGINEER I-WB,"C S-N330E: ELMNTS SOFTWARE ENGINEER I-WB, Section no. 86619",Other,3,Computer Science
Summer 2021,86619,C S,N330E,ELMNTS SOFTWARE ENGINEER I-WB,"C S-N330E: ELMNTS SOFTWARE ENGINEER I-WB, Section no. 86619",C+,1,Computer Science
Summer 2021,86619,C S,N330E,ELMNTS SOFTWARE ENGINEER I-WB,"C S-N330E: ELMNTS SOFTWARE ENGINEER I-WB, Section no. 86619",B-,2,Computer Science
Summer 2021,86619,C S,N330E,ELMNTS SOFTWARE ENGINEER I-WB,"C S-N330E: ELMNTS SOFTWARE ENGINEER I-WB, Section no. 86619",B,3,Computer Science
Summer 2021,86619,C S,N330E,ELMNTS SOFTWARE ENGINEER I-WB,"C S-N330E: ELMNTS SOFTWARE ENGINEER I-WB, Section no. 86619",B+,1,Computer Science
Summer 2021,86619,C S,N330E,ELMNTS SOFTWARE ENGINEER I-WB,"C S-N330E: ELMNTS SOFTWARE ENGINEER I-WB, Section no. 86619",A-,7,Computer Science
Summer 2021,86619,C S,N330E,ELMNTS SOFTWARE ENGINEER I-WB,"C S-N330E: ELMNTS SOFTWARE ENGINEER I-WB, Section no. 86619",A,37,Computer Science
Summer 2021,86630,C S,N371G,GENERIC PRGMMNG AND THE STL-WB,"C S-N371G: GENERIC PRGMMNG AND THE STL-WB, Section no. 86630",Other,3,Computer Science
Summer 2021,86630,C S,N371G,GENERIC PRGMMNG AND THE STL-WB,"C S-N371G: GENERIC PRGMMNG AND THE STL-WB, Section no. 86630",F,2,Computer Science
Summer 2021,86630,C S,N371G,GENERIC PRGMMNG AND THE STL-WB,"C S-N371G: GENERIC PRGMMNG AND THE STL-WB, Section no. 86630",C-,1,Computer Science
Summer 2021,86630,C S,N371G,GENERIC PRGMMNG AND THE STL-WB,"C S-N371G: GENERIC PRGMMNG AND THE STL-WB, Section no. 86630",C,1,Computer Science
Summer 2021,86630,C S,N371G,GENERIC PRGMMNG AND THE STL-WB,"C S-N371G: GENERIC PRGMMNG AND THE STL-WB, Section no. 86630",B-,2,Computer Science
Summer 2021,86630,C S,N371G,GENERIC PRGMMNG AND THE STL-WB,"C S-N371G: GENERIC PRGMMNG AND THE STL-WB, Section no. 86630",B,10,Computer Science
Summer 2021,86630,C S,N371G,GENERIC PRGMMNG AND THE STL-WB,"C S-N371G: GENERIC PRGMMNG AND THE STL-WB, Section no. 86630",A-,7,Computer Science
Summer 2021,86630,C S,N371G,GENERIC PRGMMNG AND THE STL-WB,"C S-N371G: GENERIC PRGMMNG AND THE STL-WB, Section no. 86630",A,11,Computer Science
Summer 2021,86635,C S,W371L,IOS MOBILE COMPUTING-WB,"C S-W371L: IOS MOBILE COMPUTING-WB, Section no. 86635",Other,2,Computer Science
Summer 2021,86635,C S,W371L,IOS MOBILE COMPUTING-WB,"C S-W371L: IOS MOBILE COMPUTING-WB, Section no. 86635",F,1,Computer Science
Summer 2021,86635,C S,W371L,IOS MOBILE COMPUTING-WB,"C S-W371L: IOS MOBILE COMPUTING-WB, Section no. 86635",C+,2,Computer Science
Summer 2021,86635,C S,W371L,IOS MOBILE COMPUTING-WB,"C S-W371L: IOS MOBILE COMPUTING-WB, Section no. 86635",B-,4,Computer Science
Summer 2021,86635,C S,W371L,IOS MOBILE COMPUTING-WB,"C S-W371L: IOS MOBILE COMPUTING-WB, Section no. 86635",B,3,Computer Science
Summer 2021,86635,C S,W371L,IOS MOBILE COMPUTING-WB,"C S-W371L: IOS MOBILE COMPUTING-WB, Section no. 86635",B+,1,Computer Science
Summer 2021,86635,C S,W371L,IOS MOBILE COMPUTING-WB,"C S-W371L: IOS MOBILE COMPUTING-WB, Section no. 86635",A-,6,Computer Science
Summer 2021,86635,C S,W371L,IOS MOBILE COMPUTING-WB,"C S-W371L: IOS MOBILE COMPUTING-WB, Section no. 86635",A,13,Computer Science
Summer 2021,86640,C S,N373,SOFTWARE ENGINEERING-WB,"C S-N373: SOFTWARE ENGINEERING-WB, Section no. 86640",Other,2,Computer Science
Summer 2021,86640,C S,N373,SOFTWARE ENGINEERING-WB,"C S-N373: SOFTWARE ENGINEERING-WB, Section no. 86640",C+,1,Computer Science
Summer 2021,86640,C S,N373,SOFTWARE ENGINEERING-WB,"C S-N373: SOFTWARE ENGINEERING-WB, Section no. 86640",B-,1,Computer Science
Summer 2021,86640,C S,N373,SOFTWARE ENGINEERING-WB,"C S-N373: SOFTWARE ENGINEERING-WB, Section no. 86640",B,3,Computer Science
Summer 2021,86640,C S,N373,SOFTWARE ENGINEERING-WB,"C S-N373: SOFTWARE ENGINEERING-WB, Section no. 86640",B+,1,Computer Science
Summer 2021,86640,C S,N373,SOFTWARE ENGINEERING-WB,"C S-N373: SOFTWARE ENGINEERING-WB, Section no. 86640",A-,8,Computer Science
Summer 2021,86640,C S,N373,SOFTWARE ENGINEERING-WB,"C S-N373: SOFTWARE ENGINEERING-WB, Section no. 86640",A,30,Computer Science
Summer 2021,86645,C S,F378,BEHAVIORAL ETHICS: DGTL AGE-WB,"C S-F378: BEHAVIORAL ETHICS: DGTL AGE-WB, Section no. 86645",B-,2,Computer Science
Summer 2021,86645,C S,F378,BEHAVIORAL ETHICS: DGTL AGE-WB,"C S-F378: BEHAVIORAL ETHICS: DGTL AGE-WB, Section no. 86645",B,2,Computer Science
Summer 2021,86645,C S,F378,BEHAVIORAL ETHICS: DGTL AGE-WB,"C S-F378: BEHAVIORAL ETHICS: DGTL AGE-WB, Section no. 86645",B+,3,Computer Science
Summer 2021,86645,C S,F378,BEHAVIORAL ETHICS: DGTL AGE-WB,"C S-F378: BEHAVIORAL ETHICS: DGTL AGE-WB, Section no. 86645",A-,13,Computer Science
Summer 2021,86645,C S,F378,BEHAVIORAL ETHICS: DGTL AGE-WB,"C S-F378: BEHAVIORAL ETHICS: DGTL AGE-WB, Section no. 86645",A,20,Computer Science
Summer 2021,86649,C S,W391L,MACHINE LEARNING-WB,"C S-W391L: MACHINE LEARNING-WB, Section no. 86649",Other,22,Computer Science
Summer 2021,86649,C S,W391L,MACHINE LEARNING-WB,"C S-W391L: MACHINE LEARNING-WB, Section no. 86649",F,1,Computer Science
Summer 2021,86649,C S,W391L,MACHINE LEARNING-WB,"C S-W391L: MACHINE LEARNING-WB, Section no. 86649",C,5,Computer Science
Summer 2021,86649,C S,W391L,MACHINE LEARNING-WB,"C S-W391L: MACHINE LEARNING-WB, Section no. 86649",C+,1,Computer Science
Summer 2021,86649,C S,W391L,MACHINE LEARNING-WB,"C S-W391L: MACHINE LEARNING-WB, Section no. 86649",B-,8,Computer Science
Summer 2021,86649,C S,W391L,MACHINE LEARNING-WB,"C S-W391L: MACHINE LEARNING-WB, Section no. 86649",B,18,Computer Science
Summer 2021,86649,C S,W391L,MACHINE LEARNING-WB,"C S-W391L: MACHINE LEARNING-WB, Section no. 86649",B+,12,Computer Science
Summer 2021,86649,C S,W391L,MACHINE LEARNING-WB,"C S-W391L: MACHINE LEARNING-WB, Section no. 86649",A-,15,Computer Science
Summer 2021,86649,C S,W391L,MACHINE LEARNING-WB,"C S-W391L: MACHINE LEARNING-WB, Section no. 86649",A,14,Computer Science
Summer 2021,86650,C S,W394D,DEEP LEARNING-WB,"C S-W394D: DEEP LEARNING-WB, Section no. 86650",Other,28,Computer Science
Summer 2021,86650,C S,W394D,DEEP LEARNING-WB,"C S-W394D: DEEP LEARNING-WB, Section no. 86650",F,5,Computer Science
Summer 2021,86650,C S,W394D,DEEP LEARNING-WB,"C S-W394D: DEEP LEARNING-WB, Section no. 86650",C,1,Computer Science
Summer 2021,86650,C S,W394D,DEEP LEARNING-WB,"C S-W394D: DEEP LEARNING-WB, Section no. 86650",B-,1,Computer Science
Summer 2021,86650,C S,W394D,DEEP LEARNING-WB,"C S-W394D: DEEP LEARNING-WB, Section no. 86650",B,3,Computer Science
Summer 2021,86650,C S,W394D,DEEP LEARNING-WB,"C S-W394D: DEEP LEARNING-WB, Section no. 86650",B+,8,Computer Science
Summer 2021,86650,C S,W394D,DEEP LEARNING-WB,"C S-W394D: DEEP LEARNING-WB, Section no. 86650",A-,11,Computer Science
Summer 2021,86650,C S,W394D,DEEP LEARNING-WB,"C S-W394D: DEEP LEARNING-WB, Section no. 86650",A,134,Computer Science
Summer 2021,86700,C S,S375,COMPILERS-WB,"C S-S375: COMPILERS-WB, Section no. 86700",Other,3,Computer Science
Summer 2021,86700,C S,S375,COMPILERS-WB,"C S-S375: COMPILERS-WB, Section no. 86700",F,1,Computer Science
Summer 2021,86700,C S,S375,COMPILERS-WB,"C S-S375: COMPILERS-WB, Section no. 86700",C-,1,Computer Science
Summer 2021,86700,C S,S375,COMPILERS-WB,"C S-S375: COMPILERS-WB, Section no. 86700",B-,1,Computer Science
Summer 2021,86700,C S,S375,COMPILERS-WB,"C S-S375: COMPILERS-WB, Section no. 86700",B,2,Computer Science
Summer 2021,86700,C S,S375,COMPILERS-WB,"C S-S375: COMPILERS-WB, Section no. 86700",B+,2,Computer Science
Summer 2021,86700,C S,S375,COMPILERS-WB,"C S-S375: COMPILERS-WB, Section no. 86700",A,4,Computer Science
Summer 2021,88060,DSC,W391L,PRINCIPLES MACHINE LEARNING-WB,"DSC-W391L: PRINCIPLES MACHINE LEARNING-WB, Section no. 88060",Other,4,Data Science
Summer 2021,88060,DSC,W391L,PRINCIPLES MACHINE LEARNING-WB,"DSC-W391L: PRINCIPLES MACHINE LEARNING-WB, Section no. 88060",F,1,Data Science
Summer 2021,88060,DSC,W391L,PRINCIPLES MACHINE LEARNING-WB,"DSC-W391L: PRINCIPLES MACHINE LEARNING-WB, Section no. 88060",D,1,Data Science
Summer 2021,88060,DSC,W391L,PRINCIPLES MACHINE LEARNING-WB,"DSC-W391L: PRINCIPLES MACHINE LEARNING-WB, Section no. 88060",C+,1,Data Science
Summer 2021,88060,DSC,W391L,PRINCIPLES MACHINE LEARNING-WB,"DSC-W391L: PRINCIPLES MACHINE LEARNING-WB, Section no. 88060",B,3,Data Science
Summer 2021,88060,DSC,W391L,PRINCIPLES MACHINE LEARNING-WB,"DSC-W391L: PRINCIPLES MACHINE LEARNING-WB, Section no. 88060",B+,3,Data Science
Summer 2021,88060,DSC,W391L,PRINCIPLES MACHINE LEARNING-WB,"DSC-W391L: PRINCIPLES MACHINE LEARNING-WB, Section no. 88060",A-,4,Data Science
Summer 2021,88060,DSC,W391L,PRINCIPLES MACHINE LEARNING-WB,"DSC-W391L: PRINCIPLES MACHINE LEARNING-WB, Section no. 88060",A,4,Data Science
Summer 2021,88061,DSC,W382,FNDTNS REGRSSION/PRED MODEL-WB,"DSC-W382: FNDTNS REGRSSION/PRED MODEL-WB, Section no. 88061",Other,22,Data Science
Summer 2021,88061,DSC,W382,FNDTNS REGRSSION/PRED MODEL-WB,"DSC-W382: FNDTNS REGRSSION/PRED MODEL-WB, Section no. 88061",F,4,Data Science
Summer 2021,88061,DSC,W382,FNDTNS REGRSSION/PRED MODEL-WB,"DSC-W382: FNDTNS REGRSSION/PRED MODEL-WB, Section no. 88061",D-,2,Data Science
Summer 2021,88061,DSC,W382,FNDTNS REGRSSION/PRED MODEL-WB,"DSC-W382: FNDTNS REGRSSION/PRED MODEL-WB, Section no. 88061",D,1,Data Science
Summer 2021,88061,DSC,W382,FNDTNS REGRSSION/PRED MODEL-WB,"DSC-W382: FNDTNS REGRSSION/PRED MODEL-WB, Section no. 88061",C,1,Data Science
Summer 2021,88061,DSC,W382,FNDTNS REGRSSION/PRED MODEL-WB,"DSC-W382: FNDTNS REGRSSION/PRED MODEL-WB, Section no. 88061",C+,1,Data Science
Summer 2021,88061,DSC,W382,FNDTNS REGRSSION/PRED MODEL-WB,"DSC-W382: FNDTNS REGRSSION/PRED MODEL-WB, Section no. 88061",B-,2,Data Science
Summer 2021,88061,DSC,W382,FNDTNS REGRSSION/PRED MODEL-WB,"DSC-W382: FNDTNS REGRSSION/PRED MODEL-WB, Section no. 88061",B,5,Data Science
Summer 2021,88061,DSC,W382,FNDTNS REGRSSION/PRED MODEL-WB,"DSC-W382: FNDTNS REGRSSION/PRED MODEL-WB, Section no. 88061",B+,7,Data Science
Summer 2021,88061,DSC,W382,FNDTNS REGRSSION/PRED MODEL-WB,"DSC-W382: FNDTNS REGRSSION/PRED MODEL-WB, Section no. 88061",A-,12,Data Science
Summer 2021,88061,DSC,W382,FNDTNS REGRSSION/PRED MODEL-WB,"DSC-W382: FNDTNS REGRSSION/PRED MODEL-WB, Section no. 88061",A,151,Data Science
Summer 2021,88062,DSC,W395T,DEEP LEARNING-WB,"DSC-W395T: DEEP LEARNING-WB, Section no. 88062",Other,15,Data Science
Summer 2021,88062,DSC,W395T,DEEP LEARNING-WB,"DSC-W395T: DEEP LEARNING-WB, Section no. 88062",F,2,Data Science
Summer 2021,88062,DSC,W395T,DEEP LEARNING-WB,"DSC-W395T: DEEP LEARNING-WB, Section no. 88062",D-,1,Data Science
Summer 2021,88062,DSC,W395T,DEEP LEARNING-WB,"DSC-W395T: DEEP LEARNING-WB, Section no. 88062",B-,2,Data Science
Summer 2021,88062,DSC,W395T,DEEP LEARNING-WB,"DSC-W395T: DEEP LEARNING-WB, Section no. 88062",B,1,Data Science
Summer 2021,88062,DSC,W395T,DEEP LEARNING-WB,"DSC-W395T: DEEP LEARNING-WB, Section no. 88062",B+,3,Data Science
Summer 2021,88062,DSC,W395T,DEEP LEARNING-WB,"DSC-W395T: DEEP LEARNING-WB, Section no. 88062",A-,5,Data Science
Summer 2021,88062,DSC,W395T,DEEP LEARNING-WB,"DSC-W395T: DEEP LEARNING-WB, Section no. 88062",A,16,Data Science
