Semester,Section Number,Course Prefix,Course Number,Course Title,Course,Letter Grade,Count of letter grade,Department/Program
Fall 2021,52405,C S, 303E,ELEMS OF COMPTRS/PROGRAMMNG-WB,"C S-303E: ELEMS OF COMPTRS/PROGRAMMNG-WB, Section no. 52405",Other,57,Computer Science
Fall 2021,52405,C S, 303E,ELEMS OF COMPTRS/PROGRAMMNG-WB,"C S-303E: ELEMS OF COMPTRS/PROGRAMMNG-WB, Section no. 52405",F,8,Computer Science
Fall 2021,52405,C S, 303E,ELEMS OF COMPTRS/PROGRAMMNG-WB,"C S-303E: ELEMS OF COMPTRS/PROGRAMMNG-WB, Section no. 52405",D,4,Computer Science
Fall 2021,52405,C S, 303E,ELEMS OF COMPTRS/PROGRAMMNG-WB,"C S-303E: ELEMS OF COMPTRS/PROGRAMMNG-WB, Section no. 52405",D+,1,Computer Science
Fall 2021,52405,C S, 303E,ELEMS OF COMPTRS/PROGRAMMNG-WB,"C S-303E: ELEMS OF COMPTRS/PROGRAMMNG-WB, Section no. 52405",C-,3,Computer Science
Fall 2021,52405,C S, 303E,ELEMS OF COMPTRS/PROGRAMMNG-WB,"C S-303E: ELEMS OF COMPTRS/PROGRAMMNG-WB, Section no. 52405",C,6,Computer Science
Fall 2021,52405,C S, 303E,ELEMS OF COMPTRS/PROGRAMMNG-WB,"C S-303E: ELEMS OF COMPTRS/PROGRAMMNG-WB, Section no. 52405",C+,5,Computer Science
Fall 2021,52405,C S, 303E,ELEMS OF COMPTRS/PROGRAMMNG-WB,"C S-303E: ELEMS OF COMPTRS/PROGRAMMNG-WB, Section no. 52405",B-,5,Computer Science
Fall 2021,52405,C S, 303E,ELEMS OF COMPTRS/PROGRAMMNG-WB,"C S-303E: ELEMS OF COMPTRS/PROGRAMMNG-WB, Section no. 52405",B,8,Computer Science
Fall 2021,52405,C S, 303E,ELEMS OF COMPTRS/PROGRAMMNG-WB,"C S-303E: ELEMS OF COMPTRS/PROGRAMMNG-WB, Section no. 52405",B+,13,Computer Science
Fall 2021,52405,C S, 303E,ELEMS OF COMPTRS/PROGRAMMNG-WB,"C S-303E: ELEMS OF COMPTRS/PROGRAMMNG-WB, Section no. 52405",A-,17,Computer Science
Fall 2021,52405,C S, 303E,ELEMS OF COMPTRS/PROGRAMMNG-WB,"C S-303E: ELEMS OF COMPTRS/PROGRAMMNG-WB, Section no. 52405",A,62,Computer Science
Fall 2021,52410,C S, 303E,ELEMS OF COMPTRS/PROGRAMMNG-WB,"C S-303E: ELEMS OF COMPTRS/PROGRAMMNG-WB, Section no. 52410",Other,63,Computer Science
Fall 2021,52410,C S, 303E,ELEMS OF COMPTRS/PROGRAMMNG-WB,"C S-303E: ELEMS OF COMPTRS/PROGRAMMNG-WB, Section no. 52410",F,10,Computer Science
Fall 2021,52410,C S, 303E,ELEMS OF COMPTRS/PROGRAMMNG-WB,"C S-303E: ELEMS OF COMPTRS/PROGRAMMNG-WB, Section no. 52410",D,1,Computer Science
Fall 2021,52410,C S, 303E,ELEMS OF COMPTRS/PROGRAMMNG-WB,"C S-303E: ELEMS OF COMPTRS/PROGRAMMNG-WB, Section no. 52410",D+,1,Computer Science
Fall 2021,52410,C S, 303E,ELEMS OF COMPTRS/PROGRAMMNG-WB,"C S-303E: ELEMS OF COMPTRS/PROGRAMMNG-WB, Section no. 52410",C-,5,Computer Science
Fall 2021,52410,C S, 303E,ELEMS OF COMPTRS/PROGRAMMNG-WB,"C S-303E: ELEMS OF COMPTRS/PROGRAMMNG-WB, Section no. 52410",C,6,Computer Science
Fall 2021,52410,C S, 303E,ELEMS OF COMPTRS/PROGRAMMNG-WB,"C S-303E: ELEMS OF COMPTRS/PROGRAMMNG-WB, Section no. 52410",C+,6,Computer Science
Fall 2021,52410,C S, 303E,ELEMS OF COMPTRS/PROGRAMMNG-WB,"C S-303E: ELEMS OF COMPTRS/PROGRAMMNG-WB, Section no. 52410",B-,4,Computer Science
Fall 2021,52410,C S, 303E,ELEMS OF COMPTRS/PROGRAMMNG-WB,"C S-303E: ELEMS OF COMPTRS/PROGRAMMNG-WB, Section no. 52410",B,10,Computer Science
Fall 2021,52410,C S, 303E,ELEMS OF COMPTRS/PROGRAMMNG-WB,"C S-303E: ELEMS OF COMPTRS/PROGRAMMNG-WB, Section no. 52410",B+,14,Computer Science
Fall 2021,52410,C S, 303E,ELEMS OF COMPTRS/PROGRAMMNG-WB,"C S-303E: ELEMS OF COMPTRS/PROGRAMMNG-WB, Section no. 52410",A-,12,Computer Science
Fall 2021,52410,C S, 303E,ELEMS OF COMPTRS/PROGRAMMNG-WB,"C S-303E: ELEMS OF COMPTRS/PROGRAMMNG-WB, Section no. 52410",A,66,Computer Science
Fall 2021,52415,C S, 303E,ELEMS OF COMPTRS/PROGRAMMNG-WB,"C S-303E: ELEMS OF COMPTRS/PROGRAMMNG-WB, Section no. 52415",Other,57,Computer Science
Fall 2021,52415,C S, 303E,ELEMS OF COMPTRS/PROGRAMMNG-WB,"C S-303E: ELEMS OF COMPTRS/PROGRAMMNG-WB, Section no. 52415",F,13,Computer Science
Fall 2021,52415,C S, 303E,ELEMS OF COMPTRS/PROGRAMMNG-WB,"C S-303E: ELEMS OF COMPTRS/PROGRAMMNG-WB, Section no. 52415",D,2,Computer Science
Fall 2021,52415,C S, 303E,ELEMS OF COMPTRS/PROGRAMMNG-WB,"C S-303E: ELEMS OF COMPTRS/PROGRAMMNG-WB, Section no. 52415",D+,3,Computer Science
Fall 2021,52415,C S, 303E,ELEMS OF COMPTRS/PROGRAMMNG-WB,"C S-303E: ELEMS OF COMPTRS/PROGRAMMNG-WB, Section no. 52415",C-,2,Computer Science
Fall 2021,52415,C S, 303E,ELEMS OF COMPTRS/PROGRAMMNG-WB,"C S-303E: ELEMS OF COMPTRS/PROGRAMMNG-WB, Section no. 52415",C,5,Computer Science
Fall 2021,52415,C S, 303E,ELEMS OF COMPTRS/PROGRAMMNG-WB,"C S-303E: ELEMS OF COMPTRS/PROGRAMMNG-WB, Section no. 52415",C+,3,Computer Science
Fall 2021,52415,C S, 303E,ELEMS OF COMPTRS/PROGRAMMNG-WB,"C S-303E: ELEMS OF COMPTRS/PROGRAMMNG-WB, Section no. 52415",B-,9,Computer Science
Fall 2021,52415,C S, 303E,ELEMS OF COMPTRS/PROGRAMMNG-WB,"C S-303E: ELEMS OF COMPTRS/PROGRAMMNG-WB, Section no. 52415",B,6,Computer Science
Fall 2021,52415,C S, 303E,ELEMS OF COMPTRS/PROGRAMMNG-WB,"C S-303E: ELEMS OF COMPTRS/PROGRAMMNG-WB, Section no. 52415",B+,10,Computer Science
Fall 2021,52415,C S, 303E,ELEMS OF COMPTRS/PROGRAMMNG-WB,"C S-303E: ELEMS OF COMPTRS/PROGRAMMNG-WB, Section no. 52415",A-,11,Computer Science
Fall 2021,52415,C S, 303E,ELEMS OF COMPTRS/PROGRAMMNG-WB,"C S-303E: ELEMS OF COMPTRS/PROGRAMMNG-WB, Section no. 52415",A,76,Computer Science
Fall 2021,52420,C S, 303E,ELEMS OF COMPUTERS/PROGRAMMING,"C S-303E: ELEMS OF COMPUTERS/PROGRAMMING, Section no. 52420",Other,41,Computer Science
Fall 2021,52420,C S, 303E,ELEMS OF COMPUTERS/PROGRAMMING,"C S-303E: ELEMS OF COMPUTERS/PROGRAMMING, Section no. 52420",F,10,Computer Science
Fall 2021,52420,C S, 303E,ELEMS OF COMPUTERS/PROGRAMMING,"C S-303E: ELEMS OF COMPUTERS/PROGRAMMING, Section no. 52420",D,1,Computer Science
Fall 2021,52420,C S, 303E,ELEMS OF COMPUTERS/PROGRAMMING,"C S-303E: ELEMS OF COMPUTERS/PROGRAMMING, Section no. 52420",D+,2,Computer Science
Fall 2021,52420,C S, 303E,ELEMS OF COMPUTERS/PROGRAMMING,"C S-303E: ELEMS OF COMPUTERS/PROGRAMMING, Section no. 52420",C-,5,Computer Science
Fall 2021,52420,C S, 303E,ELEMS OF COMPUTERS/PROGRAMMING,"C S-303E: ELEMS OF COMPUTERS/PROGRAMMING, Section no. 52420",C,7,Computer Science
Fall 2021,52420,C S, 303E,ELEMS OF COMPUTERS/PROGRAMMING,"C S-303E: ELEMS OF COMPUTERS/PROGRAMMING, Section no. 52420",C+,4,Computer Science
Fall 2021,52420,C S, 303E,ELEMS OF COMPUTERS/PROGRAMMING,"C S-303E: ELEMS OF COMPUTERS/PROGRAMMING, Section no. 52420",B-,8,Computer Science
Fall 2021,52420,C S, 303E,ELEMS OF COMPUTERS/PROGRAMMING,"C S-303E: ELEMS OF COMPUTERS/PROGRAMMING, Section no. 52420",B,9,Computer Science
Fall 2021,52420,C S, 303E,ELEMS OF COMPUTERS/PROGRAMMING,"C S-303E: ELEMS OF COMPUTERS/PROGRAMMING, Section no. 52420",B+,4,Computer Science
Fall 2021,52420,C S, 303E,ELEMS OF COMPUTERS/PROGRAMMING,"C S-303E: ELEMS OF COMPUTERS/PROGRAMMING, Section no. 52420",A-,15,Computer Science
Fall 2021,52420,C S, 303E,ELEMS OF COMPUTERS/PROGRAMMING,"C S-303E: ELEMS OF COMPUTERS/PROGRAMMING, Section no. 52420",A,85,Computer Science
Fall 2021,52425,C S, 104C,COMPETITIVE PROGRAMMING,"C S-104C: COMPETITIVE PROGRAMMING, Section no. 52425",Other,10,Computer Science
Fall 2021,52425,C S, 104C,COMPETITIVE PROGRAMMING,"C S-104C: COMPETITIVE PROGRAMMING, Section no. 52425",F,1,Computer Science
Fall 2021,52425,C S, 104C,COMPETITIVE PROGRAMMING,"C S-104C: COMPETITIVE PROGRAMMING, Section no. 52425",C,2,Computer Science
Fall 2021,52425,C S, 104C,COMPETITIVE PROGRAMMING,"C S-104C: COMPETITIVE PROGRAMMING, Section no. 52425",B,3,Computer Science
Fall 2021,52425,C S, 104C,COMPETITIVE PROGRAMMING,"C S-104C: COMPETITIVE PROGRAMMING, Section no. 52425",A,52,Computer Science
Fall 2021,52450,C S, 311,DISCRETE MATH FOR COMPUTER SCI,"C S-311: DISCRETE MATH FOR COMPUTER SCI, Section no. 52450",Other,1,Computer Science
Fall 2021,52450,C S, 311,DISCRETE MATH FOR COMPUTER SCI,"C S-311: DISCRETE MATH FOR COMPUTER SCI, Section no. 52450",F,1,Computer Science
Fall 2021,52450,C S, 311,DISCRETE MATH FOR COMPUTER SCI,"C S-311: DISCRETE MATH FOR COMPUTER SCI, Section no. 52450",C+,1,Computer Science
Fall 2021,52450,C S, 311,DISCRETE MATH FOR COMPUTER SCI,"C S-311: DISCRETE MATH FOR COMPUTER SCI, Section no. 52450",B-,1,Computer Science
Fall 2021,52450,C S, 311,DISCRETE MATH FOR COMPUTER SCI,"C S-311: DISCRETE MATH FOR COMPUTER SCI, Section no. 52450",B,6,Computer Science
Fall 2021,52450,C S, 311,DISCRETE MATH FOR COMPUTER SCI,"C S-311: DISCRETE MATH FOR COMPUTER SCI, Section no. 52450",B+,5,Computer Science
Fall 2021,52450,C S, 311,DISCRETE MATH FOR COMPUTER SCI,"C S-311: DISCRETE MATH FOR COMPUTER SCI, Section no. 52450",A-,5,Computer Science
Fall 2021,52450,C S, 311,DISCRETE MATH FOR COMPUTER SCI,"C S-311: DISCRETE MATH FOR COMPUTER SCI, Section no. 52450",A,4,Computer Science
Fall 2021,52455,C S, 311,DISCRETE MATH FOR COMPUTER SCI,"C S-311: DISCRETE MATH FOR COMPUTER SCI, Section no. 52455",Other,2,Computer Science
Fall 2021,52455,C S, 311,DISCRETE MATH FOR COMPUTER SCI,"C S-311: DISCRETE MATH FOR COMPUTER SCI, Section no. 52455",D,1,Computer Science
Fall 2021,52455,C S, 311,DISCRETE MATH FOR COMPUTER SCI,"C S-311: DISCRETE MATH FOR COMPUTER SCI, Section no. 52455",C-,2,Computer Science
Fall 2021,52455,C S, 311,DISCRETE MATH FOR COMPUTER SCI,"C S-311: DISCRETE MATH FOR COMPUTER SCI, Section no. 52455",C,1,Computer Science
Fall 2021,52455,C S, 311,DISCRETE MATH FOR COMPUTER SCI,"C S-311: DISCRETE MATH FOR COMPUTER SCI, Section no. 52455",C+,2,Computer Science
Fall 2021,52455,C S, 311,DISCRETE MATH FOR COMPUTER SCI,"C S-311: DISCRETE MATH FOR COMPUTER SCI, Section no. 52455",B-,2,Computer Science
Fall 2021,52455,C S, 311,DISCRETE MATH FOR COMPUTER SCI,"C S-311: DISCRETE MATH FOR COMPUTER SCI, Section no. 52455",B,3,Computer Science
Fall 2021,52455,C S, 311,DISCRETE MATH FOR COMPUTER SCI,"C S-311: DISCRETE MATH FOR COMPUTER SCI, Section no. 52455",B+,1,Computer Science
Fall 2021,52455,C S, 311,DISCRETE MATH FOR COMPUTER SCI,"C S-311: DISCRETE MATH FOR COMPUTER SCI, Section no. 52455",A-,3,Computer Science
Fall 2021,52455,C S, 311,DISCRETE MATH FOR COMPUTER SCI,"C S-311: DISCRETE MATH FOR COMPUTER SCI, Section no. 52455",A,5,Computer Science
Fall 2021,52465,C S, 311,DISCRETE MATH FOR COMPUTER SCI,"C S-311: DISCRETE MATH FOR COMPUTER SCI, Section no. 52465",Other,2,Computer Science
Fall 2021,52465,C S, 311,DISCRETE MATH FOR COMPUTER SCI,"C S-311: DISCRETE MATH FOR COMPUTER SCI, Section no. 52465",B-,3,Computer Science
Fall 2021,52465,C S, 311,DISCRETE MATH FOR COMPUTER SCI,"C S-311: DISCRETE MATH FOR COMPUTER SCI, Section no. 52465",B,2,Computer Science
Fall 2021,52465,C S, 311,DISCRETE MATH FOR COMPUTER SCI,"C S-311: DISCRETE MATH FOR COMPUTER SCI, Section no. 52465",B+,5,Computer Science
Fall 2021,52465,C S, 311,DISCRETE MATH FOR COMPUTER SCI,"C S-311: DISCRETE MATH FOR COMPUTER SCI, Section no. 52465",A-,7,Computer Science
Fall 2021,52465,C S, 311,DISCRETE MATH FOR COMPUTER SCI,"C S-311: DISCRETE MATH FOR COMPUTER SCI, Section no. 52465",A,5,Computer Science
Fall 2021,52470,C S, 311,DISCRETE MATH FOR COMPUTER SCI,"C S-311: DISCRETE MATH FOR COMPUTER SCI, Section no. 52470",Other,1,Computer Science
Fall 2021,52470,C S, 311,DISCRETE MATH FOR COMPUTER SCI,"C S-311: DISCRETE MATH FOR COMPUTER SCI, Section no. 52470",C,1,Computer Science
Fall 2021,52470,C S, 311,DISCRETE MATH FOR COMPUTER SCI,"C S-311: DISCRETE MATH FOR COMPUTER SCI, Section no. 52470",C+,1,Computer Science
Fall 2021,52470,C S, 311,DISCRETE MATH FOR COMPUTER SCI,"C S-311: DISCRETE MATH FOR COMPUTER SCI, Section no. 52470",B-,3,Computer Science
Fall 2021,52470,C S, 311,DISCRETE MATH FOR COMPUTER SCI,"C S-311: DISCRETE MATH FOR COMPUTER SCI, Section no. 52470",B,5,Computer Science
Fall 2021,52470,C S, 311,DISCRETE MATH FOR COMPUTER SCI,"C S-311: DISCRETE MATH FOR COMPUTER SCI, Section no. 52470",B+,6,Computer Science
Fall 2021,52470,C S, 311,DISCRETE MATH FOR COMPUTER SCI,"C S-311: DISCRETE MATH FOR COMPUTER SCI, Section no. 52470",A-,5,Computer Science
Fall 2021,52470,C S, 311,DISCRETE MATH FOR COMPUTER SCI,"C S-311: DISCRETE MATH FOR COMPUTER SCI, Section no. 52470",A,2,Computer Science
Fall 2021,52475,C S, 311,DISCRETE MATH FOR COMPUTER SCI,"C S-311: DISCRETE MATH FOR COMPUTER SCI, Section no. 52475",F,1,Computer Science
Fall 2021,52475,C S, 311,DISCRETE MATH FOR COMPUTER SCI,"C S-311: DISCRETE MATH FOR COMPUTER SCI, Section no. 52475",C-,1,Computer Science
Fall 2021,52475,C S, 311,DISCRETE MATH FOR COMPUTER SCI,"C S-311: DISCRETE MATH FOR COMPUTER SCI, Section no. 52475",C+,2,Computer Science
Fall 2021,52475,C S, 311,DISCRETE MATH FOR COMPUTER SCI,"C S-311: DISCRETE MATH FOR COMPUTER SCI, Section no. 52475",B-,3,Computer Science
Fall 2021,52475,C S, 311,DISCRETE MATH FOR COMPUTER SCI,"C S-311: DISCRETE MATH FOR COMPUTER SCI, Section no. 52475",B,2,Computer Science
Fall 2021,52475,C S, 311,DISCRETE MATH FOR COMPUTER SCI,"C S-311: DISCRETE MATH FOR COMPUTER SCI, Section no. 52475",B+,5,Computer Science
Fall 2021,52475,C S, 311,DISCRETE MATH FOR COMPUTER SCI,"C S-311: DISCRETE MATH FOR COMPUTER SCI, Section no. 52475",A-,7,Computer Science
Fall 2021,52475,C S, 311,DISCRETE MATH FOR COMPUTER SCI,"C S-311: DISCRETE MATH FOR COMPUTER SCI, Section no. 52475",A,5,Computer Science
Fall 2021,52480,C S, 311,DISCRETE MATH FOR COMPUTER SCI,"C S-311: DISCRETE MATH FOR COMPUTER SCI, Section no. 52480",F,1,Computer Science
Fall 2021,52480,C S, 311,DISCRETE MATH FOR COMPUTER SCI,"C S-311: DISCRETE MATH FOR COMPUTER SCI, Section no. 52480",C-,1,Computer Science
Fall 2021,52480,C S, 311,DISCRETE MATH FOR COMPUTER SCI,"C S-311: DISCRETE MATH FOR COMPUTER SCI, Section no. 52480",C,3,Computer Science
Fall 2021,52480,C S, 311,DISCRETE MATH FOR COMPUTER SCI,"C S-311: DISCRETE MATH FOR COMPUTER SCI, Section no. 52480",C+,1,Computer Science
Fall 2021,52480,C S, 311,DISCRETE MATH FOR COMPUTER SCI,"C S-311: DISCRETE MATH FOR COMPUTER SCI, Section no. 52480",B-,3,Computer Science
Fall 2021,52480,C S, 311,DISCRETE MATH FOR COMPUTER SCI,"C S-311: DISCRETE MATH FOR COMPUTER SCI, Section no. 52480",B,2,Computer Science
Fall 2021,52480,C S, 311,DISCRETE MATH FOR COMPUTER SCI,"C S-311: DISCRETE MATH FOR COMPUTER SCI, Section no. 52480",B+,2,Computer Science
Fall 2021,52480,C S, 311,DISCRETE MATH FOR COMPUTER SCI,"C S-311: DISCRETE MATH FOR COMPUTER SCI, Section no. 52480",A-,4,Computer Science
Fall 2021,52480,C S, 311,DISCRETE MATH FOR COMPUTER SCI,"C S-311: DISCRETE MATH FOR COMPUTER SCI, Section no. 52480",A,7,Computer Science
Fall 2021,52485,C S, 311,DISCRETE MATH FOR COMPUTER SCI,"C S-311: DISCRETE MATH FOR COMPUTER SCI, Section no. 52485",F,1,Computer Science
Fall 2021,52485,C S, 311,DISCRETE MATH FOR COMPUTER SCI,"C S-311: DISCRETE MATH FOR COMPUTER SCI, Section no. 52485",D,1,Computer Science
Fall 2021,52485,C S, 311,DISCRETE MATH FOR COMPUTER SCI,"C S-311: DISCRETE MATH FOR COMPUTER SCI, Section no. 52485",C-,1,Computer Science
Fall 2021,52485,C S, 311,DISCRETE MATH FOR COMPUTER SCI,"C S-311: DISCRETE MATH FOR COMPUTER SCI, Section no. 52485",B-,2,Computer Science
Fall 2021,52485,C S, 311,DISCRETE MATH FOR COMPUTER SCI,"C S-311: DISCRETE MATH FOR COMPUTER SCI, Section no. 52485",B,1,Computer Science
Fall 2021,52485,C S, 311,DISCRETE MATH FOR COMPUTER SCI,"C S-311: DISCRETE MATH FOR COMPUTER SCI, Section no. 52485",B+,3,Computer Science
Fall 2021,52485,C S, 311,DISCRETE MATH FOR COMPUTER SCI,"C S-311: DISCRETE MATH FOR COMPUTER SCI, Section no. 52485",A-,8,Computer Science
Fall 2021,52485,C S, 311,DISCRETE MATH FOR COMPUTER SCI,"C S-311: DISCRETE MATH FOR COMPUTER SCI, Section no. 52485",A,8,Computer Science
Fall 2021,52490,C S, 311,DISCRETE MATH FOR COMPUTER SCI,"C S-311: DISCRETE MATH FOR COMPUTER SCI, Section no. 52490",C,1,Computer Science
Fall 2021,52490,C S, 311,DISCRETE MATH FOR COMPUTER SCI,"C S-311: DISCRETE MATH FOR COMPUTER SCI, Section no. 52490",B-,2,Computer Science
Fall 2021,52490,C S, 311,DISCRETE MATH FOR COMPUTER SCI,"C S-311: DISCRETE MATH FOR COMPUTER SCI, Section no. 52490",B,4,Computer Science
Fall 2021,52490,C S, 311,DISCRETE MATH FOR COMPUTER SCI,"C S-311: DISCRETE MATH FOR COMPUTER SCI, Section no. 52490",B+,4,Computer Science
Fall 2021,52490,C S, 311,DISCRETE MATH FOR COMPUTER SCI,"C S-311: DISCRETE MATH FOR COMPUTER SCI, Section no. 52490",A-,6,Computer Science
Fall 2021,52490,C S, 311,DISCRETE MATH FOR COMPUTER SCI,"C S-311: DISCRETE MATH FOR COMPUTER SCI, Section no. 52490",A,6,Computer Science
Fall 2021,52495,C S, 311,DISCRETE MATH FOR COMPUTER SCI,"C S-311: DISCRETE MATH FOR COMPUTER SCI, Section no. 52495",Other,1,Computer Science
Fall 2021,52495,C S, 311,DISCRETE MATH FOR COMPUTER SCI,"C S-311: DISCRETE MATH FOR COMPUTER SCI, Section no. 52495",D,1,Computer Science
Fall 2021,52495,C S, 311,DISCRETE MATH FOR COMPUTER SCI,"C S-311: DISCRETE MATH FOR COMPUTER SCI, Section no. 52495",C-,1,Computer Science
Fall 2021,52495,C S, 311,DISCRETE MATH FOR COMPUTER SCI,"C S-311: DISCRETE MATH FOR COMPUTER SCI, Section no. 52495",C,1,Computer Science
Fall 2021,52495,C S, 311,DISCRETE MATH FOR COMPUTER SCI,"C S-311: DISCRETE MATH FOR COMPUTER SCI, Section no. 52495",C+,2,Computer Science
Fall 2021,52495,C S, 311,DISCRETE MATH FOR COMPUTER SCI,"C S-311: DISCRETE MATH FOR COMPUTER SCI, Section no. 52495",B-,4,Computer Science
Fall 2021,52495,C S, 311,DISCRETE MATH FOR COMPUTER SCI,"C S-311: DISCRETE MATH FOR COMPUTER SCI, Section no. 52495",B,1,Computer Science
Fall 2021,52495,C S, 311,DISCRETE MATH FOR COMPUTER SCI,"C S-311: DISCRETE MATH FOR COMPUTER SCI, Section no. 52495",B+,3,Computer Science
Fall 2021,52495,C S, 311,DISCRETE MATH FOR COMPUTER SCI,"C S-311: DISCRETE MATH FOR COMPUTER SCI, Section no. 52495",A-,6,Computer Science
Fall 2021,52495,C S, 311,DISCRETE MATH FOR COMPUTER SCI,"C S-311: DISCRETE MATH FOR COMPUTER SCI, Section no. 52495",A,3,Computer Science
Fall 2021,52500,C S, 311,DISCRETE MATH FOR COMPUTER SCI,"C S-311: DISCRETE MATH FOR COMPUTER SCI, Section no. 52500",D,1,Computer Science
Fall 2021,52500,C S, 311,DISCRETE MATH FOR COMPUTER SCI,"C S-311: DISCRETE MATH FOR COMPUTER SCI, Section no. 52500",C-,1,Computer Science
Fall 2021,52500,C S, 311,DISCRETE MATH FOR COMPUTER SCI,"C S-311: DISCRETE MATH FOR COMPUTER SCI, Section no. 52500",B-,1,Computer Science
Fall 2021,52500,C S, 311,DISCRETE MATH FOR COMPUTER SCI,"C S-311: DISCRETE MATH FOR COMPUTER SCI, Section no. 52500",B,8,Computer Science
Fall 2021,52500,C S, 311,DISCRETE MATH FOR COMPUTER SCI,"C S-311: DISCRETE MATH FOR COMPUTER SCI, Section no. 52500",B+,5,Computer Science
Fall 2021,52500,C S, 311,DISCRETE MATH FOR COMPUTER SCI,"C S-311: DISCRETE MATH FOR COMPUTER SCI, Section no. 52500",A-,6,Computer Science
Fall 2021,52500,C S, 311,DISCRETE MATH FOR COMPUTER SCI,"C S-311: DISCRETE MATH FOR COMPUTER SCI, Section no. 52500",A,3,Computer Science
Fall 2021,52505,C S, 311,DISCRETE MATH FOR COMPUTER SCI,"C S-311: DISCRETE MATH FOR COMPUTER SCI, Section no. 52505",D,1,Computer Science
Fall 2021,52505,C S, 311,DISCRETE MATH FOR COMPUTER SCI,"C S-311: DISCRETE MATH FOR COMPUTER SCI, Section no. 52505",B-,3,Computer Science
Fall 2021,52505,C S, 311,DISCRETE MATH FOR COMPUTER SCI,"C S-311: DISCRETE MATH FOR COMPUTER SCI, Section no. 52505",B,1,Computer Science
Fall 2021,52505,C S, 311,DISCRETE MATH FOR COMPUTER SCI,"C S-311: DISCRETE MATH FOR COMPUTER SCI, Section no. 52505",B+,4,Computer Science
Fall 2021,52505,C S, 311,DISCRETE MATH FOR COMPUTER SCI,"C S-311: DISCRETE MATH FOR COMPUTER SCI, Section no. 52505",A-,8,Computer Science
Fall 2021,52505,C S, 311,DISCRETE MATH FOR COMPUTER SCI,"C S-311: DISCRETE MATH FOR COMPUTER SCI, Section no. 52505",A,8,Computer Science
Fall 2021,52510,C S, 311,DISCRETE MATH FOR COMPUTER SCI,"C S-311: DISCRETE MATH FOR COMPUTER SCI, Section no. 52510",Other,3,Computer Science
Fall 2021,52510,C S, 311,DISCRETE MATH FOR COMPUTER SCI,"C S-311: DISCRETE MATH FOR COMPUTER SCI, Section no. 52510",D,2,Computer Science
Fall 2021,52510,C S, 311,DISCRETE MATH FOR COMPUTER SCI,"C S-311: DISCRETE MATH FOR COMPUTER SCI, Section no. 52510",C-,2,Computer Science
Fall 2021,52510,C S, 311,DISCRETE MATH FOR COMPUTER SCI,"C S-311: DISCRETE MATH FOR COMPUTER SCI, Section no. 52510",C,3,Computer Science
Fall 2021,52510,C S, 311,DISCRETE MATH FOR COMPUTER SCI,"C S-311: DISCRETE MATH FOR COMPUTER SCI, Section no. 52510",C+,2,Computer Science
Fall 2021,52510,C S, 311,DISCRETE MATH FOR COMPUTER SCI,"C S-311: DISCRETE MATH FOR COMPUTER SCI, Section no. 52510",B-,3,Computer Science
Fall 2021,52510,C S, 311,DISCRETE MATH FOR COMPUTER SCI,"C S-311: DISCRETE MATH FOR COMPUTER SCI, Section no. 52510",B,3,Computer Science
Fall 2021,52510,C S, 311,DISCRETE MATH FOR COMPUTER SCI,"C S-311: DISCRETE MATH FOR COMPUTER SCI, Section no. 52510",B+,4,Computer Science
Fall 2021,52510,C S, 311,DISCRETE MATH FOR COMPUTER SCI,"C S-311: DISCRETE MATH FOR COMPUTER SCI, Section no. 52510",A-,2,Computer Science
Fall 2021,52510,C S, 311,DISCRETE MATH FOR COMPUTER SCI,"C S-311: DISCRETE MATH FOR COMPUTER SCI, Section no. 52510",A,3,Computer Science
Fall 2021,52515,C S, 311,DISCRETE MATH FOR COMPUTER SCI,"C S-311: DISCRETE MATH FOR COMPUTER SCI, Section no. 52515",Other,9,Computer Science
Fall 2021,52515,C S, 311,DISCRETE MATH FOR COMPUTER SCI,"C S-311: DISCRETE MATH FOR COMPUTER SCI, Section no. 52515",D,5,Computer Science
Fall 2021,52515,C S, 311,DISCRETE MATH FOR COMPUTER SCI,"C S-311: DISCRETE MATH FOR COMPUTER SCI, Section no. 52515",C-,3,Computer Science
Fall 2021,52515,C S, 311,DISCRETE MATH FOR COMPUTER SCI,"C S-311: DISCRETE MATH FOR COMPUTER SCI, Section no. 52515",C,3,Computer Science
Fall 2021,52515,C S, 311,DISCRETE MATH FOR COMPUTER SCI,"C S-311: DISCRETE MATH FOR COMPUTER SCI, Section no. 52515",C+,2,Computer Science
Fall 2021,52515,C S, 311,DISCRETE MATH FOR COMPUTER SCI,"C S-311: DISCRETE MATH FOR COMPUTER SCI, Section no. 52515",B,1,Computer Science
Fall 2021,52515,C S, 311,DISCRETE MATH FOR COMPUTER SCI,"C S-311: DISCRETE MATH FOR COMPUTER SCI, Section no. 52515",A,1,Computer Science
Fall 2021,52525,C S, 311H,DISCRETE MATH COMP SCI: HONORS,"C S-311H: DISCRETE MATH COMP SCI: HONORS, Section no. 52525",Other,1,Computer Science
Fall 2021,52525,C S, 311H,DISCRETE MATH COMP SCI: HONORS,"C S-311H: DISCRETE MATH COMP SCI: HONORS, Section no. 52525",B+,4,Computer Science
Fall 2021,52525,C S, 311H,DISCRETE MATH COMP SCI: HONORS,"C S-311H: DISCRETE MATH COMP SCI: HONORS, Section no. 52525",A-,6,Computer Science
Fall 2021,52525,C S, 311H,DISCRETE MATH COMP SCI: HONORS,"C S-311H: DISCRETE MATH COMP SCI: HONORS, Section no. 52525",A,11,Computer Science
Fall 2021,52530,C S, 311H,DISCRETE MATH COMP SCI: HONORS,"C S-311H: DISCRETE MATH COMP SCI: HONORS, Section no. 52530",Other,1,Computer Science
Fall 2021,52530,C S, 311H,DISCRETE MATH COMP SCI: HONORS,"C S-311H: DISCRETE MATH COMP SCI: HONORS, Section no. 52530",C+,1,Computer Science
Fall 2021,52530,C S, 311H,DISCRETE MATH COMP SCI: HONORS,"C S-311H: DISCRETE MATH COMP SCI: HONORS, Section no. 52530",B-,1,Computer Science
Fall 2021,52530,C S, 311H,DISCRETE MATH COMP SCI: HONORS,"C S-311H: DISCRETE MATH COMP SCI: HONORS, Section no. 52530",B,2,Computer Science
Fall 2021,52530,C S, 311H,DISCRETE MATH COMP SCI: HONORS,"C S-311H: DISCRETE MATH COMP SCI: HONORS, Section no. 52530",B+,5,Computer Science
Fall 2021,52530,C S, 311H,DISCRETE MATH COMP SCI: HONORS,"C S-311H: DISCRETE MATH COMP SCI: HONORS, Section no. 52530",A-,5,Computer Science
Fall 2021,52530,C S, 311H,DISCRETE MATH COMP SCI: HONORS,"C S-311H: DISCRETE MATH COMP SCI: HONORS, Section no. 52530",A,12,Computer Science
Fall 2021,52535,C S, 311H,DISCRETE MATH COMP SCI: HONORS,"C S-311H: DISCRETE MATH COMP SCI: HONORS, Section no. 52535",B-,2,Computer Science
Fall 2021,52535,C S, 311H,DISCRETE MATH COMP SCI: HONORS,"C S-311H: DISCRETE MATH COMP SCI: HONORS, Section no. 52535",B,3,Computer Science
Fall 2021,52535,C S, 311H,DISCRETE MATH COMP SCI: HONORS,"C S-311H: DISCRETE MATH COMP SCI: HONORS, Section no. 52535",B+,2,Computer Science
Fall 2021,52535,C S, 311H,DISCRETE MATH COMP SCI: HONORS,"C S-311H: DISCRETE MATH COMP SCI: HONORS, Section no. 52535",A-,7,Computer Science
Fall 2021,52535,C S, 311H,DISCRETE MATH COMP SCI: HONORS,"C S-311H: DISCRETE MATH COMP SCI: HONORS, Section no. 52535",A,12,Computer Science
Fall 2021,52540,C S, 312,INTRODUCTION TO PROGRAMMING,"C S-312: INTRODUCTION TO PROGRAMMING, Section no. 52540",Other,4,Computer Science
Fall 2021,52540,C S, 312,INTRODUCTION TO PROGRAMMING,"C S-312: INTRODUCTION TO PROGRAMMING, Section no. 52540",F,1,Computer Science
Fall 2021,52540,C S, 312,INTRODUCTION TO PROGRAMMING,"C S-312: INTRODUCTION TO PROGRAMMING, Section no. 52540",D+,1,Computer Science
Fall 2021,52540,C S, 312,INTRODUCTION TO PROGRAMMING,"C S-312: INTRODUCTION TO PROGRAMMING, Section no. 52540",C,1,Computer Science
Fall 2021,52540,C S, 312,INTRODUCTION TO PROGRAMMING,"C S-312: INTRODUCTION TO PROGRAMMING, Section no. 52540",B-,2,Computer Science
Fall 2021,52540,C S, 312,INTRODUCTION TO PROGRAMMING,"C S-312: INTRODUCTION TO PROGRAMMING, Section no. 52540",B,2,Computer Science
Fall 2021,52540,C S, 312,INTRODUCTION TO PROGRAMMING,"C S-312: INTRODUCTION TO PROGRAMMING, Section no. 52540",B+,5,Computer Science
Fall 2021,52540,C S, 312,INTRODUCTION TO PROGRAMMING,"C S-312: INTRODUCTION TO PROGRAMMING, Section no. 52540",A-,2,Computer Science
Fall 2021,52540,C S, 312,INTRODUCTION TO PROGRAMMING,"C S-312: INTRODUCTION TO PROGRAMMING, Section no. 52540",A,6,Computer Science
Fall 2021,52550,C S, 312,INTRODUCTION TO PROGRAMMING,"C S-312: INTRODUCTION TO PROGRAMMING, Section no. 52550",F,1,Computer Science
Fall 2021,52550,C S, 312,INTRODUCTION TO PROGRAMMING,"C S-312: INTRODUCTION TO PROGRAMMING, Section no. 52550",C-,2,Computer Science
Fall 2021,52550,C S, 312,INTRODUCTION TO PROGRAMMING,"C S-312: INTRODUCTION TO PROGRAMMING, Section no. 52550",C,3,Computer Science
Fall 2021,52550,C S, 312,INTRODUCTION TO PROGRAMMING,"C S-312: INTRODUCTION TO PROGRAMMING, Section no. 52550",C+,3,Computer Science
Fall 2021,52550,C S, 312,INTRODUCTION TO PROGRAMMING,"C S-312: INTRODUCTION TO PROGRAMMING, Section no. 52550",B-,2,Computer Science
Fall 2021,52550,C S, 312,INTRODUCTION TO PROGRAMMING,"C S-312: INTRODUCTION TO PROGRAMMING, Section no. 52550",B,1,Computer Science
Fall 2021,52550,C S, 312,INTRODUCTION TO PROGRAMMING,"C S-312: INTRODUCTION TO PROGRAMMING, Section no. 52550",B+,4,Computer Science
Fall 2021,52550,C S, 312,INTRODUCTION TO PROGRAMMING,"C S-312: INTRODUCTION TO PROGRAMMING, Section no. 52550",A-,3,Computer Science
Fall 2021,52550,C S, 312,INTRODUCTION TO PROGRAMMING,"C S-312: INTRODUCTION TO PROGRAMMING, Section no. 52550",A,6,Computer Science
Fall 2021,52555,C S, 312,INTRODUCTION TO PROGRAMMING,"C S-312: INTRODUCTION TO PROGRAMMING, Section no. 52555",Other,1,Computer Science
Fall 2021,52555,C S, 312,INTRODUCTION TO PROGRAMMING,"C S-312: INTRODUCTION TO PROGRAMMING, Section no. 52555",F,2,Computer Science
Fall 2021,52555,C S, 312,INTRODUCTION TO PROGRAMMING,"C S-312: INTRODUCTION TO PROGRAMMING, Section no. 52555",D+,1,Computer Science
Fall 2021,52555,C S, 312,INTRODUCTION TO PROGRAMMING,"C S-312: INTRODUCTION TO PROGRAMMING, Section no. 52555",C,1,Computer Science
Fall 2021,52555,C S, 312,INTRODUCTION TO PROGRAMMING,"C S-312: INTRODUCTION TO PROGRAMMING, Section no. 52555",C+,1,Computer Science
Fall 2021,52555,C S, 312,INTRODUCTION TO PROGRAMMING,"C S-312: INTRODUCTION TO PROGRAMMING, Section no. 52555",B-,1,Computer Science
Fall 2021,52555,C S, 312,INTRODUCTION TO PROGRAMMING,"C S-312: INTRODUCTION TO PROGRAMMING, Section no. 52555",B,1,Computer Science
Fall 2021,52555,C S, 312,INTRODUCTION TO PROGRAMMING,"C S-312: INTRODUCTION TO PROGRAMMING, Section no. 52555",B+,3,Computer Science
Fall 2021,52555,C S, 312,INTRODUCTION TO PROGRAMMING,"C S-312: INTRODUCTION TO PROGRAMMING, Section no. 52555",A-,9,Computer Science
Fall 2021,52555,C S, 312,INTRODUCTION TO PROGRAMMING,"C S-312: INTRODUCTION TO PROGRAMMING, Section no. 52555",A,7,Computer Science
Fall 2021,52560,C S, 312,INTRODUCTION TO PROGRAMMING,"C S-312: INTRODUCTION TO PROGRAMMING, Section no. 52560",Other,5,Computer Science
Fall 2021,52560,C S, 312,INTRODUCTION TO PROGRAMMING,"C S-312: INTRODUCTION TO PROGRAMMING, Section no. 52560",F,1,Computer Science
Fall 2021,52560,C S, 312,INTRODUCTION TO PROGRAMMING,"C S-312: INTRODUCTION TO PROGRAMMING, Section no. 52560",D-,2,Computer Science
Fall 2021,52560,C S, 312,INTRODUCTION TO PROGRAMMING,"C S-312: INTRODUCTION TO PROGRAMMING, Section no. 52560",D+,1,Computer Science
Fall 2021,52560,C S, 312,INTRODUCTION TO PROGRAMMING,"C S-312: INTRODUCTION TO PROGRAMMING, Section no. 52560",B-,3,Computer Science
Fall 2021,52560,C S, 312,INTRODUCTION TO PROGRAMMING,"C S-312: INTRODUCTION TO PROGRAMMING, Section no. 52560",B,3,Computer Science
Fall 2021,52560,C S, 312,INTRODUCTION TO PROGRAMMING,"C S-312: INTRODUCTION TO PROGRAMMING, Section no. 52560",B+,2,Computer Science
Fall 2021,52560,C S, 312,INTRODUCTION TO PROGRAMMING,"C S-312: INTRODUCTION TO PROGRAMMING, Section no. 52560",A-,3,Computer Science
Fall 2021,52560,C S, 312,INTRODUCTION TO PROGRAMMING,"C S-312: INTRODUCTION TO PROGRAMMING, Section no. 52560",A,7,Computer Science
Fall 2021,52565,C S, 312,INTRODUCTION TO PROGRAMMING,"C S-312: INTRODUCTION TO PROGRAMMING, Section no. 52565",Other,3,Computer Science
Fall 2021,52565,C S, 312,INTRODUCTION TO PROGRAMMING,"C S-312: INTRODUCTION TO PROGRAMMING, Section no. 52565",D+,1,Computer Science
Fall 2021,52565,C S, 312,INTRODUCTION TO PROGRAMMING,"C S-312: INTRODUCTION TO PROGRAMMING, Section no. 52565",C-,1,Computer Science
Fall 2021,52565,C S, 312,INTRODUCTION TO PROGRAMMING,"C S-312: INTRODUCTION TO PROGRAMMING, Section no. 52565",B-,3,Computer Science
Fall 2021,52565,C S, 312,INTRODUCTION TO PROGRAMMING,"C S-312: INTRODUCTION TO PROGRAMMING, Section no. 52565",B,2,Computer Science
Fall 2021,52565,C S, 312,INTRODUCTION TO PROGRAMMING,"C S-312: INTRODUCTION TO PROGRAMMING, Section no. 52565",B+,3,Computer Science
Fall 2021,52565,C S, 312,INTRODUCTION TO PROGRAMMING,"C S-312: INTRODUCTION TO PROGRAMMING, Section no. 52565",A-,4,Computer Science
Fall 2021,52565,C S, 312,INTRODUCTION TO PROGRAMMING,"C S-312: INTRODUCTION TO PROGRAMMING, Section no. 52565",A,6,Computer Science
Fall 2021,52570,C S, 312,INTRODUCTION TO PROGRAMMING,"C S-312: INTRODUCTION TO PROGRAMMING, Section no. 52570",Other,3,Computer Science
Fall 2021,52570,C S, 312,INTRODUCTION TO PROGRAMMING,"C S-312: INTRODUCTION TO PROGRAMMING, Section no. 52570",F,1,Computer Science
Fall 2021,52570,C S, 312,INTRODUCTION TO PROGRAMMING,"C S-312: INTRODUCTION TO PROGRAMMING, Section no. 52570",D,1,Computer Science
Fall 2021,52570,C S, 312,INTRODUCTION TO PROGRAMMING,"C S-312: INTRODUCTION TO PROGRAMMING, Section no. 52570",C,1,Computer Science
Fall 2021,52570,C S, 312,INTRODUCTION TO PROGRAMMING,"C S-312: INTRODUCTION TO PROGRAMMING, Section no. 52570",C+,1,Computer Science
Fall 2021,52570,C S, 312,INTRODUCTION TO PROGRAMMING,"C S-312: INTRODUCTION TO PROGRAMMING, Section no. 52570",B-,1,Computer Science
Fall 2021,52570,C S, 312,INTRODUCTION TO PROGRAMMING,"C S-312: INTRODUCTION TO PROGRAMMING, Section no. 52570",B,6,Computer Science
Fall 2021,52570,C S, 312,INTRODUCTION TO PROGRAMMING,"C S-312: INTRODUCTION TO PROGRAMMING, Section no. 52570",B+,4,Computer Science
Fall 2021,52570,C S, 312,INTRODUCTION TO PROGRAMMING,"C S-312: INTRODUCTION TO PROGRAMMING, Section no. 52570",A-,3,Computer Science
Fall 2021,52570,C S, 312,INTRODUCTION TO PROGRAMMING,"C S-312: INTRODUCTION TO PROGRAMMING, Section no. 52570",A,4,Computer Science
Fall 2021,52575,C S, 312,INTRODUCTION TO PROGRAMMING,"C S-312: INTRODUCTION TO PROGRAMMING, Section no. 52575",C-,2,Computer Science
Fall 2021,52575,C S, 312,INTRODUCTION TO PROGRAMMING,"C S-312: INTRODUCTION TO PROGRAMMING, Section no. 52575",C,1,Computer Science
Fall 2021,52575,C S, 312,INTRODUCTION TO PROGRAMMING,"C S-312: INTRODUCTION TO PROGRAMMING, Section no. 52575",C+,1,Computer Science
Fall 2021,52575,C S, 312,INTRODUCTION TO PROGRAMMING,"C S-312: INTRODUCTION TO PROGRAMMING, Section no. 52575",B-,2,Computer Science
Fall 2021,52575,C S, 312,INTRODUCTION TO PROGRAMMING,"C S-312: INTRODUCTION TO PROGRAMMING, Section no. 52575",B,1,Computer Science
Fall 2021,52575,C S, 312,INTRODUCTION TO PROGRAMMING,"C S-312: INTRODUCTION TO PROGRAMMING, Section no. 52575",B+,4,Computer Science
Fall 2021,52575,C S, 312,INTRODUCTION TO PROGRAMMING,"C S-312: INTRODUCTION TO PROGRAMMING, Section no. 52575",A-,3,Computer Science
Fall 2021,52575,C S, 312,INTRODUCTION TO PROGRAMMING,"C S-312: INTRODUCTION TO PROGRAMMING, Section no. 52575",A,11,Computer Science
Fall 2021,52580,C S, 312,INTRODUCTION TO PROGRAMMING,"C S-312: INTRODUCTION TO PROGRAMMING, Section no. 52580",Other,14,Computer Science
Fall 2021,52580,C S, 312,INTRODUCTION TO PROGRAMMING,"C S-312: INTRODUCTION TO PROGRAMMING, Section no. 52580",D-,1,Computer Science
Fall 2021,52580,C S, 312,INTRODUCTION TO PROGRAMMING,"C S-312: INTRODUCTION TO PROGRAMMING, Section no. 52580",D+,1,Computer Science
Fall 2021,52580,C S, 312,INTRODUCTION TO PROGRAMMING,"C S-312: INTRODUCTION TO PROGRAMMING, Section no. 52580",C-,2,Computer Science
Fall 2021,52580,C S, 312,INTRODUCTION TO PROGRAMMING,"C S-312: INTRODUCTION TO PROGRAMMING, Section no. 52580",C,1,Computer Science
Fall 2021,52580,C S, 312,INTRODUCTION TO PROGRAMMING,"C S-312: INTRODUCTION TO PROGRAMMING, Section no. 52580",C+,2,Computer Science
Fall 2021,52580,C S, 312,INTRODUCTION TO PROGRAMMING,"C S-312: INTRODUCTION TO PROGRAMMING, Section no. 52580",B-,1,Computer Science
Fall 2021,52580,C S, 312,INTRODUCTION TO PROGRAMMING,"C S-312: INTRODUCTION TO PROGRAMMING, Section no. 52580",B,1,Computer Science
Fall 2021,52580,C S, 312,INTRODUCTION TO PROGRAMMING,"C S-312: INTRODUCTION TO PROGRAMMING, Section no. 52580",A,2,Computer Science
Fall 2021,52585,C S, 312,INTRODUCTION TO PROGRAMMING,"C S-312: INTRODUCTION TO PROGRAMMING, Section no. 52585",Other,1,Computer Science
Fall 2021,52585,C S, 312,INTRODUCTION TO PROGRAMMING,"C S-312: INTRODUCTION TO PROGRAMMING, Section no. 52585",F,1,Computer Science
Fall 2021,52585,C S, 312,INTRODUCTION TO PROGRAMMING,"C S-312: INTRODUCTION TO PROGRAMMING, Section no. 52585",C,2,Computer Science
Fall 2021,52585,C S, 312,INTRODUCTION TO PROGRAMMING,"C S-312: INTRODUCTION TO PROGRAMMING, Section no. 52585",C+,3,Computer Science
Fall 2021,52585,C S, 312,INTRODUCTION TO PROGRAMMING,"C S-312: INTRODUCTION TO PROGRAMMING, Section no. 52585",B,2,Computer Science
Fall 2021,52585,C S, 312,INTRODUCTION TO PROGRAMMING,"C S-312: INTRODUCTION TO PROGRAMMING, Section no. 52585",B+,2,Computer Science
Fall 2021,52585,C S, 312,INTRODUCTION TO PROGRAMMING,"C S-312: INTRODUCTION TO PROGRAMMING, Section no. 52585",A-,6,Computer Science
Fall 2021,52585,C S, 312,INTRODUCTION TO PROGRAMMING,"C S-312: INTRODUCTION TO PROGRAMMING, Section no. 52585",A,7,Computer Science
Fall 2021,52589,C S, 312,INTRODUCTION TO PROGRAMMING,"C S-312: INTRODUCTION TO PROGRAMMING, Section no. 52589",Other,2,Computer Science
Fall 2021,52589,C S, 312,INTRODUCTION TO PROGRAMMING,"C S-312: INTRODUCTION TO PROGRAMMING, Section no. 52589",D,1,Computer Science
Fall 2021,52589,C S, 312,INTRODUCTION TO PROGRAMMING,"C S-312: INTRODUCTION TO PROGRAMMING, Section no. 52589",C+,1,Computer Science
Fall 2021,52589,C S, 312,INTRODUCTION TO PROGRAMMING,"C S-312: INTRODUCTION TO PROGRAMMING, Section no. 52589",B-,2,Computer Science
Fall 2021,52589,C S, 312,INTRODUCTION TO PROGRAMMING,"C S-312: INTRODUCTION TO PROGRAMMING, Section no. 52589",B,2,Computer Science
Fall 2021,52589,C S, 312,INTRODUCTION TO PROGRAMMING,"C S-312: INTRODUCTION TO PROGRAMMING, Section no. 52589",B+,6,Computer Science
Fall 2021,52589,C S, 312,INTRODUCTION TO PROGRAMMING,"C S-312: INTRODUCTION TO PROGRAMMING, Section no. 52589",A-,5,Computer Science
Fall 2021,52589,C S, 312,INTRODUCTION TO PROGRAMMING,"C S-312: INTRODUCTION TO PROGRAMMING, Section no. 52589",A,8,Computer Science
Fall 2021,52590,C S, 313E,ELEMENTS OF SOFTWARE DESIGN,"C S-313E: ELEMENTS OF SOFTWARE DESIGN, Section no. 52590",Other,21,Computer Science
Fall 2021,52590,C S, 313E,ELEMENTS OF SOFTWARE DESIGN,"C S-313E: ELEMENTS OF SOFTWARE DESIGN, Section no. 52590",F,1,Computer Science
Fall 2021,52590,C S, 313E,ELEMENTS OF SOFTWARE DESIGN,"C S-313E: ELEMENTS OF SOFTWARE DESIGN, Section no. 52590",D+,4,Computer Science
Fall 2021,52590,C S, 313E,ELEMENTS OF SOFTWARE DESIGN,"C S-313E: ELEMENTS OF SOFTWARE DESIGN, Section no. 52590",C,3,Computer Science
Fall 2021,52590,C S, 313E,ELEMENTS OF SOFTWARE DESIGN,"C S-313E: ELEMENTS OF SOFTWARE DESIGN, Section no. 52590",C+,5,Computer Science
Fall 2021,52590,C S, 313E,ELEMENTS OF SOFTWARE DESIGN,"C S-313E: ELEMENTS OF SOFTWARE DESIGN, Section no. 52590",B-,6,Computer Science
Fall 2021,52590,C S, 313E,ELEMENTS OF SOFTWARE DESIGN,"C S-313E: ELEMENTS OF SOFTWARE DESIGN, Section no. 52590",B,9,Computer Science
Fall 2021,52590,C S, 313E,ELEMENTS OF SOFTWARE DESIGN,"C S-313E: ELEMENTS OF SOFTWARE DESIGN, Section no. 52590",B+,3,Computer Science
Fall 2021,52590,C S, 313E,ELEMENTS OF SOFTWARE DESIGN,"C S-313E: ELEMENTS OF SOFTWARE DESIGN, Section no. 52590",A-,5,Computer Science
Fall 2021,52590,C S, 313E,ELEMENTS OF SOFTWARE DESIGN,"C S-313E: ELEMENTS OF SOFTWARE DESIGN, Section no. 52590",A,39,Computer Science
Fall 2021,52595,C S, 313E,ELEMENTS OF SOFTWARE DESIGN,"C S-313E: ELEMENTS OF SOFTWARE DESIGN, Section no. 52595",Other,24,Computer Science
Fall 2021,52595,C S, 313E,ELEMENTS OF SOFTWARE DESIGN,"C S-313E: ELEMENTS OF SOFTWARE DESIGN, Section no. 52595",F,1,Computer Science
Fall 2021,52595,C S, 313E,ELEMENTS OF SOFTWARE DESIGN,"C S-313E: ELEMENTS OF SOFTWARE DESIGN, Section no. 52595",C-,2,Computer Science
Fall 2021,52595,C S, 313E,ELEMENTS OF SOFTWARE DESIGN,"C S-313E: ELEMENTS OF SOFTWARE DESIGN, Section no. 52595",C,5,Computer Science
Fall 2021,52595,C S, 313E,ELEMENTS OF SOFTWARE DESIGN,"C S-313E: ELEMENTS OF SOFTWARE DESIGN, Section no. 52595",C+,4,Computer Science
Fall 2021,52595,C S, 313E,ELEMENTS OF SOFTWARE DESIGN,"C S-313E: ELEMENTS OF SOFTWARE DESIGN, Section no. 52595",B-,2,Computer Science
Fall 2021,52595,C S, 313E,ELEMENTS OF SOFTWARE DESIGN,"C S-313E: ELEMENTS OF SOFTWARE DESIGN, Section no. 52595",B,11,Computer Science
Fall 2021,52595,C S, 313E,ELEMENTS OF SOFTWARE DESIGN,"C S-313E: ELEMENTS OF SOFTWARE DESIGN, Section no. 52595",B+,4,Computer Science
Fall 2021,52595,C S, 313E,ELEMENTS OF SOFTWARE DESIGN,"C S-313E: ELEMENTS OF SOFTWARE DESIGN, Section no. 52595",A-,2,Computer Science
Fall 2021,52595,C S, 313E,ELEMENTS OF SOFTWARE DESIGN,"C S-313E: ELEMENTS OF SOFTWARE DESIGN, Section no. 52595",A,34,Computer Science
Fall 2021,52600,C S, 313E,ELEMENTS OF SOFTWARE DESIGN,"C S-313E: ELEMENTS OF SOFTWARE DESIGN, Section no. 52600",Other,16,Computer Science
Fall 2021,52600,C S, 313E,ELEMENTS OF SOFTWARE DESIGN,"C S-313E: ELEMENTS OF SOFTWARE DESIGN, Section no. 52600",F,2,Computer Science
Fall 2021,52600,C S, 313E,ELEMENTS OF SOFTWARE DESIGN,"C S-313E: ELEMENTS OF SOFTWARE DESIGN, Section no. 52600",D-,1,Computer Science
Fall 2021,52600,C S, 313E,ELEMENTS OF SOFTWARE DESIGN,"C S-313E: ELEMENTS OF SOFTWARE DESIGN, Section no. 52600",C,3,Computer Science
Fall 2021,52600,C S, 313E,ELEMENTS OF SOFTWARE DESIGN,"C S-313E: ELEMENTS OF SOFTWARE DESIGN, Section no. 52600",C+,2,Computer Science
Fall 2021,52600,C S, 313E,ELEMENTS OF SOFTWARE DESIGN,"C S-313E: ELEMENTS OF SOFTWARE DESIGN, Section no. 52600",B-,2,Computer Science
Fall 2021,52600,C S, 313E,ELEMENTS OF SOFTWARE DESIGN,"C S-313E: ELEMENTS OF SOFTWARE DESIGN, Section no. 52600",B,8,Computer Science
Fall 2021,52600,C S, 313E,ELEMENTS OF SOFTWARE DESIGN,"C S-313E: ELEMENTS OF SOFTWARE DESIGN, Section no. 52600",B+,5,Computer Science
Fall 2021,52600,C S, 313E,ELEMENTS OF SOFTWARE DESIGN,"C S-313E: ELEMENTS OF SOFTWARE DESIGN, Section no. 52600",A-,6,Computer Science
Fall 2021,52600,C S, 313E,ELEMENTS OF SOFTWARE DESIGN,"C S-313E: ELEMENTS OF SOFTWARE DESIGN, Section no. 52600",A,31,Computer Science
Fall 2021,52604,C S, 313E,ELEMENTS OF SOFTWARE DESIGN,"C S-313E: ELEMENTS OF SOFTWARE DESIGN, Section no. 52604",Other,20,Computer Science
Fall 2021,52604,C S, 313E,ELEMENTS OF SOFTWARE DESIGN,"C S-313E: ELEMENTS OF SOFTWARE DESIGN, Section no. 52604",D+,2,Computer Science
Fall 2021,52604,C S, 313E,ELEMENTS OF SOFTWARE DESIGN,"C S-313E: ELEMENTS OF SOFTWARE DESIGN, Section no. 52604",C+,3,Computer Science
Fall 2021,52604,C S, 313E,ELEMENTS OF SOFTWARE DESIGN,"C S-313E: ELEMENTS OF SOFTWARE DESIGN, Section no. 52604",B-,2,Computer Science
Fall 2021,52604,C S, 313E,ELEMENTS OF SOFTWARE DESIGN,"C S-313E: ELEMENTS OF SOFTWARE DESIGN, Section no. 52604",B+,5,Computer Science
Fall 2021,52604,C S, 313E,ELEMENTS OF SOFTWARE DESIGN,"C S-313E: ELEMENTS OF SOFTWARE DESIGN, Section no. 52604",A-,1,Computer Science
Fall 2021,52604,C S, 313E,ELEMENTS OF SOFTWARE DESIGN,"C S-313E: ELEMENTS OF SOFTWARE DESIGN, Section no. 52604",A,37,Computer Science
Fall 2021,52605,C S, 314,DATA STRUCTURES,"C S-314: DATA STRUCTURES, Section no. 52605",F,2,Computer Science
Fall 2021,52605,C S, 314,DATA STRUCTURES,"C S-314: DATA STRUCTURES, Section no. 52605",C,2,Computer Science
Fall 2021,52605,C S, 314,DATA STRUCTURES,"C S-314: DATA STRUCTURES, Section no. 52605",B-,2,Computer Science
Fall 2021,52605,C S, 314,DATA STRUCTURES,"C S-314: DATA STRUCTURES, Section no. 52605",B,5,Computer Science
Fall 2021,52605,C S, 314,DATA STRUCTURES,"C S-314: DATA STRUCTURES, Section no. 52605",B+,6,Computer Science
Fall 2021,52605,C S, 314,DATA STRUCTURES,"C S-314: DATA STRUCTURES, Section no. 52605",A-,4,Computer Science
Fall 2021,52605,C S, 314,DATA STRUCTURES,"C S-314: DATA STRUCTURES, Section no. 52605",A,3,Computer Science
Fall 2021,52610,C S, 314,DATA STRUCTURES,"C S-314: DATA STRUCTURES, Section no. 52610",Other,1,Computer Science
Fall 2021,52610,C S, 314,DATA STRUCTURES,"C S-314: DATA STRUCTURES, Section no. 52610",F,3,Computer Science
Fall 2021,52610,C S, 314,DATA STRUCTURES,"C S-314: DATA STRUCTURES, Section no. 52610",D,1,Computer Science
Fall 2021,52610,C S, 314,DATA STRUCTURES,"C S-314: DATA STRUCTURES, Section no. 52610",D+,1,Computer Science
Fall 2021,52610,C S, 314,DATA STRUCTURES,"C S-314: DATA STRUCTURES, Section no. 52610",C,2,Computer Science
Fall 2021,52610,C S, 314,DATA STRUCTURES,"C S-314: DATA STRUCTURES, Section no. 52610",C+,1,Computer Science
Fall 2021,52610,C S, 314,DATA STRUCTURES,"C S-314: DATA STRUCTURES, Section no. 52610",B-,1,Computer Science
Fall 2021,52610,C S, 314,DATA STRUCTURES,"C S-314: DATA STRUCTURES, Section no. 52610",B,10,Computer Science
Fall 2021,52610,C S, 314,DATA STRUCTURES,"C S-314: DATA STRUCTURES, Section no. 52610",B+,2,Computer Science
Fall 2021,52610,C S, 314,DATA STRUCTURES,"C S-314: DATA STRUCTURES, Section no. 52610",A-,2,Computer Science
Fall 2021,52615,C S, 314,DATA STRUCTURES,"C S-314: DATA STRUCTURES, Section no. 52615",Other,11,Computer Science
Fall 2021,52615,C S, 314,DATA STRUCTURES,"C S-314: DATA STRUCTURES, Section no. 52615",F,5,Computer Science
Fall 2021,52615,C S, 314,DATA STRUCTURES,"C S-314: DATA STRUCTURES, Section no. 52615",D-,2,Computer Science
Fall 2021,52615,C S, 314,DATA STRUCTURES,"C S-314: DATA STRUCTURES, Section no. 52615",D,1,Computer Science
Fall 2021,52615,C S, 314,DATA STRUCTURES,"C S-314: DATA STRUCTURES, Section no. 52615",D+,1,Computer Science
Fall 2021,52615,C S, 314,DATA STRUCTURES,"C S-314: DATA STRUCTURES, Section no. 52615",C,1,Computer Science
Fall 2021,52615,C S, 314,DATA STRUCTURES,"C S-314: DATA STRUCTURES, Section no. 52615",C+,2,Computer Science
Fall 2021,52615,C S, 314,DATA STRUCTURES,"C S-314: DATA STRUCTURES, Section no. 52615",B+,1,Computer Science
Fall 2021,52625,C S, 314,DATA STRUCTURES,"C S-314: DATA STRUCTURES, Section no. 52625",Other,1,Computer Science
Fall 2021,52625,C S, 314,DATA STRUCTURES,"C S-314: DATA STRUCTURES, Section no. 52625",C,1,Computer Science
Fall 2021,52625,C S, 314,DATA STRUCTURES,"C S-314: DATA STRUCTURES, Section no. 52625",B-,4,Computer Science
Fall 2021,52625,C S, 314,DATA STRUCTURES,"C S-314: DATA STRUCTURES, Section no. 52625",B,3,Computer Science
Fall 2021,52625,C S, 314,DATA STRUCTURES,"C S-314: DATA STRUCTURES, Section no. 52625",B+,4,Computer Science
Fall 2021,52625,C S, 314,DATA STRUCTURES,"C S-314: DATA STRUCTURES, Section no. 52625",A-,2,Computer Science
Fall 2021,52625,C S, 314,DATA STRUCTURES,"C S-314: DATA STRUCTURES, Section no. 52625",A,6,Computer Science
Fall 2021,52630,C S, 314,DATA STRUCTURES,"C S-314: DATA STRUCTURES, Section no. 52630",Other,1,Computer Science
Fall 2021,52630,C S, 314,DATA STRUCTURES,"C S-314: DATA STRUCTURES, Section no. 52630",F,1,Computer Science
Fall 2021,52630,C S, 314,DATA STRUCTURES,"C S-314: DATA STRUCTURES, Section no. 52630",D,1,Computer Science
Fall 2021,52630,C S, 314,DATA STRUCTURES,"C S-314: DATA STRUCTURES, Section no. 52630",C-,1,Computer Science
Fall 2021,52630,C S, 314,DATA STRUCTURES,"C S-314: DATA STRUCTURES, Section no. 52630",C,1,Computer Science
Fall 2021,52630,C S, 314,DATA STRUCTURES,"C S-314: DATA STRUCTURES, Section no. 52630",C+,1,Computer Science
Fall 2021,52630,C S, 314,DATA STRUCTURES,"C S-314: DATA STRUCTURES, Section no. 52630",B-,4,Computer Science
Fall 2021,52630,C S, 314,DATA STRUCTURES,"C S-314: DATA STRUCTURES, Section no. 52630",B,3,Computer Science
Fall 2021,52630,C S, 314,DATA STRUCTURES,"C S-314: DATA STRUCTURES, Section no. 52630",B+,3,Computer Science
Fall 2021,52630,C S, 314,DATA STRUCTURES,"C S-314: DATA STRUCTURES, Section no. 52630",A-,4,Computer Science
Fall 2021,52630,C S, 314,DATA STRUCTURES,"C S-314: DATA STRUCTURES, Section no. 52630",A,4,Computer Science
Fall 2021,52635,C S, 314,DATA STRUCTURES,"C S-314: DATA STRUCTURES, Section no. 52635",Other,1,Computer Science
Fall 2021,52635,C S, 314,DATA STRUCTURES,"C S-314: DATA STRUCTURES, Section no. 52635",D,1,Computer Science
Fall 2021,52635,C S, 314,DATA STRUCTURES,"C S-314: DATA STRUCTURES, Section no. 52635",C,1,Computer Science
Fall 2021,52635,C S, 314,DATA STRUCTURES,"C S-314: DATA STRUCTURES, Section no. 52635",C+,4,Computer Science
Fall 2021,52635,C S, 314,DATA STRUCTURES,"C S-314: DATA STRUCTURES, Section no. 52635",B-,2,Computer Science
Fall 2021,52635,C S, 314,DATA STRUCTURES,"C S-314: DATA STRUCTURES, Section no. 52635",B,4,Computer Science
Fall 2021,52635,C S, 314,DATA STRUCTURES,"C S-314: DATA STRUCTURES, Section no. 52635",B+,2,Computer Science
Fall 2021,52635,C S, 314,DATA STRUCTURES,"C S-314: DATA STRUCTURES, Section no. 52635",A-,1,Computer Science
Fall 2021,52635,C S, 314,DATA STRUCTURES,"C S-314: DATA STRUCTURES, Section no. 52635",A,8,Computer Science
Fall 2021,52640,C S, 314,DATA STRUCTURES,"C S-314: DATA STRUCTURES, Section no. 52640",Other,7,Computer Science
Fall 2021,52640,C S, 314,DATA STRUCTURES,"C S-314: DATA STRUCTURES, Section no. 52640",D-,1,Computer Science
Fall 2021,52640,C S, 314,DATA STRUCTURES,"C S-314: DATA STRUCTURES, Section no. 52640",D+,1,Computer Science
Fall 2021,52640,C S, 314,DATA STRUCTURES,"C S-314: DATA STRUCTURES, Section no. 52640",C-,2,Computer Science
Fall 2021,52640,C S, 314,DATA STRUCTURES,"C S-314: DATA STRUCTURES, Section no. 52640",C,4,Computer Science
Fall 2021,52640,C S, 314,DATA STRUCTURES,"C S-314: DATA STRUCTURES, Section no. 52640",C+,3,Computer Science
Fall 2021,52640,C S, 314,DATA STRUCTURES,"C S-314: DATA STRUCTURES, Section no. 52640",B-,2,Computer Science
Fall 2021,52640,C S, 314,DATA STRUCTURES,"C S-314: DATA STRUCTURES, Section no. 52640",B,5,Computer Science
Fall 2021,52640,C S, 314,DATA STRUCTURES,"C S-314: DATA STRUCTURES, Section no. 52640",B+,2,Computer Science
Fall 2021,52640,C S, 314,DATA STRUCTURES,"C S-314: DATA STRUCTURES, Section no. 52640",A-,1,Computer Science
Fall 2021,52645,C S, 314,DATA STRUCTURES,"C S-314: DATA STRUCTURES, Section no. 52645",Other,1,Computer Science
Fall 2021,52645,C S, 314,DATA STRUCTURES,"C S-314: DATA STRUCTURES, Section no. 52645",D+,1,Computer Science
Fall 2021,52645,C S, 314,DATA STRUCTURES,"C S-314: DATA STRUCTURES, Section no. 52645",C,4,Computer Science
Fall 2021,52645,C S, 314,DATA STRUCTURES,"C S-314: DATA STRUCTURES, Section no. 52645",C+,1,Computer Science
Fall 2021,52645,C S, 314,DATA STRUCTURES,"C S-314: DATA STRUCTURES, Section no. 52645",B-,1,Computer Science
Fall 2021,52645,C S, 314,DATA STRUCTURES,"C S-314: DATA STRUCTURES, Section no. 52645",B,4,Computer Science
Fall 2021,52645,C S, 314,DATA STRUCTURES,"C S-314: DATA STRUCTURES, Section no. 52645",B+,1,Computer Science
Fall 2021,52645,C S, 314,DATA STRUCTURES,"C S-314: DATA STRUCTURES, Section no. 52645",A,10,Computer Science
Fall 2021,52650,C S, 314,DATA STRUCTURES,"C S-314: DATA STRUCTURES, Section no. 52650",F,1,Computer Science
Fall 2021,52650,C S, 314,DATA STRUCTURES,"C S-314: DATA STRUCTURES, Section no. 52650",D+,1,Computer Science
Fall 2021,52650,C S, 314,DATA STRUCTURES,"C S-314: DATA STRUCTURES, Section no. 52650",C,1,Computer Science
Fall 2021,52650,C S, 314,DATA STRUCTURES,"C S-314: DATA STRUCTURES, Section no. 52650",B-,3,Computer Science
Fall 2021,52650,C S, 314,DATA STRUCTURES,"C S-314: DATA STRUCTURES, Section no. 52650",B,3,Computer Science
Fall 2021,52650,C S, 314,DATA STRUCTURES,"C S-314: DATA STRUCTURES, Section no. 52650",B+,5,Computer Science
Fall 2021,52650,C S, 314,DATA STRUCTURES,"C S-314: DATA STRUCTURES, Section no. 52650",A-,2,Computer Science
Fall 2021,52650,C S, 314,DATA STRUCTURES,"C S-314: DATA STRUCTURES, Section no. 52650",A,6,Computer Science
Fall 2021,52655,C S, 314,DATA STRUCTURES,"C S-314: DATA STRUCTURES, Section no. 52655",Other,3,Computer Science
Fall 2021,52655,C S, 314,DATA STRUCTURES,"C S-314: DATA STRUCTURES, Section no. 52655",D+,1,Computer Science
Fall 2021,52655,C S, 314,DATA STRUCTURES,"C S-314: DATA STRUCTURES, Section no. 52655",C-,1,Computer Science
Fall 2021,52655,C S, 314,DATA STRUCTURES,"C S-314: DATA STRUCTURES, Section no. 52655",C,3,Computer Science
Fall 2021,52655,C S, 314,DATA STRUCTURES,"C S-314: DATA STRUCTURES, Section no. 52655",C+,1,Computer Science
Fall 2021,52655,C S, 314,DATA STRUCTURES,"C S-314: DATA STRUCTURES, Section no. 52655",B,3,Computer Science
Fall 2021,52655,C S, 314,DATA STRUCTURES,"C S-314: DATA STRUCTURES, Section no. 52655",B+,2,Computer Science
Fall 2021,52655,C S, 314,DATA STRUCTURES,"C S-314: DATA STRUCTURES, Section no. 52655",A-,4,Computer Science
Fall 2021,52655,C S, 314,DATA STRUCTURES,"C S-314: DATA STRUCTURES, Section no. 52655",A,6,Computer Science
Fall 2021,52660,C S, 314,DATA STRUCTURES,"C S-314: DATA STRUCTURES, Section no. 52660",Other,1,Computer Science
Fall 2021,52660,C S, 314,DATA STRUCTURES,"C S-314: DATA STRUCTURES, Section no. 52660",C,3,Computer Science
Fall 2021,52660,C S, 314,DATA STRUCTURES,"C S-314: DATA STRUCTURES, Section no. 52660",C+,1,Computer Science
Fall 2021,52660,C S, 314,DATA STRUCTURES,"C S-314: DATA STRUCTURES, Section no. 52660",B-,1,Computer Science
Fall 2021,52660,C S, 314,DATA STRUCTURES,"C S-314: DATA STRUCTURES, Section no. 52660",B,10,Computer Science
Fall 2021,52660,C S, 314,DATA STRUCTURES,"C S-314: DATA STRUCTURES, Section no. 52660",A-,4,Computer Science
Fall 2021,52660,C S, 314,DATA STRUCTURES,"C S-314: DATA STRUCTURES, Section no. 52660",A,3,Computer Science
Fall 2021,52665,C S, 314,DATA STRUCTURES,"C S-314: DATA STRUCTURES, Section no. 52665",C-,1,Computer Science
Fall 2021,52665,C S, 314,DATA STRUCTURES,"C S-314: DATA STRUCTURES, Section no. 52665",C,3,Computer Science
Fall 2021,52665,C S, 314,DATA STRUCTURES,"C S-314: DATA STRUCTURES, Section no. 52665",C+,1,Computer Science
Fall 2021,52665,C S, 314,DATA STRUCTURES,"C S-314: DATA STRUCTURES, Section no. 52665",B-,3,Computer Science
Fall 2021,52665,C S, 314,DATA STRUCTURES,"C S-314: DATA STRUCTURES, Section no. 52665",B,5,Computer Science
Fall 2021,52665,C S, 314,DATA STRUCTURES,"C S-314: DATA STRUCTURES, Section no. 52665",B+,2,Computer Science
Fall 2021,52665,C S, 314,DATA STRUCTURES,"C S-314: DATA STRUCTURES, Section no. 52665",A-,2,Computer Science
Fall 2021,52665,C S, 314,DATA STRUCTURES,"C S-314: DATA STRUCTURES, Section no. 52665",A,7,Computer Science
Fall 2021,52670,C S, 314,DATA STRUCTURES,"C S-314: DATA STRUCTURES, Section no. 52670",Other,2,Computer Science
Fall 2021,52670,C S, 314,DATA STRUCTURES,"C S-314: DATA STRUCTURES, Section no. 52670",F,2,Computer Science
Fall 2021,52670,C S, 314,DATA STRUCTURES,"C S-314: DATA STRUCTURES, Section no. 52670",D,1,Computer Science
Fall 2021,52670,C S, 314,DATA STRUCTURES,"C S-314: DATA STRUCTURES, Section no. 52670",C-,2,Computer Science
Fall 2021,52670,C S, 314,DATA STRUCTURES,"C S-314: DATA STRUCTURES, Section no. 52670",C,2,Computer Science
Fall 2021,52670,C S, 314,DATA STRUCTURES,"C S-314: DATA STRUCTURES, Section no. 52670",C+,2,Computer Science
Fall 2021,52670,C S, 314,DATA STRUCTURES,"C S-314: DATA STRUCTURES, Section no. 52670",B-,4,Computer Science
Fall 2021,52670,C S, 314,DATA STRUCTURES,"C S-314: DATA STRUCTURES, Section no. 52670",B,2,Computer Science
Fall 2021,52670,C S, 314,DATA STRUCTURES,"C S-314: DATA STRUCTURES, Section no. 52670",B+,2,Computer Science
Fall 2021,52670,C S, 314,DATA STRUCTURES,"C S-314: DATA STRUCTURES, Section no. 52670",A-,4,Computer Science
Fall 2021,52670,C S, 314,DATA STRUCTURES,"C S-314: DATA STRUCTURES, Section no. 52670",A,2,Computer Science
Fall 2021,52680,C S, 314H,DATA STRUCTURES: HONORS,"C S-314H: DATA STRUCTURES: HONORS, Section no. 52680",Other,1,Computer Science
Fall 2021,52680,C S, 314H,DATA STRUCTURES: HONORS,"C S-314H: DATA STRUCTURES: HONORS, Section no. 52680",B-,1,Computer Science
Fall 2021,52680,C S, 314H,DATA STRUCTURES: HONORS,"C S-314H: DATA STRUCTURES: HONORS, Section no. 52680",B,4,Computer Science
Fall 2021,52680,C S, 314H,DATA STRUCTURES: HONORS,"C S-314H: DATA STRUCTURES: HONORS, Section no. 52680",B+,3,Computer Science
Fall 2021,52680,C S, 314H,DATA STRUCTURES: HONORS,"C S-314H: DATA STRUCTURES: HONORS, Section no. 52680",A-,6,Computer Science
Fall 2021,52680,C S, 314H,DATA STRUCTURES: HONORS,"C S-314H: DATA STRUCTURES: HONORS, Section no. 52680",A,13,Computer Science
Fall 2021,52685,C S, 314H,DATA STRUCTURES: HONORS,"C S-314H: DATA STRUCTURES: HONORS, Section no. 52685",B-,4,Computer Science
Fall 2021,52685,C S, 314H,DATA STRUCTURES: HONORS,"C S-314H: DATA STRUCTURES: HONORS, Section no. 52685",B,3,Computer Science
Fall 2021,52685,C S, 314H,DATA STRUCTURES: HONORS,"C S-314H: DATA STRUCTURES: HONORS, Section no. 52685",B+,2,Computer Science
Fall 2021,52685,C S, 314H,DATA STRUCTURES: HONORS,"C S-314H: DATA STRUCTURES: HONORS, Section no. 52685",A-,7,Computer Science
Fall 2021,52685,C S, 314H,DATA STRUCTURES: HONORS,"C S-314H: DATA STRUCTURES: HONORS, Section no. 52685",A,14,Computer Science
Fall 2021,52690,C S, 314H,DATA STRUCTURES: HONORS,"C S-314H: DATA STRUCTURES: HONORS, Section no. 52690",C-,1,Computer Science
Fall 2021,52690,C S, 314H,DATA STRUCTURES: HONORS,"C S-314H: DATA STRUCTURES: HONORS, Section no. 52690",B-,1,Computer Science
Fall 2021,52690,C S, 314H,DATA STRUCTURES: HONORS,"C S-314H: DATA STRUCTURES: HONORS, Section no. 52690",B,1,Computer Science
Fall 2021,52690,C S, 314H,DATA STRUCTURES: HONORS,"C S-314H: DATA STRUCTURES: HONORS, Section no. 52690",B+,5,Computer Science
Fall 2021,52690,C S, 314H,DATA STRUCTURES: HONORS,"C S-314H: DATA STRUCTURES: HONORS, Section no. 52690",A-,9,Computer Science
Fall 2021,52690,C S, 314H,DATA STRUCTURES: HONORS,"C S-314H: DATA STRUCTURES: HONORS, Section no. 52690",A,11,Computer Science
Fall 2021,52695,C S, 324E,ELEM OF GRAPHICS/VISUALIZATN,"C S-324E: ELEM OF GRAPHICS/VISUALIZATN, Section no. 52695",Other,1,Computer Science
Fall 2021,52695,C S, 324E,ELEM OF GRAPHICS/VISUALIZATN,"C S-324E: ELEM OF GRAPHICS/VISUALIZATN, Section no. 52695",B-,1,Computer Science
Fall 2021,52695,C S, 324E,ELEM OF GRAPHICS/VISUALIZATN,"C S-324E: ELEM OF GRAPHICS/VISUALIZATN, Section no. 52695",B,1,Computer Science
Fall 2021,52695,C S, 324E,ELEM OF GRAPHICS/VISUALIZATN,"C S-324E: ELEM OF GRAPHICS/VISUALIZATN, Section no. 52695",B+,5,Computer Science
Fall 2021,52695,C S, 324E,ELEM OF GRAPHICS/VISUALIZATN,"C S-324E: ELEM OF GRAPHICS/VISUALIZATN, Section no. 52695",A-,3,Computer Science
Fall 2021,52695,C S, 324E,ELEM OF GRAPHICS/VISUALIZATN,"C S-324E: ELEM OF GRAPHICS/VISUALIZATN, Section no. 52695",A,49,Computer Science
Fall 2021,52700,C S, 324E,ELEM OF GRAPHICS/VISUALIZATN,"C S-324E: ELEM OF GRAPHICS/VISUALIZATN, Section no. 52700",Other,1,Computer Science
Fall 2021,52700,C S, 324E,ELEM OF GRAPHICS/VISUALIZATN,"C S-324E: ELEM OF GRAPHICS/VISUALIZATN, Section no. 52700",F,1,Computer Science
Fall 2021,52700,C S, 324E,ELEM OF GRAPHICS/VISUALIZATN,"C S-324E: ELEM OF GRAPHICS/VISUALIZATN, Section no. 52700",B-,2,Computer Science
Fall 2021,52700,C S, 324E,ELEM OF GRAPHICS/VISUALIZATN,"C S-324E: ELEM OF GRAPHICS/VISUALIZATN, Section no. 52700",B,1,Computer Science
Fall 2021,52700,C S, 324E,ELEM OF GRAPHICS/VISUALIZATN,"C S-324E: ELEM OF GRAPHICS/VISUALIZATN, Section no. 52700",B+,3,Computer Science
Fall 2021,52700,C S, 324E,ELEM OF GRAPHICS/VISUALIZATN,"C S-324E: ELEM OF GRAPHICS/VISUALIZATN, Section no. 52700",A-,6,Computer Science
Fall 2021,52700,C S, 324E,ELEM OF GRAPHICS/VISUALIZATN,"C S-324E: ELEM OF GRAPHICS/VISUALIZATN, Section no. 52700",A,45,Computer Science
Fall 2021,52705,C S, 327E,ELEMENTS OF DATABASES,"C S-327E: ELEMENTS OF DATABASES, Section no. 52705",Other,4,Computer Science
Fall 2021,52705,C S, 327E,ELEMENTS OF DATABASES,"C S-327E: ELEMENTS OF DATABASES, Section no. 52705",C,1,Computer Science
Fall 2021,52705,C S, 327E,ELEMENTS OF DATABASES,"C S-327E: ELEMENTS OF DATABASES, Section no. 52705",B-,4,Computer Science
Fall 2021,52705,C S, 327E,ELEMENTS OF DATABASES,"C S-327E: ELEMENTS OF DATABASES, Section no. 52705",B,2,Computer Science
Fall 2021,52705,C S, 327E,ELEMENTS OF DATABASES,"C S-327E: ELEMENTS OF DATABASES, Section no. 52705",B+,13,Computer Science
Fall 2021,52705,C S, 327E,ELEMENTS OF DATABASES,"C S-327E: ELEMENTS OF DATABASES, Section no. 52705",A-,23,Computer Science
Fall 2021,52705,C S, 327E,ELEMENTS OF DATABASES,"C S-327E: ELEMENTS OF DATABASES, Section no. 52705",A,23,Computer Science
Fall 2021,52710,C S, 429,COMP ORGANIZATN AND ARCH,"C S-429: COMP ORGANIZATN AND ARCH, Section no. 52710",Other,3,Computer Science
Fall 2021,52710,C S, 429,COMP ORGANIZATN AND ARCH,"C S-429: COMP ORGANIZATN AND ARCH, Section no. 52710",D,2,Computer Science
Fall 2021,52710,C S, 429,COMP ORGANIZATN AND ARCH,"C S-429: COMP ORGANIZATN AND ARCH, Section no. 52710",D+,1,Computer Science
Fall 2021,52710,C S, 429,COMP ORGANIZATN AND ARCH,"C S-429: COMP ORGANIZATN AND ARCH, Section no. 52710",C-,1,Computer Science
Fall 2021,52710,C S, 429,COMP ORGANIZATN AND ARCH,"C S-429: COMP ORGANIZATN AND ARCH, Section no. 52710",C,4,Computer Science
Fall 2021,52710,C S, 429,COMP ORGANIZATN AND ARCH,"C S-429: COMP ORGANIZATN AND ARCH, Section no. 52710",C+,1,Computer Science
Fall 2021,52710,C S, 429,COMP ORGANIZATN AND ARCH,"C S-429: COMP ORGANIZATN AND ARCH, Section no. 52710",B-,1,Computer Science
Fall 2021,52710,C S, 429,COMP ORGANIZATN AND ARCH,"C S-429: COMP ORGANIZATN AND ARCH, Section no. 52710",B,8,Computer Science
Fall 2021,52710,C S, 429,COMP ORGANIZATN AND ARCH,"C S-429: COMP ORGANIZATN AND ARCH, Section no. 52710",B+,1,Computer Science
Fall 2021,52710,C S, 429,COMP ORGANIZATN AND ARCH,"C S-429: COMP ORGANIZATN AND ARCH, Section no. 52710",A-,3,Computer Science
Fall 2021,52710,C S, 429,COMP ORGANIZATN AND ARCH,"C S-429: COMP ORGANIZATN AND ARCH, Section no. 52710",A,12,Computer Science
Fall 2021,52715,C S, 429,COMP ORGANIZATN AND ARCH,"C S-429: COMP ORGANIZATN AND ARCH, Section no. 52715",Other,4,Computer Science
Fall 2021,52715,C S, 429,COMP ORGANIZATN AND ARCH,"C S-429: COMP ORGANIZATN AND ARCH, Section no. 52715",F,1,Computer Science
Fall 2021,52715,C S, 429,COMP ORGANIZATN AND ARCH,"C S-429: COMP ORGANIZATN AND ARCH, Section no. 52715",D,1,Computer Science
Fall 2021,52715,C S, 429,COMP ORGANIZATN AND ARCH,"C S-429: COMP ORGANIZATN AND ARCH, Section no. 52715",D+,1,Computer Science
Fall 2021,52715,C S, 429,COMP ORGANIZATN AND ARCH,"C S-429: COMP ORGANIZATN AND ARCH, Section no. 52715",C,3,Computer Science
Fall 2021,52715,C S, 429,COMP ORGANIZATN AND ARCH,"C S-429: COMP ORGANIZATN AND ARCH, Section no. 52715",B,11,Computer Science
Fall 2021,52715,C S, 429,COMP ORGANIZATN AND ARCH,"C S-429: COMP ORGANIZATN AND ARCH, Section no. 52715",B+,2,Computer Science
Fall 2021,52715,C S, 429,COMP ORGANIZATN AND ARCH,"C S-429: COMP ORGANIZATN AND ARCH, Section no. 52715",A-,3,Computer Science
Fall 2021,52715,C S, 429,COMP ORGANIZATN AND ARCH,"C S-429: COMP ORGANIZATN AND ARCH, Section no. 52715",A,15,Computer Science
Fall 2021,52720,C S, 429,COMP ORGANIZATN AND ARCH,"C S-429: COMP ORGANIZATN AND ARCH, Section no. 52720",Other,3,Computer Science
Fall 2021,52720,C S, 429,COMP ORGANIZATN AND ARCH,"C S-429: COMP ORGANIZATN AND ARCH, Section no. 52720",D+,1,Computer Science
Fall 2021,52720,C S, 429,COMP ORGANIZATN AND ARCH,"C S-429: COMP ORGANIZATN AND ARCH, Section no. 52720",C,7,Computer Science
Fall 2021,52720,C S, 429,COMP ORGANIZATN AND ARCH,"C S-429: COMP ORGANIZATN AND ARCH, Section no. 52720",C+,2,Computer Science
Fall 2021,52720,C S, 429,COMP ORGANIZATN AND ARCH,"C S-429: COMP ORGANIZATN AND ARCH, Section no. 52720",B-,1,Computer Science
Fall 2021,52720,C S, 429,COMP ORGANIZATN AND ARCH,"C S-429: COMP ORGANIZATN AND ARCH, Section no. 52720",B,6,Computer Science
Fall 2021,52720,C S, 429,COMP ORGANIZATN AND ARCH,"C S-429: COMP ORGANIZATN AND ARCH, Section no. 52720",B+,2,Computer Science
Fall 2021,52720,C S, 429,COMP ORGANIZATN AND ARCH,"C S-429: COMP ORGANIZATN AND ARCH, Section no. 52720",A-,4,Computer Science
Fall 2021,52720,C S, 429,COMP ORGANIZATN AND ARCH,"C S-429: COMP ORGANIZATN AND ARCH, Section no. 52720",A,16,Computer Science
Fall 2021,52725,C S, 429,COMP ORGANIZATN AND ARCH,"C S-429: COMP ORGANIZATN AND ARCH, Section no. 52725",Other,2,Computer Science
Fall 2021,52725,C S, 429,COMP ORGANIZATN AND ARCH,"C S-429: COMP ORGANIZATN AND ARCH, Section no. 52725",D,1,Computer Science
Fall 2021,52725,C S, 429,COMP ORGANIZATN AND ARCH,"C S-429: COMP ORGANIZATN AND ARCH, Section no. 52725",C,3,Computer Science
Fall 2021,52725,C S, 429,COMP ORGANIZATN AND ARCH,"C S-429: COMP ORGANIZATN AND ARCH, Section no. 52725",B-,2,Computer Science
Fall 2021,52725,C S, 429,COMP ORGANIZATN AND ARCH,"C S-429: COMP ORGANIZATN AND ARCH, Section no. 52725",B,8,Computer Science
Fall 2021,52725,C S, 429,COMP ORGANIZATN AND ARCH,"C S-429: COMP ORGANIZATN AND ARCH, Section no. 52725",B+,5,Computer Science
Fall 2021,52725,C S, 429,COMP ORGANIZATN AND ARCH,"C S-429: COMP ORGANIZATN AND ARCH, Section no. 52725",A-,1,Computer Science
Fall 2021,52725,C S, 429,COMP ORGANIZATN AND ARCH,"C S-429: COMP ORGANIZATN AND ARCH, Section no. 52725",A,12,Computer Science
Fall 2021,52730,C S, 429,COMP ORGANIZATN AND ARCH,"C S-429: COMP ORGANIZATN AND ARCH, Section no. 52730",Other,1,Computer Science
Fall 2021,52730,C S, 429,COMP ORGANIZATN AND ARCH,"C S-429: COMP ORGANIZATN AND ARCH, Section no. 52730",F,1,Computer Science
Fall 2021,52730,C S, 429,COMP ORGANIZATN AND ARCH,"C S-429: COMP ORGANIZATN AND ARCH, Section no. 52730",D+,1,Computer Science
Fall 2021,52730,C S, 429,COMP ORGANIZATN AND ARCH,"C S-429: COMP ORGANIZATN AND ARCH, Section no. 52730",C,6,Computer Science
Fall 2021,52730,C S, 429,COMP ORGANIZATN AND ARCH,"C S-429: COMP ORGANIZATN AND ARCH, Section no. 52730",B-,3,Computer Science
Fall 2021,52730,C S, 429,COMP ORGANIZATN AND ARCH,"C S-429: COMP ORGANIZATN AND ARCH, Section no. 52730",B,6,Computer Science
Fall 2021,52730,C S, 429,COMP ORGANIZATN AND ARCH,"C S-429: COMP ORGANIZATN AND ARCH, Section no. 52730",B+,4,Computer Science
Fall 2021,52730,C S, 429,COMP ORGANIZATN AND ARCH,"C S-429: COMP ORGANIZATN AND ARCH, Section no. 52730",A-,6,Computer Science
Fall 2021,52730,C S, 429,COMP ORGANIZATN AND ARCH,"C S-429: COMP ORGANIZATN AND ARCH, Section no. 52730",A,12,Computer Science
Fall 2021,52735,C S, 429,COMP ORGANIZATN AND ARCH,"C S-429: COMP ORGANIZATN AND ARCH, Section no. 52735",Other,3,Computer Science
Fall 2021,52735,C S, 429,COMP ORGANIZATN AND ARCH,"C S-429: COMP ORGANIZATN AND ARCH, Section no. 52735",D,1,Computer Science
Fall 2021,52735,C S, 429,COMP ORGANIZATN AND ARCH,"C S-429: COMP ORGANIZATN AND ARCH, Section no. 52735",C,1,Computer Science
Fall 2021,52735,C S, 429,COMP ORGANIZATN AND ARCH,"C S-429: COMP ORGANIZATN AND ARCH, Section no. 52735",C+,2,Computer Science
Fall 2021,52735,C S, 429,COMP ORGANIZATN AND ARCH,"C S-429: COMP ORGANIZATN AND ARCH, Section no. 52735",B-,2,Computer Science
Fall 2021,52735,C S, 429,COMP ORGANIZATN AND ARCH,"C S-429: COMP ORGANIZATN AND ARCH, Section no. 52735",B,8,Computer Science
Fall 2021,52735,C S, 429,COMP ORGANIZATN AND ARCH,"C S-429: COMP ORGANIZATN AND ARCH, Section no. 52735",B+,5,Computer Science
Fall 2021,52735,C S, 429,COMP ORGANIZATN AND ARCH,"C S-429: COMP ORGANIZATN AND ARCH, Section no. 52735",A-,3,Computer Science
Fall 2021,52735,C S, 429,COMP ORGANIZATN AND ARCH,"C S-429: COMP ORGANIZATN AND ARCH, Section no. 52735",A,11,Computer Science
Fall 2021,52740,C S, 329E,ELEMENTS OF DATA ANALYTICS,"C S-329E: ELEMENTS OF DATA ANALYTICS, Section no. 52740",Other,3,Computer Science
Fall 2021,52740,C S, 329E,ELEMENTS OF DATA ANALYTICS,"C S-329E: ELEMENTS OF DATA ANALYTICS, Section no. 52740",C-,2,Computer Science
Fall 2021,52740,C S, 329E,ELEMENTS OF DATA ANALYTICS,"C S-329E: ELEMENTS OF DATA ANALYTICS, Section no. 52740",C,3,Computer Science
Fall 2021,52740,C S, 329E,ELEMENTS OF DATA ANALYTICS,"C S-329E: ELEMENTS OF DATA ANALYTICS, Section no. 52740",C+,2,Computer Science
Fall 2021,52740,C S, 329E,ELEMENTS OF DATA ANALYTICS,"C S-329E: ELEMENTS OF DATA ANALYTICS, Section no. 52740",B-,1,Computer Science
Fall 2021,52740,C S, 329E,ELEMENTS OF DATA ANALYTICS,"C S-329E: ELEMENTS OF DATA ANALYTICS, Section no. 52740",B,10,Computer Science
Fall 2021,52740,C S, 329E,ELEMENTS OF DATA ANALYTICS,"C S-329E: ELEMENTS OF DATA ANALYTICS, Section no. 52740",B+,7,Computer Science
Fall 2021,52740,C S, 329E,ELEMENTS OF DATA ANALYTICS,"C S-329E: ELEMENTS OF DATA ANALYTICS, Section no. 52740",A-,13,Computer Science
Fall 2021,52740,C S, 329E,ELEMENTS OF DATA ANALYTICS,"C S-329E: ELEMENTS OF DATA ANALYTICS, Section no. 52740",A,18,Computer Science
Fall 2021,52745,C S, 329E,ELEMENTS OF DATA ANALYTICS,"C S-329E: ELEMENTS OF DATA ANALYTICS, Section no. 52745",Other,8,Computer Science
Fall 2021,52745,C S, 329E,ELEMENTS OF DATA ANALYTICS,"C S-329E: ELEMENTS OF DATA ANALYTICS, Section no. 52745",F,1,Computer Science
Fall 2021,52745,C S, 329E,ELEMENTS OF DATA ANALYTICS,"C S-329E: ELEMENTS OF DATA ANALYTICS, Section no. 52745",C,1,Computer Science
Fall 2021,52745,C S, 329E,ELEMENTS OF DATA ANALYTICS,"C S-329E: ELEMENTS OF DATA ANALYTICS, Section no. 52745",C+,2,Computer Science
Fall 2021,52745,C S, 329E,ELEMENTS OF DATA ANALYTICS,"C S-329E: ELEMENTS OF DATA ANALYTICS, Section no. 52745",B-,4,Computer Science
Fall 2021,52745,C S, 329E,ELEMENTS OF DATA ANALYTICS,"C S-329E: ELEMENTS OF DATA ANALYTICS, Section no. 52745",B,3,Computer Science
Fall 2021,52745,C S, 329E,ELEMENTS OF DATA ANALYTICS,"C S-329E: ELEMENTS OF DATA ANALYTICS, Section no. 52745",B+,10,Computer Science
Fall 2021,52745,C S, 329E,ELEMENTS OF DATA ANALYTICS,"C S-329E: ELEMENTS OF DATA ANALYTICS, Section no. 52745",A-,14,Computer Science
Fall 2021,52745,C S, 329E,ELEMENTS OF DATA ANALYTICS,"C S-329E: ELEMENTS OF DATA ANALYTICS, Section no. 52745",A,19,Computer Science
Fall 2021,52748,C S, 329E,ELEMENTS OF DATA ANALYTICS,"C S-329E: ELEMENTS OF DATA ANALYTICS, Section no. 52748",Other,3,Computer Science
Fall 2021,52748,C S, 329E,ELEMENTS OF DATA ANALYTICS,"C S-329E: ELEMENTS OF DATA ANALYTICS, Section no. 52748",B,1,Computer Science
Fall 2021,52748,C S, 329E,ELEMENTS OF DATA ANALYTICS,"C S-329E: ELEMENTS OF DATA ANALYTICS, Section no. 52748",B+,2,Computer Science
Fall 2021,52748,C S, 329E,ELEMENTS OF DATA ANALYTICS,"C S-329E: ELEMENTS OF DATA ANALYTICS, Section no. 52748",A-,2,Computer Science
Fall 2021,52748,C S, 329E,ELEMENTS OF DATA ANALYTICS,"C S-329E: ELEMENTS OF DATA ANALYTICS, Section no. 52748",A,40,Computer Science
Fall 2021,52749,C S, 329E,ELEMENTS OF DATA ANALYTICS,"C S-329E: ELEMENTS OF DATA ANALYTICS, Section no. 52749",Other,9,Computer Science
Fall 2021,52749,C S, 329E,ELEMENTS OF DATA ANALYTICS,"C S-329E: ELEMENTS OF DATA ANALYTICS, Section no. 52749",F,1,Computer Science
Fall 2021,52749,C S, 329E,ELEMENTS OF DATA ANALYTICS,"C S-329E: ELEMENTS OF DATA ANALYTICS, Section no. 52749",C,2,Computer Science
Fall 2021,52749,C S, 329E,ELEMENTS OF DATA ANALYTICS,"C S-329E: ELEMENTS OF DATA ANALYTICS, Section no. 52749",C+,1,Computer Science
Fall 2021,52749,C S, 329E,ELEMENTS OF DATA ANALYTICS,"C S-329E: ELEMENTS OF DATA ANALYTICS, Section no. 52749",B-,1,Computer Science
Fall 2021,52749,C S, 329E,ELEMENTS OF DATA ANALYTICS,"C S-329E: ELEMENTS OF DATA ANALYTICS, Section no. 52749",B,1,Computer Science
Fall 2021,52749,C S, 329E,ELEMENTS OF DATA ANALYTICS,"C S-329E: ELEMENTS OF DATA ANALYTICS, Section no. 52749",B+,8,Computer Science
Fall 2021,52749,C S, 329E,ELEMENTS OF DATA ANALYTICS,"C S-329E: ELEMENTS OF DATA ANALYTICS, Section no. 52749",A-,8,Computer Science
Fall 2021,52749,C S, 329E,ELEMENTS OF DATA ANALYTICS,"C S-329E: ELEMENTS OF DATA ANALYTICS, Section no. 52749",A,25,Computer Science
Fall 2021,52750,C S, 329E,ELEMENTS OF DATA VISUALIZATION,"C S-329E: ELEMENTS OF DATA VISUALIZATION, Section no. 52750",Other,3,Computer Science
Fall 2021,52750,C S, 329E,ELEMENTS OF DATA VISUALIZATION,"C S-329E: ELEMENTS OF DATA VISUALIZATION, Section no. 52750",F,1,Computer Science
Fall 2021,52750,C S, 329E,ELEMENTS OF DATA VISUALIZATION,"C S-329E: ELEMENTS OF DATA VISUALIZATION, Section no. 52750",C+,3,Computer Science
Fall 2021,52750,C S, 329E,ELEMENTS OF DATA VISUALIZATION,"C S-329E: ELEMENTS OF DATA VISUALIZATION, Section no. 52750",B,4,Computer Science
Fall 2021,52750,C S, 329E,ELEMENTS OF DATA VISUALIZATION,"C S-329E: ELEMENTS OF DATA VISUALIZATION, Section no. 52750",B+,2,Computer Science
Fall 2021,52750,C S, 329E,ELEMENTS OF DATA VISUALIZATION,"C S-329E: ELEMENTS OF DATA VISUALIZATION, Section no. 52750",A-,8,Computer Science
Fall 2021,52750,C S, 329E,ELEMENTS OF DATA VISUALIZATION,"C S-329E: ELEMENTS OF DATA VISUALIZATION, Section no. 52750",A,38,Computer Science
Fall 2021,52755,C S, 329E,ELEMENTS OF GAME DEVELOPMENT,"C S-329E: ELEMENTS OF GAME DEVELOPMENT, Section no. 52755",Other,3,Computer Science
Fall 2021,52755,C S, 329E,ELEMENTS OF GAME DEVELOPMENT,"C S-329E: ELEMENTS OF GAME DEVELOPMENT, Section no. 52755",F,2,Computer Science
Fall 2021,52755,C S, 329E,ELEMENTS OF GAME DEVELOPMENT,"C S-329E: ELEMENTS OF GAME DEVELOPMENT, Section no. 52755",C+,1,Computer Science
Fall 2021,52755,C S, 329E,ELEMENTS OF GAME DEVELOPMENT,"C S-329E: ELEMENTS OF GAME DEVELOPMENT, Section no. 52755",B,2,Computer Science
Fall 2021,52755,C S, 329E,ELEMENTS OF GAME DEVELOPMENT,"C S-329E: ELEMENTS OF GAME DEVELOPMENT, Section no. 52755",A-,7,Computer Science
Fall 2021,52755,C S, 329E,ELEMENTS OF GAME DEVELOPMENT,"C S-329E: ELEMENTS OF GAME DEVELOPMENT, Section no. 52755",A,20,Computer Science
Fall 2021,52760,C S, 329E,ELEMENTS OF MOBILE COMPUTING,"C S-329E: ELEMENTS OF MOBILE COMPUTING, Section no. 52760",Other,6,Computer Science
Fall 2021,52760,C S, 329E,ELEMENTS OF MOBILE COMPUTING,"C S-329E: ELEMENTS OF MOBILE COMPUTING, Section no. 52760",D+,1,Computer Science
Fall 2021,52760,C S, 329E,ELEMENTS OF MOBILE COMPUTING,"C S-329E: ELEMENTS OF MOBILE COMPUTING, Section no. 52760",C+,4,Computer Science
Fall 2021,52760,C S, 329E,ELEMENTS OF MOBILE COMPUTING,"C S-329E: ELEMENTS OF MOBILE COMPUTING, Section no. 52760",B-,3,Computer Science
Fall 2021,52760,C S, 329E,ELEMENTS OF MOBILE COMPUTING,"C S-329E: ELEMENTS OF MOBILE COMPUTING, Section no. 52760",B,2,Computer Science
Fall 2021,52760,C S, 329E,ELEMENTS OF MOBILE COMPUTING,"C S-329E: ELEMENTS OF MOBILE COMPUTING, Section no. 52760",B+,3,Computer Science
Fall 2021,52760,C S, 329E,ELEMENTS OF MOBILE COMPUTING,"C S-329E: ELEMENTS OF MOBILE COMPUTING, Section no. 52760",A-,11,Computer Science
Fall 2021,52760,C S, 329E,ELEMENTS OF MOBILE COMPUTING,"C S-329E: ELEMENTS OF MOBILE COMPUTING, Section no. 52760",A,30,Computer Science
Fall 2021,52765,C S, 329E,ELEMENTS OF MOBILE COMPUTING,"C S-329E: ELEMENTS OF MOBILE COMPUTING, Section no. 52765",Other,8,Computer Science
Fall 2021,52765,C S, 329E,ELEMENTS OF MOBILE COMPUTING,"C S-329E: ELEMENTS OF MOBILE COMPUTING, Section no. 52765",F,1,Computer Science
Fall 2021,52765,C S, 329E,ELEMENTS OF MOBILE COMPUTING,"C S-329E: ELEMENTS OF MOBILE COMPUTING, Section no. 52765",C,1,Computer Science
Fall 2021,52765,C S, 329E,ELEMENTS OF MOBILE COMPUTING,"C S-329E: ELEMENTS OF MOBILE COMPUTING, Section no. 52765",C+,1,Computer Science
Fall 2021,52765,C S, 329E,ELEMENTS OF MOBILE COMPUTING,"C S-329E: ELEMENTS OF MOBILE COMPUTING, Section no. 52765",B-,1,Computer Science
Fall 2021,52765,C S, 329E,ELEMENTS OF MOBILE COMPUTING,"C S-329E: ELEMENTS OF MOBILE COMPUTING, Section no. 52765",B,2,Computer Science
Fall 2021,52765,C S, 329E,ELEMENTS OF MOBILE COMPUTING,"C S-329E: ELEMENTS OF MOBILE COMPUTING, Section no. 52765",B+,4,Computer Science
Fall 2021,52765,C S, 329E,ELEMENTS OF MOBILE COMPUTING,"C S-329E: ELEMENTS OF MOBILE COMPUTING, Section no. 52765",A-,9,Computer Science
Fall 2021,52765,C S, 329E,ELEMENTS OF MOBILE COMPUTING,"C S-329E: ELEMENTS OF MOBILE COMPUTING, Section no. 52765",A,33,Computer Science
Fall 2021,52775,C S, 330E,ELMNTS SOFTWARE ENGINEER I,"C S-330E: ELMNTS SOFTWARE ENGINEER I, Section no. 52775",Other,7,Computer Science
Fall 2021,52775,C S, 330E,ELMNTS SOFTWARE ENGINEER I,"C S-330E: ELMNTS SOFTWARE ENGINEER I, Section no. 52775",C-,2,Computer Science
Fall 2021,52775,C S, 330E,ELMNTS SOFTWARE ENGINEER I,"C S-330E: ELMNTS SOFTWARE ENGINEER I, Section no. 52775",C,1,Computer Science
Fall 2021,52775,C S, 330E,ELMNTS SOFTWARE ENGINEER I,"C S-330E: ELMNTS SOFTWARE ENGINEER I, Section no. 52775",C+,3,Computer Science
Fall 2021,52775,C S, 330E,ELMNTS SOFTWARE ENGINEER I,"C S-330E: ELMNTS SOFTWARE ENGINEER I, Section no. 52775",B-,5,Computer Science
Fall 2021,52775,C S, 330E,ELMNTS SOFTWARE ENGINEER I,"C S-330E: ELMNTS SOFTWARE ENGINEER I, Section no. 52775",B,3,Computer Science
Fall 2021,52775,C S, 330E,ELMNTS SOFTWARE ENGINEER I,"C S-330E: ELMNTS SOFTWARE ENGINEER I, Section no. 52775",B+,11,Computer Science
Fall 2021,52775,C S, 330E,ELMNTS SOFTWARE ENGINEER I,"C S-330E: ELMNTS SOFTWARE ENGINEER I, Section no. 52775",A-,12,Computer Science
Fall 2021,52775,C S, 330E,ELMNTS SOFTWARE ENGINEER I,"C S-330E: ELMNTS SOFTWARE ENGINEER I, Section no. 52775",A,26,Computer Science
Fall 2021,52780,C S, 331,ALGORITHMS AND COMPLEXITY,"C S-331: ALGORITHMS AND COMPLEXITY, Section no. 52780",Other,2,Computer Science
Fall 2021,52780,C S, 331,ALGORITHMS AND COMPLEXITY,"C S-331: ALGORITHMS AND COMPLEXITY, Section no. 52780",F,1,Computer Science
Fall 2021,52780,C S, 331,ALGORITHMS AND COMPLEXITY,"C S-331: ALGORITHMS AND COMPLEXITY, Section no. 52780",D,2,Computer Science
Fall 2021,52780,C S, 331,ALGORITHMS AND COMPLEXITY,"C S-331: ALGORITHMS AND COMPLEXITY, Section no. 52780",C+,1,Computer Science
Fall 2021,52780,C S, 331,ALGORITHMS AND COMPLEXITY,"C S-331: ALGORITHMS AND COMPLEXITY, Section no. 52780",B,3,Computer Science
Fall 2021,52780,C S, 331,ALGORITHMS AND COMPLEXITY,"C S-331: ALGORITHMS AND COMPLEXITY, Section no. 52780",B+,3,Computer Science
Fall 2021,52780,C S, 331,ALGORITHMS AND COMPLEXITY,"C S-331: ALGORITHMS AND COMPLEXITY, Section no. 52780",A-,6,Computer Science
Fall 2021,52780,C S, 331,ALGORITHMS AND COMPLEXITY,"C S-331: ALGORITHMS AND COMPLEXITY, Section no. 52780",A,7,Computer Science
Fall 2021,52785,C S, 331,ALGORITHMS AND COMPLEXITY,"C S-331: ALGORITHMS AND COMPLEXITY, Section no. 52785",Other,2,Computer Science
Fall 2021,52785,C S, 331,ALGORITHMS AND COMPLEXITY,"C S-331: ALGORITHMS AND COMPLEXITY, Section no. 52785",F,2,Computer Science
Fall 2021,52785,C S, 331,ALGORITHMS AND COMPLEXITY,"C S-331: ALGORITHMS AND COMPLEXITY, Section no. 52785",C,1,Computer Science
Fall 2021,52785,C S, 331,ALGORITHMS AND COMPLEXITY,"C S-331: ALGORITHMS AND COMPLEXITY, Section no. 52785",C+,1,Computer Science
Fall 2021,52785,C S, 331,ALGORITHMS AND COMPLEXITY,"C S-331: ALGORITHMS AND COMPLEXITY, Section no. 52785",B,2,Computer Science
Fall 2021,52785,C S, 331,ALGORITHMS AND COMPLEXITY,"C S-331: ALGORITHMS AND COMPLEXITY, Section no. 52785",B+,6,Computer Science
Fall 2021,52785,C S, 331,ALGORITHMS AND COMPLEXITY,"C S-331: ALGORITHMS AND COMPLEXITY, Section no. 52785",A-,9,Computer Science
Fall 2021,52785,C S, 331,ALGORITHMS AND COMPLEXITY,"C S-331: ALGORITHMS AND COMPLEXITY, Section no. 52785",A,7,Computer Science
Fall 2021,52790,C S, 331,ALGORITHMS AND COMPLEXITY,"C S-331: ALGORITHMS AND COMPLEXITY, Section no. 52790",Other,2,Computer Science
Fall 2021,52790,C S, 331,ALGORITHMS AND COMPLEXITY,"C S-331: ALGORITHMS AND COMPLEXITY, Section no. 52790",C-,1,Computer Science
Fall 2021,52790,C S, 331,ALGORITHMS AND COMPLEXITY,"C S-331: ALGORITHMS AND COMPLEXITY, Section no. 52790",C,2,Computer Science
Fall 2021,52790,C S, 331,ALGORITHMS AND COMPLEXITY,"C S-331: ALGORITHMS AND COMPLEXITY, Section no. 52790",C+,2,Computer Science
Fall 2021,52790,C S, 331,ALGORITHMS AND COMPLEXITY,"C S-331: ALGORITHMS AND COMPLEXITY, Section no. 52790",B-,7,Computer Science
Fall 2021,52790,C S, 331,ALGORITHMS AND COMPLEXITY,"C S-331: ALGORITHMS AND COMPLEXITY, Section no. 52790",B,5,Computer Science
Fall 2021,52790,C S, 331,ALGORITHMS AND COMPLEXITY,"C S-331: ALGORITHMS AND COMPLEXITY, Section no. 52790",B+,6,Computer Science
Fall 2021,52790,C S, 331,ALGORITHMS AND COMPLEXITY,"C S-331: ALGORITHMS AND COMPLEXITY, Section no. 52790",A-,8,Computer Science
Fall 2021,52790,C S, 331,ALGORITHMS AND COMPLEXITY,"C S-331: ALGORITHMS AND COMPLEXITY, Section no. 52790",A,7,Computer Science
Fall 2021,52795,C S, 331,ALGORITHMS AND COMPLEXITY,"C S-331: ALGORITHMS AND COMPLEXITY, Section no. 52795",Other,2,Computer Science
Fall 2021,52795,C S, 331,ALGORITHMS AND COMPLEXITY,"C S-331: ALGORITHMS AND COMPLEXITY, Section no. 52795",C-,1,Computer Science
Fall 2021,52795,C S, 331,ALGORITHMS AND COMPLEXITY,"C S-331: ALGORITHMS AND COMPLEXITY, Section no. 52795",C,3,Computer Science
Fall 2021,52795,C S, 331,ALGORITHMS AND COMPLEXITY,"C S-331: ALGORITHMS AND COMPLEXITY, Section no. 52795",C+,4,Computer Science
Fall 2021,52795,C S, 331,ALGORITHMS AND COMPLEXITY,"C S-331: ALGORITHMS AND COMPLEXITY, Section no. 52795",B-,4,Computer Science
Fall 2021,52795,C S, 331,ALGORITHMS AND COMPLEXITY,"C S-331: ALGORITHMS AND COMPLEXITY, Section no. 52795",B,3,Computer Science
Fall 2021,52795,C S, 331,ALGORITHMS AND COMPLEXITY,"C S-331: ALGORITHMS AND COMPLEXITY, Section no. 52795",B+,12,Computer Science
Fall 2021,52795,C S, 331,ALGORITHMS AND COMPLEXITY,"C S-331: ALGORITHMS AND COMPLEXITY, Section no. 52795",A-,5,Computer Science
Fall 2021,52795,C S, 331,ALGORITHMS AND COMPLEXITY,"C S-331: ALGORITHMS AND COMPLEXITY, Section no. 52795",A,6,Computer Science
Fall 2021,52800,C S, 331,ALGORITHMS AND COMPLEXITY,"C S-331: ALGORITHMS AND COMPLEXITY, Section no. 52800",Other,1,Computer Science
Fall 2021,52800,C S, 331,ALGORITHMS AND COMPLEXITY,"C S-331: ALGORITHMS AND COMPLEXITY, Section no. 52800",C-,2,Computer Science
Fall 2021,52800,C S, 331,ALGORITHMS AND COMPLEXITY,"C S-331: ALGORITHMS AND COMPLEXITY, Section no. 52800",C,1,Computer Science
Fall 2021,52800,C S, 331,ALGORITHMS AND COMPLEXITY,"C S-331: ALGORITHMS AND COMPLEXITY, Section no. 52800",C+,1,Computer Science
Fall 2021,52800,C S, 331,ALGORITHMS AND COMPLEXITY,"C S-331: ALGORITHMS AND COMPLEXITY, Section no. 52800",B-,3,Computer Science
Fall 2021,52800,C S, 331,ALGORITHMS AND COMPLEXITY,"C S-331: ALGORITHMS AND COMPLEXITY, Section no. 52800",B,2,Computer Science
Fall 2021,52800,C S, 331,ALGORITHMS AND COMPLEXITY,"C S-331: ALGORITHMS AND COMPLEXITY, Section no. 52800",B+,3,Computer Science
Fall 2021,52800,C S, 331,ALGORITHMS AND COMPLEXITY,"C S-331: ALGORITHMS AND COMPLEXITY, Section no. 52800",A-,14,Computer Science
Fall 2021,52800,C S, 331,ALGORITHMS AND COMPLEXITY,"C S-331: ALGORITHMS AND COMPLEXITY, Section no. 52800",A,13,Computer Science
Fall 2021,52805,C S, 331,ALGORITHMS AND COMPLEXITY,"C S-331: ALGORITHMS AND COMPLEXITY, Section no. 52805",C-,1,Computer Science
Fall 2021,52805,C S, 331,ALGORITHMS AND COMPLEXITY,"C S-331: ALGORITHMS AND COMPLEXITY, Section no. 52805",C+,2,Computer Science
Fall 2021,52805,C S, 331,ALGORITHMS AND COMPLEXITY,"C S-331: ALGORITHMS AND COMPLEXITY, Section no. 52805",B-,2,Computer Science
Fall 2021,52805,C S, 331,ALGORITHMS AND COMPLEXITY,"C S-331: ALGORITHMS AND COMPLEXITY, Section no. 52805",B,7,Computer Science
Fall 2021,52805,C S, 331,ALGORITHMS AND COMPLEXITY,"C S-331: ALGORITHMS AND COMPLEXITY, Section no. 52805",B+,5,Computer Science
Fall 2021,52805,C S, 331,ALGORITHMS AND COMPLEXITY,"C S-331: ALGORITHMS AND COMPLEXITY, Section no. 52805",A-,11,Computer Science
Fall 2021,52805,C S, 331,ALGORITHMS AND COMPLEXITY,"C S-331: ALGORITHMS AND COMPLEXITY, Section no. 52805",A,12,Computer Science
Fall 2021,52810,C S, 439,PRINCIPLES OF COMPUTER SYS-C S,"C S-439: PRINCIPLES OF COMPUTER SYS-C S, Section no. 52810",B-,3,Computer Science
Fall 2021,52810,C S, 439,PRINCIPLES OF COMPUTER SYS-C S,"C S-439: PRINCIPLES OF COMPUTER SYS-C S, Section no. 52810",B,4,Computer Science
Fall 2021,52810,C S, 439,PRINCIPLES OF COMPUTER SYS-C S,"C S-439: PRINCIPLES OF COMPUTER SYS-C S, Section no. 52810",B+,4,Computer Science
Fall 2021,52810,C S, 439,PRINCIPLES OF COMPUTER SYS-C S,"C S-439: PRINCIPLES OF COMPUTER SYS-C S, Section no. 52810",A-,3,Computer Science
Fall 2021,52810,C S, 439,PRINCIPLES OF COMPUTER SYS-C S,"C S-439: PRINCIPLES OF COMPUTER SYS-C S, Section no. 52810",A,12,Computer Science
Fall 2021,52815,C S, 439,PRINCIPLES OF COMPUTER SYS-C S,"C S-439: PRINCIPLES OF COMPUTER SYS-C S, Section no. 52815",C,1,Computer Science
Fall 2021,52815,C S, 439,PRINCIPLES OF COMPUTER SYS-C S,"C S-439: PRINCIPLES OF COMPUTER SYS-C S, Section no. 52815",B-,2,Computer Science
Fall 2021,52815,C S, 439,PRINCIPLES OF COMPUTER SYS-C S,"C S-439: PRINCIPLES OF COMPUTER SYS-C S, Section no. 52815",B,10,Computer Science
Fall 2021,52815,C S, 439,PRINCIPLES OF COMPUTER SYS-C S,"C S-439: PRINCIPLES OF COMPUTER SYS-C S, Section no. 52815",B+,2,Computer Science
Fall 2021,52815,C S, 439,PRINCIPLES OF COMPUTER SYS-C S,"C S-439: PRINCIPLES OF COMPUTER SYS-C S, Section no. 52815",A-,1,Computer Science
Fall 2021,52815,C S, 439,PRINCIPLES OF COMPUTER SYS-C S,"C S-439: PRINCIPLES OF COMPUTER SYS-C S, Section no. 52815",A,9,Computer Science
Fall 2021,52820,C S, 439,PRINCIPLES OF COMPUTER SYS-C S,"C S-439: PRINCIPLES OF COMPUTER SYS-C S, Section no. 52820",C,1,Computer Science
Fall 2021,52820,C S, 439,PRINCIPLES OF COMPUTER SYS-C S,"C S-439: PRINCIPLES OF COMPUTER SYS-C S, Section no. 52820",B-,2,Computer Science
Fall 2021,52820,C S, 439,PRINCIPLES OF COMPUTER SYS-C S,"C S-439: PRINCIPLES OF COMPUTER SYS-C S, Section no. 52820",B,11,Computer Science
Fall 2021,52820,C S, 439,PRINCIPLES OF COMPUTER SYS-C S,"C S-439: PRINCIPLES OF COMPUTER SYS-C S, Section no. 52820",B+,1,Computer Science
Fall 2021,52820,C S, 439,PRINCIPLES OF COMPUTER SYS-C S,"C S-439: PRINCIPLES OF COMPUTER SYS-C S, Section no. 52820",A,7,Computer Science
Fall 2021,52825,C S, 439,PRINCIPLES OF COMPUTER SYS-C S,"C S-439: PRINCIPLES OF COMPUTER SYS-C S, Section no. 52825",Other,2,Computer Science
Fall 2021,52825,C S, 439,PRINCIPLES OF COMPUTER SYS-C S,"C S-439: PRINCIPLES OF COMPUTER SYS-C S, Section no. 52825",C-,1,Computer Science
Fall 2021,52825,C S, 439,PRINCIPLES OF COMPUTER SYS-C S,"C S-439: PRINCIPLES OF COMPUTER SYS-C S, Section no. 52825",C,2,Computer Science
Fall 2021,52825,C S, 439,PRINCIPLES OF COMPUTER SYS-C S,"C S-439: PRINCIPLES OF COMPUTER SYS-C S, Section no. 52825",B,9,Computer Science
Fall 2021,52825,C S, 439,PRINCIPLES OF COMPUTER SYS-C S,"C S-439: PRINCIPLES OF COMPUTER SYS-C S, Section no. 52825",B+,1,Computer Science
Fall 2021,52825,C S, 439,PRINCIPLES OF COMPUTER SYS-C S,"C S-439: PRINCIPLES OF COMPUTER SYS-C S, Section no. 52825",A-,2,Computer Science
Fall 2021,52825,C S, 439,PRINCIPLES OF COMPUTER SYS-C S,"C S-439: PRINCIPLES OF COMPUTER SYS-C S, Section no. 52825",A,4,Computer Science
Fall 2021,52830,C S, 439,PRINCIPLES OF COMPUTER SYS-C S,"C S-439: PRINCIPLES OF COMPUTER SYS-C S, Section no. 52830",C,2,Computer Science
Fall 2021,52830,C S, 439,PRINCIPLES OF COMPUTER SYS-C S,"C S-439: PRINCIPLES OF COMPUTER SYS-C S, Section no. 52830",B-,1,Computer Science
Fall 2021,52830,C S, 439,PRINCIPLES OF COMPUTER SYS-C S,"C S-439: PRINCIPLES OF COMPUTER SYS-C S, Section no. 52830",B,13,Computer Science
Fall 2021,52830,C S, 439,PRINCIPLES OF COMPUTER SYS-C S,"C S-439: PRINCIPLES OF COMPUTER SYS-C S, Section no. 52830",A-,4,Computer Science
Fall 2021,52830,C S, 439,PRINCIPLES OF COMPUTER SYS-C S,"C S-439: PRINCIPLES OF COMPUTER SYS-C S, Section no. 52830",A,7,Computer Science
Fall 2021,52835,C S, 439,PRINCIPLES OF COMPUTER SYS-C S,"C S-439: PRINCIPLES OF COMPUTER SYS-C S, Section no. 52835",C,2,Computer Science
Fall 2021,52835,C S, 439,PRINCIPLES OF COMPUTER SYS-C S,"C S-439: PRINCIPLES OF COMPUTER SYS-C S, Section no. 52835",B-,1,Computer Science
Fall 2021,52835,C S, 439,PRINCIPLES OF COMPUTER SYS-C S,"C S-439: PRINCIPLES OF COMPUTER SYS-C S, Section no. 52835",B,9,Computer Science
Fall 2021,52835,C S, 439,PRINCIPLES OF COMPUTER SYS-C S,"C S-439: PRINCIPLES OF COMPUTER SYS-C S, Section no. 52835",B+,1,Computer Science
Fall 2021,52835,C S, 439,PRINCIPLES OF COMPUTER SYS-C S,"C S-439: PRINCIPLES OF COMPUTER SYS-C S, Section no. 52835",A-,6,Computer Science
Fall 2021,52835,C S, 439,PRINCIPLES OF COMPUTER SYS-C S,"C S-439: PRINCIPLES OF COMPUTER SYS-C S, Section no. 52835",A,7,Computer Science
Fall 2021,52840,C S, 439,PRINCIPLES OF COMPUTER SYS-C S,"C S-439: PRINCIPLES OF COMPUTER SYS-C S, Section no. 52840",Other,17,Computer Science
Fall 2021,52840,C S, 439,PRINCIPLES OF COMPUTER SYS-C S,"C S-439: PRINCIPLES OF COMPUTER SYS-C S, Section no. 52840",F,2,Computer Science
Fall 2021,52840,C S, 439,PRINCIPLES OF COMPUTER SYS-C S,"C S-439: PRINCIPLES OF COMPUTER SYS-C S, Section no. 52840",C-,9,Computer Science
Fall 2021,52840,C S, 439,PRINCIPLES OF COMPUTER SYS-C S,"C S-439: PRINCIPLES OF COMPUTER SYS-C S, Section no. 52840",C,5,Computer Science
Fall 2021,52840,C S, 439,PRINCIPLES OF COMPUTER SYS-C S,"C S-439: PRINCIPLES OF COMPUTER SYS-C S, Section no. 52840",C+,5,Computer Science
Fall 2021,52840,C S, 439,PRINCIPLES OF COMPUTER SYS-C S,"C S-439: PRINCIPLES OF COMPUTER SYS-C S, Section no. 52840",B-,8,Computer Science
Fall 2021,52840,C S, 439,PRINCIPLES OF COMPUTER SYS-C S,"C S-439: PRINCIPLES OF COMPUTER SYS-C S, Section no. 52840",B,12,Computer Science
Fall 2021,52840,C S, 439,PRINCIPLES OF COMPUTER SYS-C S,"C S-439: PRINCIPLES OF COMPUTER SYS-C S, Section no. 52840",B+,6,Computer Science
Fall 2021,52840,C S, 439,PRINCIPLES OF COMPUTER SYS-C S,"C S-439: PRINCIPLES OF COMPUTER SYS-C S, Section no. 52840",A-,8,Computer Science
Fall 2021,52840,C S, 439,PRINCIPLES OF COMPUTER SYS-C S,"C S-439: PRINCIPLES OF COMPUTER SYS-C S, Section no. 52840",A,9,Computer Science
Fall 2021,52845,C S, 439H,PRINS OF COMPUTER SYS: HONORS,"C S-439H: PRINS OF COMPUTER SYS: HONORS, Section no. 52845",Other,15,Computer Science
Fall 2021,52845,C S, 439H,PRINS OF COMPUTER SYS: HONORS,"C S-439H: PRINS OF COMPUTER SYS: HONORS, Section no. 52845",F,1,Computer Science
Fall 2021,52845,C S, 439H,PRINS OF COMPUTER SYS: HONORS,"C S-439H: PRINS OF COMPUTER SYS: HONORS, Section no. 52845",C,1,Computer Science
Fall 2021,52845,C S, 439H,PRINS OF COMPUTER SYS: HONORS,"C S-439H: PRINS OF COMPUTER SYS: HONORS, Section no. 52845",C+,3,Computer Science
Fall 2021,52845,C S, 439H,PRINS OF COMPUTER SYS: HONORS,"C S-439H: PRINS OF COMPUTER SYS: HONORS, Section no. 52845",B-,2,Computer Science
Fall 2021,52845,C S, 439H,PRINS OF COMPUTER SYS: HONORS,"C S-439H: PRINS OF COMPUTER SYS: HONORS, Section no. 52845",B,7,Computer Science
Fall 2021,52845,C S, 439H,PRINS OF COMPUTER SYS: HONORS,"C S-439H: PRINS OF COMPUTER SYS: HONORS, Section no. 52845",B+,6,Computer Science
Fall 2021,52845,C S, 439H,PRINS OF COMPUTER SYS: HONORS,"C S-439H: PRINS OF COMPUTER SYS: HONORS, Section no. 52845",A-,18,Computer Science
Fall 2021,52845,C S, 439H,PRINS OF COMPUTER SYS: HONORS,"C S-439H: PRINS OF COMPUTER SYS: HONORS, Section no. 52845",A,20,Computer Science
Fall 2021,52855,C S, 342,NEURAL NETWORKS,"C S-342: NEURAL NETWORKS, Section no. 52855",Other,23,Computer Science
Fall 2021,52855,C S, 342,NEURAL NETWORKS,"C S-342: NEURAL NETWORKS, Section no. 52855",F,1,Computer Science
Fall 2021,52855,C S, 342,NEURAL NETWORKS,"C S-342: NEURAL NETWORKS, Section no. 52855",D+,2,Computer Science
Fall 2021,52855,C S, 342,NEURAL NETWORKS,"C S-342: NEURAL NETWORKS, Section no. 52855",C-,10,Computer Science
Fall 2021,52855,C S, 342,NEURAL NETWORKS,"C S-342: NEURAL NETWORKS, Section no. 52855",C,8,Computer Science
Fall 2021,52855,C S, 342,NEURAL NETWORKS,"C S-342: NEURAL NETWORKS, Section no. 52855",C+,4,Computer Science
Fall 2021,52855,C S, 342,NEURAL NETWORKS,"C S-342: NEURAL NETWORKS, Section no. 52855",B-,9,Computer Science
Fall 2021,52855,C S, 342,NEURAL NETWORKS,"C S-342: NEURAL NETWORKS, Section no. 52855",B,17,Computer Science
Fall 2021,52855,C S, 342,NEURAL NETWORKS,"C S-342: NEURAL NETWORKS, Section no. 52855",B+,19,Computer Science
Fall 2021,52855,C S, 342,NEURAL NETWORKS,"C S-342: NEURAL NETWORKS, Section no. 52855",A-,51,Computer Science
Fall 2021,52855,C S, 342,NEURAL NETWORKS,"C S-342: NEURAL NETWORKS, Section no. 52855",A,51,Computer Science
Fall 2021,52865,C S, 343H,ARTIFICIAL INTELLIGENCE: HON,"C S-343H: ARTIFICIAL INTELLIGENCE: HON, Section no. 52865",Other,8,Computer Science
Fall 2021,52865,C S, 343H,ARTIFICIAL INTELLIGENCE: HON,"C S-343H: ARTIFICIAL INTELLIGENCE: HON, Section no. 52865",C,1,Computer Science
Fall 2021,52865,C S, 343H,ARTIFICIAL INTELLIGENCE: HON,"C S-343H: ARTIFICIAL INTELLIGENCE: HON, Section no. 52865",C+,3,Computer Science
Fall 2021,52865,C S, 343H,ARTIFICIAL INTELLIGENCE: HON,"C S-343H: ARTIFICIAL INTELLIGENCE: HON, Section no. 52865",B-,4,Computer Science
Fall 2021,52865,C S, 343H,ARTIFICIAL INTELLIGENCE: HON,"C S-343H: ARTIFICIAL INTELLIGENCE: HON, Section no. 52865",B,4,Computer Science
Fall 2021,52865,C S, 343H,ARTIFICIAL INTELLIGENCE: HON,"C S-343H: ARTIFICIAL INTELLIGENCE: HON, Section no. 52865",B+,18,Computer Science
Fall 2021,52865,C S, 343H,ARTIFICIAL INTELLIGENCE: HON,"C S-343H: ARTIFICIAL INTELLIGENCE: HON, Section no. 52865",A-,20,Computer Science
Fall 2021,52865,C S, 343H,ARTIFICIAL INTELLIGENCE: HON,"C S-343H: ARTIFICIAL INTELLIGENCE: HON, Section no. 52865",A,32,Computer Science
Fall 2021,52870,C S, 346,CRYPTOGRAPHY,"C S-346: CRYPTOGRAPHY, Section no. 52870",Other,11,Computer Science
Fall 2021,52870,C S, 346,CRYPTOGRAPHY,"C S-346: CRYPTOGRAPHY, Section no. 52870",F,1,Computer Science
Fall 2021,52870,C S, 346,CRYPTOGRAPHY,"C S-346: CRYPTOGRAPHY, Section no. 52870",D,2,Computer Science
Fall 2021,52870,C S, 346,CRYPTOGRAPHY,"C S-346: CRYPTOGRAPHY, Section no. 52870",C,1,Computer Science
Fall 2021,52870,C S, 346,CRYPTOGRAPHY,"C S-346: CRYPTOGRAPHY, Section no. 52870",C+,1,Computer Science
Fall 2021,52870,C S, 346,CRYPTOGRAPHY,"C S-346: CRYPTOGRAPHY, Section no. 52870",B-,2,Computer Science
Fall 2021,52870,C S, 346,CRYPTOGRAPHY,"C S-346: CRYPTOGRAPHY, Section no. 52870",B,1,Computer Science
Fall 2021,52870,C S, 346,CRYPTOGRAPHY,"C S-346: CRYPTOGRAPHY, Section no. 52870",B+,3,Computer Science
Fall 2021,52870,C S, 346,CRYPTOGRAPHY,"C S-346: CRYPTOGRAPHY, Section no. 52870",A-,3,Computer Science
Fall 2021,52870,C S, 346,CRYPTOGRAPHY,"C S-346: CRYPTOGRAPHY, Section no. 52870",A,2,Computer Science
Fall 2021,52875,C S, 347,DATA MANAGEMENT,"C S-347: DATA MANAGEMENT, Section no. 52875",Other,4,Computer Science
Fall 2021,52875,C S, 347,DATA MANAGEMENT,"C S-347: DATA MANAGEMENT, Section no. 52875",C,6,Computer Science
Fall 2021,52875,C S, 347,DATA MANAGEMENT,"C S-347: DATA MANAGEMENT, Section no. 52875",B+,3,Computer Science
Fall 2021,52875,C S, 347,DATA MANAGEMENT,"C S-347: DATA MANAGEMENT, Section no. 52875",A-,2,Computer Science
Fall 2021,52875,C S, 347,DATA MANAGEMENT,"C S-347: DATA MANAGEMENT, Section no. 52875",A,10,Computer Science
Fall 2021,52880,C S, 349,CONTEMP ISSUES IN COMPUTER SCI,"C S-349: CONTEMP ISSUES IN COMPUTER SCI, Section no. 52880",C+,1,Computer Science
Fall 2021,52880,C S, 349,CONTEMP ISSUES IN COMPUTER SCI,"C S-349: CONTEMP ISSUES IN COMPUTER SCI, Section no. 52880",B,1,Computer Science
Fall 2021,52880,C S, 349,CONTEMP ISSUES IN COMPUTER SCI,"C S-349: CONTEMP ISSUES IN COMPUTER SCI, Section no. 52880",B+,1,Computer Science
Fall 2021,52880,C S, 349,CONTEMP ISSUES IN COMPUTER SCI,"C S-349: CONTEMP ISSUES IN COMPUTER SCI, Section no. 52880",A-,8,Computer Science
Fall 2021,52880,C S, 349,CONTEMP ISSUES IN COMPUTER SCI,"C S-349: CONTEMP ISSUES IN COMPUTER SCI, Section no. 52880",A,29,Computer Science
Fall 2021,52885,C S, 349,CONTEMP ISSUES IN COMPUTER SCI,"C S-349: CONTEMP ISSUES IN COMPUTER SCI, Section no. 52885",D+,1,Computer Science
Fall 2021,52885,C S, 349,CONTEMP ISSUES IN COMPUTER SCI,"C S-349: CONTEMP ISSUES IN COMPUTER SCI, Section no. 52885",C+,2,Computer Science
Fall 2021,52885,C S, 349,CONTEMP ISSUES IN COMPUTER SCI,"C S-349: CONTEMP ISSUES IN COMPUTER SCI, Section no. 52885",B,1,Computer Science
Fall 2021,52885,C S, 349,CONTEMP ISSUES IN COMPUTER SCI,"C S-349: CONTEMP ISSUES IN COMPUTER SCI, Section no. 52885",B+,5,Computer Science
Fall 2021,52885,C S, 349,CONTEMP ISSUES IN COMPUTER SCI,"C S-349: CONTEMP ISSUES IN COMPUTER SCI, Section no. 52885",A-,2,Computer Science
Fall 2021,52885,C S, 349,CONTEMP ISSUES IN COMPUTER SCI,"C S-349: CONTEMP ISSUES IN COMPUTER SCI, Section no. 52885",A,29,Computer Science
Fall 2021,52890,C S, 353,THEORY OF COMPUTATION,"C S-353: THEORY OF COMPUTATION, Section no. 52890",Other,1,Computer Science
Fall 2021,52890,C S, 353,THEORY OF COMPUTATION,"C S-353: THEORY OF COMPUTATION, Section no. 52890",C-,1,Computer Science
Fall 2021,52890,C S, 353,THEORY OF COMPUTATION,"C S-353: THEORY OF COMPUTATION, Section no. 52890",C,3,Computer Science
Fall 2021,52890,C S, 353,THEORY OF COMPUTATION,"C S-353: THEORY OF COMPUTATION, Section no. 52890",B,6,Computer Science
Fall 2021,52890,C S, 353,THEORY OF COMPUTATION,"C S-353: THEORY OF COMPUTATION, Section no. 52890",B+,3,Computer Science
Fall 2021,52890,C S, 353,THEORY OF COMPUTATION,"C S-353: THEORY OF COMPUTATION, Section no. 52890",A-,2,Computer Science
Fall 2021,52890,C S, 353,THEORY OF COMPUTATION,"C S-353: THEORY OF COMPUTATION, Section no. 52890",A,13,Computer Science
Fall 2021,52895,C S, 354R,GAME TECHNOLOGY,"C S-354R: GAME TECHNOLOGY, Section no. 52895",Other,6,Computer Science
Fall 2021,52895,C S, 354R,GAME TECHNOLOGY,"C S-354R: GAME TECHNOLOGY, Section no. 52895",F,2,Computer Science
Fall 2021,52895,C S, 354R,GAME TECHNOLOGY,"C S-354R: GAME TECHNOLOGY, Section no. 52895",D+,1,Computer Science
Fall 2021,52895,C S, 354R,GAME TECHNOLOGY,"C S-354R: GAME TECHNOLOGY, Section no. 52895",C,1,Computer Science
Fall 2021,52895,C S, 354R,GAME TECHNOLOGY,"C S-354R: GAME TECHNOLOGY, Section no. 52895",C+,3,Computer Science
Fall 2021,52895,C S, 354R,GAME TECHNOLOGY,"C S-354R: GAME TECHNOLOGY, Section no. 52895",B-,1,Computer Science
Fall 2021,52895,C S, 354R,GAME TECHNOLOGY,"C S-354R: GAME TECHNOLOGY, Section no. 52895",B,3,Computer Science
Fall 2021,52895,C S, 354R,GAME TECHNOLOGY,"C S-354R: GAME TECHNOLOGY, Section no. 52895",B+,7,Computer Science
Fall 2021,52895,C S, 354R,GAME TECHNOLOGY,"C S-354R: GAME TECHNOLOGY, Section no. 52895",A-,2,Computer Science
Fall 2021,52895,C S, 354R,GAME TECHNOLOGY,"C S-354R: GAME TECHNOLOGY, Section no. 52895",A,30,Computer Science
Fall 2021,52900,C S, 354S,GAME DEV CAPSTNE: 2-D GAMES,"C S-354S: GAME DEV CAPSTNE: 2-D GAMES, Section no. 52900",B+,2,Computer Science
Fall 2021,52900,C S, 354S,GAME DEV CAPSTNE: 2-D GAMES,"C S-354S: GAME DEV CAPSTNE: 2-D GAMES, Section no. 52900",A,11,Computer Science
Fall 2021,52905,C S, 356,COMPUTER NETWORKS,"C S-356: COMPUTER NETWORKS, Section no. 52905",Other,3,Computer Science
Fall 2021,52905,C S, 356,COMPUTER NETWORKS,"C S-356: COMPUTER NETWORKS, Section no. 52905",F,2,Computer Science
Fall 2021,52905,C S, 356,COMPUTER NETWORKS,"C S-356: COMPUTER NETWORKS, Section no. 52905",D-,1,Computer Science
Fall 2021,52905,C S, 356,COMPUTER NETWORKS,"C S-356: COMPUTER NETWORKS, Section no. 52905",D+,1,Computer Science
Fall 2021,52905,C S, 356,COMPUTER NETWORKS,"C S-356: COMPUTER NETWORKS, Section no. 52905",C,1,Computer Science
Fall 2021,52905,C S, 356,COMPUTER NETWORKS,"C S-356: COMPUTER NETWORKS, Section no. 52905",B-,4,Computer Science
Fall 2021,52905,C S, 356,COMPUTER NETWORKS,"C S-356: COMPUTER NETWORKS, Section no. 52905",B,6,Computer Science
Fall 2021,52905,C S, 356,COMPUTER NETWORKS,"C S-356: COMPUTER NETWORKS, Section no. 52905",B+,7,Computer Science
Fall 2021,52905,C S, 356,COMPUTER NETWORKS,"C S-356: COMPUTER NETWORKS, Section no. 52905",A-,6,Computer Science
Fall 2021,52905,C S, 356,COMPUTER NETWORKS,"C S-356: COMPUTER NETWORKS, Section no. 52905",A,8,Computer Science
Fall 2021,52910,C S, 356,COMPUTER NETWORKS,"C S-356: COMPUTER NETWORKS, Section no. 52910",Other,3,Computer Science
Fall 2021,52910,C S, 356,COMPUTER NETWORKS,"C S-356: COMPUTER NETWORKS, Section no. 52910",F,1,Computer Science
Fall 2021,52910,C S, 356,COMPUTER NETWORKS,"C S-356: COMPUTER NETWORKS, Section no. 52910",C+,1,Computer Science
Fall 2021,52910,C S, 356,COMPUTER NETWORKS,"C S-356: COMPUTER NETWORKS, Section no. 52910",B-,2,Computer Science
Fall 2021,52910,C S, 356,COMPUTER NETWORKS,"C S-356: COMPUTER NETWORKS, Section no. 52910",B,9,Computer Science
Fall 2021,52910,C S, 356,COMPUTER NETWORKS,"C S-356: COMPUTER NETWORKS, Section no. 52910",B+,2,Computer Science
Fall 2021,52910,C S, 356,COMPUTER NETWORKS,"C S-356: COMPUTER NETWORKS, Section no. 52910",A-,13,Computer Science
Fall 2021,52910,C S, 356,COMPUTER NETWORKS,"C S-356: COMPUTER NETWORKS, Section no. 52910",A,7,Computer Science
Fall 2021,52920,C S, 358H,INTRO TO QUANTUM INFO SCI: HON,"C S-358H: INTRO TO QUANTUM INFO SCI: HON, Section no. 52920",Other,7,Computer Science
Fall 2021,52920,C S, 358H,INTRO TO QUANTUM INFO SCI: HON,"C S-358H: INTRO TO QUANTUM INFO SCI: HON, Section no. 52920",C-,3,Computer Science
Fall 2021,52920,C S, 358H,INTRO TO QUANTUM INFO SCI: HON,"C S-358H: INTRO TO QUANTUM INFO SCI: HON, Section no. 52920",C,1,Computer Science
Fall 2021,52920,C S, 358H,INTRO TO QUANTUM INFO SCI: HON,"C S-358H: INTRO TO QUANTUM INFO SCI: HON, Section no. 52920",C+,2,Computer Science
Fall 2021,52920,C S, 358H,INTRO TO QUANTUM INFO SCI: HON,"C S-358H: INTRO TO QUANTUM INFO SCI: HON, Section no. 52920",B-,1,Computer Science
Fall 2021,52920,C S, 358H,INTRO TO QUANTUM INFO SCI: HON,"C S-358H: INTRO TO QUANTUM INFO SCI: HON, Section no. 52920",B,4,Computer Science
Fall 2021,52920,C S, 358H,INTRO TO QUANTUM INFO SCI: HON,"C S-358H: INTRO TO QUANTUM INFO SCI: HON, Section no. 52920",B+,2,Computer Science
Fall 2021,52920,C S, 358H,INTRO TO QUANTUM INFO SCI: HON,"C S-358H: INTRO TO QUANTUM INFO SCI: HON, Section no. 52920",A-,4,Computer Science
Fall 2021,52920,C S, 358H,INTRO TO QUANTUM INFO SCI: HON,"C S-358H: INTRO TO QUANTUM INFO SCI: HON, Section no. 52920",A,11,Computer Science
Fall 2021,52925,C S, 360V,VIRTUALIZATION,"C S-360V: VIRTUALIZATION, Section no. 52925",Other,5,Computer Science
Fall 2021,52925,C S, 360V,VIRTUALIZATION,"C S-360V: VIRTUALIZATION, Section no. 52925",B-,2,Computer Science
Fall 2021,52925,C S, 360V,VIRTUALIZATION,"C S-360V: VIRTUALIZATION, Section no. 52925",B,2,Computer Science
Fall 2021,52925,C S, 360V,VIRTUALIZATION,"C S-360V: VIRTUALIZATION, Section no. 52925",B+,4,Computer Science
Fall 2021,52925,C S, 360V,VIRTUALIZATION,"C S-360V: VIRTUALIZATION, Section no. 52925",A-,7,Computer Science
Fall 2021,52925,C S, 360V,VIRTUALIZATION,"C S-360V: VIRTUALIZATION, Section no. 52925",A,10,Computer Science
Fall 2021,52935,C S, 361S,NETWORK SECURITY/PRIVACY-WB,"C S-361S: NETWORK SECURITY/PRIVACY-WB, Section no. 52935",Other,4,Computer Science
Fall 2021,52935,C S, 361S,NETWORK SECURITY/PRIVACY-WB,"C S-361S: NETWORK SECURITY/PRIVACY-WB, Section no. 52935",F,3,Computer Science
Fall 2021,52935,C S, 361S,NETWORK SECURITY/PRIVACY-WB,"C S-361S: NETWORK SECURITY/PRIVACY-WB, Section no. 52935",C-,3,Computer Science
Fall 2021,52935,C S, 361S,NETWORK SECURITY/PRIVACY-WB,"C S-361S: NETWORK SECURITY/PRIVACY-WB, Section no. 52935",C,1,Computer Science
Fall 2021,52935,C S, 361S,NETWORK SECURITY/PRIVACY-WB,"C S-361S: NETWORK SECURITY/PRIVACY-WB, Section no. 52935",C+,1,Computer Science
Fall 2021,52935,C S, 361S,NETWORK SECURITY/PRIVACY-WB,"C S-361S: NETWORK SECURITY/PRIVACY-WB, Section no. 52935",B-,1,Computer Science
Fall 2021,52935,C S, 361S,NETWORK SECURITY/PRIVACY-WB,"C S-361S: NETWORK SECURITY/PRIVACY-WB, Section no. 52935",B+,2,Computer Science
Fall 2021,52935,C S, 361S,NETWORK SECURITY/PRIVACY-WB,"C S-361S: NETWORK SECURITY/PRIVACY-WB, Section no. 52935",A-,3,Computer Science
Fall 2021,52935,C S, 361S,NETWORK SECURITY/PRIVACY-WB,"C S-361S: NETWORK SECURITY/PRIVACY-WB, Section no. 52935",A,38,Computer Science
Fall 2021,52940,C S, 363D,INTRODUCTION TO DATA MINING,"C S-363D: INTRODUCTION TO DATA MINING, Section no. 52940",C+,1,Computer Science
Fall 2021,52940,C S, 363D,INTRODUCTION TO DATA MINING,"C S-363D: INTRODUCTION TO DATA MINING, Section no. 52940",B-,1,Computer Science
Fall 2021,52940,C S, 363D,INTRODUCTION TO DATA MINING,"C S-363D: INTRODUCTION TO DATA MINING, Section no. 52940",B,1,Computer Science
Fall 2021,52940,C S, 363D,INTRODUCTION TO DATA MINING,"C S-363D: INTRODUCTION TO DATA MINING, Section no. 52940",B+,5,Computer Science
Fall 2021,52940,C S, 363D,INTRODUCTION TO DATA MINING,"C S-363D: INTRODUCTION TO DATA MINING, Section no. 52940",A-,9,Computer Science
Fall 2021,52940,C S, 363D,INTRODUCTION TO DATA MINING,"C S-363D: INTRODUCTION TO DATA MINING, Section no. 52940",A,43,Computer Science
Fall 2021,52945,C S, 363D,INTRODUCTION TO DATA MINING,"C S-363D: INTRODUCTION TO DATA MINING, Section no. 52945",Other,3,Computer Science
Fall 2021,52945,C S, 363D,INTRODUCTION TO DATA MINING,"C S-363D: INTRODUCTION TO DATA MINING, Section no. 52945",C-,1,Computer Science
Fall 2021,52945,C S, 363D,INTRODUCTION TO DATA MINING,"C S-363D: INTRODUCTION TO DATA MINING, Section no. 52945",C+,1,Computer Science
Fall 2021,52945,C S, 363D,INTRODUCTION TO DATA MINING,"C S-363D: INTRODUCTION TO DATA MINING, Section no. 52945",B-,3,Computer Science
Fall 2021,52945,C S, 363D,INTRODUCTION TO DATA MINING,"C S-363D: INTRODUCTION TO DATA MINING, Section no. 52945",B,1,Computer Science
Fall 2021,52945,C S, 363D,INTRODUCTION TO DATA MINING,"C S-363D: INTRODUCTION TO DATA MINING, Section no. 52945",B+,6,Computer Science
Fall 2021,52945,C S, 363D,INTRODUCTION TO DATA MINING,"C S-363D: INTRODUCTION TO DATA MINING, Section no. 52945",A-,12,Computer Science
Fall 2021,52945,C S, 363D,INTRODUCTION TO DATA MINING,"C S-363D: INTRODUCTION TO DATA MINING, Section no. 52945",A,33,Computer Science
Fall 2021,52950,C S, 364D,ADVANCED DATA MINING,"C S-364D: ADVANCED DATA MINING, Section no. 52950",Other,7,Computer Science
Fall 2021,52950,C S, 364D,ADVANCED DATA MINING,"C S-364D: ADVANCED DATA MINING, Section no. 52950",B-,2,Computer Science
Fall 2021,52950,C S, 364D,ADVANCED DATA MINING,"C S-364D: ADVANCED DATA MINING, Section no. 52950",B,3,Computer Science
Fall 2021,52950,C S, 364D,ADVANCED DATA MINING,"C S-364D: ADVANCED DATA MINING, Section no. 52950",B+,1,Computer Science
Fall 2021,52950,C S, 364D,ADVANCED DATA MINING,"C S-364D: ADVANCED DATA MINING, Section no. 52950",A-,7,Computer Science
Fall 2021,52950,C S, 364D,ADVANCED DATA MINING,"C S-364D: ADVANCED DATA MINING, Section no. 52950",A,4,Computer Science
Fall 2021,52965,C S, 371L,IOS MOBILE COMPUTING,"C S-371L: IOS MOBILE COMPUTING, Section no. 52965",Other,1,Computer Science
Fall 2021,52965,C S, 371L,IOS MOBILE COMPUTING,"C S-371L: IOS MOBILE COMPUTING, Section no. 52965",F,1,Computer Science
Fall 2021,52965,C S, 371L,IOS MOBILE COMPUTING,"C S-371L: IOS MOBILE COMPUTING, Section no. 52965",C+,2,Computer Science
Fall 2021,52965,C S, 371L,IOS MOBILE COMPUTING,"C S-371L: IOS MOBILE COMPUTING, Section no. 52965",B-,4,Computer Science
Fall 2021,52965,C S, 371L,IOS MOBILE COMPUTING,"C S-371L: IOS MOBILE COMPUTING, Section no. 52965",B+,3,Computer Science
Fall 2021,52965,C S, 371L,IOS MOBILE COMPUTING,"C S-371L: IOS MOBILE COMPUTING, Section no. 52965",A-,8,Computer Science
Fall 2021,52965,C S, 371L,IOS MOBILE COMPUTING,"C S-371L: IOS MOBILE COMPUTING, Section no. 52965",A,39,Computer Science
Fall 2021,52970,C S, 371P,OBJECT-ORIENTED PROGRAMMING,"C S-371P: OBJECT-ORIENTED PROGRAMMING, Section no. 52970",Other,3,Computer Science
Fall 2021,52970,C S, 371P,OBJECT-ORIENTED PROGRAMMING,"C S-371P: OBJECT-ORIENTED PROGRAMMING, Section no. 52970",D-,1,Computer Science
Fall 2021,52970,C S, 371P,OBJECT-ORIENTED PROGRAMMING,"C S-371P: OBJECT-ORIENTED PROGRAMMING, Section no. 52970",C-,6,Computer Science
Fall 2021,52970,C S, 371P,OBJECT-ORIENTED PROGRAMMING,"C S-371P: OBJECT-ORIENTED PROGRAMMING, Section no. 52970",B-,10,Computer Science
Fall 2021,52970,C S, 371P,OBJECT-ORIENTED PROGRAMMING,"C S-371P: OBJECT-ORIENTED PROGRAMMING, Section no. 52970",B,1,Computer Science
Fall 2021,52970,C S, 371P,OBJECT-ORIENTED PROGRAMMING,"C S-371P: OBJECT-ORIENTED PROGRAMMING, Section no. 52970",A-,11,Computer Science
Fall 2021,52970,C S, 371P,OBJECT-ORIENTED PROGRAMMING,"C S-371P: OBJECT-ORIENTED PROGRAMMING, Section no. 52970",A,28,Computer Science
Fall 2021,52975,C S, 371R,INFO RETRIEVAL AND WEB SEARCH,"C S-371R: INFO RETRIEVAL AND WEB SEARCH, Section no. 52975",Other,7,Computer Science
Fall 2021,52975,C S, 371R,INFO RETRIEVAL AND WEB SEARCH,"C S-371R: INFO RETRIEVAL AND WEB SEARCH, Section no. 52975",F,2,Computer Science
Fall 2021,52975,C S, 371R,INFO RETRIEVAL AND WEB SEARCH,"C S-371R: INFO RETRIEVAL AND WEB SEARCH, Section no. 52975",C,1,Computer Science
Fall 2021,52975,C S, 371R,INFO RETRIEVAL AND WEB SEARCH,"C S-371R: INFO RETRIEVAL AND WEB SEARCH, Section no. 52975",C+,2,Computer Science
Fall 2021,52975,C S, 371R,INFO RETRIEVAL AND WEB SEARCH,"C S-371R: INFO RETRIEVAL AND WEB SEARCH, Section no. 52975",B-,2,Computer Science
Fall 2021,52975,C S, 371R,INFO RETRIEVAL AND WEB SEARCH,"C S-371R: INFO RETRIEVAL AND WEB SEARCH, Section no. 52975",B,9,Computer Science
Fall 2021,52975,C S, 371R,INFO RETRIEVAL AND WEB SEARCH,"C S-371R: INFO RETRIEVAL AND WEB SEARCH, Section no. 52975",B+,3,Computer Science
Fall 2021,52975,C S, 371R,INFO RETRIEVAL AND WEB SEARCH,"C S-371R: INFO RETRIEVAL AND WEB SEARCH, Section no. 52975",A-,8,Computer Science
Fall 2021,52975,C S, 371R,INFO RETRIEVAL AND WEB SEARCH,"C S-371R: INFO RETRIEVAL AND WEB SEARCH, Section no. 52975",A,8,Computer Science
Fall 2021,52980,C S, 373,SOFTWARE ENGINEERING,"C S-373: SOFTWARE ENGINEERING, Section no. 52980",Other,1,Computer Science
Fall 2021,52980,C S, 373,SOFTWARE ENGINEERING,"C S-373: SOFTWARE ENGINEERING, Section no. 52980",C,1,Computer Science
Fall 2021,52980,C S, 373,SOFTWARE ENGINEERING,"C S-373: SOFTWARE ENGINEERING, Section no. 52980",B-,5,Computer Science
Fall 2021,52980,C S, 373,SOFTWARE ENGINEERING,"C S-373: SOFTWARE ENGINEERING, Section no. 52980",A-,6,Computer Science
Fall 2021,52980,C S, 373,SOFTWARE ENGINEERING,"C S-373: SOFTWARE ENGINEERING, Section no. 52980",A,46,Computer Science
Fall 2021,52985,C S, 373,SOFTWARE ENGINEERING,"C S-373: SOFTWARE ENGINEERING, Section no. 52985",Other,1,Computer Science
Fall 2021,52985,C S, 373,SOFTWARE ENGINEERING,"C S-373: SOFTWARE ENGINEERING, Section no. 52985",D-,1,Computer Science
Fall 2021,52985,C S, 373,SOFTWARE ENGINEERING,"C S-373: SOFTWARE ENGINEERING, Section no. 52985",C-,3,Computer Science
Fall 2021,52985,C S, 373,SOFTWARE ENGINEERING,"C S-373: SOFTWARE ENGINEERING, Section no. 52985",B-,5,Computer Science
Fall 2021,52985,C S, 373,SOFTWARE ENGINEERING,"C S-373: SOFTWARE ENGINEERING, Section no. 52985",B,2,Computer Science
Fall 2021,52985,C S, 373,SOFTWARE ENGINEERING,"C S-373: SOFTWARE ENGINEERING, Section no. 52985",A-,8,Computer Science
Fall 2021,52985,C S, 373,SOFTWARE ENGINEERING,"C S-373: SOFTWARE ENGINEERING, Section no. 52985",A,40,Computer Science
Fall 2021,52990,C S, 174S,LONGHORN STARTUP SEMINAR,"C S-174S: LONGHORN STARTUP SEMINAR, Section no. 52990",Other,4,Computer Science
Fall 2021,52990,C S, 174S,LONGHORN STARTUP SEMINAR,"C S-174S: LONGHORN STARTUP SEMINAR, Section no. 52990",F,1,Computer Science
Fall 2021,52990,C S, 174S,LONGHORN STARTUP SEMINAR,"C S-174S: LONGHORN STARTUP SEMINAR, Section no. 52990",A,47,Computer Science
Fall 2021,52995,C S, 375,COMPILERS,"C S-375: COMPILERS, Section no. 52995",Other,2,Computer Science
Fall 2021,52995,C S, 375,COMPILERS,"C S-375: COMPILERS, Section no. 52995",C-,1,Computer Science
Fall 2021,52995,C S, 375,COMPILERS,"C S-375: COMPILERS, Section no. 52995",C,5,Computer Science
Fall 2021,52995,C S, 375,COMPILERS,"C S-375: COMPILERS, Section no. 52995",C+,4,Computer Science
Fall 2021,52995,C S, 375,COMPILERS,"C S-375: COMPILERS, Section no. 52995",B-,3,Computer Science
Fall 2021,52995,C S, 375,COMPILERS,"C S-375: COMPILERS, Section no. 52995",B,3,Computer Science
Fall 2021,52995,C S, 375,COMPILERS,"C S-375: COMPILERS, Section no. 52995",B+,2,Computer Science
Fall 2021,52995,C S, 375,COMPILERS,"C S-375: COMPILERS, Section no. 52995",A-,4,Computer Science
Fall 2021,52995,C S, 375,COMPILERS,"C S-375: COMPILERS, Section no. 52995",A,34,Computer Science
Fall 2021,52998,C S, 378,APPROXIMTN ALGORTHMS/COMPLEXTY,"C S-378: APPROXIMTN ALGORTHMS/COMPLEXTY, Section no. 52998",Other,6,Computer Science
Fall 2021,52998,C S, 378,APPROXIMTN ALGORTHMS/COMPLEXTY,"C S-378: APPROXIMTN ALGORTHMS/COMPLEXTY, Section no. 52998",D,1,Computer Science
Fall 2021,52998,C S, 378,APPROXIMTN ALGORTHMS/COMPLEXTY,"C S-378: APPROXIMTN ALGORTHMS/COMPLEXTY, Section no. 52998",C-,1,Computer Science
Fall 2021,52998,C S, 378,APPROXIMTN ALGORTHMS/COMPLEXTY,"C S-378: APPROXIMTN ALGORTHMS/COMPLEXTY, Section no. 52998",C,1,Computer Science
Fall 2021,52998,C S, 378,APPROXIMTN ALGORTHMS/COMPLEXTY,"C S-378: APPROXIMTN ALGORTHMS/COMPLEXTY, Section no. 52998",B,2,Computer Science
Fall 2021,52998,C S, 378,APPROXIMTN ALGORTHMS/COMPLEXTY,"C S-378: APPROXIMTN ALGORTHMS/COMPLEXTY, Section no. 52998",A,5,Computer Science
Fall 2021,52999,C S, 376,COMPUTER VISION,"C S-376: COMPUTER VISION, Section no. 52999",Other,7,Computer Science
Fall 2021,52999,C S, 376,COMPUTER VISION,"C S-376: COMPUTER VISION, Section no. 52999",C,1,Computer Science
Fall 2021,52999,C S, 376,COMPUTER VISION,"C S-376: COMPUTER VISION, Section no. 52999",B,3,Computer Science
Fall 2021,52999,C S, 376,COMPUTER VISION,"C S-376: COMPUTER VISION, Section no. 52999",B+,1,Computer Science
Fall 2021,52999,C S, 376,COMPUTER VISION,"C S-376: COMPUTER VISION, Section no. 52999",A-,6,Computer Science
Fall 2021,52999,C S, 376,COMPUTER VISION,"C S-376: COMPUTER VISION, Section no. 52999",A,33,Computer Science
Fall 2021,53005,C S, 378,BEHAVIORAL ETHICS: DIGITAL AGE,"C S-378: BEHAVIORAL ETHICS: DIGITAL AGE, Section no. 53005",B+,2,Computer Science
Fall 2021,53005,C S, 378,BEHAVIORAL ETHICS: DIGITAL AGE,"C S-378: BEHAVIORAL ETHICS: DIGITAL AGE, Section no. 53005",A-,4,Computer Science
Fall 2021,53005,C S, 378,BEHAVIORAL ETHICS: DIGITAL AGE,"C S-378: BEHAVIORAL ETHICS: DIGITAL AGE, Section no. 53005",A,44,Computer Science
Fall 2021,53015,C S, 378,CONCURRENCY,"C S-378: CONCURRENCY, Section no. 53015",Other,16,Computer Science
Fall 2021,53015,C S, 378,CONCURRENCY,"C S-378: CONCURRENCY, Section no. 53015",C-,1,Computer Science
Fall 2021,53015,C S, 378,CONCURRENCY,"C S-378: CONCURRENCY, Section no. 53015",B-,4,Computer Science
Fall 2021,53015,C S, 378,CONCURRENCY,"C S-378: CONCURRENCY, Section no. 53015",B,6,Computer Science
Fall 2021,53015,C S, 378,CONCURRENCY,"C S-378: CONCURRENCY, Section no. 53015",B+,4,Computer Science
Fall 2021,53015,C S, 378,CONCURRENCY,"C S-378: CONCURRENCY, Section no. 53015",A-,2,Computer Science
Fall 2021,53015,C S, 378,CONCURRENCY,"C S-378: CONCURRENCY, Section no. 53015",A,11,Computer Science
Fall 2021,53025,C S, 378,GAME PROGRAMMING PARADIGMS,"C S-378: GAME PROGRAMMING PARADIGMS, Section no. 53025",Other,1,Computer Science
Fall 2021,53025,C S, 378,GAME PROGRAMMING PARADIGMS,"C S-378: GAME PROGRAMMING PARADIGMS, Section no. 53025",F,4,Computer Science
Fall 2021,53025,C S, 378,GAME PROGRAMMING PARADIGMS,"C S-378: GAME PROGRAMMING PARADIGMS, Section no. 53025",C,1,Computer Science
Fall 2021,53025,C S, 378,GAME PROGRAMMING PARADIGMS,"C S-378: GAME PROGRAMMING PARADIGMS, Section no. 53025",B-,3,Computer Science
Fall 2021,53025,C S, 378,GAME PROGRAMMING PARADIGMS,"C S-378: GAME PROGRAMMING PARADIGMS, Section no. 53025",B,9,Computer Science
Fall 2021,53025,C S, 378,GAME PROGRAMMING PARADIGMS,"C S-378: GAME PROGRAMMING PARADIGMS, Section no. 53025",B+,9,Computer Science
Fall 2021,53025,C S, 378,GAME PROGRAMMING PARADIGMS,"C S-378: GAME PROGRAMMING PARADIGMS, Section no. 53025",A-,11,Computer Science
Fall 2021,53025,C S, 378,GAME PROGRAMMING PARADIGMS,"C S-378: GAME PROGRAMMING PARADIGMS, Section no. 53025",A,22,Computer Science
Fall 2021,53035,C S, 378,SAFE AND ETHICAL AI,"C S-378: SAFE AND ETHICAL AI, Section no. 53035",Other,6,Computer Science
Fall 2021,53035,C S, 378,SAFE AND ETHICAL AI,"C S-378: SAFE AND ETHICAL AI, Section no. 53035",F,1,Computer Science
Fall 2021,53035,C S, 378,SAFE AND ETHICAL AI,"C S-378: SAFE AND ETHICAL AI, Section no. 53035",B,2,Computer Science
Fall 2021,53035,C S, 378,SAFE AND ETHICAL AI,"C S-378: SAFE AND ETHICAL AI, Section no. 53035",A-,3,Computer Science
Fall 2021,53035,C S, 378,SAFE AND ETHICAL AI,"C S-378: SAFE AND ETHICAL AI, Section no. 53035",A,26,Computer Science
Fall 2021,53045,C S, 378,NATURAL LANGUAGE PROCESSING,"C S-378: NATURAL LANGUAGE PROCESSING, Section no. 53045",Other,5,Computer Science
Fall 2021,53045,C S, 378,NATURAL LANGUAGE PROCESSING,"C S-378: NATURAL LANGUAGE PROCESSING, Section no. 53045",C-,1,Computer Science
Fall 2021,53045,C S, 378,NATURAL LANGUAGE PROCESSING,"C S-378: NATURAL LANGUAGE PROCESSING, Section no. 53045",C,3,Computer Science
Fall 2021,53045,C S, 378,NATURAL LANGUAGE PROCESSING,"C S-378: NATURAL LANGUAGE PROCESSING, Section no. 53045",C+,1,Computer Science
Fall 2021,53045,C S, 378,NATURAL LANGUAGE PROCESSING,"C S-378: NATURAL LANGUAGE PROCESSING, Section no. 53045",B-,1,Computer Science
Fall 2021,53045,C S, 378,NATURAL LANGUAGE PROCESSING,"C S-378: NATURAL LANGUAGE PROCESSING, Section no. 53045",B,3,Computer Science
Fall 2021,53045,C S, 378,NATURAL LANGUAGE PROCESSING,"C S-378: NATURAL LANGUAGE PROCESSING, Section no. 53045",B+,7,Computer Science
Fall 2021,53045,C S, 378,NATURAL LANGUAGE PROCESSING,"C S-378: NATURAL LANGUAGE PROCESSING, Section no. 53045",A-,15,Computer Science
Fall 2021,53045,C S, 378,NATURAL LANGUAGE PROCESSING,"C S-378: NATURAL LANGUAGE PROCESSING, Section no. 53045",A,28,Computer Science
Fall 2021,53050,C S, 378,QUANTUM COMPUTING-FRI,"C S-378: QUANTUM COMPUTING-FRI, Section no. 53050",C+,1,Computer Science
Fall 2021,53050,C S, 378,QUANTUM COMPUTING-FRI,"C S-378: QUANTUM COMPUTING-FRI, Section no. 53050",B+,3,Computer Science
Fall 2021,53050,C S, 378,QUANTUM COMPUTING-FRI,"C S-378: QUANTUM COMPUTING-FRI, Section no. 53050",A-,2,Computer Science
Fall 2021,53050,C S, 378,QUANTUM COMPUTING-FRI,"C S-378: QUANTUM COMPUTING-FRI, Section no. 53050",A,8,Computer Science
Fall 2021,53060,C S, 378,SYMBOLIC PROGRAMMING,"C S-378: SYMBOLIC PROGRAMMING, Section no. 53060",Other,6,Computer Science
Fall 2021,53060,C S, 378,SYMBOLIC PROGRAMMING,"C S-378: SYMBOLIC PROGRAMMING, Section no. 53060",C,1,Computer Science
Fall 2021,53060,C S, 378,SYMBOLIC PROGRAMMING,"C S-378: SYMBOLIC PROGRAMMING, Section no. 53060",B,1,Computer Science
Fall 2021,53060,C S, 378,SYMBOLIC PROGRAMMING,"C S-378: SYMBOLIC PROGRAMMING, Section no. 53060",B+,6,Computer Science
Fall 2021,53060,C S, 378,SYMBOLIC PROGRAMMING,"C S-378: SYMBOLIC PROGRAMMING, Section no. 53060",A-,3,Computer Science
Fall 2021,53060,C S, 378,SYMBOLIC PROGRAMMING,"C S-378: SYMBOLIC PROGRAMMING, Section no. 53060",A,42,Computer Science
Fall 2021,53080,C S, 380P,PARALLEL SYSTEMS-WB,"C S-380P: PARALLEL SYSTEMS-WB, Section no. 53080",Other,42,Computer Science
Fall 2021,53080,C S, 380P,PARALLEL SYSTEMS-WB,"C S-380P: PARALLEL SYSTEMS-WB, Section no. 53080",C,1,Computer Science
Fall 2021,53080,C S, 380P,PARALLEL SYSTEMS-WB,"C S-380P: PARALLEL SYSTEMS-WB, Section no. 53080",B-,1,Computer Science
Fall 2021,53080,C S, 380P,PARALLEL SYSTEMS-WB,"C S-380P: PARALLEL SYSTEMS-WB, Section no. 53080",B,20,Computer Science
Fall 2021,53080,C S, 380P,PARALLEL SYSTEMS-WB,"C S-380P: PARALLEL SYSTEMS-WB, Section no. 53080",B+,2,Computer Science
Fall 2021,53080,C S, 380P,PARALLEL SYSTEMS-WB,"C S-380P: PARALLEL SYSTEMS-WB, Section no. 53080",A-,12,Computer Science
Fall 2021,53080,C S, 380P,PARALLEL SYSTEMS-WB,"C S-380P: PARALLEL SYSTEMS-WB, Section no. 53080",A,74,Computer Science
Fall 2021,53085,C S, 383C,NUMERICAL ANLY: LINEAR ALGEBRA,"C S-383C: NUMERICAL ANLY: LINEAR ALGEBRA, Section no. 53085",Other,1,Computer Science
Fall 2021,53085,C S, 383C,NUMERICAL ANLY: LINEAR ALGEBRA,"C S-383C: NUMERICAL ANLY: LINEAR ALGEBRA, Section no. 53085",B+,3,Computer Science
Fall 2021,53085,C S, 383C,NUMERICAL ANLY: LINEAR ALGEBRA,"C S-383C: NUMERICAL ANLY: LINEAR ALGEBRA, Section no. 53085",A-,1,Computer Science
Fall 2021,53085,C S, 383C,NUMERICAL ANLY: LINEAR ALGEBRA,"C S-383C: NUMERICAL ANLY: LINEAR ALGEBRA, Section no. 53085",A,3,Computer Science
Fall 2021,53095,C S, 386C,DEPENDABLE COMPUTING SYSTEMS,"C S-386C: DEPENDABLE COMPUTING SYSTEMS, Section no. 53095",Other,1,Computer Science
Fall 2021,53095,C S, 386C,DEPENDABLE COMPUTING SYSTEMS,"C S-386C: DEPENDABLE COMPUTING SYSTEMS, Section no. 53095",B,4,Computer Science
Fall 2021,53095,C S, 386C,DEPENDABLE COMPUTING SYSTEMS,"C S-386C: DEPENDABLE COMPUTING SYSTEMS, Section no. 53095",B+,2,Computer Science
Fall 2021,53095,C S, 386C,DEPENDABLE COMPUTING SYSTEMS,"C S-386C: DEPENDABLE COMPUTING SYSTEMS, Section no. 53095",A-,6,Computer Science
Fall 2021,53095,C S, 386C,DEPENDABLE COMPUTING SYSTEMS,"C S-386C: DEPENDABLE COMPUTING SYSTEMS, Section no. 53095",A,5,Computer Science
Fall 2021,53100,C S, 386W,WIRELESS NETWORKING,"C S-386W: WIRELESS NETWORKING, Section no. 53100",Other,1,Computer Science
Fall 2021,53100,C S, 386W,WIRELESS NETWORKING,"C S-386W: WIRELESS NETWORKING, Section no. 53100",B,1,Computer Science
Fall 2021,53100,C S, 386W,WIRELESS NETWORKING,"C S-386W: WIRELESS NETWORKING, Section no. 53100",A-,6,Computer Science
Fall 2021,53100,C S, 386W,WIRELESS NETWORKING,"C S-386W: WIRELESS NETWORKING, Section no. 53100",A,7,Computer Science
Fall 2021,53105,C S, 388,NATURAL LANGUAGE PROCESSING,"C S-388: NATURAL LANGUAGE PROCESSING, Section no. 53105",Other,3,Computer Science
Fall 2021,53105,C S, 388,NATURAL LANGUAGE PROCESSING,"C S-388: NATURAL LANGUAGE PROCESSING, Section no. 53105",F,1,Computer Science
Fall 2021,53105,C S, 388,NATURAL LANGUAGE PROCESSING,"C S-388: NATURAL LANGUAGE PROCESSING, Section no. 53105",B,2,Computer Science
Fall 2021,53105,C S, 388,NATURAL LANGUAGE PROCESSING,"C S-388: NATURAL LANGUAGE PROCESSING, Section no. 53105",B+,6,Computer Science
Fall 2021,53105,C S, 388,NATURAL LANGUAGE PROCESSING,"C S-388: NATURAL LANGUAGE PROCESSING, Section no. 53105",A-,5,Computer Science
Fall 2021,53105,C S, 388,NATURAL LANGUAGE PROCESSING,"C S-388: NATURAL LANGUAGE PROCESSING, Section no. 53105",A,21,Computer Science
Fall 2021,53109,C S, 388,NATURAL LANGUAGE PROCESSING-WB,"C S-388: NATURAL LANGUAGE PROCESSING-WB, Section no. 53109",Other,36,Computer Science
Fall 2021,53109,C S, 388,NATURAL LANGUAGE PROCESSING-WB,"C S-388: NATURAL LANGUAGE PROCESSING-WB, Section no. 53109",F,10,Computer Science
Fall 2021,53109,C S, 388,NATURAL LANGUAGE PROCESSING-WB,"C S-388: NATURAL LANGUAGE PROCESSING-WB, Section no. 53109",D,1,Computer Science
Fall 2021,53109,C S, 388,NATURAL LANGUAGE PROCESSING-WB,"C S-388: NATURAL LANGUAGE PROCESSING-WB, Section no. 53109",D+,1,Computer Science
Fall 2021,53109,C S, 388,NATURAL LANGUAGE PROCESSING-WB,"C S-388: NATURAL LANGUAGE PROCESSING-WB, Section no. 53109",C-,3,Computer Science
Fall 2021,53109,C S, 388,NATURAL LANGUAGE PROCESSING-WB,"C S-388: NATURAL LANGUAGE PROCESSING-WB, Section no. 53109",C,2,Computer Science
Fall 2021,53109,C S, 388,NATURAL LANGUAGE PROCESSING-WB,"C S-388: NATURAL LANGUAGE PROCESSING-WB, Section no. 53109",C+,4,Computer Science
Fall 2021,53109,C S, 388,NATURAL LANGUAGE PROCESSING-WB,"C S-388: NATURAL LANGUAGE PROCESSING-WB, Section no. 53109",B-,4,Computer Science
Fall 2021,53109,C S, 388,NATURAL LANGUAGE PROCESSING-WB,"C S-388: NATURAL LANGUAGE PROCESSING-WB, Section no. 53109",B,2,Computer Science
Fall 2021,53109,C S, 388,NATURAL LANGUAGE PROCESSING-WB,"C S-388: NATURAL LANGUAGE PROCESSING-WB, Section no. 53109",B+,6,Computer Science
Fall 2021,53109,C S, 388,NATURAL LANGUAGE PROCESSING-WB,"C S-388: NATURAL LANGUAGE PROCESSING-WB, Section no. 53109",A-,7,Computer Science
Fall 2021,53109,C S, 388,NATURAL LANGUAGE PROCESSING-WB,"C S-388: NATURAL LANGUAGE PROCESSING-WB, Section no. 53109",A,157,Computer Science
Fall 2021,53110,C S, 388G,ALGORITHMS: TECHNIQUES & THRY,"C S-388G: ALGORITHMS: TECHNIQUES & THRY, Section no. 53110",Other,2,Computer Science
Fall 2021,53110,C S, 388G,ALGORITHMS: TECHNIQUES & THRY,"C S-388G: ALGORITHMS: TECHNIQUES & THRY, Section no. 53110",B,3,Computer Science
Fall 2021,53110,C S, 388G,ALGORITHMS: TECHNIQUES & THRY,"C S-388G: ALGORITHMS: TECHNIQUES & THRY, Section no. 53110",B+,1,Computer Science
Fall 2021,53110,C S, 388G,ALGORITHMS: TECHNIQUES & THRY,"C S-388G: ALGORITHMS: TECHNIQUES & THRY, Section no. 53110",A-,4,Computer Science
Fall 2021,53110,C S, 388G,ALGORITHMS: TECHNIQUES & THRY,"C S-388G: ALGORITHMS: TECHNIQUES & THRY, Section no. 53110",A,6,Computer Science
Fall 2021,53114,C S, 388H,CRYPTOGRAPHY,"C S-388H: CRYPTOGRAPHY, Section no. 53114",Other,2,Computer Science
Fall 2021,53114,C S, 388H,CRYPTOGRAPHY,"C S-388H: CRYPTOGRAPHY, Section no. 53114",D,2,Computer Science
Fall 2021,53114,C S, 388H,CRYPTOGRAPHY,"C S-388H: CRYPTOGRAPHY, Section no. 53114",B-,2,Computer Science
Fall 2021,53114,C S, 388H,CRYPTOGRAPHY,"C S-388H: CRYPTOGRAPHY, Section no. 53114",B,2,Computer Science
Fall 2021,53114,C S, 388H,CRYPTOGRAPHY,"C S-388H: CRYPTOGRAPHY, Section no. 53114",B+,1,Computer Science
Fall 2021,53114,C S, 388H,CRYPTOGRAPHY,"C S-388H: CRYPTOGRAPHY, Section no. 53114",A-,1,Computer Science
Fall 2021,53114,C S, 388H,CRYPTOGRAPHY,"C S-388H: CRYPTOGRAPHY, Section no. 53114",A,21,Computer Science
Fall 2021,53115,C S, 388R,RANDOMIZED ALGORITHMS,"C S-388R: RANDOMIZED ALGORITHMS, Section no. 53115",Other,1,Computer Science
Fall 2021,53115,C S, 388R,RANDOMIZED ALGORITHMS,"C S-388R: RANDOMIZED ALGORITHMS, Section no. 53115",C+,2,Computer Science
Fall 2021,53115,C S, 388R,RANDOMIZED ALGORITHMS,"C S-388R: RANDOMIZED ALGORITHMS, Section no. 53115",B,4,Computer Science
Fall 2021,53115,C S, 388R,RANDOMIZED ALGORITHMS,"C S-388R: RANDOMIZED ALGORITHMS, Section no. 53115",B+,4,Computer Science
Fall 2021,53115,C S, 388R,RANDOMIZED ALGORITHMS,"C S-388R: RANDOMIZED ALGORITHMS, Section no. 53115",A-,5,Computer Science
Fall 2021,53115,C S, 388R,RANDOMIZED ALGORITHMS,"C S-388R: RANDOMIZED ALGORITHMS, Section no. 53115",A,9,Computer Science
Fall 2021,53119,C S, 389R,RECURSION AND INDUCTION I,"C S-389R: RECURSION AND INDUCTION I, Section no. 53119",Other,3,Computer Science
Fall 2021,53119,C S, 389R,RECURSION AND INDUCTION I,"C S-389R: RECURSION AND INDUCTION I, Section no. 53119",B-,1,Computer Science
Fall 2021,53119,C S, 389R,RECURSION AND INDUCTION I,"C S-389R: RECURSION AND INDUCTION I, Section no. 53119",B,2,Computer Science
Fall 2021,53119,C S, 389R,RECURSION AND INDUCTION I,"C S-389R: RECURSION AND INDUCTION I, Section no. 53119",B+,1,Computer Science
Fall 2021,53119,C S, 389R,RECURSION AND INDUCTION I,"C S-389R: RECURSION AND INDUCTION I, Section no. 53119",A-,3,Computer Science
Fall 2021,53119,C S, 389R,RECURSION AND INDUCTION I,"C S-389R: RECURSION AND INDUCTION I, Section no. 53119",A,8,Computer Science
Fall 2021,53120,C S, 391L,MACHINE LEARNING,"C S-391L: MACHINE LEARNING, Section no. 53120",Other,1,Computer Science
Fall 2021,53120,C S, 391L,MACHINE LEARNING,"C S-391L: MACHINE LEARNING, Section no. 53120",A-,8,Computer Science
Fall 2021,53120,C S, 391L,MACHINE LEARNING,"C S-391L: MACHINE LEARNING, Section no. 53120",A,29,Computer Science
Fall 2021,53125,C S, 391L,MACHINE LEARNING-WB,"C S-391L: MACHINE LEARNING-WB, Section no. 53125",Other,46,Computer Science
Fall 2021,53125,C S, 391L,MACHINE LEARNING-WB,"C S-391L: MACHINE LEARNING-WB, Section no. 53125",F,4,Computer Science
Fall 2021,53125,C S, 391L,MACHINE LEARNING-WB,"C S-391L: MACHINE LEARNING-WB, Section no. 53125",D,2,Computer Science
Fall 2021,53125,C S, 391L,MACHINE LEARNING-WB,"C S-391L: MACHINE LEARNING-WB, Section no. 53125",C,11,Computer Science
Fall 2021,53125,C S, 391L,MACHINE LEARNING-WB,"C S-391L: MACHINE LEARNING-WB, Section no. 53125",B-,6,Computer Science
Fall 2021,53125,C S, 391L,MACHINE LEARNING-WB,"C S-391L: MACHINE LEARNING-WB, Section no. 53125",B,29,Computer Science
Fall 2021,53125,C S, 391L,MACHINE LEARNING-WB,"C S-391L: MACHINE LEARNING-WB, Section no. 53125",B+,33,Computer Science
Fall 2021,53125,C S, 391L,MACHINE LEARNING-WB,"C S-391L: MACHINE LEARNING-WB, Section no. 53125",A-,16,Computer Science
Fall 2021,53125,C S, 391L,MACHINE LEARNING-WB,"C S-391L: MACHINE LEARNING-WB, Section no. 53125",A,35,Computer Science
Fall 2021,53130,C S, 391R,ROBOT LEARNING,"C S-391R: ROBOT LEARNING, Section no. 53130",Other,1,Computer Science
Fall 2021,53130,C S, 391R,ROBOT LEARNING,"C S-391R: ROBOT LEARNING, Section no. 53130",B+,2,Computer Science
Fall 2021,53130,C S, 391R,ROBOT LEARNING,"C S-391R: ROBOT LEARNING, Section no. 53130",A-,11,Computer Science
Fall 2021,53130,C S, 391R,ROBOT LEARNING,"C S-391R: ROBOT LEARNING, Section no. 53130",A,25,Computer Science
Fall 2021,53135,C S, 393R,AUTONOMOUS ROBOTS,"C S-393R: AUTONOMOUS ROBOTS, Section no. 53135",A-,7,Computer Science
Fall 2021,53135,C S, 393R,AUTONOMOUS ROBOTS,"C S-393R: AUTONOMOUS ROBOTS, Section no. 53135",A,27,Computer Science
Fall 2021,53140,C S, 394D,DEEP LEARNING-WB,"C S-394D: DEEP LEARNING-WB, Section no. 53140",Other,24,Computer Science
Fall 2021,53140,C S, 394D,DEEP LEARNING-WB,"C S-394D: DEEP LEARNING-WB, Section no. 53140",F,13,Computer Science
Fall 2021,53140,C S, 394D,DEEP LEARNING-WB,"C S-394D: DEEP LEARNING-WB, Section no. 53140",D-,1,Computer Science
Fall 2021,53140,C S, 394D,DEEP LEARNING-WB,"C S-394D: DEEP LEARNING-WB, Section no. 53140",D,1,Computer Science
Fall 2021,53140,C S, 394D,DEEP LEARNING-WB,"C S-394D: DEEP LEARNING-WB, Section no. 53140",D+,1,Computer Science
Fall 2021,53140,C S, 394D,DEEP LEARNING-WB,"C S-394D: DEEP LEARNING-WB, Section no. 53140",C,1,Computer Science
Fall 2021,53140,C S, 394D,DEEP LEARNING-WB,"C S-394D: DEEP LEARNING-WB, Section no. 53140",C+,1,Computer Science
Fall 2021,53140,C S, 394D,DEEP LEARNING-WB,"C S-394D: DEEP LEARNING-WB, Section no. 53140",B,11,Computer Science
Fall 2021,53140,C S, 394D,DEEP LEARNING-WB,"C S-394D: DEEP LEARNING-WB, Section no. 53140",B+,18,Computer Science
Fall 2021,53140,C S, 394D,DEEP LEARNING-WB,"C S-394D: DEEP LEARNING-WB, Section no. 53140",A-,39,Computer Science
Fall 2021,53140,C S, 394D,DEEP LEARNING-WB,"C S-394D: DEEP LEARNING-WB, Section no. 53140",A,54,Computer Science
Fall 2021,53179,C S, 395T,APPROXIMTN ALGORTHMS/COMPLEXTY,"C S-395T: APPROXIMTN ALGORTHMS/COMPLEXTY, Section no. 53179",Other,1,Computer Science
Fall 2021,53179,C S, 395T,APPROXIMTN ALGORTHMS/COMPLEXTY,"C S-395T: APPROXIMTN ALGORTHMS/COMPLEXTY, Section no. 53179",C-,1,Computer Science
Fall 2021,53179,C S, 395T,APPROXIMTN ALGORTHMS/COMPLEXTY,"C S-395T: APPROXIMTN ALGORTHMS/COMPLEXTY, Section no. 53179",B-,5,Computer Science
Fall 2021,53179,C S, 395T,APPROXIMTN ALGORTHMS/COMPLEXTY,"C S-395T: APPROXIMTN ALGORTHMS/COMPLEXTY, Section no. 53179",B,2,Computer Science
Fall 2021,53179,C S, 395T,APPROXIMTN ALGORTHMS/COMPLEXTY,"C S-395T: APPROXIMTN ALGORTHMS/COMPLEXTY, Section no. 53179",A-,5,Computer Science
Fall 2021,53179,C S, 395T,APPROXIMTN ALGORTHMS/COMPLEXTY,"C S-395T: APPROXIMTN ALGORTHMS/COMPLEXTY, Section no. 53179",A,11,Computer Science
Fall 2021,53180,C S, 395T,CYBERSECURITY LAW/POLICY,"C S-395T: CYBERSECURITY LAW/POLICY, Section no. 53180",Other,4,Computer Science
Fall 2021,53180,C S, 395T,CYBERSECURITY LAW/POLICY,"C S-395T: CYBERSECURITY LAW/POLICY, Section no. 53180",B,1,Computer Science
Fall 2021,53180,C S, 395T,CYBERSECURITY LAW/POLICY,"C S-395T: CYBERSECURITY LAW/POLICY, Section no. 53180",B+,1,Computer Science
Fall 2021,53180,C S, 395T,CYBERSECURITY LAW/POLICY,"C S-395T: CYBERSECURITY LAW/POLICY, Section no. 53180",A-,4,Computer Science
Fall 2021,53180,C S, 395T,CYBERSECURITY LAW/POLICY,"C S-395T: CYBERSECURITY LAW/POLICY, Section no. 53180",A,6,Computer Science
Fall 2021,53190,C S, 395T,DEEP LEARNING SEMINAR,"C S-395T: DEEP LEARNING SEMINAR, Section no. 53190",Other,1,Computer Science
Fall 2021,53190,C S, 395T,DEEP LEARNING SEMINAR,"C S-395T: DEEP LEARNING SEMINAR, Section no. 53190",B+,1,Computer Science
Fall 2021,53190,C S, 395T,DEEP LEARNING SEMINAR,"C S-395T: DEEP LEARNING SEMINAR, Section no. 53190",A-,3,Computer Science
Fall 2021,53190,C S, 395T,DEEP LEARNING SEMINAR,"C S-395T: DEEP LEARNING SEMINAR, Section no. 53190",A,31,Computer Science
Fall 2021,53200,C S, 395T,OPTIMIZATION-WB,"C S-395T: OPTIMIZATION-WB, Section no. 53200",Other,8,Computer Science
Fall 2021,53200,C S, 395T,OPTIMIZATION-WB,"C S-395T: OPTIMIZATION-WB, Section no. 53200",F,3,Computer Science
Fall 2021,53200,C S, 395T,OPTIMIZATION-WB,"C S-395T: OPTIMIZATION-WB, Section no. 53200",C,3,Computer Science
Fall 2021,53200,C S, 395T,OPTIMIZATION-WB,"C S-395T: OPTIMIZATION-WB, Section no. 53200",B-,2,Computer Science
Fall 2021,53200,C S, 395T,OPTIMIZATION-WB,"C S-395T: OPTIMIZATION-WB, Section no. 53200",B,1,Computer Science
Fall 2021,53200,C S, 395T,OPTIMIZATION-WB,"C S-395T: OPTIMIZATION-WB, Section no. 53200",B+,16,Computer Science
Fall 2021,53200,C S, 395T,OPTIMIZATION-WB,"C S-395T: OPTIMIZATION-WB, Section no. 53200",A-,22,Computer Science
Fall 2021,53200,C S, 395T,OPTIMIZATION-WB,"C S-395T: OPTIMIZATION-WB, Section no. 53200",A,26,Computer Science
Fall 2021,53210,C S, 395T,SIMPL-WB,"C S-395T: SIMPL-WB, Section no. 53210",Other,45,Computer Science
Fall 2021,53210,C S, 395T,SIMPL-WB,"C S-395T: SIMPL-WB, Section no. 53210",F,6,Computer Science
Fall 2021,53210,C S, 395T,SIMPL-WB,"C S-395T: SIMPL-WB, Section no. 53210",C,3,Computer Science
Fall 2021,53210,C S, 395T,SIMPL-WB,"C S-395T: SIMPL-WB, Section no. 53210",B,23,Computer Science
Fall 2021,53210,C S, 395T,SIMPL-WB,"C S-395T: SIMPL-WB, Section no. 53210",A,67,Computer Science
Fall 2021,53215,C S, 395T,SPOKEN LANGUAGE TECHNOLOGIES,"C S-395T: SPOKEN LANGUAGE TECHNOLOGIES, Section no. 53215",Other,1,Computer Science
Fall 2021,53215,C S, 395T,SPOKEN LANGUAGE TECHNOLOGIES,"C S-395T: SPOKEN LANGUAGE TECHNOLOGIES, Section no. 53215",B+,1,Computer Science
Fall 2021,53215,C S, 395T,SPOKEN LANGUAGE TECHNOLOGIES,"C S-395T: SPOKEN LANGUAGE TECHNOLOGIES, Section no. 53215",A-,1,Computer Science
Fall 2021,53215,C S, 395T,SPOKEN LANGUAGE TECHNOLOGIES,"C S-395T: SPOKEN LANGUAGE TECHNOLOGIES, Section no. 53215",A,22,Computer Science
Fall 2021,53220,C S, 395T,SPCFY/IMPLT/VRFY DISTRIB SYSTM,"C S-395T: SPCFY/IMPLT/VRFY DISTRIB SYSTM, Section no. 53220",Other,4,Computer Science
Fall 2021,53220,C S, 395T,SPCFY/IMPLT/VRFY DISTRIB SYSTM,"C S-395T: SPCFY/IMPLT/VRFY DISTRIB SYSTM, Section no. 53220",C,1,Computer Science
Fall 2021,53220,C S, 395T,SPCFY/IMPLT/VRFY DISTRIB SYSTM,"C S-395T: SPCFY/IMPLT/VRFY DISTRIB SYSTM, Section no. 53220",C+,2,Computer Science
Fall 2021,53220,C S, 395T,SPCFY/IMPLT/VRFY DISTRIB SYSTM,"C S-395T: SPCFY/IMPLT/VRFY DISTRIB SYSTM, Section no. 53220",B-,1,Computer Science
Fall 2021,53220,C S, 395T,SPCFY/IMPLT/VRFY DISTRIB SYSTM,"C S-395T: SPCFY/IMPLT/VRFY DISTRIB SYSTM, Section no. 53220",B,1,Computer Science
Fall 2021,53220,C S, 395T,SPCFY/IMPLT/VRFY DISTRIB SYSTM,"C S-395T: SPCFY/IMPLT/VRFY DISTRIB SYSTM, Section no. 53220",B+,2,Computer Science
Fall 2021,53220,C S, 395T,SPCFY/IMPLT/VRFY DISTRIB SYSTM,"C S-395T: SPCFY/IMPLT/VRFY DISTRIB SYSTM, Section no. 53220",A-,1,Computer Science
Fall 2021,53220,C S, 395T,SPCFY/IMPLT/VRFY DISTRIB SYSTM,"C S-395T: SPCFY/IMPLT/VRFY DISTRIB SYSTM, Section no. 53220",A,18,Computer Science
Fall 2021,53230,C S, 395T,VIRTUALIZATION-WB,"C S-395T: VIRTUALIZATION-WB, Section no. 53230",Other,18,Computer Science
Fall 2021,53230,C S, 395T,VIRTUALIZATION-WB,"C S-395T: VIRTUALIZATION-WB, Section no. 53230",F,5,Computer Science
Fall 2021,53230,C S, 395T,VIRTUALIZATION-WB,"C S-395T: VIRTUALIZATION-WB, Section no. 53230",B,1,Computer Science
Fall 2021,53230,C S, 395T,VIRTUALIZATION-WB,"C S-395T: VIRTUALIZATION-WB, Section no. 53230",B+,3,Computer Science
Fall 2021,53230,C S, 395T,VIRTUALIZATION-WB,"C S-395T: VIRTUALIZATION-WB, Section no. 53230",A-,18,Computer Science
Fall 2021,53230,C S, 395T,VIRTUALIZATION-WB,"C S-395T: VIRTUALIZATION-WB, Section no. 53230",A,111,Computer Science
Fall 2021,57710,DSC, 381,PROBABLTY/SIMULTN INFERENCE-WB,"DSC-381: PROBABLTY/SIMULTN INFERENCE-WB, Section no. 57710",Other,61,Data Science
Fall 2021,57710,DSC, 381,PROBABLTY/SIMULTN INFERENCE-WB,"DSC-381: PROBABLTY/SIMULTN INFERENCE-WB, Section no. 57710",F,31,Data Science
Fall 2021,57710,DSC, 381,PROBABLTY/SIMULTN INFERENCE-WB,"DSC-381: PROBABLTY/SIMULTN INFERENCE-WB, Section no. 57710",D-,1,Data Science
Fall 2021,57710,DSC, 381,PROBABLTY/SIMULTN INFERENCE-WB,"DSC-381: PROBABLTY/SIMULTN INFERENCE-WB, Section no. 57710",D,4,Data Science
Fall 2021,57710,DSC, 381,PROBABLTY/SIMULTN INFERENCE-WB,"DSC-381: PROBABLTY/SIMULTN INFERENCE-WB, Section no. 57710",D+,5,Data Science
Fall 2021,57710,DSC, 381,PROBABLTY/SIMULTN INFERENCE-WB,"DSC-381: PROBABLTY/SIMULTN INFERENCE-WB, Section no. 57710",C-,4,Data Science
Fall 2021,57710,DSC, 381,PROBABLTY/SIMULTN INFERENCE-WB,"DSC-381: PROBABLTY/SIMULTN INFERENCE-WB, Section no. 57710",C,12,Data Science
Fall 2021,57710,DSC, 381,PROBABLTY/SIMULTN INFERENCE-WB,"DSC-381: PROBABLTY/SIMULTN INFERENCE-WB, Section no. 57710",C+,11,Data Science
Fall 2021,57710,DSC, 381,PROBABLTY/SIMULTN INFERENCE-WB,"DSC-381: PROBABLTY/SIMULTN INFERENCE-WB, Section no. 57710",B-,24,Data Science
Fall 2021,57710,DSC, 381,PROBABLTY/SIMULTN INFERENCE-WB,"DSC-381: PROBABLTY/SIMULTN INFERENCE-WB, Section no. 57710",B,31,Data Science
Fall 2021,57710,DSC, 381,PROBABLTY/SIMULTN INFERENCE-WB,"DSC-381: PROBABLTY/SIMULTN INFERENCE-WB, Section no. 57710",B+,46,Data Science
Fall 2021,57710,DSC, 381,PROBABLTY/SIMULTN INFERENCE-WB,"DSC-381: PROBABLTY/SIMULTN INFERENCE-WB, Section no. 57710",A-,51,Data Science
Fall 2021,57710,DSC, 381,PROBABLTY/SIMULTN INFERENCE-WB,"DSC-381: PROBABLTY/SIMULTN INFERENCE-WB, Section no. 57710",A,163,Data Science
Fall 2021,57720,DSC, 384,DSGN PRINCPLS/CAUSAL INFRNC-WB,"DSC-384: DSGN PRINCPLS/CAUSAL INFRNC-WB, Section no. 57720",Other,19,Data Science
Fall 2021,57720,DSC, 384,DSGN PRINCPLS/CAUSAL INFRNC-WB,"DSC-384: DSGN PRINCPLS/CAUSAL INFRNC-WB, Section no. 57720",F,8,Data Science
Fall 2021,57720,DSC, 384,DSGN PRINCPLS/CAUSAL INFRNC-WB,"DSC-384: DSGN PRINCPLS/CAUSAL INFRNC-WB, Section no. 57720",D,9,Data Science
Fall 2021,57720,DSC, 384,DSGN PRINCPLS/CAUSAL INFRNC-WB,"DSC-384: DSGN PRINCPLS/CAUSAL INFRNC-WB, Section no. 57720",C,14,Data Science
Fall 2021,57720,DSC, 384,DSGN PRINCPLS/CAUSAL INFRNC-WB,"DSC-384: DSGN PRINCPLS/CAUSAL INFRNC-WB, Section no. 57720",B-,20,Data Science
Fall 2021,57720,DSC, 384,DSGN PRINCPLS/CAUSAL INFRNC-WB,"DSC-384: DSGN PRINCPLS/CAUSAL INFRNC-WB, Section no. 57720",B,17,Data Science
Fall 2021,57720,DSC, 384,DSGN PRINCPLS/CAUSAL INFRNC-WB,"DSC-384: DSGN PRINCPLS/CAUSAL INFRNC-WB, Section no. 57720",B+,40,Data Science
Fall 2021,57720,DSC, 384,DSGN PRINCPLS/CAUSAL INFRNC-WB,"DSC-384: DSGN PRINCPLS/CAUSAL INFRNC-WB, Section no. 57720",A-,25,Data Science
Fall 2021,57720,DSC, 384,DSGN PRINCPLS/CAUSAL INFRNC-WB,"DSC-384: DSGN PRINCPLS/CAUSAL INFRNC-WB, Section no. 57720",A,25,Data Science
Fall 2021,57725,DSC, 391L,PRINCIPLES MACHINE LEARNING-WB,"DSC-391L: PRINCIPLES MACHINE LEARNING-WB, Section no. 57725",Other,30,Data Science
Fall 2021,57725,DSC, 391L,PRINCIPLES MACHINE LEARNING-WB,"DSC-391L: PRINCIPLES MACHINE LEARNING-WB, Section no. 57725",C-,2,Data Science
Fall 2021,57725,DSC, 391L,PRINCIPLES MACHINE LEARNING-WB,"DSC-391L: PRINCIPLES MACHINE LEARNING-WB, Section no. 57725",C,10,Data Science
Fall 2021,57725,DSC, 391L,PRINCIPLES MACHINE LEARNING-WB,"DSC-391L: PRINCIPLES MACHINE LEARNING-WB, Section no. 57725",B-,3,Data Science
Fall 2021,57725,DSC, 391L,PRINCIPLES MACHINE LEARNING-WB,"DSC-391L: PRINCIPLES MACHINE LEARNING-WB, Section no. 57725",B,23,Data Science
Fall 2021,57725,DSC, 391L,PRINCIPLES MACHINE LEARNING-WB,"DSC-391L: PRINCIPLES MACHINE LEARNING-WB, Section no. 57725",B+,18,Data Science
Fall 2021,57725,DSC, 391L,PRINCIPLES MACHINE LEARNING-WB,"DSC-391L: PRINCIPLES MACHINE LEARNING-WB, Section no. 57725",A-,11,Data Science
Fall 2021,57725,DSC, 391L,PRINCIPLES MACHINE LEARNING-WB,"DSC-391L: PRINCIPLES MACHINE LEARNING-WB, Section no. 57725",A,27,Data Science
Fall 2021,57730,DSC, 395T,DEEP LEARNING-WB,"DSC-395T: DEEP LEARNING-WB, Section no. 57730",Other,3,Data Science
Fall 2021,57730,DSC, 395T,DEEP LEARNING-WB,"DSC-395T: DEEP LEARNING-WB, Section no. 57730",F,2,Data Science
Fall 2021,57730,DSC, 395T,DEEP LEARNING-WB,"DSC-395T: DEEP LEARNING-WB, Section no. 57730",D+,1,Data Science
Fall 2021,57730,DSC, 395T,DEEP LEARNING-WB,"DSC-395T: DEEP LEARNING-WB, Section no. 57730",C-,1,Data Science
Fall 2021,57730,DSC, 395T,DEEP LEARNING-WB,"DSC-395T: DEEP LEARNING-WB, Section no. 57730",C,1,Data Science
Fall 2021,57730,DSC, 395T,DEEP LEARNING-WB,"DSC-395T: DEEP LEARNING-WB, Section no. 57730",B,2,Data Science
Fall 2021,57730,DSC, 395T,DEEP LEARNING-WB,"DSC-395T: DEEP LEARNING-WB, Section no. 57730",B+,1,Data Science
Fall 2021,57730,DSC, 395T,DEEP LEARNING-WB,"DSC-395T: DEEP LEARNING-WB, Section no. 57730",A-,3,Data Science
Fall 2021,57730,DSC, 395T,DEEP LEARNING-WB,"DSC-395T: DEEP LEARNING-WB, Section no. 57730",A,3,Data Science
Fall 2021,57734,DSC, 395T,NATURAL LANGUAGE PROCESSING-WB,"DSC-395T: NATURAL LANGUAGE PROCESSING-WB, Section no. 57734",Other,12,Data Science
Fall 2021,57734,DSC, 395T,NATURAL LANGUAGE PROCESSING-WB,"DSC-395T: NATURAL LANGUAGE PROCESSING-WB, Section no. 57734",F,4,Data Science
Fall 2021,57734,DSC, 395T,NATURAL LANGUAGE PROCESSING-WB,"DSC-395T: NATURAL LANGUAGE PROCESSING-WB, Section no. 57734",C-,1,Data Science
Fall 2021,57734,DSC, 395T,NATURAL LANGUAGE PROCESSING-WB,"DSC-395T: NATURAL LANGUAGE PROCESSING-WB, Section no. 57734",C,1,Data Science
Fall 2021,57734,DSC, 395T,NATURAL LANGUAGE PROCESSING-WB,"DSC-395T: NATURAL LANGUAGE PROCESSING-WB, Section no. 57734",C+,1,Data Science
Fall 2021,57734,DSC, 395T,NATURAL LANGUAGE PROCESSING-WB,"DSC-395T: NATURAL LANGUAGE PROCESSING-WB, Section no. 57734",B-,1,Data Science
Fall 2021,57734,DSC, 395T,NATURAL LANGUAGE PROCESSING-WB,"DSC-395T: NATURAL LANGUAGE PROCESSING-WB, Section no. 57734",B,1,Data Science
Fall 2021,57734,DSC, 395T,NATURAL LANGUAGE PROCESSING-WB,"DSC-395T: NATURAL LANGUAGE PROCESSING-WB, Section no. 57734",A-,3,Data Science
Fall 2021,57734,DSC, 395T,NATURAL LANGUAGE PROCESSING-WB,"DSC-395T: NATURAL LANGUAGE PROCESSING-WB, Section no. 57734",A,36,Data Science
Fall 2021,57735,DSC, 395T,OPTIMIZATION-WB,"DSC-395T: OPTIMIZATION-WB, Section no. 57735",Other,5,Data Science
Fall 2021,57735,DSC, 395T,OPTIMIZATION-WB,"DSC-395T: OPTIMIZATION-WB, Section no. 57735",F,2,Data Science
Fall 2021,57735,DSC, 395T,OPTIMIZATION-WB,"DSC-395T: OPTIMIZATION-WB, Section no. 57735",B-,1,Data Science
Fall 2021,57735,DSC, 395T,OPTIMIZATION-WB,"DSC-395T: OPTIMIZATION-WB, Section no. 57735",B,3,Data Science
Fall 2021,57735,DSC, 395T,OPTIMIZATION-WB,"DSC-395T: OPTIMIZATION-WB, Section no. 57735",B+,4,Data Science
Fall 2021,57735,DSC, 395T,OPTIMIZATION-WB,"DSC-395T: OPTIMIZATION-WB, Section no. 57735",A-,15,Data Science
Fall 2021,57735,DSC, 395T,OPTIMIZATION-WB,"DSC-395T: OPTIMIZATION-WB, Section no. 57735",A,18,Data Science
Spring 2022,50975,C S, 303E,ELEMS OF COMPTRS/PROGRAMMNG-WB,"C S-303E: ELEMS OF COMPTRS/PROGRAMMNG-WB, Section no. 50975",Other,48,Computer Science
Spring 2022,50975,C S, 303E,ELEMS OF COMPTRS/PROGRAMMNG-WB,"C S-303E: ELEMS OF COMPTRS/PROGRAMMNG-WB, Section no. 50975",F,14,Computer Science
Spring 2022,50975,C S, 303E,ELEMS OF COMPTRS/PROGRAMMNG-WB,"C S-303E: ELEMS OF COMPTRS/PROGRAMMNG-WB, Section no. 50975",D,4,Computer Science
Spring 2022,50975,C S, 303E,ELEMS OF COMPTRS/PROGRAMMNG-WB,"C S-303E: ELEMS OF COMPTRS/PROGRAMMNG-WB, Section no. 50975",D+,3,Computer Science
Spring 2022,50975,C S, 303E,ELEMS OF COMPTRS/PROGRAMMNG-WB,"C S-303E: ELEMS OF COMPTRS/PROGRAMMNG-WB, Section no. 50975",C-,5,Computer Science
Spring 2022,50975,C S, 303E,ELEMS OF COMPTRS/PROGRAMMNG-WB,"C S-303E: ELEMS OF COMPTRS/PROGRAMMNG-WB, Section no. 50975",C,4,Computer Science
Spring 2022,50975,C S, 303E,ELEMS OF COMPTRS/PROGRAMMNG-WB,"C S-303E: ELEMS OF COMPTRS/PROGRAMMNG-WB, Section no. 50975",B-,3,Computer Science
Spring 2022,50975,C S, 303E,ELEMS OF COMPTRS/PROGRAMMNG-WB,"C S-303E: ELEMS OF COMPTRS/PROGRAMMNG-WB, Section no. 50975",B,16,Computer Science
Spring 2022,50975,C S, 303E,ELEMS OF COMPTRS/PROGRAMMNG-WB,"C S-303E: ELEMS OF COMPTRS/PROGRAMMNG-WB, Section no. 50975",B+,10,Computer Science
Spring 2022,50975,C S, 303E,ELEMS OF COMPTRS/PROGRAMMNG-WB,"C S-303E: ELEMS OF COMPTRS/PROGRAMMNG-WB, Section no. 50975",A-,8,Computer Science
Spring 2022,50975,C S, 303E,ELEMS OF COMPTRS/PROGRAMMNG-WB,"C S-303E: ELEMS OF COMPTRS/PROGRAMMNG-WB, Section no. 50975",A,84,Computer Science
Spring 2022,50980,C S, 303E,ELEMS OF COMPTRS/PROGRAMMNG-WB,"C S-303E: ELEMS OF COMPTRS/PROGRAMMNG-WB, Section no. 50980",Other,5,Computer Science
Spring 2022,50980,C S, 303E,ELEMS OF COMPTRS/PROGRAMMNG-WB,"C S-303E: ELEMS OF COMPTRS/PROGRAMMNG-WB, Section no. 50980",F,6,Computer Science
Spring 2022,50980,C S, 303E,ELEMS OF COMPTRS/PROGRAMMNG-WB,"C S-303E: ELEMS OF COMPTRS/PROGRAMMNG-WB, Section no. 50980",D-,4,Computer Science
Spring 2022,50980,C S, 303E,ELEMS OF COMPTRS/PROGRAMMNG-WB,"C S-303E: ELEMS OF COMPTRS/PROGRAMMNG-WB, Section no. 50980",D+,2,Computer Science
Spring 2022,50980,C S, 303E,ELEMS OF COMPTRS/PROGRAMMNG-WB,"C S-303E: ELEMS OF COMPTRS/PROGRAMMNG-WB, Section no. 50980",C-,1,Computer Science
Spring 2022,50980,C S, 303E,ELEMS OF COMPTRS/PROGRAMMNG-WB,"C S-303E: ELEMS OF COMPTRS/PROGRAMMNG-WB, Section no. 50980",C,2,Computer Science
Spring 2022,50980,C S, 303E,ELEMS OF COMPTRS/PROGRAMMNG-WB,"C S-303E: ELEMS OF COMPTRS/PROGRAMMNG-WB, Section no. 50980",C+,4,Computer Science
Spring 2022,50980,C S, 303E,ELEMS OF COMPTRS/PROGRAMMNG-WB,"C S-303E: ELEMS OF COMPTRS/PROGRAMMNG-WB, Section no. 50980",B-,5,Computer Science
Spring 2022,50980,C S, 303E,ELEMS OF COMPTRS/PROGRAMMNG-WB,"C S-303E: ELEMS OF COMPTRS/PROGRAMMNG-WB, Section no. 50980",B,7,Computer Science
Spring 2022,50980,C S, 303E,ELEMS OF COMPTRS/PROGRAMMNG-WB,"C S-303E: ELEMS OF COMPTRS/PROGRAMMNG-WB, Section no. 50980",B+,11,Computer Science
Spring 2022,50980,C S, 303E,ELEMS OF COMPTRS/PROGRAMMNG-WB,"C S-303E: ELEMS OF COMPTRS/PROGRAMMNG-WB, Section no. 50980",A-,10,Computer Science
Spring 2022,50980,C S, 303E,ELEMS OF COMPTRS/PROGRAMMNG-WB,"C S-303E: ELEMS OF COMPTRS/PROGRAMMNG-WB, Section no. 50980",A,141,Computer Science
Spring 2022,50985,C S, 303E,ELEMS OF COMPTRS/PROGRAMMNG-WB,"C S-303E: ELEMS OF COMPTRS/PROGRAMMNG-WB, Section no. 50985",Other,48,Computer Science
Spring 2022,50985,C S, 303E,ELEMS OF COMPTRS/PROGRAMMNG-WB,"C S-303E: ELEMS OF COMPTRS/PROGRAMMNG-WB, Section no. 50985",F,8,Computer Science
Spring 2022,50985,C S, 303E,ELEMS OF COMPTRS/PROGRAMMNG-WB,"C S-303E: ELEMS OF COMPTRS/PROGRAMMNG-WB, Section no. 50985",D,6,Computer Science
Spring 2022,50985,C S, 303E,ELEMS OF COMPTRS/PROGRAMMNG-WB,"C S-303E: ELEMS OF COMPTRS/PROGRAMMNG-WB, Section no. 50985",D+,3,Computer Science
Spring 2022,50985,C S, 303E,ELEMS OF COMPTRS/PROGRAMMNG-WB,"C S-303E: ELEMS OF COMPTRS/PROGRAMMNG-WB, Section no. 50985",C-,2,Computer Science
Spring 2022,50985,C S, 303E,ELEMS OF COMPTRS/PROGRAMMNG-WB,"C S-303E: ELEMS OF COMPTRS/PROGRAMMNG-WB, Section no. 50985",C,4,Computer Science
Spring 2022,50985,C S, 303E,ELEMS OF COMPTRS/PROGRAMMNG-WB,"C S-303E: ELEMS OF COMPTRS/PROGRAMMNG-WB, Section no. 50985",C+,2,Computer Science
Spring 2022,50985,C S, 303E,ELEMS OF COMPTRS/PROGRAMMNG-WB,"C S-303E: ELEMS OF COMPTRS/PROGRAMMNG-WB, Section no. 50985",B-,3,Computer Science
Spring 2022,50985,C S, 303E,ELEMS OF COMPTRS/PROGRAMMNG-WB,"C S-303E: ELEMS OF COMPTRS/PROGRAMMNG-WB, Section no. 50985",B,16,Computer Science
Spring 2022,50985,C S, 303E,ELEMS OF COMPTRS/PROGRAMMNG-WB,"C S-303E: ELEMS OF COMPTRS/PROGRAMMNG-WB, Section no. 50985",B+,11,Computer Science
Spring 2022,50985,C S, 303E,ELEMS OF COMPTRS/PROGRAMMNG-WB,"C S-303E: ELEMS OF COMPTRS/PROGRAMMNG-WB, Section no. 50985",A-,9,Computer Science
Spring 2022,50985,C S, 303E,ELEMS OF COMPTRS/PROGRAMMNG-WB,"C S-303E: ELEMS OF COMPTRS/PROGRAMMNG-WB, Section no. 50985",A,82,Computer Science
Spring 2022,50990,C S, 303E,ELEMS OF COMPTRS/PROGRAMMNG-WB,"C S-303E: ELEMS OF COMPTRS/PROGRAMMNG-WB, Section no. 50990",Other,62,Computer Science
Spring 2022,50990,C S, 303E,ELEMS OF COMPTRS/PROGRAMMNG-WB,"C S-303E: ELEMS OF COMPTRS/PROGRAMMNG-WB, Section no. 50990",F,4,Computer Science
Spring 2022,50990,C S, 303E,ELEMS OF COMPTRS/PROGRAMMNG-WB,"C S-303E: ELEMS OF COMPTRS/PROGRAMMNG-WB, Section no. 50990",D,4,Computer Science
Spring 2022,50990,C S, 303E,ELEMS OF COMPTRS/PROGRAMMNG-WB,"C S-303E: ELEMS OF COMPTRS/PROGRAMMNG-WB, Section no. 50990",D+,2,Computer Science
Spring 2022,50990,C S, 303E,ELEMS OF COMPTRS/PROGRAMMNG-WB,"C S-303E: ELEMS OF COMPTRS/PROGRAMMNG-WB, Section no. 50990",C-,4,Computer Science
Spring 2022,50990,C S, 303E,ELEMS OF COMPTRS/PROGRAMMNG-WB,"C S-303E: ELEMS OF COMPTRS/PROGRAMMNG-WB, Section no. 50990",C,3,Computer Science
Spring 2022,50990,C S, 303E,ELEMS OF COMPTRS/PROGRAMMNG-WB,"C S-303E: ELEMS OF COMPTRS/PROGRAMMNG-WB, Section no. 50990",C+,4,Computer Science
Spring 2022,50990,C S, 303E,ELEMS OF COMPTRS/PROGRAMMNG-WB,"C S-303E: ELEMS OF COMPTRS/PROGRAMMNG-WB, Section no. 50990",B-,5,Computer Science
Spring 2022,50990,C S, 303E,ELEMS OF COMPTRS/PROGRAMMNG-WB,"C S-303E: ELEMS OF COMPTRS/PROGRAMMNG-WB, Section no. 50990",B,12,Computer Science
Spring 2022,50990,C S, 303E,ELEMS OF COMPTRS/PROGRAMMNG-WB,"C S-303E: ELEMS OF COMPTRS/PROGRAMMNG-WB, Section no. 50990",B+,5,Computer Science
Spring 2022,50990,C S, 303E,ELEMS OF COMPTRS/PROGRAMMNG-WB,"C S-303E: ELEMS OF COMPTRS/PROGRAMMNG-WB, Section no. 50990",A-,11,Computer Science
Spring 2022,50990,C S, 303E,ELEMS OF COMPTRS/PROGRAMMNG-WB,"C S-303E: ELEMS OF COMPTRS/PROGRAMMNG-WB, Section no. 50990",A,77,Computer Science
Spring 2022,50995,C S, 103F,ETHICAL FNDTN COMP SCIENCE,"C S-103F: ETHICAL FNDTN COMP SCIENCE, Section no. 50995",Other,1,Computer Science
Spring 2022,50995,C S, 103F,ETHICAL FNDTN COMP SCIENCE,"C S-103F: ETHICAL FNDTN COMP SCIENCE, Section no. 50995",B-,1,Computer Science
Spring 2022,50995,C S, 103F,ETHICAL FNDTN COMP SCIENCE,"C S-103F: ETHICAL FNDTN COMP SCIENCE, Section no. 50995",B,2,Computer Science
Spring 2022,50995,C S, 103F,ETHICAL FNDTN COMP SCIENCE,"C S-103F: ETHICAL FNDTN COMP SCIENCE, Section no. 50995",B+,1,Computer Science
Spring 2022,50995,C S, 103F,ETHICAL FNDTN COMP SCIENCE,"C S-103F: ETHICAL FNDTN COMP SCIENCE, Section no. 50995",A-,8,Computer Science
Spring 2022,50995,C S, 103F,ETHICAL FNDTN COMP SCIENCE,"C S-103F: ETHICAL FNDTN COMP SCIENCE, Section no. 50995",A,92,Computer Science
Spring 2022,51000,C S, 104C,COMPETITIVE PROGRAMMING,"C S-104C: COMPETITIVE PROGRAMMING, Section no. 51000",Other,13,Computer Science
Spring 2022,51000,C S, 104C,COMPETITIVE PROGRAMMING,"C S-104C: COMPETITIVE PROGRAMMING, Section no. 51000",F,1,Computer Science
Spring 2022,51000,C S, 104C,COMPETITIVE PROGRAMMING,"C S-104C: COMPETITIVE PROGRAMMING, Section no. 51000",D,2,Computer Science
Spring 2022,51000,C S, 104C,COMPETITIVE PROGRAMMING,"C S-104C: COMPETITIVE PROGRAMMING, Section no. 51000",C,2,Computer Science
Spring 2022,51000,C S, 104C,COMPETITIVE PROGRAMMING,"C S-104C: COMPETITIVE PROGRAMMING, Section no. 51000",C+,1,Computer Science
Spring 2022,51000,C S, 104C,COMPETITIVE PROGRAMMING,"C S-104C: COMPETITIVE PROGRAMMING, Section no. 51000",B-,2,Computer Science
Spring 2022,51000,C S, 104C,COMPETITIVE PROGRAMMING,"C S-104C: COMPETITIVE PROGRAMMING, Section no. 51000",A-,5,Computer Science
Spring 2022,51000,C S, 104C,COMPETITIVE PROGRAMMING,"C S-104C: COMPETITIVE PROGRAMMING, Section no. 51000",A,50,Computer Science
Spring 2022,51004,C S, 105C,COMPUTER PROGRAMMING: C++,"C S-105C: COMPUTER PROGRAMMING: C++, Section no. 51004",Other,5,Computer Science
Spring 2022,51004,C S, 105C,COMPUTER PROGRAMMING: C++,"C S-105C: COMPUTER PROGRAMMING: C++, Section no. 51004",B,1,Computer Science
Spring 2022,51004,C S, 105C,COMPUTER PROGRAMMING: C++,"C S-105C: COMPUTER PROGRAMMING: C++, Section no. 51004",B+,3,Computer Science
Spring 2022,51004,C S, 105C,COMPUTER PROGRAMMING: C++,"C S-105C: COMPUTER PROGRAMMING: C++, Section no. 51004",A,21,Computer Science
Spring 2022,51005,C S, 309,AUTONOM INTELLGNT ROBTCS I-FRI,"C S-309: AUTONOM INTELLGNT ROBTCS I-FRI, Section no. 51005",Other,4,Computer Science
Spring 2022,51005,C S, 309,AUTONOM INTELLGNT ROBTCS I-FRI,"C S-309: AUTONOM INTELLGNT ROBTCS I-FRI, Section no. 51005",A-,3,Computer Science
Spring 2022,51005,C S, 309,AUTONOM INTELLGNT ROBTCS I-FRI,"C S-309: AUTONOM INTELLGNT ROBTCS I-FRI, Section no. 51005",A,38,Computer Science
Spring 2022,51015,C S, 309,GEOMETRY OF SPACE-FRI,"C S-309: GEOMETRY OF SPACE-FRI, Section no. 51015",Other,2,Computer Science
Spring 2022,51015,C S, 309,GEOMETRY OF SPACE-FRI,"C S-309: GEOMETRY OF SPACE-FRI, Section no. 51015",A-,2,Computer Science
Spring 2022,51015,C S, 309,GEOMETRY OF SPACE-FRI,"C S-309: GEOMETRY OF SPACE-FRI, Section no. 51015",A,25,Computer Science
Spring 2022,51020,C S, 309,QUANTUM COMPUTING-FRI,"C S-309: QUANTUM COMPUTING-FRI, Section no. 51020",Other,1,Computer Science
Spring 2022,51020,C S, 309,QUANTUM COMPUTING-FRI,"C S-309: QUANTUM COMPUTING-FRI, Section no. 51020",C,1,Computer Science
Spring 2022,51020,C S, 309,QUANTUM COMPUTING-FRI,"C S-309: QUANTUM COMPUTING-FRI, Section no. 51020",B,1,Computer Science
Spring 2022,51020,C S, 309,QUANTUM COMPUTING-FRI,"C S-309: QUANTUM COMPUTING-FRI, Section no. 51020",B+,1,Computer Science
Spring 2022,51020,C S, 309,QUANTUM COMPUTING-FRI,"C S-309: QUANTUM COMPUTING-FRI, Section no. 51020",A-,4,Computer Science
Spring 2022,51020,C S, 309,QUANTUM COMPUTING-FRI,"C S-309: QUANTUM COMPUTING-FRI, Section no. 51020",A,20,Computer Science
Spring 2022,51030,C S, 311,DISCRETE MATH FOR COMPUTER SCI,"C S-311: DISCRETE MATH FOR COMPUTER SCI, Section no. 51030",F,1,Computer Science
Spring 2022,51030,C S, 311,DISCRETE MATH FOR COMPUTER SCI,"C S-311: DISCRETE MATH FOR COMPUTER SCI, Section no. 51030",C,4,Computer Science
Spring 2022,51030,C S, 311,DISCRETE MATH FOR COMPUTER SCI,"C S-311: DISCRETE MATH FOR COMPUTER SCI, Section no. 51030",C+,1,Computer Science
Spring 2022,51030,C S, 311,DISCRETE MATH FOR COMPUTER SCI,"C S-311: DISCRETE MATH FOR COMPUTER SCI, Section no. 51030",B-,3,Computer Science
Spring 2022,51030,C S, 311,DISCRETE MATH FOR COMPUTER SCI,"C S-311: DISCRETE MATH FOR COMPUTER SCI, Section no. 51030",B,3,Computer Science
Spring 2022,51030,C S, 311,DISCRETE MATH FOR COMPUTER SCI,"C S-311: DISCRETE MATH FOR COMPUTER SCI, Section no. 51030",B+,2,Computer Science
Spring 2022,51030,C S, 311,DISCRETE MATH FOR COMPUTER SCI,"C S-311: DISCRETE MATH FOR COMPUTER SCI, Section no. 51030",A-,3,Computer Science
Spring 2022,51030,C S, 311,DISCRETE MATH FOR COMPUTER SCI,"C S-311: DISCRETE MATH FOR COMPUTER SCI, Section no. 51030",A,5,Computer Science
Spring 2022,51035,C S, 311,DISCRETE MATH FOR COMPUTER SCI,"C S-311: DISCRETE MATH FOR COMPUTER SCI, Section no. 51035",D,1,Computer Science
Spring 2022,51035,C S, 311,DISCRETE MATH FOR COMPUTER SCI,"C S-311: DISCRETE MATH FOR COMPUTER SCI, Section no. 51035",C,4,Computer Science
Spring 2022,51035,C S, 311,DISCRETE MATH FOR COMPUTER SCI,"C S-311: DISCRETE MATH FOR COMPUTER SCI, Section no. 51035",B-,3,Computer Science
Spring 2022,51035,C S, 311,DISCRETE MATH FOR COMPUTER SCI,"C S-311: DISCRETE MATH FOR COMPUTER SCI, Section no. 51035",B,6,Computer Science
Spring 2022,51035,C S, 311,DISCRETE MATH FOR COMPUTER SCI,"C S-311: DISCRETE MATH FOR COMPUTER SCI, Section no. 51035",B+,2,Computer Science
Spring 2022,51035,C S, 311,DISCRETE MATH FOR COMPUTER SCI,"C S-311: DISCRETE MATH FOR COMPUTER SCI, Section no. 51035",A-,2,Computer Science
Spring 2022,51035,C S, 311,DISCRETE MATH FOR COMPUTER SCI,"C S-311: DISCRETE MATH FOR COMPUTER SCI, Section no. 51035",A,7,Computer Science
Spring 2022,51040,C S, 311,DISCRETE MATH FOR COMPUTER SCI,"C S-311: DISCRETE MATH FOR COMPUTER SCI, Section no. 51040",D,2,Computer Science
Spring 2022,51040,C S, 311,DISCRETE MATH FOR COMPUTER SCI,"C S-311: DISCRETE MATH FOR COMPUTER SCI, Section no. 51040",C,1,Computer Science
Spring 2022,51040,C S, 311,DISCRETE MATH FOR COMPUTER SCI,"C S-311: DISCRETE MATH FOR COMPUTER SCI, Section no. 51040",C+,2,Computer Science
Spring 2022,51040,C S, 311,DISCRETE MATH FOR COMPUTER SCI,"C S-311: DISCRETE MATH FOR COMPUTER SCI, Section no. 51040",B-,5,Computer Science
Spring 2022,51040,C S, 311,DISCRETE MATH FOR COMPUTER SCI,"C S-311: DISCRETE MATH FOR COMPUTER SCI, Section no. 51040",B,2,Computer Science
Spring 2022,51040,C S, 311,DISCRETE MATH FOR COMPUTER SCI,"C S-311: DISCRETE MATH FOR COMPUTER SCI, Section no. 51040",B+,4,Computer Science
Spring 2022,51040,C S, 311,DISCRETE MATH FOR COMPUTER SCI,"C S-311: DISCRETE MATH FOR COMPUTER SCI, Section no. 51040",A-,3,Computer Science
Spring 2022,51040,C S, 311,DISCRETE MATH FOR COMPUTER SCI,"C S-311: DISCRETE MATH FOR COMPUTER SCI, Section no. 51040",A,4,Computer Science
Spring 2022,51045,C S, 311,DISCRETE MATH FOR COMPUTER SCI,"C S-311: DISCRETE MATH FOR COMPUTER SCI, Section no. 51045",C-,1,Computer Science
Spring 2022,51045,C S, 311,DISCRETE MATH FOR COMPUTER SCI,"C S-311: DISCRETE MATH FOR COMPUTER SCI, Section no. 51045",C,3,Computer Science
Spring 2022,51045,C S, 311,DISCRETE MATH FOR COMPUTER SCI,"C S-311: DISCRETE MATH FOR COMPUTER SCI, Section no. 51045",C+,1,Computer Science
Spring 2022,51045,C S, 311,DISCRETE MATH FOR COMPUTER SCI,"C S-311: DISCRETE MATH FOR COMPUTER SCI, Section no. 51045",B-,2,Computer Science
Spring 2022,51045,C S, 311,DISCRETE MATH FOR COMPUTER SCI,"C S-311: DISCRETE MATH FOR COMPUTER SCI, Section no. 51045",B,2,Computer Science
Spring 2022,51045,C S, 311,DISCRETE MATH FOR COMPUTER SCI,"C S-311: DISCRETE MATH FOR COMPUTER SCI, Section no. 51045",B+,4,Computer Science
Spring 2022,51045,C S, 311,DISCRETE MATH FOR COMPUTER SCI,"C S-311: DISCRETE MATH FOR COMPUTER SCI, Section no. 51045",A-,3,Computer Science
Spring 2022,51045,C S, 311,DISCRETE MATH FOR COMPUTER SCI,"C S-311: DISCRETE MATH FOR COMPUTER SCI, Section no. 51045",A,4,Computer Science
Spring 2022,51050,C S, 311,DISCRETE MATH FOR COMPUTER SCI,"C S-311: DISCRETE MATH FOR COMPUTER SCI, Section no. 51050",Other,4,Computer Science
Spring 2022,51050,C S, 311,DISCRETE MATH FOR COMPUTER SCI,"C S-311: DISCRETE MATH FOR COMPUTER SCI, Section no. 51050",F,1,Computer Science
Spring 2022,51050,C S, 311,DISCRETE MATH FOR COMPUTER SCI,"C S-311: DISCRETE MATH FOR COMPUTER SCI, Section no. 51050",D,2,Computer Science
Spring 2022,51050,C S, 311,DISCRETE MATH FOR COMPUTER SCI,"C S-311: DISCRETE MATH FOR COMPUTER SCI, Section no. 51050",C-,1,Computer Science
Spring 2022,51050,C S, 311,DISCRETE MATH FOR COMPUTER SCI,"C S-311: DISCRETE MATH FOR COMPUTER SCI, Section no. 51050",C,3,Computer Science
Spring 2022,51050,C S, 311,DISCRETE MATH FOR COMPUTER SCI,"C S-311: DISCRETE MATH FOR COMPUTER SCI, Section no. 51050",C+,1,Computer Science
Spring 2022,51050,C S, 311,DISCRETE MATH FOR COMPUTER SCI,"C S-311: DISCRETE MATH FOR COMPUTER SCI, Section no. 51050",B-,1,Computer Science
Spring 2022,51050,C S, 311,DISCRETE MATH FOR COMPUTER SCI,"C S-311: DISCRETE MATH FOR COMPUTER SCI, Section no. 51050",B,3,Computer Science
Spring 2022,51050,C S, 311,DISCRETE MATH FOR COMPUTER SCI,"C S-311: DISCRETE MATH FOR COMPUTER SCI, Section no. 51050",B+,1,Computer Science
Spring 2022,51050,C S, 311,DISCRETE MATH FOR COMPUTER SCI,"C S-311: DISCRETE MATH FOR COMPUTER SCI, Section no. 51050",A-,3,Computer Science
Spring 2022,51055,C S, 311,DISCRETE MATH FOR COMPUTER SCI,"C S-311: DISCRETE MATH FOR COMPUTER SCI, Section no. 51055",F,1,Computer Science
Spring 2022,51055,C S, 311,DISCRETE MATH FOR COMPUTER SCI,"C S-311: DISCRETE MATH FOR COMPUTER SCI, Section no. 51055",C-,1,Computer Science
Spring 2022,51055,C S, 311,DISCRETE MATH FOR COMPUTER SCI,"C S-311: DISCRETE MATH FOR COMPUTER SCI, Section no. 51055",C,2,Computer Science
Spring 2022,51055,C S, 311,DISCRETE MATH FOR COMPUTER SCI,"C S-311: DISCRETE MATH FOR COMPUTER SCI, Section no. 51055",B-,6,Computer Science
Spring 2022,51055,C S, 311,DISCRETE MATH FOR COMPUTER SCI,"C S-311: DISCRETE MATH FOR COMPUTER SCI, Section no. 51055",B,1,Computer Science
Spring 2022,51055,C S, 311,DISCRETE MATH FOR COMPUTER SCI,"C S-311: DISCRETE MATH FOR COMPUTER SCI, Section no. 51055",B+,1,Computer Science
Spring 2022,51055,C S, 311,DISCRETE MATH FOR COMPUTER SCI,"C S-311: DISCRETE MATH FOR COMPUTER SCI, Section no. 51055",A-,6,Computer Science
Spring 2022,51055,C S, 311,DISCRETE MATH FOR COMPUTER SCI,"C S-311: DISCRETE MATH FOR COMPUTER SCI, Section no. 51055",A,5,Computer Science
Spring 2022,51060,C S, 311,DISCRETE MATH FOR COMPUTER SCI,"C S-311: DISCRETE MATH FOR COMPUTER SCI, Section no. 51060",F,1,Computer Science
Spring 2022,51060,C S, 311,DISCRETE MATH FOR COMPUTER SCI,"C S-311: DISCRETE MATH FOR COMPUTER SCI, Section no. 51060",C-,1,Computer Science
Spring 2022,51060,C S, 311,DISCRETE MATH FOR COMPUTER SCI,"C S-311: DISCRETE MATH FOR COMPUTER SCI, Section no. 51060",C,2,Computer Science
Spring 2022,51060,C S, 311,DISCRETE MATH FOR COMPUTER SCI,"C S-311: DISCRETE MATH FOR COMPUTER SCI, Section no. 51060",B-,5,Computer Science
Spring 2022,51060,C S, 311,DISCRETE MATH FOR COMPUTER SCI,"C S-311: DISCRETE MATH FOR COMPUTER SCI, Section no. 51060",B,5,Computer Science
Spring 2022,51060,C S, 311,DISCRETE MATH FOR COMPUTER SCI,"C S-311: DISCRETE MATH FOR COMPUTER SCI, Section no. 51060",B+,3,Computer Science
Spring 2022,51060,C S, 311,DISCRETE MATH FOR COMPUTER SCI,"C S-311: DISCRETE MATH FOR COMPUTER SCI, Section no. 51060",A-,3,Computer Science
Spring 2022,51060,C S, 311,DISCRETE MATH FOR COMPUTER SCI,"C S-311: DISCRETE MATH FOR COMPUTER SCI, Section no. 51060",A,5,Computer Science
Spring 2022,51065,C S, 311,DISCRETE MATH FOR COMPUTER SCI,"C S-311: DISCRETE MATH FOR COMPUTER SCI, Section no. 51065",Other,1,Computer Science
Spring 2022,51065,C S, 311,DISCRETE MATH FOR COMPUTER SCI,"C S-311: DISCRETE MATH FOR COMPUTER SCI, Section no. 51065",D,2,Computer Science
Spring 2022,51065,C S, 311,DISCRETE MATH FOR COMPUTER SCI,"C S-311: DISCRETE MATH FOR COMPUTER SCI, Section no. 51065",C-,2,Computer Science
Spring 2022,51065,C S, 311,DISCRETE MATH FOR COMPUTER SCI,"C S-311: DISCRETE MATH FOR COMPUTER SCI, Section no. 51065",C,5,Computer Science
Spring 2022,51065,C S, 311,DISCRETE MATH FOR COMPUTER SCI,"C S-311: DISCRETE MATH FOR COMPUTER SCI, Section no. 51065",C+,3,Computer Science
Spring 2022,51065,C S, 311,DISCRETE MATH FOR COMPUTER SCI,"C S-311: DISCRETE MATH FOR COMPUTER SCI, Section no. 51065",B-,2,Computer Science
Spring 2022,51065,C S, 311,DISCRETE MATH FOR COMPUTER SCI,"C S-311: DISCRETE MATH FOR COMPUTER SCI, Section no. 51065",B,1,Computer Science
Spring 2022,51065,C S, 311,DISCRETE MATH FOR COMPUTER SCI,"C S-311: DISCRETE MATH FOR COMPUTER SCI, Section no. 51065",B+,3,Computer Science
Spring 2022,51065,C S, 311,DISCRETE MATH FOR COMPUTER SCI,"C S-311: DISCRETE MATH FOR COMPUTER SCI, Section no. 51065",A-,5,Computer Science
Spring 2022,51065,C S, 311,DISCRETE MATH FOR COMPUTER SCI,"C S-311: DISCRETE MATH FOR COMPUTER SCI, Section no. 51065",A,1,Computer Science
Spring 2022,51070,C S, 311,DISCRETE MATH FOR COMPUTER SCI,"C S-311: DISCRETE MATH FOR COMPUTER SCI, Section no. 51070",Other,1,Computer Science
Spring 2022,51070,C S, 311,DISCRETE MATH FOR COMPUTER SCI,"C S-311: DISCRETE MATH FOR COMPUTER SCI, Section no. 51070",F,1,Computer Science
Spring 2022,51070,C S, 311,DISCRETE MATH FOR COMPUTER SCI,"C S-311: DISCRETE MATH FOR COMPUTER SCI, Section no. 51070",C,4,Computer Science
Spring 2022,51070,C S, 311,DISCRETE MATH FOR COMPUTER SCI,"C S-311: DISCRETE MATH FOR COMPUTER SCI, Section no. 51070",C+,3,Computer Science
Spring 2022,51070,C S, 311,DISCRETE MATH FOR COMPUTER SCI,"C S-311: DISCRETE MATH FOR COMPUTER SCI, Section no. 51070",B-,5,Computer Science
Spring 2022,51070,C S, 311,DISCRETE MATH FOR COMPUTER SCI,"C S-311: DISCRETE MATH FOR COMPUTER SCI, Section no. 51070",B,2,Computer Science
Spring 2022,51070,C S, 311,DISCRETE MATH FOR COMPUTER SCI,"C S-311: DISCRETE MATH FOR COMPUTER SCI, Section no. 51070",B+,3,Computer Science
Spring 2022,51070,C S, 311,DISCRETE MATH FOR COMPUTER SCI,"C S-311: DISCRETE MATH FOR COMPUTER SCI, Section no. 51070",A-,3,Computer Science
Spring 2022,51070,C S, 311,DISCRETE MATH FOR COMPUTER SCI,"C S-311: DISCRETE MATH FOR COMPUTER SCI, Section no. 51070",A,1,Computer Science
Spring 2022,51075,C S, 311,DISCRETE MATH FOR COMPUTER SCI,"C S-311: DISCRETE MATH FOR COMPUTER SCI, Section no. 51075",Other,1,Computer Science
Spring 2022,51075,C S, 311,DISCRETE MATH FOR COMPUTER SCI,"C S-311: DISCRETE MATH FOR COMPUTER SCI, Section no. 51075",C-,1,Computer Science
Spring 2022,51075,C S, 311,DISCRETE MATH FOR COMPUTER SCI,"C S-311: DISCRETE MATH FOR COMPUTER SCI, Section no. 51075",C,4,Computer Science
Spring 2022,51075,C S, 311,DISCRETE MATH FOR COMPUTER SCI,"C S-311: DISCRETE MATH FOR COMPUTER SCI, Section no. 51075",C+,2,Computer Science
Spring 2022,51075,C S, 311,DISCRETE MATH FOR COMPUTER SCI,"C S-311: DISCRETE MATH FOR COMPUTER SCI, Section no. 51075",B-,1,Computer Science
Spring 2022,51075,C S, 311,DISCRETE MATH FOR COMPUTER SCI,"C S-311: DISCRETE MATH FOR COMPUTER SCI, Section no. 51075",B,3,Computer Science
Spring 2022,51075,C S, 311,DISCRETE MATH FOR COMPUTER SCI,"C S-311: DISCRETE MATH FOR COMPUTER SCI, Section no. 51075",B+,2,Computer Science
Spring 2022,51075,C S, 311,DISCRETE MATH FOR COMPUTER SCI,"C S-311: DISCRETE MATH FOR COMPUTER SCI, Section no. 51075",A-,4,Computer Science
Spring 2022,51075,C S, 311,DISCRETE MATH FOR COMPUTER SCI,"C S-311: DISCRETE MATH FOR COMPUTER SCI, Section no. 51075",A,7,Computer Science
Spring 2022,51080,C S, 312,INTRODUCTION TO PROGRAMMING,"C S-312: INTRODUCTION TO PROGRAMMING, Section no. 51080",Other,5,Computer Science
Spring 2022,51080,C S, 312,INTRODUCTION TO PROGRAMMING,"C S-312: INTRODUCTION TO PROGRAMMING, Section no. 51080",F,3,Computer Science
Spring 2022,51080,C S, 312,INTRODUCTION TO PROGRAMMING,"C S-312: INTRODUCTION TO PROGRAMMING, Section no. 51080",D,1,Computer Science
Spring 2022,51080,C S, 312,INTRODUCTION TO PROGRAMMING,"C S-312: INTRODUCTION TO PROGRAMMING, Section no. 51080",D+,1,Computer Science
Spring 2022,51080,C S, 312,INTRODUCTION TO PROGRAMMING,"C S-312: INTRODUCTION TO PROGRAMMING, Section no. 51080",C,4,Computer Science
Spring 2022,51080,C S, 312,INTRODUCTION TO PROGRAMMING,"C S-312: INTRODUCTION TO PROGRAMMING, Section no. 51080",C+,3,Computer Science
Spring 2022,51080,C S, 312,INTRODUCTION TO PROGRAMMING,"C S-312: INTRODUCTION TO PROGRAMMING, Section no. 51080",B-,1,Computer Science
Spring 2022,51080,C S, 312,INTRODUCTION TO PROGRAMMING,"C S-312: INTRODUCTION TO PROGRAMMING, Section no. 51080",B,4,Computer Science
Spring 2022,51080,C S, 312,INTRODUCTION TO PROGRAMMING,"C S-312: INTRODUCTION TO PROGRAMMING, Section no. 51080",B+,1,Computer Science
Spring 2022,51080,C S, 312,INTRODUCTION TO PROGRAMMING,"C S-312: INTRODUCTION TO PROGRAMMING, Section no. 51080",A-,1,Computer Science
Spring 2022,51080,C S, 312,INTRODUCTION TO PROGRAMMING,"C S-312: INTRODUCTION TO PROGRAMMING, Section no. 51080",A,2,Computer Science
Spring 2022,51085,C S, 312,INTRODUCTION TO PROGRAMMING,"C S-312: INTRODUCTION TO PROGRAMMING, Section no. 51085",Other,4,Computer Science
Spring 2022,51085,C S, 312,INTRODUCTION TO PROGRAMMING,"C S-312: INTRODUCTION TO PROGRAMMING, Section no. 51085",F,1,Computer Science
Spring 2022,51085,C S, 312,INTRODUCTION TO PROGRAMMING,"C S-312: INTRODUCTION TO PROGRAMMING, Section no. 51085",D-,1,Computer Science
Spring 2022,51085,C S, 312,INTRODUCTION TO PROGRAMMING,"C S-312: INTRODUCTION TO PROGRAMMING, Section no. 51085",D,1,Computer Science
Spring 2022,51085,C S, 312,INTRODUCTION TO PROGRAMMING,"C S-312: INTRODUCTION TO PROGRAMMING, Section no. 51085",C-,2,Computer Science
Spring 2022,51085,C S, 312,INTRODUCTION TO PROGRAMMING,"C S-312: INTRODUCTION TO PROGRAMMING, Section no. 51085",C+,3,Computer Science
Spring 2022,51085,C S, 312,INTRODUCTION TO PROGRAMMING,"C S-312: INTRODUCTION TO PROGRAMMING, Section no. 51085",B,3,Computer Science
Spring 2022,51085,C S, 312,INTRODUCTION TO PROGRAMMING,"C S-312: INTRODUCTION TO PROGRAMMING, Section no. 51085",B+,3,Computer Science
Spring 2022,51085,C S, 312,INTRODUCTION TO PROGRAMMING,"C S-312: INTRODUCTION TO PROGRAMMING, Section no. 51085",A-,2,Computer Science
Spring 2022,51085,C S, 312,INTRODUCTION TO PROGRAMMING,"C S-312: INTRODUCTION TO PROGRAMMING, Section no. 51085",A,5,Computer Science
Spring 2022,51090,C S, 312,INTRODUCTION TO PROGRAMMING,"C S-312: INTRODUCTION TO PROGRAMMING, Section no. 51090",Other,5,Computer Science
Spring 2022,51090,C S, 312,INTRODUCTION TO PROGRAMMING,"C S-312: INTRODUCTION TO PROGRAMMING, Section no. 51090",F,2,Computer Science
Spring 2022,51090,C S, 312,INTRODUCTION TO PROGRAMMING,"C S-312: INTRODUCTION TO PROGRAMMING, Section no. 51090",C,2,Computer Science
Spring 2022,51090,C S, 312,INTRODUCTION TO PROGRAMMING,"C S-312: INTRODUCTION TO PROGRAMMING, Section no. 51090",C+,4,Computer Science
Spring 2022,51090,C S, 312,INTRODUCTION TO PROGRAMMING,"C S-312: INTRODUCTION TO PROGRAMMING, Section no. 51090",B-,2,Computer Science
Spring 2022,51090,C S, 312,INTRODUCTION TO PROGRAMMING,"C S-312: INTRODUCTION TO PROGRAMMING, Section no. 51090",B,3,Computer Science
Spring 2022,51090,C S, 312,INTRODUCTION TO PROGRAMMING,"C S-312: INTRODUCTION TO PROGRAMMING, Section no. 51090",B+,1,Computer Science
Spring 2022,51090,C S, 312,INTRODUCTION TO PROGRAMMING,"C S-312: INTRODUCTION TO PROGRAMMING, Section no. 51090",A-,1,Computer Science
Spring 2022,51090,C S, 312,INTRODUCTION TO PROGRAMMING,"C S-312: INTRODUCTION TO PROGRAMMING, Section no. 51090",A,5,Computer Science
Spring 2022,51095,C S, 312,INTRODUCTION TO PROGRAMMING,"C S-312: INTRODUCTION TO PROGRAMMING, Section no. 51095",Other,8,Computer Science
Spring 2022,51095,C S, 312,INTRODUCTION TO PROGRAMMING,"C S-312: INTRODUCTION TO PROGRAMMING, Section no. 51095",F,2,Computer Science
Spring 2022,51095,C S, 312,INTRODUCTION TO PROGRAMMING,"C S-312: INTRODUCTION TO PROGRAMMING, Section no. 51095",C,1,Computer Science
Spring 2022,51095,C S, 312,INTRODUCTION TO PROGRAMMING,"C S-312: INTRODUCTION TO PROGRAMMING, Section no. 51095",C+,1,Computer Science
Spring 2022,51095,C S, 312,INTRODUCTION TO PROGRAMMING,"C S-312: INTRODUCTION TO PROGRAMMING, Section no. 51095",B-,1,Computer Science
Spring 2022,51095,C S, 312,INTRODUCTION TO PROGRAMMING,"C S-312: INTRODUCTION TO PROGRAMMING, Section no. 51095",B,2,Computer Science
Spring 2022,51095,C S, 312,INTRODUCTION TO PROGRAMMING,"C S-312: INTRODUCTION TO PROGRAMMING, Section no. 51095",B+,3,Computer Science
Spring 2022,51095,C S, 312,INTRODUCTION TO PROGRAMMING,"C S-312: INTRODUCTION TO PROGRAMMING, Section no. 51095",A-,1,Computer Science
Spring 2022,51095,C S, 312,INTRODUCTION TO PROGRAMMING,"C S-312: INTRODUCTION TO PROGRAMMING, Section no. 51095",A,6,Computer Science
Spring 2022,51119,C S, 312,INTRODUCTION TO PROGRAMMING,"C S-312: INTRODUCTION TO PROGRAMMING, Section no. 51119",Other,5,Computer Science
Spring 2022,51119,C S, 312,INTRODUCTION TO PROGRAMMING,"C S-312: INTRODUCTION TO PROGRAMMING, Section no. 51119",F,2,Computer Science
Spring 2022,51119,C S, 312,INTRODUCTION TO PROGRAMMING,"C S-312: INTRODUCTION TO PROGRAMMING, Section no. 51119",D,1,Computer Science
Spring 2022,51119,C S, 312,INTRODUCTION TO PROGRAMMING,"C S-312: INTRODUCTION TO PROGRAMMING, Section no. 51119",C,2,Computer Science
Spring 2022,51119,C S, 312,INTRODUCTION TO PROGRAMMING,"C S-312: INTRODUCTION TO PROGRAMMING, Section no. 51119",C+,2,Computer Science
Spring 2022,51119,C S, 312,INTRODUCTION TO PROGRAMMING,"C S-312: INTRODUCTION TO PROGRAMMING, Section no. 51119",B-,1,Computer Science
Spring 2022,51119,C S, 312,INTRODUCTION TO PROGRAMMING,"C S-312: INTRODUCTION TO PROGRAMMING, Section no. 51119",B,1,Computer Science
Spring 2022,51119,C S, 312,INTRODUCTION TO PROGRAMMING,"C S-312: INTRODUCTION TO PROGRAMMING, Section no. 51119",B+,1,Computer Science
Spring 2022,51119,C S, 312,INTRODUCTION TO PROGRAMMING,"C S-312: INTRODUCTION TO PROGRAMMING, Section no. 51119",A-,2,Computer Science
Spring 2022,51119,C S, 312,INTRODUCTION TO PROGRAMMING,"C S-312: INTRODUCTION TO PROGRAMMING, Section no. 51119",A,8,Computer Science
Spring 2022,51120,C S, 313E,ELEMENTS OF SOFTWARE DESIGN,"C S-313E: ELEMENTS OF SOFTWARE DESIGN, Section no. 51120",Other,12,Computer Science
Spring 2022,51120,C S, 313E,ELEMENTS OF SOFTWARE DESIGN,"C S-313E: ELEMENTS OF SOFTWARE DESIGN, Section no. 51120",F,3,Computer Science
Spring 2022,51120,C S, 313E,ELEMENTS OF SOFTWARE DESIGN,"C S-313E: ELEMENTS OF SOFTWARE DESIGN, Section no. 51120",D,2,Computer Science
Spring 2022,51120,C S, 313E,ELEMENTS OF SOFTWARE DESIGN,"C S-313E: ELEMENTS OF SOFTWARE DESIGN, Section no. 51120",D+,2,Computer Science
Spring 2022,51120,C S, 313E,ELEMENTS OF SOFTWARE DESIGN,"C S-313E: ELEMENTS OF SOFTWARE DESIGN, Section no. 51120",C-,4,Computer Science
Spring 2022,51120,C S, 313E,ELEMENTS OF SOFTWARE DESIGN,"C S-313E: ELEMENTS OF SOFTWARE DESIGN, Section no. 51120",C,4,Computer Science
Spring 2022,51120,C S, 313E,ELEMENTS OF SOFTWARE DESIGN,"C S-313E: ELEMENTS OF SOFTWARE DESIGN, Section no. 51120",C+,3,Computer Science
Spring 2022,51120,C S, 313E,ELEMENTS OF SOFTWARE DESIGN,"C S-313E: ELEMENTS OF SOFTWARE DESIGN, Section no. 51120",B-,8,Computer Science
Spring 2022,51120,C S, 313E,ELEMENTS OF SOFTWARE DESIGN,"C S-313E: ELEMENTS OF SOFTWARE DESIGN, Section no. 51120",B,12,Computer Science
Spring 2022,51120,C S, 313E,ELEMENTS OF SOFTWARE DESIGN,"C S-313E: ELEMENTS OF SOFTWARE DESIGN, Section no. 51120",B+,9,Computer Science
Spring 2022,51120,C S, 313E,ELEMENTS OF SOFTWARE DESIGN,"C S-313E: ELEMENTS OF SOFTWARE DESIGN, Section no. 51120",A-,12,Computer Science
Spring 2022,51120,C S, 313E,ELEMENTS OF SOFTWARE DESIGN,"C S-313E: ELEMENTS OF SOFTWARE DESIGN, Section no. 51120",A,33,Computer Science
Spring 2022,51125,C S, 313E,ELEMENTS OF SOFTWARE DESIGN,"C S-313E: ELEMENTS OF SOFTWARE DESIGN, Section no. 51125",Other,10,Computer Science
Spring 2022,51125,C S, 313E,ELEMENTS OF SOFTWARE DESIGN,"C S-313E: ELEMENTS OF SOFTWARE DESIGN, Section no. 51125",D+,1,Computer Science
Spring 2022,51125,C S, 313E,ELEMENTS OF SOFTWARE DESIGN,"C S-313E: ELEMENTS OF SOFTWARE DESIGN, Section no. 51125",C-,2,Computer Science
Spring 2022,51125,C S, 313E,ELEMENTS OF SOFTWARE DESIGN,"C S-313E: ELEMENTS OF SOFTWARE DESIGN, Section no. 51125",C,3,Computer Science
Spring 2022,51125,C S, 313E,ELEMENTS OF SOFTWARE DESIGN,"C S-313E: ELEMENTS OF SOFTWARE DESIGN, Section no. 51125",B-,7,Computer Science
Spring 2022,51125,C S, 313E,ELEMENTS OF SOFTWARE DESIGN,"C S-313E: ELEMENTS OF SOFTWARE DESIGN, Section no. 51125",B,4,Computer Science
Spring 2022,51125,C S, 313E,ELEMENTS OF SOFTWARE DESIGN,"C S-313E: ELEMENTS OF SOFTWARE DESIGN, Section no. 51125",B+,9,Computer Science
Spring 2022,51125,C S, 313E,ELEMENTS OF SOFTWARE DESIGN,"C S-313E: ELEMENTS OF SOFTWARE DESIGN, Section no. 51125",A-,6,Computer Science
Spring 2022,51125,C S, 313E,ELEMENTS OF SOFTWARE DESIGN,"C S-313E: ELEMENTS OF SOFTWARE DESIGN, Section no. 51125",A,20,Computer Science
Spring 2022,51130,C S, 313E,ELEMENTS OF SOFTWARE DESIGN,"C S-313E: ELEMENTS OF SOFTWARE DESIGN, Section no. 51130",Other,17,Computer Science
Spring 2022,51130,C S, 313E,ELEMENTS OF SOFTWARE DESIGN,"C S-313E: ELEMENTS OF SOFTWARE DESIGN, Section no. 51130",F,4,Computer Science
Spring 2022,51130,C S, 313E,ELEMENTS OF SOFTWARE DESIGN,"C S-313E: ELEMENTS OF SOFTWARE DESIGN, Section no. 51130",C-,3,Computer Science
Spring 2022,51130,C S, 313E,ELEMENTS OF SOFTWARE DESIGN,"C S-313E: ELEMENTS OF SOFTWARE DESIGN, Section no. 51130",C,2,Computer Science
Spring 2022,51130,C S, 313E,ELEMENTS OF SOFTWARE DESIGN,"C S-313E: ELEMENTS OF SOFTWARE DESIGN, Section no. 51130",B-,1,Computer Science
Spring 2022,51130,C S, 313E,ELEMENTS OF SOFTWARE DESIGN,"C S-313E: ELEMENTS OF SOFTWARE DESIGN, Section no. 51130",B,2,Computer Science
Spring 2022,51130,C S, 313E,ELEMENTS OF SOFTWARE DESIGN,"C S-313E: ELEMENTS OF SOFTWARE DESIGN, Section no. 51130",B+,5,Computer Science
Spring 2022,51130,C S, 313E,ELEMENTS OF SOFTWARE DESIGN,"C S-313E: ELEMENTS OF SOFTWARE DESIGN, Section no. 51130",A,51,Computer Science
Spring 2022,51135,C S, 313E,ELEMENTS OF SOFTWARE DESIGN,"C S-313E: ELEMENTS OF SOFTWARE DESIGN, Section no. 51135",Other,12,Computer Science
Spring 2022,51135,C S, 313E,ELEMENTS OF SOFTWARE DESIGN,"C S-313E: ELEMENTS OF SOFTWARE DESIGN, Section no. 51135",F,3,Computer Science
Spring 2022,51135,C S, 313E,ELEMENTS OF SOFTWARE DESIGN,"C S-313E: ELEMENTS OF SOFTWARE DESIGN, Section no. 51135",D+,2,Computer Science
Spring 2022,51135,C S, 313E,ELEMENTS OF SOFTWARE DESIGN,"C S-313E: ELEMENTS OF SOFTWARE DESIGN, Section no. 51135",C,1,Computer Science
Spring 2022,51135,C S, 313E,ELEMENTS OF SOFTWARE DESIGN,"C S-313E: ELEMENTS OF SOFTWARE DESIGN, Section no. 51135",C+,1,Computer Science
Spring 2022,51135,C S, 313E,ELEMENTS OF SOFTWARE DESIGN,"C S-313E: ELEMENTS OF SOFTWARE DESIGN, Section no. 51135",B,6,Computer Science
Spring 2022,51135,C S, 313E,ELEMENTS OF SOFTWARE DESIGN,"C S-313E: ELEMENTS OF SOFTWARE DESIGN, Section no. 51135",B+,4,Computer Science
Spring 2022,51135,C S, 313E,ELEMENTS OF SOFTWARE DESIGN,"C S-313E: ELEMENTS OF SOFTWARE DESIGN, Section no. 51135",A-,2,Computer Science
Spring 2022,51135,C S, 313E,ELEMENTS OF SOFTWARE DESIGN,"C S-313E: ELEMENTS OF SOFTWARE DESIGN, Section no. 51135",A,85,Computer Science
Spring 2022,51140,C S, 314,DATA STRUCTURES,"C S-314: DATA STRUCTURES, Section no. 51140",Other,2,Computer Science
Spring 2022,51140,C S, 314,DATA STRUCTURES,"C S-314: DATA STRUCTURES, Section no. 51140",F,1,Computer Science
Spring 2022,51140,C S, 314,DATA STRUCTURES,"C S-314: DATA STRUCTURES, Section no. 51140",C-,1,Computer Science
Spring 2022,51140,C S, 314,DATA STRUCTURES,"C S-314: DATA STRUCTURES, Section no. 51140",C,7,Computer Science
Spring 2022,51140,C S, 314,DATA STRUCTURES,"C S-314: DATA STRUCTURES, Section no. 51140",C+,2,Computer Science
Spring 2022,51140,C S, 314,DATA STRUCTURES,"C S-314: DATA STRUCTURES, Section no. 51140",B-,2,Computer Science
Spring 2022,51140,C S, 314,DATA STRUCTURES,"C S-314: DATA STRUCTURES, Section no. 51140",B+,4,Computer Science
Spring 2022,51140,C S, 314,DATA STRUCTURES,"C S-314: DATA STRUCTURES, Section no. 51140",A-,2,Computer Science
Spring 2022,51140,C S, 314,DATA STRUCTURES,"C S-314: DATA STRUCTURES, Section no. 51140",A,5,Computer Science
Spring 2022,51145,C S, 314,DATA STRUCTURES,"C S-314: DATA STRUCTURES, Section no. 51145",Other,2,Computer Science
Spring 2022,51145,C S, 314,DATA STRUCTURES,"C S-314: DATA STRUCTURES, Section no. 51145",D-,1,Computer Science
Spring 2022,51145,C S, 314,DATA STRUCTURES,"C S-314: DATA STRUCTURES, Section no. 51145",D,1,Computer Science
Spring 2022,51145,C S, 314,DATA STRUCTURES,"C S-314: DATA STRUCTURES, Section no. 51145",C,4,Computer Science
Spring 2022,51145,C S, 314,DATA STRUCTURES,"C S-314: DATA STRUCTURES, Section no. 51145",C+,3,Computer Science
Spring 2022,51145,C S, 314,DATA STRUCTURES,"C S-314: DATA STRUCTURES, Section no. 51145",B-,1,Computer Science
Spring 2022,51145,C S, 314,DATA STRUCTURES,"C S-314: DATA STRUCTURES, Section no. 51145",B,4,Computer Science
Spring 2022,51145,C S, 314,DATA STRUCTURES,"C S-314: DATA STRUCTURES, Section no. 51145",B+,2,Computer Science
Spring 2022,51145,C S, 314,DATA STRUCTURES,"C S-314: DATA STRUCTURES, Section no. 51145",A-,2,Computer Science
Spring 2022,51145,C S, 314,DATA STRUCTURES,"C S-314: DATA STRUCTURES, Section no. 51145",A,5,Computer Science
Spring 2022,51150,C S, 314,DATA STRUCTURES,"C S-314: DATA STRUCTURES, Section no. 51150",Other,7,Computer Science
Spring 2022,51150,C S, 314,DATA STRUCTURES,"C S-314: DATA STRUCTURES, Section no. 51150",F,1,Computer Science
Spring 2022,51150,C S, 314,DATA STRUCTURES,"C S-314: DATA STRUCTURES, Section no. 51150",D,1,Computer Science
Spring 2022,51150,C S, 314,DATA STRUCTURES,"C S-314: DATA STRUCTURES, Section no. 51150",D+,2,Computer Science
Spring 2022,51150,C S, 314,DATA STRUCTURES,"C S-314: DATA STRUCTURES, Section no. 51150",C-,1,Computer Science
Spring 2022,51150,C S, 314,DATA STRUCTURES,"C S-314: DATA STRUCTURES, Section no. 51150",C,1,Computer Science
Spring 2022,51150,C S, 314,DATA STRUCTURES,"C S-314: DATA STRUCTURES, Section no. 51150",B-,3,Computer Science
Spring 2022,51150,C S, 314,DATA STRUCTURES,"C S-314: DATA STRUCTURES, Section no. 51150",B,5,Computer Science
Spring 2022,51150,C S, 314,DATA STRUCTURES,"C S-314: DATA STRUCTURES, Section no. 51150",A-,3,Computer Science
Spring 2022,51155,C S, 314,DATA STRUCTURES,"C S-314: DATA STRUCTURES, Section no. 51155",Other,4,Computer Science
Spring 2022,51155,C S, 314,DATA STRUCTURES,"C S-314: DATA STRUCTURES, Section no. 51155",D-,1,Computer Science
Spring 2022,51155,C S, 314,DATA STRUCTURES,"C S-314: DATA STRUCTURES, Section no. 51155",D,1,Computer Science
Spring 2022,51155,C S, 314,DATA STRUCTURES,"C S-314: DATA STRUCTURES, Section no. 51155",C+,2,Computer Science
Spring 2022,51155,C S, 314,DATA STRUCTURES,"C S-314: DATA STRUCTURES, Section no. 51155",B-,1,Computer Science
Spring 2022,51155,C S, 314,DATA STRUCTURES,"C S-314: DATA STRUCTURES, Section no. 51155",B,5,Computer Science
Spring 2022,51155,C S, 314,DATA STRUCTURES,"C S-314: DATA STRUCTURES, Section no. 51155",B+,4,Computer Science
Spring 2022,51155,C S, 314,DATA STRUCTURES,"C S-314: DATA STRUCTURES, Section no. 51155",A,7,Computer Science
Spring 2022,51160,C S, 314,DATA STRUCTURES,"C S-314: DATA STRUCTURES, Section no. 51160",F,1,Computer Science
Spring 2022,51160,C S, 314,DATA STRUCTURES,"C S-314: DATA STRUCTURES, Section no. 51160",D-,1,Computer Science
Spring 2022,51160,C S, 314,DATA STRUCTURES,"C S-314: DATA STRUCTURES, Section no. 51160",C,1,Computer Science
Spring 2022,51160,C S, 314,DATA STRUCTURES,"C S-314: DATA STRUCTURES, Section no. 51160",C+,5,Computer Science
Spring 2022,51160,C S, 314,DATA STRUCTURES,"C S-314: DATA STRUCTURES, Section no. 51160",B-,3,Computer Science
Spring 2022,51160,C S, 314,DATA STRUCTURES,"C S-314: DATA STRUCTURES, Section no. 51160",B,4,Computer Science
Spring 2022,51160,C S, 314,DATA STRUCTURES,"C S-314: DATA STRUCTURES, Section no. 51160",B+,3,Computer Science
Spring 2022,51160,C S, 314,DATA STRUCTURES,"C S-314: DATA STRUCTURES, Section no. 51160",A-,1,Computer Science
Spring 2022,51160,C S, 314,DATA STRUCTURES,"C S-314: DATA STRUCTURES, Section no. 51160",A,6,Computer Science
Spring 2022,51165,C S, 314,DATA STRUCTURES,"C S-314: DATA STRUCTURES, Section no. 51165",Other,3,Computer Science
Spring 2022,51165,C S, 314,DATA STRUCTURES,"C S-314: DATA STRUCTURES, Section no. 51165",D,1,Computer Science
Spring 2022,51165,C S, 314,DATA STRUCTURES,"C S-314: DATA STRUCTURES, Section no. 51165",C-,1,Computer Science
Spring 2022,51165,C S, 314,DATA STRUCTURES,"C S-314: DATA STRUCTURES, Section no. 51165",C,3,Computer Science
Spring 2022,51165,C S, 314,DATA STRUCTURES,"C S-314: DATA STRUCTURES, Section no. 51165",C+,3,Computer Science
Spring 2022,51165,C S, 314,DATA STRUCTURES,"C S-314: DATA STRUCTURES, Section no. 51165",B-,2,Computer Science
Spring 2022,51165,C S, 314,DATA STRUCTURES,"C S-314: DATA STRUCTURES, Section no. 51165",B,6,Computer Science
Spring 2022,51165,C S, 314,DATA STRUCTURES,"C S-314: DATA STRUCTURES, Section no. 51165",B+,3,Computer Science
Spring 2022,51165,C S, 314,DATA STRUCTURES,"C S-314: DATA STRUCTURES, Section no. 51165",A-,3,Computer Science
Spring 2022,51170,C S, 314,DATA STRUCTURES,"C S-314: DATA STRUCTURES, Section no. 51170",F,1,Computer Science
Spring 2022,51170,C S, 314,DATA STRUCTURES,"C S-314: DATA STRUCTURES, Section no. 51170",D+,1,Computer Science
Spring 2022,51170,C S, 314,DATA STRUCTURES,"C S-314: DATA STRUCTURES, Section no. 51170",C-,2,Computer Science
Spring 2022,51170,C S, 314,DATA STRUCTURES,"C S-314: DATA STRUCTURES, Section no. 51170",C,1,Computer Science
Spring 2022,51170,C S, 314,DATA STRUCTURES,"C S-314: DATA STRUCTURES, Section no. 51170",C+,1,Computer Science
Spring 2022,51170,C S, 314,DATA STRUCTURES,"C S-314: DATA STRUCTURES, Section no. 51170",B-,5,Computer Science
Spring 2022,51170,C S, 314,DATA STRUCTURES,"C S-314: DATA STRUCTURES, Section no. 51170",B,6,Computer Science
Spring 2022,51170,C S, 314,DATA STRUCTURES,"C S-314: DATA STRUCTURES, Section no. 51170",B+,4,Computer Science
Spring 2022,51170,C S, 314,DATA STRUCTURES,"C S-314: DATA STRUCTURES, Section no. 51170",A,4,Computer Science
Spring 2022,51175,C S, 314,DATA STRUCTURES,"C S-314: DATA STRUCTURES, Section no. 51175",Other,5,Computer Science
Spring 2022,51175,C S, 314,DATA STRUCTURES,"C S-314: DATA STRUCTURES, Section no. 51175",D,2,Computer Science
Spring 2022,51175,C S, 314,DATA STRUCTURES,"C S-314: DATA STRUCTURES, Section no. 51175",D+,2,Computer Science
Spring 2022,51175,C S, 314,DATA STRUCTURES,"C S-314: DATA STRUCTURES, Section no. 51175",C-,2,Computer Science
Spring 2022,51175,C S, 314,DATA STRUCTURES,"C S-314: DATA STRUCTURES, Section no. 51175",B-,1,Computer Science
Spring 2022,51175,C S, 314,DATA STRUCTURES,"C S-314: DATA STRUCTURES, Section no. 51175",B,6,Computer Science
Spring 2022,51175,C S, 314,DATA STRUCTURES,"C S-314: DATA STRUCTURES, Section no. 51175",B+,1,Computer Science
Spring 2022,51175,C S, 314,DATA STRUCTURES,"C S-314: DATA STRUCTURES, Section no. 51175",A-,2,Computer Science
Spring 2022,51175,C S, 314,DATA STRUCTURES,"C S-314: DATA STRUCTURES, Section no. 51175",A,3,Computer Science
Spring 2022,51180,C S, 314,DATA STRUCTURES,"C S-314: DATA STRUCTURES, Section no. 51180",Other,3,Computer Science
Spring 2022,51180,C S, 314,DATA STRUCTURES,"C S-314: DATA STRUCTURES, Section no. 51180",C,2,Computer Science
Spring 2022,51180,C S, 314,DATA STRUCTURES,"C S-314: DATA STRUCTURES, Section no. 51180",C+,2,Computer Science
Spring 2022,51180,C S, 314,DATA STRUCTURES,"C S-314: DATA STRUCTURES, Section no. 51180",B-,2,Computer Science
Spring 2022,51180,C S, 314,DATA STRUCTURES,"C S-314: DATA STRUCTURES, Section no. 51180",B,7,Computer Science
Spring 2022,51180,C S, 314,DATA STRUCTURES,"C S-314: DATA STRUCTURES, Section no. 51180",B+,1,Computer Science
Spring 2022,51180,C S, 314,DATA STRUCTURES,"C S-314: DATA STRUCTURES, Section no. 51180",A-,2,Computer Science
Spring 2022,51180,C S, 314,DATA STRUCTURES,"C S-314: DATA STRUCTURES, Section no. 51180",A,6,Computer Science
Spring 2022,51185,C S, 314,DATA STRUCTURES,"C S-314: DATA STRUCTURES, Section no. 51185",Other,2,Computer Science
Spring 2022,51185,C S, 314,DATA STRUCTURES,"C S-314: DATA STRUCTURES, Section no. 51185",F,2,Computer Science
Spring 2022,51185,C S, 314,DATA STRUCTURES,"C S-314: DATA STRUCTURES, Section no. 51185",D-,1,Computer Science
Spring 2022,51185,C S, 314,DATA STRUCTURES,"C S-314: DATA STRUCTURES, Section no. 51185",C,1,Computer Science
Spring 2022,51185,C S, 314,DATA STRUCTURES,"C S-314: DATA STRUCTURES, Section no. 51185",B-,3,Computer Science
Spring 2022,51185,C S, 314,DATA STRUCTURES,"C S-314: DATA STRUCTURES, Section no. 51185",B,6,Computer Science
Spring 2022,51185,C S, 314,DATA STRUCTURES,"C S-314: DATA STRUCTURES, Section no. 51185",B+,1,Computer Science
Spring 2022,51185,C S, 314,DATA STRUCTURES,"C S-314: DATA STRUCTURES, Section no. 51185",A-,2,Computer Science
Spring 2022,51185,C S, 314,DATA STRUCTURES,"C S-314: DATA STRUCTURES, Section no. 51185",A,4,Computer Science
Spring 2022,51190,C S, 323E,ELEMENTS OF SCIENTIF COMPUTING,"C S-323E: ELEMENTS OF SCIENTIF COMPUTING, Section no. 51190",Other,8,Computer Science
Spring 2022,51190,C S, 323E,ELEMENTS OF SCIENTIF COMPUTING,"C S-323E: ELEMENTS OF SCIENTIF COMPUTING, Section no. 51190",F,1,Computer Science
Spring 2022,51190,C S, 323E,ELEMENTS OF SCIENTIF COMPUTING,"C S-323E: ELEMENTS OF SCIENTIF COMPUTING, Section no. 51190",C-,1,Computer Science
Spring 2022,51190,C S, 323E,ELEMENTS OF SCIENTIF COMPUTING,"C S-323E: ELEMENTS OF SCIENTIF COMPUTING, Section no. 51190",B-,1,Computer Science
Spring 2022,51190,C S, 323E,ELEMENTS OF SCIENTIF COMPUTING,"C S-323E: ELEMENTS OF SCIENTIF COMPUTING, Section no. 51190",B,2,Computer Science
Spring 2022,51190,C S, 323E,ELEMENTS OF SCIENTIF COMPUTING,"C S-323E: ELEMENTS OF SCIENTIF COMPUTING, Section no. 51190",B+,3,Computer Science
Spring 2022,51190,C S, 323E,ELEMENTS OF SCIENTIF COMPUTING,"C S-323E: ELEMENTS OF SCIENTIF COMPUTING, Section no. 51190",A-,6,Computer Science
Spring 2022,51190,C S, 323E,ELEMENTS OF SCIENTIF COMPUTING,"C S-323E: ELEMENTS OF SCIENTIF COMPUTING, Section no. 51190",A,27,Computer Science
Spring 2022,51203,C S, 324E,ELEM OF GRAPHICS/VISUALIZATN,"C S-324E: ELEM OF GRAPHICS/VISUALIZATN, Section no. 51203",Other,1,Computer Science
Spring 2022,51203,C S, 324E,ELEM OF GRAPHICS/VISUALIZATN,"C S-324E: ELEM OF GRAPHICS/VISUALIZATN, Section no. 51203",F,2,Computer Science
Spring 2022,51203,C S, 324E,ELEM OF GRAPHICS/VISUALIZATN,"C S-324E: ELEM OF GRAPHICS/VISUALIZATN, Section no. 51203",D+,1,Computer Science
Spring 2022,51203,C S, 324E,ELEM OF GRAPHICS/VISUALIZATN,"C S-324E: ELEM OF GRAPHICS/VISUALIZATN, Section no. 51203",B-,1,Computer Science
Spring 2022,51203,C S, 324E,ELEM OF GRAPHICS/VISUALIZATN,"C S-324E: ELEM OF GRAPHICS/VISUALIZATN, Section no. 51203",B,1,Computer Science
Spring 2022,51203,C S, 324E,ELEM OF GRAPHICS/VISUALIZATN,"C S-324E: ELEM OF GRAPHICS/VISUALIZATN, Section no. 51203",B+,6,Computer Science
Spring 2022,51203,C S, 324E,ELEM OF GRAPHICS/VISUALIZATN,"C S-324E: ELEM OF GRAPHICS/VISUALIZATN, Section no. 51203",A-,4,Computer Science
Spring 2022,51203,C S, 324E,ELEM OF GRAPHICS/VISUALIZATN,"C S-324E: ELEM OF GRAPHICS/VISUALIZATN, Section no. 51203",A,42,Computer Science
Spring 2022,51204,C S, 324E,ELEM OF GRAPHICS/VISUALIZATN,"C S-324E: ELEM OF GRAPHICS/VISUALIZATN, Section no. 51204",Other,1,Computer Science
Spring 2022,51204,C S, 324E,ELEM OF GRAPHICS/VISUALIZATN,"C S-324E: ELEM OF GRAPHICS/VISUALIZATN, Section no. 51204",F,2,Computer Science
Spring 2022,51204,C S, 324E,ELEM OF GRAPHICS/VISUALIZATN,"C S-324E: ELEM OF GRAPHICS/VISUALIZATN, Section no. 51204",B-,2,Computer Science
Spring 2022,51204,C S, 324E,ELEM OF GRAPHICS/VISUALIZATN,"C S-324E: ELEM OF GRAPHICS/VISUALIZATN, Section no. 51204",B+,2,Computer Science
Spring 2022,51204,C S, 324E,ELEM OF GRAPHICS/VISUALIZATN,"C S-324E: ELEM OF GRAPHICS/VISUALIZATN, Section no. 51204",A,52,Computer Science
Spring 2022,51210,C S, 327E,ELEMENTS OF DATABASES,"C S-327E: ELEMENTS OF DATABASES, Section no. 51210",Other,4,Computer Science
Spring 2022,51210,C S, 327E,ELEMENTS OF DATABASES,"C S-327E: ELEMENTS OF DATABASES, Section no. 51210",D-,1,Computer Science
Spring 2022,51210,C S, 327E,ELEMENTS OF DATABASES,"C S-327E: ELEMENTS OF DATABASES, Section no. 51210",D+,1,Computer Science
Spring 2022,51210,C S, 327E,ELEMENTS OF DATABASES,"C S-327E: ELEMENTS OF DATABASES, Section no. 51210",C+,2,Computer Science
Spring 2022,51210,C S, 327E,ELEMENTS OF DATABASES,"C S-327E: ELEMENTS OF DATABASES, Section no. 51210",B-,2,Computer Science
Spring 2022,51210,C S, 327E,ELEMENTS OF DATABASES,"C S-327E: ELEMENTS OF DATABASES, Section no. 51210",B,8,Computer Science
Spring 2022,51210,C S, 327E,ELEMENTS OF DATABASES,"C S-327E: ELEMENTS OF DATABASES, Section no. 51210",B+,5,Computer Science
Spring 2022,51210,C S, 327E,ELEMENTS OF DATABASES,"C S-327E: ELEMENTS OF DATABASES, Section no. 51210",A-,22,Computer Science
Spring 2022,51210,C S, 327E,ELEMENTS OF DATABASES,"C S-327E: ELEMENTS OF DATABASES, Section no. 51210",A,30,Computer Science
Spring 2022,51215,C S, 429,COMP ORGANIZATN AND ARCH,"C S-429: COMP ORGANIZATN AND ARCH, Section no. 51215",Other,1,Computer Science
Spring 2022,51215,C S, 429,COMP ORGANIZATN AND ARCH,"C S-429: COMP ORGANIZATN AND ARCH, Section no. 51215",D,1,Computer Science
Spring 2022,51215,C S, 429,COMP ORGANIZATN AND ARCH,"C S-429: COMP ORGANIZATN AND ARCH, Section no. 51215",D+,1,Computer Science
Spring 2022,51215,C S, 429,COMP ORGANIZATN AND ARCH,"C S-429: COMP ORGANIZATN AND ARCH, Section no. 51215",C,1,Computer Science
Spring 2022,51215,C S, 429,COMP ORGANIZATN AND ARCH,"C S-429: COMP ORGANIZATN AND ARCH, Section no. 51215",B-,1,Computer Science
Spring 2022,51215,C S, 429,COMP ORGANIZATN AND ARCH,"C S-429: COMP ORGANIZATN AND ARCH, Section no. 51215",B,10,Computer Science
Spring 2022,51215,C S, 429,COMP ORGANIZATN AND ARCH,"C S-429: COMP ORGANIZATN AND ARCH, Section no. 51215",B+,3,Computer Science
Spring 2022,51215,C S, 429,COMP ORGANIZATN AND ARCH,"C S-429: COMP ORGANIZATN AND ARCH, Section no. 51215",A-,11,Computer Science
Spring 2022,51215,C S, 429,COMP ORGANIZATN AND ARCH,"C S-429: COMP ORGANIZATN AND ARCH, Section no. 51215",A,21,Computer Science
Spring 2022,51220,C S, 429,COMP ORGANIZATN AND ARCH,"C S-429: COMP ORGANIZATN AND ARCH, Section no. 51220",Other,1,Computer Science
Spring 2022,51220,C S, 429,COMP ORGANIZATN AND ARCH,"C S-429: COMP ORGANIZATN AND ARCH, Section no. 51220",C,1,Computer Science
Spring 2022,51220,C S, 429,COMP ORGANIZATN AND ARCH,"C S-429: COMP ORGANIZATN AND ARCH, Section no. 51220",C+,1,Computer Science
Spring 2022,51220,C S, 429,COMP ORGANIZATN AND ARCH,"C S-429: COMP ORGANIZATN AND ARCH, Section no. 51220",B,6,Computer Science
Spring 2022,51220,C S, 429,COMP ORGANIZATN AND ARCH,"C S-429: COMP ORGANIZATN AND ARCH, Section no. 51220",B+,4,Computer Science
Spring 2022,51220,C S, 429,COMP ORGANIZATN AND ARCH,"C S-429: COMP ORGANIZATN AND ARCH, Section no. 51220",A-,4,Computer Science
Spring 2022,51220,C S, 429,COMP ORGANIZATN AND ARCH,"C S-429: COMP ORGANIZATN AND ARCH, Section no. 51220",A,33,Computer Science
Spring 2022,51225,C S, 429,COMP ORGANIZATN AND ARCH,"C S-429: COMP ORGANIZATN AND ARCH, Section no. 51225",Other,1,Computer Science
Spring 2022,51225,C S, 429,COMP ORGANIZATN AND ARCH,"C S-429: COMP ORGANIZATN AND ARCH, Section no. 51225",D,3,Computer Science
Spring 2022,51225,C S, 429,COMP ORGANIZATN AND ARCH,"C S-429: COMP ORGANIZATN AND ARCH, Section no. 51225",C,4,Computer Science
Spring 2022,51225,C S, 429,COMP ORGANIZATN AND ARCH,"C S-429: COMP ORGANIZATN AND ARCH, Section no. 51225",C+,1,Computer Science
Spring 2022,51225,C S, 429,COMP ORGANIZATN AND ARCH,"C S-429: COMP ORGANIZATN AND ARCH, Section no. 51225",B-,2,Computer Science
Spring 2022,51225,C S, 429,COMP ORGANIZATN AND ARCH,"C S-429: COMP ORGANIZATN AND ARCH, Section no. 51225",B,12,Computer Science
Spring 2022,51225,C S, 429,COMP ORGANIZATN AND ARCH,"C S-429: COMP ORGANIZATN AND ARCH, Section no. 51225",B+,3,Computer Science
Spring 2022,51225,C S, 429,COMP ORGANIZATN AND ARCH,"C S-429: COMP ORGANIZATN AND ARCH, Section no. 51225",A-,5,Computer Science
Spring 2022,51225,C S, 429,COMP ORGANIZATN AND ARCH,"C S-429: COMP ORGANIZATN AND ARCH, Section no. 51225",A,15,Computer Science
Spring 2022,51230,C S, 429,COMP ORGANIZATN AND ARCH,"C S-429: COMP ORGANIZATN AND ARCH, Section no. 51230",Other,1,Computer Science
Spring 2022,51230,C S, 429,COMP ORGANIZATN AND ARCH,"C S-429: COMP ORGANIZATN AND ARCH, Section no. 51230",C-,2,Computer Science
Spring 2022,51230,C S, 429,COMP ORGANIZATN AND ARCH,"C S-429: COMP ORGANIZATN AND ARCH, Section no. 51230",C,1,Computer Science
Spring 2022,51230,C S, 429,COMP ORGANIZATN AND ARCH,"C S-429: COMP ORGANIZATN AND ARCH, Section no. 51230",C+,1,Computer Science
Spring 2022,51230,C S, 429,COMP ORGANIZATN AND ARCH,"C S-429: COMP ORGANIZATN AND ARCH, Section no. 51230",B,8,Computer Science
Spring 2022,51230,C S, 429,COMP ORGANIZATN AND ARCH,"C S-429: COMP ORGANIZATN AND ARCH, Section no. 51230",B+,3,Computer Science
Spring 2022,51230,C S, 429,COMP ORGANIZATN AND ARCH,"C S-429: COMP ORGANIZATN AND ARCH, Section no. 51230",A-,4,Computer Science
Spring 2022,51230,C S, 429,COMP ORGANIZATN AND ARCH,"C S-429: COMP ORGANIZATN AND ARCH, Section no. 51230",A,19,Computer Science
Spring 2022,51235,C S, 429,COMP ORGANIZATN AND ARCH,"C S-429: COMP ORGANIZATN AND ARCH, Section no. 51235",Other,3,Computer Science
Spring 2022,51235,C S, 429,COMP ORGANIZATN AND ARCH,"C S-429: COMP ORGANIZATN AND ARCH, Section no. 51235",F,1,Computer Science
Spring 2022,51235,C S, 429,COMP ORGANIZATN AND ARCH,"C S-429: COMP ORGANIZATN AND ARCH, Section no. 51235",D,2,Computer Science
Spring 2022,51235,C S, 429,COMP ORGANIZATN AND ARCH,"C S-429: COMP ORGANIZATN AND ARCH, Section no. 51235",C-,2,Computer Science
Spring 2022,51235,C S, 429,COMP ORGANIZATN AND ARCH,"C S-429: COMP ORGANIZATN AND ARCH, Section no. 51235",C,2,Computer Science
Spring 2022,51235,C S, 429,COMP ORGANIZATN AND ARCH,"C S-429: COMP ORGANIZATN AND ARCH, Section no. 51235",C+,1,Computer Science
Spring 2022,51235,C S, 429,COMP ORGANIZATN AND ARCH,"C S-429: COMP ORGANIZATN AND ARCH, Section no. 51235",B-,2,Computer Science
Spring 2022,51235,C S, 429,COMP ORGANIZATN AND ARCH,"C S-429: COMP ORGANIZATN AND ARCH, Section no. 51235",B,9,Computer Science
Spring 2022,51235,C S, 429,COMP ORGANIZATN AND ARCH,"C S-429: COMP ORGANIZATN AND ARCH, Section no. 51235",B+,2,Computer Science
Spring 2022,51235,C S, 429,COMP ORGANIZATN AND ARCH,"C S-429: COMP ORGANIZATN AND ARCH, Section no. 51235",A-,4,Computer Science
Spring 2022,51235,C S, 429,COMP ORGANIZATN AND ARCH,"C S-429: COMP ORGANIZATN AND ARCH, Section no. 51235",A,11,Computer Science
Spring 2022,51240,C S, 429,COMP ORGANIZATN AND ARCH,"C S-429: COMP ORGANIZATN AND ARCH, Section no. 51240",Other,1,Computer Science
Spring 2022,51240,C S, 429,COMP ORGANIZATN AND ARCH,"C S-429: COMP ORGANIZATN AND ARCH, Section no. 51240",F,1,Computer Science
Spring 2022,51240,C S, 429,COMP ORGANIZATN AND ARCH,"C S-429: COMP ORGANIZATN AND ARCH, Section no. 51240",C,2,Computer Science
Spring 2022,51240,C S, 429,COMP ORGANIZATN AND ARCH,"C S-429: COMP ORGANIZATN AND ARCH, Section no. 51240",C+,2,Computer Science
Spring 2022,51240,C S, 429,COMP ORGANIZATN AND ARCH,"C S-429: COMP ORGANIZATN AND ARCH, Section no. 51240",B-,1,Computer Science
Spring 2022,51240,C S, 429,COMP ORGANIZATN AND ARCH,"C S-429: COMP ORGANIZATN AND ARCH, Section no. 51240",B,8,Computer Science
Spring 2022,51240,C S, 429,COMP ORGANIZATN AND ARCH,"C S-429: COMP ORGANIZATN AND ARCH, Section no. 51240",B+,5,Computer Science
Spring 2022,51240,C S, 429,COMP ORGANIZATN AND ARCH,"C S-429: COMP ORGANIZATN AND ARCH, Section no. 51240",A-,7,Computer Science
Spring 2022,51240,C S, 429,COMP ORGANIZATN AND ARCH,"C S-429: COMP ORGANIZATN AND ARCH, Section no. 51240",A,23,Computer Science
Spring 2022,51245,C S, 329E,ELEMENTS OF DATA ANALYTICS,"C S-329E: ELEMENTS OF DATA ANALYTICS, Section no. 51245",Other,4,Computer Science
Spring 2022,51245,C S, 329E,ELEMENTS OF DATA ANALYTICS,"C S-329E: ELEMENTS OF DATA ANALYTICS, Section no. 51245",F,3,Computer Science
Spring 2022,51245,C S, 329E,ELEMENTS OF DATA ANALYTICS,"C S-329E: ELEMENTS OF DATA ANALYTICS, Section no. 51245",C,1,Computer Science
Spring 2022,51245,C S, 329E,ELEMENTS OF DATA ANALYTICS,"C S-329E: ELEMENTS OF DATA ANALYTICS, Section no. 51245",C+,1,Computer Science
Spring 2022,51245,C S, 329E,ELEMENTS OF DATA ANALYTICS,"C S-329E: ELEMENTS OF DATA ANALYTICS, Section no. 51245",B-,2,Computer Science
Spring 2022,51245,C S, 329E,ELEMENTS OF DATA ANALYTICS,"C S-329E: ELEMENTS OF DATA ANALYTICS, Section no. 51245",B,5,Computer Science
Spring 2022,51245,C S, 329E,ELEMENTS OF DATA ANALYTICS,"C S-329E: ELEMENTS OF DATA ANALYTICS, Section no. 51245",B+,4,Computer Science
Spring 2022,51245,C S, 329E,ELEMENTS OF DATA ANALYTICS,"C S-329E: ELEMENTS OF DATA ANALYTICS, Section no. 51245",A-,6,Computer Science
Spring 2022,51245,C S, 329E,ELEMENTS OF DATA ANALYTICS,"C S-329E: ELEMENTS OF DATA ANALYTICS, Section no. 51245",A,26,Computer Science
Spring 2022,51255,C S, 329E,ELEMENTS OF DATA VISUALIZATION,"C S-329E: ELEMENTS OF DATA VISUALIZATION, Section no. 51255",D,1,Computer Science
Spring 2022,51255,C S, 329E,ELEMENTS OF DATA VISUALIZATION,"C S-329E: ELEMENTS OF DATA VISUALIZATION, Section no. 51255",C-,4,Computer Science
Spring 2022,51255,C S, 329E,ELEMENTS OF DATA VISUALIZATION,"C S-329E: ELEMENTS OF DATA VISUALIZATION, Section no. 51255",C,1,Computer Science
Spring 2022,51255,C S, 329E,ELEMENTS OF DATA VISUALIZATION,"C S-329E: ELEMENTS OF DATA VISUALIZATION, Section no. 51255",C+,3,Computer Science
Spring 2022,51255,C S, 329E,ELEMENTS OF DATA VISUALIZATION,"C S-329E: ELEMENTS OF DATA VISUALIZATION, Section no. 51255",B-,2,Computer Science
Spring 2022,51255,C S, 329E,ELEMENTS OF DATA VISUALIZATION,"C S-329E: ELEMENTS OF DATA VISUALIZATION, Section no. 51255",B,2,Computer Science
Spring 2022,51255,C S, 329E,ELEMENTS OF DATA VISUALIZATION,"C S-329E: ELEMENTS OF DATA VISUALIZATION, Section no. 51255",B+,3,Computer Science
Spring 2022,51255,C S, 329E,ELEMENTS OF DATA VISUALIZATION,"C S-329E: ELEMENTS OF DATA VISUALIZATION, Section no. 51255",A-,16,Computer Science
Spring 2022,51255,C S, 329E,ELEMENTS OF DATA VISUALIZATION,"C S-329E: ELEMENTS OF DATA VISUALIZATION, Section no. 51255",A,25,Computer Science
Spring 2022,51260,C S, 329E,ELEMENTS OF DATA VISUALIZATION,"C S-329E: ELEMENTS OF DATA VISUALIZATION, Section no. 51260",Other,2,Computer Science
Spring 2022,51260,C S, 329E,ELEMENTS OF DATA VISUALIZATION,"C S-329E: ELEMENTS OF DATA VISUALIZATION, Section no. 51260",C-,2,Computer Science
Spring 2022,51260,C S, 329E,ELEMENTS OF DATA VISUALIZATION,"C S-329E: ELEMENTS OF DATA VISUALIZATION, Section no. 51260",C,1,Computer Science
Spring 2022,51260,C S, 329E,ELEMENTS OF DATA VISUALIZATION,"C S-329E: ELEMENTS OF DATA VISUALIZATION, Section no. 51260",C+,1,Computer Science
Spring 2022,51260,C S, 329E,ELEMENTS OF DATA VISUALIZATION,"C S-329E: ELEMENTS OF DATA VISUALIZATION, Section no. 51260",B-,9,Computer Science
Spring 2022,51260,C S, 329E,ELEMENTS OF DATA VISUALIZATION,"C S-329E: ELEMENTS OF DATA VISUALIZATION, Section no. 51260",B,1,Computer Science
Spring 2022,51260,C S, 329E,ELEMENTS OF DATA VISUALIZATION,"C S-329E: ELEMENTS OF DATA VISUALIZATION, Section no. 51260",B+,6,Computer Science
Spring 2022,51260,C S, 329E,ELEMENTS OF DATA VISUALIZATION,"C S-329E: ELEMENTS OF DATA VISUALIZATION, Section no. 51260",A-,16,Computer Science
Spring 2022,51260,C S, 329E,ELEMENTS OF DATA VISUALIZATION,"C S-329E: ELEMENTS OF DATA VISUALIZATION, Section no. 51260",A,23,Computer Science
Spring 2022,51265,C S, 329E,ELEMENTS OF GAME DEVELOPMENT,"C S-329E: ELEMENTS OF GAME DEVELOPMENT, Section no. 51265",Other,2,Computer Science
Spring 2022,51265,C S, 329E,ELEMENTS OF GAME DEVELOPMENT,"C S-329E: ELEMENTS OF GAME DEVELOPMENT, Section no. 51265",F,2,Computer Science
Spring 2022,51265,C S, 329E,ELEMENTS OF GAME DEVELOPMENT,"C S-329E: ELEMENTS OF GAME DEVELOPMENT, Section no. 51265",B-,4,Computer Science
Spring 2022,51265,C S, 329E,ELEMENTS OF GAME DEVELOPMENT,"C S-329E: ELEMENTS OF GAME DEVELOPMENT, Section no. 51265",B+,2,Computer Science
Spring 2022,51265,C S, 329E,ELEMENTS OF GAME DEVELOPMENT,"C S-329E: ELEMENTS OF GAME DEVELOPMENT, Section no. 51265",A-,6,Computer Science
Spring 2022,51265,C S, 329E,ELEMENTS OF GAME DEVELOPMENT,"C S-329E: ELEMENTS OF GAME DEVELOPMENT, Section no. 51265",A,24,Computer Science
Spring 2022,51270,C S, 329E,ELEMENTS OF MOBILE COMPUTING,"C S-329E: ELEMENTS OF MOBILE COMPUTING, Section no. 51270",Other,3,Computer Science
Spring 2022,51270,C S, 329E,ELEMENTS OF MOBILE COMPUTING,"C S-329E: ELEMENTS OF MOBILE COMPUTING, Section no. 51270",C,1,Computer Science
Spring 2022,51270,C S, 329E,ELEMENTS OF MOBILE COMPUTING,"C S-329E: ELEMENTS OF MOBILE COMPUTING, Section no. 51270",C+,1,Computer Science
Spring 2022,51270,C S, 329E,ELEMENTS OF MOBILE COMPUTING,"C S-329E: ELEMENTS OF MOBILE COMPUTING, Section no. 51270",B-,2,Computer Science
Spring 2022,51270,C S, 329E,ELEMENTS OF MOBILE COMPUTING,"C S-329E: ELEMENTS OF MOBILE COMPUTING, Section no. 51270",B+,1,Computer Science
Spring 2022,51270,C S, 329E,ELEMENTS OF MOBILE COMPUTING,"C S-329E: ELEMENTS OF MOBILE COMPUTING, Section no. 51270",A-,2,Computer Science
Spring 2022,51270,C S, 329E,ELEMENTS OF MOBILE COMPUTING,"C S-329E: ELEMENTS OF MOBILE COMPUTING, Section no. 51270",A,24,Computer Science
Spring 2022,51275,C S, 329E,ELEMENTS OF MOBILE COMPUTING,"C S-329E: ELEMENTS OF MOBILE COMPUTING, Section no. 51275",Other,1,Computer Science
Spring 2022,51275,C S, 329E,ELEMENTS OF MOBILE COMPUTING,"C S-329E: ELEMENTS OF MOBILE COMPUTING, Section no. 51275",C,1,Computer Science
Spring 2022,51275,C S, 329E,ELEMENTS OF MOBILE COMPUTING,"C S-329E: ELEMENTS OF MOBILE COMPUTING, Section no. 51275",C+,1,Computer Science
Spring 2022,51275,C S, 329E,ELEMENTS OF MOBILE COMPUTING,"C S-329E: ELEMENTS OF MOBILE COMPUTING, Section no. 51275",A-,7,Computer Science
Spring 2022,51275,C S, 329E,ELEMENTS OF MOBILE COMPUTING,"C S-329E: ELEMENTS OF MOBILE COMPUTING, Section no. 51275",A,31,Computer Science
Spring 2022,51280,C S, 329E,ELEMENTS OF WEB PROGRAMMING,"C S-329E: ELEMENTS OF WEB PROGRAMMING, Section no. 51280",Other,2,Computer Science
Spring 2022,51280,C S, 329E,ELEMENTS OF WEB PROGRAMMING,"C S-329E: ELEMENTS OF WEB PROGRAMMING, Section no. 51280",B-,4,Computer Science
Spring 2022,51280,C S, 329E,ELEMENTS OF WEB PROGRAMMING,"C S-329E: ELEMENTS OF WEB PROGRAMMING, Section no. 51280",B,2,Computer Science
Spring 2022,51280,C S, 329E,ELEMENTS OF WEB PROGRAMMING,"C S-329E: ELEMENTS OF WEB PROGRAMMING, Section no. 51280",B+,6,Computer Science
Spring 2022,51280,C S, 329E,ELEMENTS OF WEB PROGRAMMING,"C S-329E: ELEMENTS OF WEB PROGRAMMING, Section no. 51280",A-,6,Computer Science
Spring 2022,51280,C S, 329E,ELEMENTS OF WEB PROGRAMMING,"C S-329E: ELEMENTS OF WEB PROGRAMMING, Section no. 51280",A,39,Computer Science
Spring 2022,51285,C S, 329E,ELEMENTS OF WEB PROGRAMMING,"C S-329E: ELEMENTS OF WEB PROGRAMMING, Section no. 51285",Other,1,Computer Science
Spring 2022,51285,C S, 329E,ELEMENTS OF WEB PROGRAMMING,"C S-329E: ELEMENTS OF WEB PROGRAMMING, Section no. 51285",C-,2,Computer Science
Spring 2022,51285,C S, 329E,ELEMENTS OF WEB PROGRAMMING,"C S-329E: ELEMENTS OF WEB PROGRAMMING, Section no. 51285",C+,4,Computer Science
Spring 2022,51285,C S, 329E,ELEMENTS OF WEB PROGRAMMING,"C S-329E: ELEMENTS OF WEB PROGRAMMING, Section no. 51285",B-,1,Computer Science
Spring 2022,51285,C S, 329E,ELEMENTS OF WEB PROGRAMMING,"C S-329E: ELEMENTS OF WEB PROGRAMMING, Section no. 51285",B,4,Computer Science
Spring 2022,51285,C S, 329E,ELEMENTS OF WEB PROGRAMMING,"C S-329E: ELEMENTS OF WEB PROGRAMMING, Section no. 51285",B+,4,Computer Science
Spring 2022,51285,C S, 329E,ELEMENTS OF WEB PROGRAMMING,"C S-329E: ELEMENTS OF WEB PROGRAMMING, Section no. 51285",A-,6,Computer Science
Spring 2022,51285,C S, 329E,ELEMENTS OF WEB PROGRAMMING,"C S-329E: ELEMENTS OF WEB PROGRAMMING, Section no. 51285",A,39,Computer Science
Spring 2022,51290,C S, 429H,COMP ORGANIZATN & ARCH: HONORS,"C S-429H: COMP ORGANIZATN & ARCH: HONORS, Section no. 51290",F,2,Computer Science
Spring 2022,51290,C S, 429H,COMP ORGANIZATN & ARCH: HONORS,"C S-429H: COMP ORGANIZATN & ARCH: HONORS, Section no. 51290",C-,3,Computer Science
Spring 2022,51290,C S, 429H,COMP ORGANIZATN & ARCH: HONORS,"C S-429H: COMP ORGANIZATN & ARCH: HONORS, Section no. 51290",C,1,Computer Science
Spring 2022,51290,C S, 429H,COMP ORGANIZATN & ARCH: HONORS,"C S-429H: COMP ORGANIZATN & ARCH: HONORS, Section no. 51290",C+,4,Computer Science
Spring 2022,51290,C S, 429H,COMP ORGANIZATN & ARCH: HONORS,"C S-429H: COMP ORGANIZATN & ARCH: HONORS, Section no. 51290",B-,11,Computer Science
Spring 2022,51290,C S, 429H,COMP ORGANIZATN & ARCH: HONORS,"C S-429H: COMP ORGANIZATN & ARCH: HONORS, Section no. 51290",B,6,Computer Science
Spring 2022,51290,C S, 429H,COMP ORGANIZATN & ARCH: HONORS,"C S-429H: COMP ORGANIZATN & ARCH: HONORS, Section no. 51290",B+,10,Computer Science
Spring 2022,51290,C S, 429H,COMP ORGANIZATN & ARCH: HONORS,"C S-429H: COMP ORGANIZATN & ARCH: HONORS, Section no. 51290",A-,12,Computer Science
Spring 2022,51290,C S, 429H,COMP ORGANIZATN & ARCH: HONORS,"C S-429H: COMP ORGANIZATN & ARCH: HONORS, Section no. 51290",A,11,Computer Science
Spring 2022,51295,C S, 429H,COMP ORGANIZATN & ARCH: HONORS,"C S-429H: COMP ORGANIZATN & ARCH: HONORS, Section no. 51295",C+,3,Computer Science
Spring 2022,51295,C S, 429H,COMP ORGANIZATN & ARCH: HONORS,"C S-429H: COMP ORGANIZATN & ARCH: HONORS, Section no. 51295",B,11,Computer Science
Spring 2022,51295,C S, 429H,COMP ORGANIZATN & ARCH: HONORS,"C S-429H: COMP ORGANIZATN & ARCH: HONORS, Section no. 51295",B+,4,Computer Science
Spring 2022,51295,C S, 429H,COMP ORGANIZATN & ARCH: HONORS,"C S-429H: COMP ORGANIZATN & ARCH: HONORS, Section no. 51295",A-,4,Computer Science
Spring 2022,51295,C S, 429H,COMP ORGANIZATN & ARCH: HONORS,"C S-429H: COMP ORGANIZATN & ARCH: HONORS, Section no. 51295",A,1,Computer Science
Spring 2022,51300,C S, 330E,ELMNTS SOFTWARE ENGINEER I,"C S-330E: ELMNTS SOFTWARE ENGINEER I, Section no. 51300",Other,8,Computer Science
Spring 2022,51300,C S, 330E,ELMNTS SOFTWARE ENGINEER I,"C S-330E: ELMNTS SOFTWARE ENGINEER I, Section no. 51300",F,2,Computer Science
Spring 2022,51300,C S, 330E,ELMNTS SOFTWARE ENGINEER I,"C S-330E: ELMNTS SOFTWARE ENGINEER I, Section no. 51300",D+,1,Computer Science
Spring 2022,51300,C S, 330E,ELMNTS SOFTWARE ENGINEER I,"C S-330E: ELMNTS SOFTWARE ENGINEER I, Section no. 51300",C-,2,Computer Science
Spring 2022,51300,C S, 330E,ELMNTS SOFTWARE ENGINEER I,"C S-330E: ELMNTS SOFTWARE ENGINEER I, Section no. 51300",C,1,Computer Science
Spring 2022,51300,C S, 330E,ELMNTS SOFTWARE ENGINEER I,"C S-330E: ELMNTS SOFTWARE ENGINEER I, Section no. 51300",C+,2,Computer Science
Spring 2022,51300,C S, 330E,ELMNTS SOFTWARE ENGINEER I,"C S-330E: ELMNTS SOFTWARE ENGINEER I, Section no. 51300",B-,6,Computer Science
Spring 2022,51300,C S, 330E,ELMNTS SOFTWARE ENGINEER I,"C S-330E: ELMNTS SOFTWARE ENGINEER I, Section no. 51300",B,7,Computer Science
Spring 2022,51300,C S, 330E,ELMNTS SOFTWARE ENGINEER I,"C S-330E: ELMNTS SOFTWARE ENGINEER I, Section no. 51300",B+,8,Computer Science
Spring 2022,51300,C S, 330E,ELMNTS SOFTWARE ENGINEER I,"C S-330E: ELMNTS SOFTWARE ENGINEER I, Section no. 51300",A-,11,Computer Science
Spring 2022,51300,C S, 330E,ELMNTS SOFTWARE ENGINEER I,"C S-330E: ELMNTS SOFTWARE ENGINEER I, Section no. 51300",A,11,Computer Science
Spring 2022,51305,C S, 330E,ELMNTS SOFTWARE ENGINEER I,"C S-330E: ELMNTS SOFTWARE ENGINEER I, Section no. 51305",Other,3,Computer Science
Spring 2022,51305,C S, 330E,ELMNTS SOFTWARE ENGINEER I,"C S-330E: ELMNTS SOFTWARE ENGINEER I, Section no. 51305",F,1,Computer Science
Spring 2022,51305,C S, 330E,ELMNTS SOFTWARE ENGINEER I,"C S-330E: ELMNTS SOFTWARE ENGINEER I, Section no. 51305",D,1,Computer Science
Spring 2022,51305,C S, 330E,ELMNTS SOFTWARE ENGINEER I,"C S-330E: ELMNTS SOFTWARE ENGINEER I, Section no. 51305",C,2,Computer Science
Spring 2022,51305,C S, 330E,ELMNTS SOFTWARE ENGINEER I,"C S-330E: ELMNTS SOFTWARE ENGINEER I, Section no. 51305",C+,4,Computer Science
Spring 2022,51305,C S, 330E,ELMNTS SOFTWARE ENGINEER I,"C S-330E: ELMNTS SOFTWARE ENGINEER I, Section no. 51305",B-,9,Computer Science
Spring 2022,51305,C S, 330E,ELMNTS SOFTWARE ENGINEER I,"C S-330E: ELMNTS SOFTWARE ENGINEER I, Section no. 51305",B,5,Computer Science
Spring 2022,51305,C S, 330E,ELMNTS SOFTWARE ENGINEER I,"C S-330E: ELMNTS SOFTWARE ENGINEER I, Section no. 51305",B+,8,Computer Science
Spring 2022,51305,C S, 330E,ELMNTS SOFTWARE ENGINEER I,"C S-330E: ELMNTS SOFTWARE ENGINEER I, Section no. 51305",A-,9,Computer Science
Spring 2022,51305,C S, 330E,ELMNTS SOFTWARE ENGINEER I,"C S-330E: ELMNTS SOFTWARE ENGINEER I, Section no. 51305",A,15,Computer Science
Spring 2022,51310,C S, 331,ALGORITHMS AND COMPLEXITY,"C S-331: ALGORITHMS AND COMPLEXITY, Section no. 51310",C,1,Computer Science
Spring 2022,51310,C S, 331,ALGORITHMS AND COMPLEXITY,"C S-331: ALGORITHMS AND COMPLEXITY, Section no. 51310",C+,3,Computer Science
Spring 2022,51310,C S, 331,ALGORITHMS AND COMPLEXITY,"C S-331: ALGORITHMS AND COMPLEXITY, Section no. 51310",B-,4,Computer Science
Spring 2022,51310,C S, 331,ALGORITHMS AND COMPLEXITY,"C S-331: ALGORITHMS AND COMPLEXITY, Section no. 51310",B,6,Computer Science
Spring 2022,51310,C S, 331,ALGORITHMS AND COMPLEXITY,"C S-331: ALGORITHMS AND COMPLEXITY, Section no. 51310",B+,8,Computer Science
Spring 2022,51310,C S, 331,ALGORITHMS AND COMPLEXITY,"C S-331: ALGORITHMS AND COMPLEXITY, Section no. 51310",A-,6,Computer Science
Spring 2022,51310,C S, 331,ALGORITHMS AND COMPLEXITY,"C S-331: ALGORITHMS AND COMPLEXITY, Section no. 51310",A,12,Computer Science
Spring 2022,51315,C S, 331,ALGORITHMS AND COMPLEXITY,"C S-331: ALGORITHMS AND COMPLEXITY, Section no. 51315",Other,2,Computer Science
Spring 2022,51315,C S, 331,ALGORITHMS AND COMPLEXITY,"C S-331: ALGORITHMS AND COMPLEXITY, Section no. 51315",C,4,Computer Science
Spring 2022,51315,C S, 331,ALGORITHMS AND COMPLEXITY,"C S-331: ALGORITHMS AND COMPLEXITY, Section no. 51315",C+,1,Computer Science
Spring 2022,51315,C S, 331,ALGORITHMS AND COMPLEXITY,"C S-331: ALGORITHMS AND COMPLEXITY, Section no. 51315",B-,6,Computer Science
Spring 2022,51315,C S, 331,ALGORITHMS AND COMPLEXITY,"C S-331: ALGORITHMS AND COMPLEXITY, Section no. 51315",B,3,Computer Science
Spring 2022,51315,C S, 331,ALGORITHMS AND COMPLEXITY,"C S-331: ALGORITHMS AND COMPLEXITY, Section no. 51315",B+,6,Computer Science
Spring 2022,51315,C S, 331,ALGORITHMS AND COMPLEXITY,"C S-331: ALGORITHMS AND COMPLEXITY, Section no. 51315",A-,8,Computer Science
Spring 2022,51315,C S, 331,ALGORITHMS AND COMPLEXITY,"C S-331: ALGORITHMS AND COMPLEXITY, Section no. 51315",A,9,Computer Science
Spring 2022,51320,C S, 331,ALGORITHMS AND COMPLEXITY,"C S-331: ALGORITHMS AND COMPLEXITY, Section no. 51320",Other,2,Computer Science
Spring 2022,51320,C S, 331,ALGORITHMS AND COMPLEXITY,"C S-331: ALGORITHMS AND COMPLEXITY, Section no. 51320",F,1,Computer Science
Spring 2022,51320,C S, 331,ALGORITHMS AND COMPLEXITY,"C S-331: ALGORITHMS AND COMPLEXITY, Section no. 51320",D,1,Computer Science
Spring 2022,51320,C S, 331,ALGORITHMS AND COMPLEXITY,"C S-331: ALGORITHMS AND COMPLEXITY, Section no. 51320",C-,2,Computer Science
Spring 2022,51320,C S, 331,ALGORITHMS AND COMPLEXITY,"C S-331: ALGORITHMS AND COMPLEXITY, Section no. 51320",C,1,Computer Science
Spring 2022,51320,C S, 331,ALGORITHMS AND COMPLEXITY,"C S-331: ALGORITHMS AND COMPLEXITY, Section no. 51320",C+,2,Computer Science
Spring 2022,51320,C S, 331,ALGORITHMS AND COMPLEXITY,"C S-331: ALGORITHMS AND COMPLEXITY, Section no. 51320",B,4,Computer Science
Spring 2022,51320,C S, 331,ALGORITHMS AND COMPLEXITY,"C S-331: ALGORITHMS AND COMPLEXITY, Section no. 51320",B+,8,Computer Science
Spring 2022,51320,C S, 331,ALGORITHMS AND COMPLEXITY,"C S-331: ALGORITHMS AND COMPLEXITY, Section no. 51320",A-,6,Computer Science
Spring 2022,51320,C S, 331,ALGORITHMS AND COMPLEXITY,"C S-331: ALGORITHMS AND COMPLEXITY, Section no. 51320",A,10,Computer Science
Spring 2022,51325,C S, 331,ALGORITHMS AND COMPLEXITY,"C S-331: ALGORITHMS AND COMPLEXITY, Section no. 51325",Other,2,Computer Science
Spring 2022,51325,C S, 331,ALGORITHMS AND COMPLEXITY,"C S-331: ALGORITHMS AND COMPLEXITY, Section no. 51325",C+,2,Computer Science
Spring 2022,51325,C S, 331,ALGORITHMS AND COMPLEXITY,"C S-331: ALGORITHMS AND COMPLEXITY, Section no. 51325",B-,6,Computer Science
Spring 2022,51325,C S, 331,ALGORITHMS AND COMPLEXITY,"C S-331: ALGORITHMS AND COMPLEXITY, Section no. 51325",B,2,Computer Science
Spring 2022,51325,C S, 331,ALGORITHMS AND COMPLEXITY,"C S-331: ALGORITHMS AND COMPLEXITY, Section no. 51325",B+,7,Computer Science
Spring 2022,51325,C S, 331,ALGORITHMS AND COMPLEXITY,"C S-331: ALGORITHMS AND COMPLEXITY, Section no. 51325",A-,11,Computer Science
Spring 2022,51325,C S, 331,ALGORITHMS AND COMPLEXITY,"C S-331: ALGORITHMS AND COMPLEXITY, Section no. 51325",A,4,Computer Science
Spring 2022,51330,C S, 331,ALGORITHMS AND COMPLEXITY,"C S-331: ALGORITHMS AND COMPLEXITY, Section no. 51330",C,2,Computer Science
Spring 2022,51330,C S, 331,ALGORITHMS AND COMPLEXITY,"C S-331: ALGORITHMS AND COMPLEXITY, Section no. 51330",C+,2,Computer Science
Spring 2022,51330,C S, 331,ALGORITHMS AND COMPLEXITY,"C S-331: ALGORITHMS AND COMPLEXITY, Section no. 51330",B-,4,Computer Science
Spring 2022,51330,C S, 331,ALGORITHMS AND COMPLEXITY,"C S-331: ALGORITHMS AND COMPLEXITY, Section no. 51330",B,5,Computer Science
Spring 2022,51330,C S, 331,ALGORITHMS AND COMPLEXITY,"C S-331: ALGORITHMS AND COMPLEXITY, Section no. 51330",B+,14,Computer Science
Spring 2022,51330,C S, 331,ALGORITHMS AND COMPLEXITY,"C S-331: ALGORITHMS AND COMPLEXITY, Section no. 51330",A-,6,Computer Science
Spring 2022,51330,C S, 331,ALGORITHMS AND COMPLEXITY,"C S-331: ALGORITHMS AND COMPLEXITY, Section no. 51330",A,7,Computer Science
Spring 2022,51335,C S, 331,ALGORITHMS AND COMPLEXITY,"C S-331: ALGORITHMS AND COMPLEXITY, Section no. 51335",Other,2,Computer Science
Spring 2022,51335,C S, 331,ALGORITHMS AND COMPLEXITY,"C S-331: ALGORITHMS AND COMPLEXITY, Section no. 51335",C,3,Computer Science
Spring 2022,51335,C S, 331,ALGORITHMS AND COMPLEXITY,"C S-331: ALGORITHMS AND COMPLEXITY, Section no. 51335",C+,2,Computer Science
Spring 2022,51335,C S, 331,ALGORITHMS AND COMPLEXITY,"C S-331: ALGORITHMS AND COMPLEXITY, Section no. 51335",B-,6,Computer Science
Spring 2022,51335,C S, 331,ALGORITHMS AND COMPLEXITY,"C S-331: ALGORITHMS AND COMPLEXITY, Section no. 51335",B,6,Computer Science
Spring 2022,51335,C S, 331,ALGORITHMS AND COMPLEXITY,"C S-331: ALGORITHMS AND COMPLEXITY, Section no. 51335",B+,4,Computer Science
Spring 2022,51335,C S, 331,ALGORITHMS AND COMPLEXITY,"C S-331: ALGORITHMS AND COMPLEXITY, Section no. 51335",A-,7,Computer Science
Spring 2022,51335,C S, 331,ALGORITHMS AND COMPLEXITY,"C S-331: ALGORITHMS AND COMPLEXITY, Section no. 51335",A,10,Computer Science
Spring 2022,51340,C S, 331H,ALGORITHMS AND COMPLEXITY: HON,"C S-331H: ALGORITHMS AND COMPLEXITY: HON, Section no. 51340",C,1,Computer Science
Spring 2022,51340,C S, 331H,ALGORITHMS AND COMPLEXITY: HON,"C S-331H: ALGORITHMS AND COMPLEXITY: HON, Section no. 51340",B,5,Computer Science
Spring 2022,51340,C S, 331H,ALGORITHMS AND COMPLEXITY: HON,"C S-331H: ALGORITHMS AND COMPLEXITY: HON, Section no. 51340",B+,2,Computer Science
Spring 2022,51340,C S, 331H,ALGORITHMS AND COMPLEXITY: HON,"C S-331H: ALGORITHMS AND COMPLEXITY: HON, Section no. 51340",A-,1,Computer Science
Spring 2022,51340,C S, 331H,ALGORITHMS AND COMPLEXITY: HON,"C S-331H: ALGORITHMS AND COMPLEXITY: HON, Section no. 51340",A,2,Computer Science
Spring 2022,51345,C S, 331H,ALGORITHMS AND COMPLEXITY: HON,"C S-331H: ALGORITHMS AND COMPLEXITY: HON, Section no. 51345",Other,1,Computer Science
Spring 2022,51345,C S, 331H,ALGORITHMS AND COMPLEXITY: HON,"C S-331H: ALGORITHMS AND COMPLEXITY: HON, Section no. 51345",B-,4,Computer Science
Spring 2022,51345,C S, 331H,ALGORITHMS AND COMPLEXITY: HON,"C S-331H: ALGORITHMS AND COMPLEXITY: HON, Section no. 51345",B,7,Computer Science
Spring 2022,51345,C S, 331H,ALGORITHMS AND COMPLEXITY: HON,"C S-331H: ALGORITHMS AND COMPLEXITY: HON, Section no. 51345",B+,3,Computer Science
Spring 2022,51345,C S, 331H,ALGORITHMS AND COMPLEXITY: HON,"C S-331H: ALGORITHMS AND COMPLEXITY: HON, Section no. 51345",A-,8,Computer Science
Spring 2022,51345,C S, 331H,ALGORITHMS AND COMPLEXITY: HON,"C S-331H: ALGORITHMS AND COMPLEXITY: HON, Section no. 51345",A,5,Computer Science
Spring 2022,51350,C S, 439,PRINCIPLES OF COMPUTER SYS-C S,"C S-439: PRINCIPLES OF COMPUTER SYS-C S, Section no. 51350",D+,1,Computer Science
Spring 2022,51350,C S, 439,PRINCIPLES OF COMPUTER SYS-C S,"C S-439: PRINCIPLES OF COMPUTER SYS-C S, Section no. 51350",C,2,Computer Science
Spring 2022,51350,C S, 439,PRINCIPLES OF COMPUTER SYS-C S,"C S-439: PRINCIPLES OF COMPUTER SYS-C S, Section no. 51350",C+,3,Computer Science
Spring 2022,51350,C S, 439,PRINCIPLES OF COMPUTER SYS-C S,"C S-439: PRINCIPLES OF COMPUTER SYS-C S, Section no. 51350",B-,2,Computer Science
Spring 2022,51350,C S, 439,PRINCIPLES OF COMPUTER SYS-C S,"C S-439: PRINCIPLES OF COMPUTER SYS-C S, Section no. 51350",B,1,Computer Science
Spring 2022,51350,C S, 439,PRINCIPLES OF COMPUTER SYS-C S,"C S-439: PRINCIPLES OF COMPUTER SYS-C S, Section no. 51350",B+,11,Computer Science
Spring 2022,51350,C S, 439,PRINCIPLES OF COMPUTER SYS-C S,"C S-439: PRINCIPLES OF COMPUTER SYS-C S, Section no. 51350",A-,1,Computer Science
Spring 2022,51350,C S, 439,PRINCIPLES OF COMPUTER SYS-C S,"C S-439: PRINCIPLES OF COMPUTER SYS-C S, Section no. 51350",A,3,Computer Science
Spring 2022,51355,C S, 439,PRINCIPLES OF COMPUTER SYS-C S,"C S-439: PRINCIPLES OF COMPUTER SYS-C S, Section no. 51355",C,2,Computer Science
Spring 2022,51355,C S, 439,PRINCIPLES OF COMPUTER SYS-C S,"C S-439: PRINCIPLES OF COMPUTER SYS-C S, Section no. 51355",C+,1,Computer Science
Spring 2022,51355,C S, 439,PRINCIPLES OF COMPUTER SYS-C S,"C S-439: PRINCIPLES OF COMPUTER SYS-C S, Section no. 51355",B-,4,Computer Science
Spring 2022,51355,C S, 439,PRINCIPLES OF COMPUTER SYS-C S,"C S-439: PRINCIPLES OF COMPUTER SYS-C S, Section no. 51355",B,3,Computer Science
Spring 2022,51355,C S, 439,PRINCIPLES OF COMPUTER SYS-C S,"C S-439: PRINCIPLES OF COMPUTER SYS-C S, Section no. 51355",B+,9,Computer Science
Spring 2022,51355,C S, 439,PRINCIPLES OF COMPUTER SYS-C S,"C S-439: PRINCIPLES OF COMPUTER SYS-C S, Section no. 51355",A-,4,Computer Science
Spring 2022,51355,C S, 439,PRINCIPLES OF COMPUTER SYS-C S,"C S-439: PRINCIPLES OF COMPUTER SYS-C S, Section no. 51355",A,2,Computer Science
Spring 2022,51360,C S, 439,PRINCIPLES OF COMPUTER SYS-C S,"C S-439: PRINCIPLES OF COMPUTER SYS-C S, Section no. 51360",F,1,Computer Science
Spring 2022,51360,C S, 439,PRINCIPLES OF COMPUTER SYS-C S,"C S-439: PRINCIPLES OF COMPUTER SYS-C S, Section no. 51360",C-,1,Computer Science
Spring 2022,51360,C S, 439,PRINCIPLES OF COMPUTER SYS-C S,"C S-439: PRINCIPLES OF COMPUTER SYS-C S, Section no. 51360",C,1,Computer Science
Spring 2022,51360,C S, 439,PRINCIPLES OF COMPUTER SYS-C S,"C S-439: PRINCIPLES OF COMPUTER SYS-C S, Section no. 51360",C+,1,Computer Science
Spring 2022,51360,C S, 439,PRINCIPLES OF COMPUTER SYS-C S,"C S-439: PRINCIPLES OF COMPUTER SYS-C S, Section no. 51360",B-,2,Computer Science
Spring 2022,51360,C S, 439,PRINCIPLES OF COMPUTER SYS-C S,"C S-439: PRINCIPLES OF COMPUTER SYS-C S, Section no. 51360",B,3,Computer Science
Spring 2022,51360,C S, 439,PRINCIPLES OF COMPUTER SYS-C S,"C S-439: PRINCIPLES OF COMPUTER SYS-C S, Section no. 51360",B+,6,Computer Science
Spring 2022,51360,C S, 439,PRINCIPLES OF COMPUTER SYS-C S,"C S-439: PRINCIPLES OF COMPUTER SYS-C S, Section no. 51360",A-,6,Computer Science
Spring 2022,51360,C S, 439,PRINCIPLES OF COMPUTER SYS-C S,"C S-439: PRINCIPLES OF COMPUTER SYS-C S, Section no. 51360",A,3,Computer Science
Spring 2022,51365,C S, 439,PRINCIPLES OF COMPUTER SYS-C S,"C S-439: PRINCIPLES OF COMPUTER SYS-C S, Section no. 51365",D,1,Computer Science
Spring 2022,51365,C S, 439,PRINCIPLES OF COMPUTER SYS-C S,"C S-439: PRINCIPLES OF COMPUTER SYS-C S, Section no. 51365",B,4,Computer Science
Spring 2022,51365,C S, 439,PRINCIPLES OF COMPUTER SYS-C S,"C S-439: PRINCIPLES OF COMPUTER SYS-C S, Section no. 51365",B+,10,Computer Science
Spring 2022,51365,C S, 439,PRINCIPLES OF COMPUTER SYS-C S,"C S-439: PRINCIPLES OF COMPUTER SYS-C S, Section no. 51365",A-,8,Computer Science
Spring 2022,51365,C S, 439,PRINCIPLES OF COMPUTER SYS-C S,"C S-439: PRINCIPLES OF COMPUTER SYS-C S, Section no. 51365",A,2,Computer Science
Spring 2022,51370,C S, 439,PRINCIPLES OF COMPUTER SYS-C S,"C S-439: PRINCIPLES OF COMPUTER SYS-C S, Section no. 51370",Other,1,Computer Science
Spring 2022,51370,C S, 439,PRINCIPLES OF COMPUTER SYS-C S,"C S-439: PRINCIPLES OF COMPUTER SYS-C S, Section no. 51370",C-,1,Computer Science
Spring 2022,51370,C S, 439,PRINCIPLES OF COMPUTER SYS-C S,"C S-439: PRINCIPLES OF COMPUTER SYS-C S, Section no. 51370",C,7,Computer Science
Spring 2022,51370,C S, 439,PRINCIPLES OF COMPUTER SYS-C S,"C S-439: PRINCIPLES OF COMPUTER SYS-C S, Section no. 51370",C+,2,Computer Science
Spring 2022,51370,C S, 439,PRINCIPLES OF COMPUTER SYS-C S,"C S-439: PRINCIPLES OF COMPUTER SYS-C S, Section no. 51370",B-,2,Computer Science
Spring 2022,51370,C S, 439,PRINCIPLES OF COMPUTER SYS-C S,"C S-439: PRINCIPLES OF COMPUTER SYS-C S, Section no. 51370",B,1,Computer Science
Spring 2022,51370,C S, 439,PRINCIPLES OF COMPUTER SYS-C S,"C S-439: PRINCIPLES OF COMPUTER SYS-C S, Section no. 51370",B+,6,Computer Science
Spring 2022,51370,C S, 439,PRINCIPLES OF COMPUTER SYS-C S,"C S-439: PRINCIPLES OF COMPUTER SYS-C S, Section no. 51370",A-,2,Computer Science
Spring 2022,51370,C S, 439,PRINCIPLES OF COMPUTER SYS-C S,"C S-439: PRINCIPLES OF COMPUTER SYS-C S, Section no. 51370",A,4,Computer Science
Spring 2022,51375,C S, 439,PRINCIPLES OF COMPUTER SYS-C S,"C S-439: PRINCIPLES OF COMPUTER SYS-C S, Section no. 51375",Other,2,Computer Science
Spring 2022,51375,C S, 439,PRINCIPLES OF COMPUTER SYS-C S,"C S-439: PRINCIPLES OF COMPUTER SYS-C S, Section no. 51375",C-,3,Computer Science
Spring 2022,51375,C S, 439,PRINCIPLES OF COMPUTER SYS-C S,"C S-439: PRINCIPLES OF COMPUTER SYS-C S, Section no. 51375",C+,1,Computer Science
Spring 2022,51375,C S, 439,PRINCIPLES OF COMPUTER SYS-C S,"C S-439: PRINCIPLES OF COMPUTER SYS-C S, Section no. 51375",B-,3,Computer Science
Spring 2022,51375,C S, 439,PRINCIPLES OF COMPUTER SYS-C S,"C S-439: PRINCIPLES OF COMPUTER SYS-C S, Section no. 51375",B,1,Computer Science
Spring 2022,51375,C S, 439,PRINCIPLES OF COMPUTER SYS-C S,"C S-439: PRINCIPLES OF COMPUTER SYS-C S, Section no. 51375",B+,6,Computer Science
Spring 2022,51375,C S, 439,PRINCIPLES OF COMPUTER SYS-C S,"C S-439: PRINCIPLES OF COMPUTER SYS-C S, Section no. 51375",A-,5,Computer Science
Spring 2022,51375,C S, 439,PRINCIPLES OF COMPUTER SYS-C S,"C S-439: PRINCIPLES OF COMPUTER SYS-C S, Section no. 51375",A,4,Computer Science
Spring 2022,51380,C S, 439,PRINCIPLES OF COMPUTER SYS-C S,"C S-439: PRINCIPLES OF COMPUTER SYS-C S, Section no. 51380",Other,11,Computer Science
Spring 2022,51380,C S, 439,PRINCIPLES OF COMPUTER SYS-C S,"C S-439: PRINCIPLES OF COMPUTER SYS-C S, Section no. 51380",F,1,Computer Science
Spring 2022,51380,C S, 439,PRINCIPLES OF COMPUTER SYS-C S,"C S-439: PRINCIPLES OF COMPUTER SYS-C S, Section no. 51380",C-,8,Computer Science
Spring 2022,51380,C S, 439,PRINCIPLES OF COMPUTER SYS-C S,"C S-439: PRINCIPLES OF COMPUTER SYS-C S, Section no. 51380",C,7,Computer Science
Spring 2022,51380,C S, 439,PRINCIPLES OF COMPUTER SYS-C S,"C S-439: PRINCIPLES OF COMPUTER SYS-C S, Section no. 51380",C+,8,Computer Science
Spring 2022,51380,C S, 439,PRINCIPLES OF COMPUTER SYS-C S,"C S-439: PRINCIPLES OF COMPUTER SYS-C S, Section no. 51380",B-,13,Computer Science
Spring 2022,51380,C S, 439,PRINCIPLES OF COMPUTER SYS-C S,"C S-439: PRINCIPLES OF COMPUTER SYS-C S, Section no. 51380",B,3,Computer Science
Spring 2022,51380,C S, 439,PRINCIPLES OF COMPUTER SYS-C S,"C S-439: PRINCIPLES OF COMPUTER SYS-C S, Section no. 51380",B+,11,Computer Science
Spring 2022,51380,C S, 439,PRINCIPLES OF COMPUTER SYS-C S,"C S-439: PRINCIPLES OF COMPUTER SYS-C S, Section no. 51380",A-,6,Computer Science
Spring 2022,51380,C S, 439,PRINCIPLES OF COMPUTER SYS-C S,"C S-439: PRINCIPLES OF COMPUTER SYS-C S, Section no. 51380",A,7,Computer Science
Spring 2022,51385,C S, 342,NEURAL NETWORKS,"C S-342: NEURAL NETWORKS, Section no. 51385",Other,5,Computer Science
Spring 2022,51385,C S, 342,NEURAL NETWORKS,"C S-342: NEURAL NETWORKS, Section no. 51385",F,1,Computer Science
Spring 2022,51385,C S, 342,NEURAL NETWORKS,"C S-342: NEURAL NETWORKS, Section no. 51385",C-,2,Computer Science
Spring 2022,51385,C S, 342,NEURAL NETWORKS,"C S-342: NEURAL NETWORKS, Section no. 51385",B-,1,Computer Science
Spring 2022,51385,C S, 342,NEURAL NETWORKS,"C S-342: NEURAL NETWORKS, Section no. 51385",B,2,Computer Science
Spring 2022,51385,C S, 342,NEURAL NETWORKS,"C S-342: NEURAL NETWORKS, Section no. 51385",B+,7,Computer Science
Spring 2022,51385,C S, 342,NEURAL NETWORKS,"C S-342: NEURAL NETWORKS, Section no. 51385",A-,6,Computer Science
Spring 2022,51385,C S, 342,NEURAL NETWORKS,"C S-342: NEURAL NETWORKS, Section no. 51385",A,35,Computer Science
Spring 2022,51389,C S, 342,NEURAL NETWORKS,"C S-342: NEURAL NETWORKS, Section no. 51389",Other,5,Computer Science
Spring 2022,51389,C S, 342,NEURAL NETWORKS,"C S-342: NEURAL NETWORKS, Section no. 51389",F,1,Computer Science
Spring 2022,51389,C S, 342,NEURAL NETWORKS,"C S-342: NEURAL NETWORKS, Section no. 51389",D+,1,Computer Science
Spring 2022,51389,C S, 342,NEURAL NETWORKS,"C S-342: NEURAL NETWORKS, Section no. 51389",C,2,Computer Science
Spring 2022,51389,C S, 342,NEURAL NETWORKS,"C S-342: NEURAL NETWORKS, Section no. 51389",B-,3,Computer Science
Spring 2022,51389,C S, 342,NEURAL NETWORKS,"C S-342: NEURAL NETWORKS, Section no. 51389",B,10,Computer Science
Spring 2022,51389,C S, 342,NEURAL NETWORKS,"C S-342: NEURAL NETWORKS, Section no. 51389",B+,4,Computer Science
Spring 2022,51389,C S, 342,NEURAL NETWORKS,"C S-342: NEURAL NETWORKS, Section no. 51389",A-,5,Computer Science
Spring 2022,51389,C S, 342,NEURAL NETWORKS,"C S-342: NEURAL NETWORKS, Section no. 51389",A,17,Computer Science
Spring 2022,51390,C S, 342C,COMPUTATIONAL BRAIN,"C S-342C: COMPUTATIONAL BRAIN, Section no. 51390",B+,3,Computer Science
Spring 2022,51390,C S, 342C,COMPUTATIONAL BRAIN,"C S-342C: COMPUTATIONAL BRAIN, Section no. 51390",A-,13,Computer Science
Spring 2022,51390,C S, 342C,COMPUTATIONAL BRAIN,"C S-342C: COMPUTATIONAL BRAIN, Section no. 51390",A,21,Computer Science
Spring 2022,51395,C S, 343,ARTIFICIAL INTELLIGENCE,"C S-343: ARTIFICIAL INTELLIGENCE, Section no. 51395",Other,7,Computer Science
Spring 2022,51395,C S, 343,ARTIFICIAL INTELLIGENCE,"C S-343: ARTIFICIAL INTELLIGENCE, Section no. 51395",F,1,Computer Science
Spring 2022,51395,C S, 343,ARTIFICIAL INTELLIGENCE,"C S-343: ARTIFICIAL INTELLIGENCE, Section no. 51395",C,4,Computer Science
Spring 2022,51395,C S, 343,ARTIFICIAL INTELLIGENCE,"C S-343: ARTIFICIAL INTELLIGENCE, Section no. 51395",C+,4,Computer Science
Spring 2022,51395,C S, 343,ARTIFICIAL INTELLIGENCE,"C S-343: ARTIFICIAL INTELLIGENCE, Section no. 51395",B-,6,Computer Science
Spring 2022,51395,C S, 343,ARTIFICIAL INTELLIGENCE,"C S-343: ARTIFICIAL INTELLIGENCE, Section no. 51395",B,11,Computer Science
Spring 2022,51395,C S, 343,ARTIFICIAL INTELLIGENCE,"C S-343: ARTIFICIAL INTELLIGENCE, Section no. 51395",B+,18,Computer Science
Spring 2022,51395,C S, 343,ARTIFICIAL INTELLIGENCE,"C S-343: ARTIFICIAL INTELLIGENCE, Section no. 51395",A-,14,Computer Science
Spring 2022,51395,C S, 343,ARTIFICIAL INTELLIGENCE,"C S-343: ARTIFICIAL INTELLIGENCE, Section no. 51395",A,16,Computer Science
Spring 2022,51404,C S, 346,CRYPTOGRAPHY,"C S-346: CRYPTOGRAPHY, Section no. 51404",Other,11,Computer Science
Spring 2022,51404,C S, 346,CRYPTOGRAPHY,"C S-346: CRYPTOGRAPHY, Section no. 51404",F,1,Computer Science
Spring 2022,51404,C S, 346,CRYPTOGRAPHY,"C S-346: CRYPTOGRAPHY, Section no. 51404",D,1,Computer Science
Spring 2022,51404,C S, 346,CRYPTOGRAPHY,"C S-346: CRYPTOGRAPHY, Section no. 51404",C-,1,Computer Science
Spring 2022,51404,C S, 346,CRYPTOGRAPHY,"C S-346: CRYPTOGRAPHY, Section no. 51404",C,1,Computer Science
Spring 2022,51404,C S, 346,CRYPTOGRAPHY,"C S-346: CRYPTOGRAPHY, Section no. 51404",B-,7,Computer Science
Spring 2022,51404,C S, 346,CRYPTOGRAPHY,"C S-346: CRYPTOGRAPHY, Section no. 51404",B,6,Computer Science
Spring 2022,51404,C S, 346,CRYPTOGRAPHY,"C S-346: CRYPTOGRAPHY, Section no. 51404",B+,5,Computer Science
Spring 2022,51404,C S, 346,CRYPTOGRAPHY,"C S-346: CRYPTOGRAPHY, Section no. 51404",A-,6,Computer Science
Spring 2022,51404,C S, 346,CRYPTOGRAPHY,"C S-346: CRYPTOGRAPHY, Section no. 51404",A,9,Computer Science
Spring 2022,51405,C S, 349,CONTEMP ISSUES IN COMPUTER SCI,"C S-349: CONTEMP ISSUES IN COMPUTER SCI, Section no. 51405",B+,5,Computer Science
Spring 2022,51405,C S, 349,CONTEMP ISSUES IN COMPUTER SCI,"C S-349: CONTEMP ISSUES IN COMPUTER SCI, Section no. 51405",A-,13,Computer Science
Spring 2022,51405,C S, 349,CONTEMP ISSUES IN COMPUTER SCI,"C S-349: CONTEMP ISSUES IN COMPUTER SCI, Section no. 51405",A,22,Computer Science
Spring 2022,51410,C S, 349,CONTEMP ISSUES IN COMPUTER SCI,"C S-349: CONTEMP ISSUES IN COMPUTER SCI, Section no. 51410",F,1,Computer Science
Spring 2022,51410,C S, 349,CONTEMP ISSUES IN COMPUTER SCI,"C S-349: CONTEMP ISSUES IN COMPUTER SCI, Section no. 51410",D+,1,Computer Science
Spring 2022,51410,C S, 349,CONTEMP ISSUES IN COMPUTER SCI,"C S-349: CONTEMP ISSUES IN COMPUTER SCI, Section no. 51410",C,1,Computer Science
Spring 2022,51410,C S, 349,CONTEMP ISSUES IN COMPUTER SCI,"C S-349: CONTEMP ISSUES IN COMPUTER SCI, Section no. 51410",C+,1,Computer Science
Spring 2022,51410,C S, 349,CONTEMP ISSUES IN COMPUTER SCI,"C S-349: CONTEMP ISSUES IN COMPUTER SCI, Section no. 51410",B-,2,Computer Science
Spring 2022,51410,C S, 349,CONTEMP ISSUES IN COMPUTER SCI,"C S-349: CONTEMP ISSUES IN COMPUTER SCI, Section no. 51410",B,2,Computer Science
Spring 2022,51410,C S, 349,CONTEMP ISSUES IN COMPUTER SCI,"C S-349: CONTEMP ISSUES IN COMPUTER SCI, Section no. 51410",B+,1,Computer Science
Spring 2022,51410,C S, 349,CONTEMP ISSUES IN COMPUTER SCI,"C S-349: CONTEMP ISSUES IN COMPUTER SCI, Section no. 51410",A-,3,Computer Science
Spring 2022,51410,C S, 349,CONTEMP ISSUES IN COMPUTER SCI,"C S-349: CONTEMP ISSUES IN COMPUTER SCI, Section no. 51410",A,28,Computer Science
Spring 2022,51415,C S, 354,COMPUTER GRAPHICS,"C S-354: COMPUTER GRAPHICS, Section no. 51415",Other,10,Computer Science
Spring 2022,51415,C S, 354,COMPUTER GRAPHICS,"C S-354: COMPUTER GRAPHICS, Section no. 51415",F,1,Computer Science
Spring 2022,51415,C S, 354,COMPUTER GRAPHICS,"C S-354: COMPUTER GRAPHICS, Section no. 51415",B-,2,Computer Science
Spring 2022,51415,C S, 354,COMPUTER GRAPHICS,"C S-354: COMPUTER GRAPHICS, Section no. 51415",B,2,Computer Science
Spring 2022,51415,C S, 354,COMPUTER GRAPHICS,"C S-354: COMPUTER GRAPHICS, Section no. 51415",B+,2,Computer Science
Spring 2022,51415,C S, 354,COMPUTER GRAPHICS,"C S-354: COMPUTER GRAPHICS, Section no. 51415",A-,1,Computer Science
Spring 2022,51415,C S, 354,COMPUTER GRAPHICS,"C S-354: COMPUTER GRAPHICS, Section no. 51415",A,41,Computer Science
Spring 2022,51420,C S, 354T,GAME DEV CAPSTNE: 3-D GAMES,"C S-354T: GAME DEV CAPSTNE: 3-D GAMES, Section no. 51420",Other,1,Computer Science
Spring 2022,51420,C S, 354T,GAME DEV CAPSTNE: 3-D GAMES,"C S-354T: GAME DEV CAPSTNE: 3-D GAMES, Section no. 51420",C,1,Computer Science
Spring 2022,51420,C S, 354T,GAME DEV CAPSTNE: 3-D GAMES,"C S-354T: GAME DEV CAPSTNE: 3-D GAMES, Section no. 51420",B,1,Computer Science
Spring 2022,51420,C S, 354T,GAME DEV CAPSTNE: 3-D GAMES,"C S-354T: GAME DEV CAPSTNE: 3-D GAMES, Section no. 51420",A-,5,Computer Science
Spring 2022,51420,C S, 354T,GAME DEV CAPSTNE: 3-D GAMES,"C S-354T: GAME DEV CAPSTNE: 3-D GAMES, Section no. 51420",A,7,Computer Science
Spring 2022,51425,C S, 356,COMPUTER NETWORKS-WB,"C S-356: COMPUTER NETWORKS-WB, Section no. 51425",Other,8,Computer Science
Spring 2022,51425,C S, 356,COMPUTER NETWORKS-WB,"C S-356: COMPUTER NETWORKS-WB, Section no. 51425",F,3,Computer Science
Spring 2022,51425,C S, 356,COMPUTER NETWORKS-WB,"C S-356: COMPUTER NETWORKS-WB, Section no. 51425",C-,1,Computer Science
Spring 2022,51425,C S, 356,COMPUTER NETWORKS-WB,"C S-356: COMPUTER NETWORKS-WB, Section no. 51425",C,2,Computer Science
Spring 2022,51425,C S, 356,COMPUTER NETWORKS-WB,"C S-356: COMPUTER NETWORKS-WB, Section no. 51425",C+,1,Computer Science
Spring 2022,51425,C S, 356,COMPUTER NETWORKS-WB,"C S-356: COMPUTER NETWORKS-WB, Section no. 51425",B-,1,Computer Science
Spring 2022,51425,C S, 356,COMPUTER NETWORKS-WB,"C S-356: COMPUTER NETWORKS-WB, Section no. 51425",B,4,Computer Science
Spring 2022,51425,C S, 356,COMPUTER NETWORKS-WB,"C S-356: COMPUTER NETWORKS-WB, Section no. 51425",B+,4,Computer Science
Spring 2022,51425,C S, 356,COMPUTER NETWORKS-WB,"C S-356: COMPUTER NETWORKS-WB, Section no. 51425",A-,12,Computer Science
Spring 2022,51425,C S, 356,COMPUTER NETWORKS-WB,"C S-356: COMPUTER NETWORKS-WB, Section no. 51425",A,19,Computer Science
Spring 2022,51440,C S, 361S,NETWORK SECURITY/PRIVACY-WB,"C S-361S: NETWORK SECURITY/PRIVACY-WB, Section no. 51440",Other,17,Computer Science
Spring 2022,51440,C S, 361S,NETWORK SECURITY/PRIVACY-WB,"C S-361S: NETWORK SECURITY/PRIVACY-WB, Section no. 51440",D,1,Computer Science
Spring 2022,51440,C S, 361S,NETWORK SECURITY/PRIVACY-WB,"C S-361S: NETWORK SECURITY/PRIVACY-WB, Section no. 51440",D+,1,Computer Science
Spring 2022,51440,C S, 361S,NETWORK SECURITY/PRIVACY-WB,"C S-361S: NETWORK SECURITY/PRIVACY-WB, Section no. 51440",C,5,Computer Science
Spring 2022,51440,C S, 361S,NETWORK SECURITY/PRIVACY-WB,"C S-361S: NETWORK SECURITY/PRIVACY-WB, Section no. 51440",C+,4,Computer Science
Spring 2022,51440,C S, 361S,NETWORK SECURITY/PRIVACY-WB,"C S-361S: NETWORK SECURITY/PRIVACY-WB, Section no. 51440",B-,1,Computer Science
Spring 2022,51440,C S, 361S,NETWORK SECURITY/PRIVACY-WB,"C S-361S: NETWORK SECURITY/PRIVACY-WB, Section no. 51440",B,5,Computer Science
Spring 2022,51440,C S, 361S,NETWORK SECURITY/PRIVACY-WB,"C S-361S: NETWORK SECURITY/PRIVACY-WB, Section no. 51440",B+,5,Computer Science
Spring 2022,51440,C S, 361S,NETWORK SECURITY/PRIVACY-WB,"C S-361S: NETWORK SECURITY/PRIVACY-WB, Section no. 51440",A-,5,Computer Science
Spring 2022,51440,C S, 361S,NETWORK SECURITY/PRIVACY-WB,"C S-361S: NETWORK SECURITY/PRIVACY-WB, Section no. 51440",A,13,Computer Science
Spring 2022,51445,C S, 363D,INTRODUCTION TO DATA MINING,"C S-363D: INTRODUCTION TO DATA MINING, Section no. 51445",Other,2,Computer Science
Spring 2022,51445,C S, 363D,INTRODUCTION TO DATA MINING,"C S-363D: INTRODUCTION TO DATA MINING, Section no. 51445",D+,1,Computer Science
Spring 2022,51445,C S, 363D,INTRODUCTION TO DATA MINING,"C S-363D: INTRODUCTION TO DATA MINING, Section no. 51445",C-,1,Computer Science
Spring 2022,51445,C S, 363D,INTRODUCTION TO DATA MINING,"C S-363D: INTRODUCTION TO DATA MINING, Section no. 51445",C+,1,Computer Science
Spring 2022,51445,C S, 363D,INTRODUCTION TO DATA MINING,"C S-363D: INTRODUCTION TO DATA MINING, Section no. 51445",B-,4,Computer Science
Spring 2022,51445,C S, 363D,INTRODUCTION TO DATA MINING,"C S-363D: INTRODUCTION TO DATA MINING, Section no. 51445",B,5,Computer Science
Spring 2022,51445,C S, 363D,INTRODUCTION TO DATA MINING,"C S-363D: INTRODUCTION TO DATA MINING, Section no. 51445",B+,10,Computer Science
Spring 2022,51445,C S, 363D,INTRODUCTION TO DATA MINING,"C S-363D: INTRODUCTION TO DATA MINING, Section no. 51445",A-,7,Computer Science
Spring 2022,51445,C S, 363D,INTRODUCTION TO DATA MINING,"C S-363D: INTRODUCTION TO DATA MINING, Section no. 51445",A,35,Computer Science
Spring 2022,51450,C S, 363D,INTRODUCTION TO DATA MINING,"C S-363D: INTRODUCTION TO DATA MINING, Section no. 51450",Other,3,Computer Science
Spring 2022,51450,C S, 363D,INTRODUCTION TO DATA MINING,"C S-363D: INTRODUCTION TO DATA MINING, Section no. 51450",B-,2,Computer Science
Spring 2022,51450,C S, 363D,INTRODUCTION TO DATA MINING,"C S-363D: INTRODUCTION TO DATA MINING, Section no. 51450",B,6,Computer Science
Spring 2022,51450,C S, 363D,INTRODUCTION TO DATA MINING,"C S-363D: INTRODUCTION TO DATA MINING, Section no. 51450",B+,3,Computer Science
Spring 2022,51450,C S, 363D,INTRODUCTION TO DATA MINING,"C S-363D: INTRODUCTION TO DATA MINING, Section no. 51450",A-,12,Computer Science
Spring 2022,51450,C S, 363D,INTRODUCTION TO DATA MINING,"C S-363D: INTRODUCTION TO DATA MINING, Section no. 51450",A,41,Computer Science
Spring 2022,51454,C S, 363D,INTRODUCTION TO DATA MINING,"C S-363D: INTRODUCTION TO DATA MINING, Section no. 51454",D,1,Computer Science
Spring 2022,51454,C S, 363D,INTRODUCTION TO DATA MINING,"C S-363D: INTRODUCTION TO DATA MINING, Section no. 51454",B,3,Computer Science
Spring 2022,51454,C S, 363D,INTRODUCTION TO DATA MINING,"C S-363D: INTRODUCTION TO DATA MINING, Section no. 51454",B+,1,Computer Science
Spring 2022,51454,C S, 363D,INTRODUCTION TO DATA MINING,"C S-363D: INTRODUCTION TO DATA MINING, Section no. 51454",A-,11,Computer Science
Spring 2022,51454,C S, 363D,INTRODUCTION TO DATA MINING,"C S-363D: INTRODUCTION TO DATA MINING, Section no. 51454",A,43,Computer Science
Spring 2022,51465,C S, 371D,DISTRIBUTED COMPUTING,"C S-371D: DISTRIBUTED COMPUTING, Section no. 51465",Other,17,Computer Science
Spring 2022,51465,C S, 371D,DISTRIBUTED COMPUTING,"C S-371D: DISTRIBUTED COMPUTING, Section no. 51465",F,2,Computer Science
Spring 2022,51465,C S, 371D,DISTRIBUTED COMPUTING,"C S-371D: DISTRIBUTED COMPUTING, Section no. 51465",C-,2,Computer Science
Spring 2022,51465,C S, 371D,DISTRIBUTED COMPUTING,"C S-371D: DISTRIBUTED COMPUTING, Section no. 51465",C,1,Computer Science
Spring 2022,51465,C S, 371D,DISTRIBUTED COMPUTING,"C S-371D: DISTRIBUTED COMPUTING, Section no. 51465",C+,2,Computer Science
Spring 2022,51465,C S, 371D,DISTRIBUTED COMPUTING,"C S-371D: DISTRIBUTED COMPUTING, Section no. 51465",B-,3,Computer Science
Spring 2022,51465,C S, 371D,DISTRIBUTED COMPUTING,"C S-371D: DISTRIBUTED COMPUTING, Section no. 51465",B,6,Computer Science
Spring 2022,51465,C S, 371D,DISTRIBUTED COMPUTING,"C S-371D: DISTRIBUTED COMPUTING, Section no. 51465",B+,2,Computer Science
Spring 2022,51465,C S, 371D,DISTRIBUTED COMPUTING,"C S-371D: DISTRIBUTED COMPUTING, Section no. 51465",A-,4,Computer Science
Spring 2022,51465,C S, 371D,DISTRIBUTED COMPUTING,"C S-371D: DISTRIBUTED COMPUTING, Section no. 51465",A,18,Computer Science
Spring 2022,51470,C S, 371L,IOS MOBILE COMPUTING,"C S-371L: IOS MOBILE COMPUTING, Section no. 51470",Other,1,Computer Science
Spring 2022,51470,C S, 371L,IOS MOBILE COMPUTING,"C S-371L: IOS MOBILE COMPUTING, Section no. 51470",C-,2,Computer Science
Spring 2022,51470,C S, 371L,IOS MOBILE COMPUTING,"C S-371L: IOS MOBILE COMPUTING, Section no. 51470",C+,3,Computer Science
Spring 2022,51470,C S, 371L,IOS MOBILE COMPUTING,"C S-371L: IOS MOBILE COMPUTING, Section no. 51470",B-,1,Computer Science
Spring 2022,51470,C S, 371L,IOS MOBILE COMPUTING,"C S-371L: IOS MOBILE COMPUTING, Section no. 51470",B,1,Computer Science
Spring 2022,51470,C S, 371L,IOS MOBILE COMPUTING,"C S-371L: IOS MOBILE COMPUTING, Section no. 51470",B+,1,Computer Science
Spring 2022,51470,C S, 371L,IOS MOBILE COMPUTING,"C S-371L: IOS MOBILE COMPUTING, Section no. 51470",A-,5,Computer Science
Spring 2022,51470,C S, 371L,IOS MOBILE COMPUTING,"C S-371L: IOS MOBILE COMPUTING, Section no. 51470",A,45,Computer Science
Spring 2022,51475,C S, 371P,OBJECT-ORIENTED PROGRAMMING,"C S-371P: OBJECT-ORIENTED PROGRAMMING, Section no. 51475",Other,1,Computer Science
Spring 2022,51475,C S, 371P,OBJECT-ORIENTED PROGRAMMING,"C S-371P: OBJECT-ORIENTED PROGRAMMING, Section no. 51475",C-,6,Computer Science
Spring 2022,51475,C S, 371P,OBJECT-ORIENTED PROGRAMMING,"C S-371P: OBJECT-ORIENTED PROGRAMMING, Section no. 51475",C,1,Computer Science
Spring 2022,51475,C S, 371P,OBJECT-ORIENTED PROGRAMMING,"C S-371P: OBJECT-ORIENTED PROGRAMMING, Section no. 51475",C+,2,Computer Science
Spring 2022,51475,C S, 371P,OBJECT-ORIENTED PROGRAMMING,"C S-371P: OBJECT-ORIENTED PROGRAMMING, Section no. 51475",B-,1,Computer Science
Spring 2022,51475,C S, 371P,OBJECT-ORIENTED PROGRAMMING,"C S-371P: OBJECT-ORIENTED PROGRAMMING, Section no. 51475",B,4,Computer Science
Spring 2022,51475,C S, 371P,OBJECT-ORIENTED PROGRAMMING,"C S-371P: OBJECT-ORIENTED PROGRAMMING, Section no. 51475",A-,20,Computer Science
Spring 2022,51475,C S, 371P,OBJECT-ORIENTED PROGRAMMING,"C S-371P: OBJECT-ORIENTED PROGRAMMING, Section no. 51475",A,38,Computer Science
Spring 2022,51480,C S, 373,SOFTWARE ENGINEERING,"C S-373: SOFTWARE ENGINEERING, Section no. 51480",Other,1,Computer Science
Spring 2022,51480,C S, 373,SOFTWARE ENGINEERING,"C S-373: SOFTWARE ENGINEERING, Section no. 51480",F,1,Computer Science
Spring 2022,51480,C S, 373,SOFTWARE ENGINEERING,"C S-373: SOFTWARE ENGINEERING, Section no. 51480",C-,1,Computer Science
Spring 2022,51480,C S, 373,SOFTWARE ENGINEERING,"C S-373: SOFTWARE ENGINEERING, Section no. 51480",C+,4,Computer Science
Spring 2022,51480,C S, 373,SOFTWARE ENGINEERING,"C S-373: SOFTWARE ENGINEERING, Section no. 51480",B-,4,Computer Science
Spring 2022,51480,C S, 373,SOFTWARE ENGINEERING,"C S-373: SOFTWARE ENGINEERING, Section no. 51480",B,1,Computer Science
Spring 2022,51480,C S, 373,SOFTWARE ENGINEERING,"C S-373: SOFTWARE ENGINEERING, Section no. 51480",B+,3,Computer Science
Spring 2022,51480,C S, 373,SOFTWARE ENGINEERING,"C S-373: SOFTWARE ENGINEERING, Section no. 51480",A-,16,Computer Science
Spring 2022,51480,C S, 373,SOFTWARE ENGINEERING,"C S-373: SOFTWARE ENGINEERING, Section no. 51480",A,26,Computer Science
Spring 2022,51485,C S, 373,SOFTWARE ENGINEERING,"C S-373: SOFTWARE ENGINEERING, Section no. 51485",D,1,Computer Science
Spring 2022,51485,C S, 373,SOFTWARE ENGINEERING,"C S-373: SOFTWARE ENGINEERING, Section no. 51485",C-,1,Computer Science
Spring 2022,51485,C S, 373,SOFTWARE ENGINEERING,"C S-373: SOFTWARE ENGINEERING, Section no. 51485",C,1,Computer Science
Spring 2022,51485,C S, 373,SOFTWARE ENGINEERING,"C S-373: SOFTWARE ENGINEERING, Section no. 51485",C+,1,Computer Science
Spring 2022,51485,C S, 373,SOFTWARE ENGINEERING,"C S-373: SOFTWARE ENGINEERING, Section no. 51485",B,2,Computer Science
Spring 2022,51485,C S, 373,SOFTWARE ENGINEERING,"C S-373: SOFTWARE ENGINEERING, Section no. 51485",B+,4,Computer Science
Spring 2022,51485,C S, 373,SOFTWARE ENGINEERING,"C S-373: SOFTWARE ENGINEERING, Section no. 51485",A-,9,Computer Science
Spring 2022,51485,C S, 373,SOFTWARE ENGINEERING,"C S-373: SOFTWARE ENGINEERING, Section no. 51485",A,41,Computer Science
Spring 2022,51495,C S, 375,COMPILERS,"C S-375: COMPILERS, Section no. 51495",Other,7,Computer Science
Spring 2022,51495,C S, 375,COMPILERS,"C S-375: COMPILERS, Section no. 51495",C-,2,Computer Science
Spring 2022,51495,C S, 375,COMPILERS,"C S-375: COMPILERS, Section no. 51495",C,1,Computer Science
Spring 2022,51495,C S, 375,COMPILERS,"C S-375: COMPILERS, Section no. 51495",B-,4,Computer Science
Spring 2022,51495,C S, 375,COMPILERS,"C S-375: COMPILERS, Section no. 51495",B,5,Computer Science
Spring 2022,51495,C S, 375,COMPILERS,"C S-375: COMPILERS, Section no. 51495",B+,1,Computer Science
Spring 2022,51495,C S, 375,COMPILERS,"C S-375: COMPILERS, Section no. 51495",A-,3,Computer Science
Spring 2022,51495,C S, 375,COMPILERS,"C S-375: COMPILERS, Section no. 51495",A,34,Computer Science
Spring 2022,51500,C S, 377P,PROGRAMMING FOR PERFORMANCE-WB,"C S-377P: PROGRAMMING FOR PERFORMANCE-WB, Section no. 51500",Other,7,Computer Science
Spring 2022,51500,C S, 377P,PROGRAMMING FOR PERFORMANCE-WB,"C S-377P: PROGRAMMING FOR PERFORMANCE-WB, Section no. 51500",C,1,Computer Science
Spring 2022,51500,C S, 377P,PROGRAMMING FOR PERFORMANCE-WB,"C S-377P: PROGRAMMING FOR PERFORMANCE-WB, Section no. 51500",B-,2,Computer Science
Spring 2022,51500,C S, 377P,PROGRAMMING FOR PERFORMANCE-WB,"C S-377P: PROGRAMMING FOR PERFORMANCE-WB, Section no. 51500",B,3,Computer Science
Spring 2022,51500,C S, 377P,PROGRAMMING FOR PERFORMANCE-WB,"C S-377P: PROGRAMMING FOR PERFORMANCE-WB, Section no. 51500",B+,7,Computer Science
Spring 2022,51500,C S, 377P,PROGRAMMING FOR PERFORMANCE-WB,"C S-377P: PROGRAMMING FOR PERFORMANCE-WB, Section no. 51500",A-,10,Computer Science
Spring 2022,51500,C S, 377P,PROGRAMMING FOR PERFORMANCE-WB,"C S-377P: PROGRAMMING FOR PERFORMANCE-WB, Section no. 51500",A,29,Computer Science
Spring 2022,51505,C S, 378,BEHAVIORAL ETHICS: DIGITAL AGE,"C S-378: BEHAVIORAL ETHICS: DIGITAL AGE, Section no. 51505",Other,1,Computer Science
Spring 2022,51505,C S, 378,BEHAVIORAL ETHICS: DIGITAL AGE,"C S-378: BEHAVIORAL ETHICS: DIGITAL AGE, Section no. 51505",B-,1,Computer Science
Spring 2022,51505,C S, 378,BEHAVIORAL ETHICS: DIGITAL AGE,"C S-378: BEHAVIORAL ETHICS: DIGITAL AGE, Section no. 51505",B+,2,Computer Science
Spring 2022,51505,C S, 378,BEHAVIORAL ETHICS: DIGITAL AGE,"C S-378: BEHAVIORAL ETHICS: DIGITAL AGE, Section no. 51505",A-,8,Computer Science
Spring 2022,51505,C S, 378,BEHAVIORAL ETHICS: DIGITAL AGE,"C S-378: BEHAVIORAL ETHICS: DIGITAL AGE, Section no. 51505",A,38,Computer Science
Spring 2022,51510,C S, 378,BIG DATA PROGRAMMING,"C S-378: BIG DATA PROGRAMMING, Section no. 51510",Other,2,Computer Science
Spring 2022,51510,C S, 378,BIG DATA PROGRAMMING,"C S-378: BIG DATA PROGRAMMING, Section no. 51510",B,2,Computer Science
Spring 2022,51510,C S, 378,BIG DATA PROGRAMMING,"C S-378: BIG DATA PROGRAMMING, Section no. 51510",B+,4,Computer Science
Spring 2022,51510,C S, 378,BIG DATA PROGRAMMING,"C S-378: BIG DATA PROGRAMMING, Section no. 51510",A-,9,Computer Science
Spring 2022,51510,C S, 378,BIG DATA PROGRAMMING,"C S-378: BIG DATA PROGRAMMING, Section no. 51510",A,40,Computer Science
Spring 2022,51515,C S, 378,CLOUD COMPUTING,"C S-378: CLOUD COMPUTING, Section no. 51515",Other,1,Computer Science
Spring 2022,51515,C S, 378,CLOUD COMPUTING,"C S-378: CLOUD COMPUTING, Section no. 51515",C,2,Computer Science
Spring 2022,51515,C S, 378,CLOUD COMPUTING,"C S-378: CLOUD COMPUTING, Section no. 51515",A-,1,Computer Science
Spring 2022,51515,C S, 378,CLOUD COMPUTING,"C S-378: CLOUD COMPUTING, Section no. 51515",A,55,Computer Science
Spring 2022,51520,C S, 378,CYBERPHYSICAL SYSTEMS,"C S-378: CYBERPHYSICAL SYSTEMS, Section no. 51520",Other,1,Computer Science
Spring 2022,51520,C S, 378,CYBERPHYSICAL SYSTEMS,"C S-378: CYBERPHYSICAL SYSTEMS, Section no. 51520",C,4,Computer Science
Spring 2022,51520,C S, 378,CYBERPHYSICAL SYSTEMS,"C S-378: CYBERPHYSICAL SYSTEMS, Section no. 51520",B-,1,Computer Science
Spring 2022,51520,C S, 378,CYBERPHYSICAL SYSTEMS,"C S-378: CYBERPHYSICAL SYSTEMS, Section no. 51520",A-,1,Computer Science
Spring 2022,51520,C S, 378,CYBERPHYSICAL SYSTEMS,"C S-378: CYBERPHYSICAL SYSTEMS, Section no. 51520",A,20,Computer Science
Spring 2022,51533,C S, 378,INTRO TO HUMAN/COMP INTERACT,"C S-378: INTRO TO HUMAN/COMP INTERACT, Section no. 51533",Other,2,Computer Science
Spring 2022,51533,C S, 378,INTRO TO HUMAN/COMP INTERACT,"C S-378: INTRO TO HUMAN/COMP INTERACT, Section no. 51533",C,2,Computer Science
Spring 2022,51533,C S, 378,INTRO TO HUMAN/COMP INTERACT,"C S-378: INTRO TO HUMAN/COMP INTERACT, Section no. 51533",C+,1,Computer Science
Spring 2022,51533,C S, 378,INTRO TO HUMAN/COMP INTERACT,"C S-378: INTRO TO HUMAN/COMP INTERACT, Section no. 51533",B-,3,Computer Science
Spring 2022,51533,C S, 378,INTRO TO HUMAN/COMP INTERACT,"C S-378: INTRO TO HUMAN/COMP INTERACT, Section no. 51533",B,7,Computer Science
Spring 2022,51533,C S, 378,INTRO TO HUMAN/COMP INTERACT,"C S-378: INTRO TO HUMAN/COMP INTERACT, Section no. 51533",B+,12,Computer Science
Spring 2022,51533,C S, 378,INTRO TO HUMAN/COMP INTERACT,"C S-378: INTRO TO HUMAN/COMP INTERACT, Section no. 51533",A-,17,Computer Science
Spring 2022,51533,C S, 378,INTRO TO HUMAN/COMP INTERACT,"C S-378: INTRO TO HUMAN/COMP INTERACT, Section no. 51533",A,9,Computer Science
Spring 2022,51535,C S, 378,INTRO TO SPEECH & AUDIO PROCES,"C S-378: INTRO TO SPEECH & AUDIO PROCES, Section no. 51535",Other,5,Computer Science
Spring 2022,51535,C S, 378,INTRO TO SPEECH & AUDIO PROCES,"C S-378: INTRO TO SPEECH & AUDIO PROCES, Section no. 51535",F,4,Computer Science
Spring 2022,51535,C S, 378,INTRO TO SPEECH & AUDIO PROCES,"C S-378: INTRO TO SPEECH & AUDIO PROCES, Section no. 51535",D,1,Computer Science
Spring 2022,51535,C S, 378,INTRO TO SPEECH & AUDIO PROCES,"C S-378: INTRO TO SPEECH & AUDIO PROCES, Section no. 51535",C-,1,Computer Science
Spring 2022,51535,C S, 378,INTRO TO SPEECH & AUDIO PROCES,"C S-378: INTRO TO SPEECH & AUDIO PROCES, Section no. 51535",C,1,Computer Science
Spring 2022,51535,C S, 378,INTRO TO SPEECH & AUDIO PROCES,"C S-378: INTRO TO SPEECH & AUDIO PROCES, Section no. 51535",B-,1,Computer Science
Spring 2022,51535,C S, 378,INTRO TO SPEECH & AUDIO PROCES,"C S-378: INTRO TO SPEECH & AUDIO PROCES, Section no. 51535",B,2,Computer Science
Spring 2022,51535,C S, 378,INTRO TO SPEECH & AUDIO PROCES,"C S-378: INTRO TO SPEECH & AUDIO PROCES, Section no. 51535",B+,1,Computer Science
Spring 2022,51535,C S, 378,INTRO TO SPEECH & AUDIO PROCES,"C S-378: INTRO TO SPEECH & AUDIO PROCES, Section no. 51535",A-,8,Computer Science
Spring 2022,51535,C S, 378,INTRO TO SPEECH & AUDIO PROCES,"C S-378: INTRO TO SPEECH & AUDIO PROCES, Section no. 51535",A,23,Computer Science
Spring 2022,51540,C S, 378,MOBILE NEWS APP DESIGN,"C S-378: MOBILE NEWS APP DESIGN, Section no. 51540",F,1,Computer Science
Spring 2022,51540,C S, 378,MOBILE NEWS APP DESIGN,"C S-378: MOBILE NEWS APP DESIGN, Section no. 51540",C,2,Computer Science
Spring 2022,51540,C S, 378,MOBILE NEWS APP DESIGN,"C S-378: MOBILE NEWS APP DESIGN, Section no. 51540",A,10,Computer Science
Spring 2022,51545,C S, 378,NATURAL LANGUAGE PROCESSING,"C S-378: NATURAL LANGUAGE PROCESSING, Section no. 51545",Other,5,Computer Science
Spring 2022,51545,C S, 378,NATURAL LANGUAGE PROCESSING,"C S-378: NATURAL LANGUAGE PROCESSING, Section no. 51545",F,3,Computer Science
Spring 2022,51545,C S, 378,NATURAL LANGUAGE PROCESSING,"C S-378: NATURAL LANGUAGE PROCESSING, Section no. 51545",C+,1,Computer Science
Spring 2022,51545,C S, 378,NATURAL LANGUAGE PROCESSING,"C S-378: NATURAL LANGUAGE PROCESSING, Section no. 51545",B,4,Computer Science
Spring 2022,51545,C S, 378,NATURAL LANGUAGE PROCESSING,"C S-378: NATURAL LANGUAGE PROCESSING, Section no. 51545",B+,5,Computer Science
Spring 2022,51545,C S, 378,NATURAL LANGUAGE PROCESSING,"C S-378: NATURAL LANGUAGE PROCESSING, Section no. 51545",A-,12,Computer Science
Spring 2022,51545,C S, 378,NATURAL LANGUAGE PROCESSING,"C S-378: NATURAL LANGUAGE PROCESSING, Section no. 51545",A,11,Computer Science
Spring 2022,51550,C S, 378,PROG CORRECTNESS/PERFORMNC,"C S-378: PROG CORRECTNESS/PERFORMNC, Section no. 51550",Other,5,Computer Science
Spring 2022,51550,C S, 378,PROG CORRECTNESS/PERFORMNC,"C S-378: PROG CORRECTNESS/PERFORMNC, Section no. 51550",F,1,Computer Science
Spring 2022,51550,C S, 378,PROG CORRECTNESS/PERFORMNC,"C S-378: PROG CORRECTNESS/PERFORMNC, Section no. 51550",B-,2,Computer Science
Spring 2022,51550,C S, 378,PROG CORRECTNESS/PERFORMNC,"C S-378: PROG CORRECTNESS/PERFORMNC, Section no. 51550",B,4,Computer Science
Spring 2022,51550,C S, 378,PROG CORRECTNESS/PERFORMNC,"C S-378: PROG CORRECTNESS/PERFORMNC, Section no. 51550",B+,9,Computer Science
Spring 2022,51550,C S, 378,PROG CORRECTNESS/PERFORMNC,"C S-378: PROG CORRECTNESS/PERFORMNC, Section no. 51550",A-,16,Computer Science
Spring 2022,51550,C S, 378,PROG CORRECTNESS/PERFORMNC,"C S-378: PROG CORRECTNESS/PERFORMNC, Section no. 51550",A,21,Computer Science
Spring 2022,51554,C S, 378,QUANTUM INFORMATION SCIENCE II,"C S-378: QUANTUM INFORMATION SCIENCE II, Section no. 51554",Other,1,Computer Science
Spring 2022,51554,C S, 378,QUANTUM INFORMATION SCIENCE II,"C S-378: QUANTUM INFORMATION SCIENCE II, Section no. 51554",B+,1,Computer Science
Spring 2022,51554,C S, 378,QUANTUM INFORMATION SCIENCE II,"C S-378: QUANTUM INFORMATION SCIENCE II, Section no. 51554",A-,2,Computer Science
Spring 2022,51554,C S, 378,QUANTUM INFORMATION SCIENCE II,"C S-378: QUANTUM INFORMATION SCIENCE II, Section no. 51554",A,6,Computer Science
Spring 2022,51555,C S, 378,SYMBOLIC PROGRAMMING,"C S-378: SYMBOLIC PROGRAMMING, Section no. 51555",Other,4,Computer Science
Spring 2022,51555,C S, 378,SYMBOLIC PROGRAMMING,"C S-378: SYMBOLIC PROGRAMMING, Section no. 51555",C,1,Computer Science
Spring 2022,51555,C S, 378,SYMBOLIC PROGRAMMING,"C S-378: SYMBOLIC PROGRAMMING, Section no. 51555",C+,2,Computer Science
Spring 2022,51555,C S, 378,SYMBOLIC PROGRAMMING,"C S-378: SYMBOLIC PROGRAMMING, Section no. 51555",B-,2,Computer Science
Spring 2022,51555,C S, 378,SYMBOLIC PROGRAMMING,"C S-378: SYMBOLIC PROGRAMMING, Section no. 51555",B,6,Computer Science
Spring 2022,51555,C S, 378,SYMBOLIC PROGRAMMING,"C S-378: SYMBOLIC PROGRAMMING, Section no. 51555",B+,2,Computer Science
Spring 2022,51555,C S, 378,SYMBOLIC PROGRAMMING,"C S-378: SYMBOLIC PROGRAMMING, Section no. 51555",A-,4,Computer Science
Spring 2022,51555,C S, 378,SYMBOLIC PROGRAMMING,"C S-378: SYMBOLIC PROGRAMMING, Section no. 51555",A,39,Computer Science
Spring 2022,51560,C S, 178H,INTRO TO COMP SCI RSCH-HONORS,"C S-178H: INTRO TO COMP SCI RSCH-HONORS, Section no. 51560",F,1,Computer Science
Spring 2022,51560,C S, 178H,INTRO TO COMP SCI RSCH-HONORS,"C S-178H: INTRO TO COMP SCI RSCH-HONORS, Section no. 51560",B,1,Computer Science
Spring 2022,51560,C S, 178H,INTRO TO COMP SCI RSCH-HONORS,"C S-178H: INTRO TO COMP SCI RSCH-HONORS, Section no. 51560",B+,3,Computer Science
Spring 2022,51560,C S, 178H,INTRO TO COMP SCI RSCH-HONORS,"C S-178H: INTRO TO COMP SCI RSCH-HONORS, Section no. 51560",A-,3,Computer Science
Spring 2022,51560,C S, 178H,INTRO TO COMP SCI RSCH-HONORS,"C S-178H: INTRO TO COMP SCI RSCH-HONORS, Section no. 51560",A,50,Computer Science
Spring 2022,51565,C S, 378H,COMPUTER GRAPHICS: HONORS,"C S-378H: COMPUTER GRAPHICS: HONORS, Section no. 51565",Other,4,Computer Science
Spring 2022,51565,C S, 378H,COMPUTER GRAPHICS: HONORS,"C S-378H: COMPUTER GRAPHICS: HONORS, Section no. 51565",B,1,Computer Science
Spring 2022,51565,C S, 378H,COMPUTER GRAPHICS: HONORS,"C S-378H: COMPUTER GRAPHICS: HONORS, Section no. 51565",B+,2,Computer Science
Spring 2022,51565,C S, 378H,COMPUTER GRAPHICS: HONORS,"C S-378H: COMPUTER GRAPHICS: HONORS, Section no. 51565",A-,1,Computer Science
Spring 2022,51565,C S, 378H,COMPUTER GRAPHICS: HONORS,"C S-378H: COMPUTER GRAPHICS: HONORS, Section no. 51565",A,27,Computer Science
Spring 2022,51570,C S, 378H,F1/10 AUTONOMOUS DRIVING: HON,"C S-378H: F1/10 AUTONOMOUS DRIVING: HON, Section no. 51570",Other,2,Computer Science
Spring 2022,51570,C S, 378H,F1/10 AUTONOMOUS DRIVING: HON,"C S-378H: F1/10 AUTONOMOUS DRIVING: HON, Section no. 51570",A,32,Computer Science
Spring 2022,51575,C S, 378H,INTRO TO DATA MINING: HONORS,"C S-378H: INTRO TO DATA MINING: HONORS, Section no. 51575",Other,1,Computer Science
Spring 2022,51575,C S, 378H,INTRO TO DATA MINING: HONORS,"C S-378H: INTRO TO DATA MINING: HONORS, Section no. 51575",B-,3,Computer Science
Spring 2022,51575,C S, 378H,INTRO TO DATA MINING: HONORS,"C S-378H: INTRO TO DATA MINING: HONORS, Section no. 51575",B,7,Computer Science
Spring 2022,51575,C S, 378H,INTRO TO DATA MINING: HONORS,"C S-378H: INTRO TO DATA MINING: HONORS, Section no. 51575",B+,2,Computer Science
Spring 2022,51575,C S, 378H,INTRO TO DATA MINING: HONORS,"C S-378H: INTRO TO DATA MINING: HONORS, Section no. 51575",A-,2,Computer Science
Spring 2022,51575,C S, 378H,INTRO TO DATA MINING: HONORS,"C S-378H: INTRO TO DATA MINING: HONORS, Section no. 51575",A,13,Computer Science
Spring 2022,51584,C S, 380D,DISTRIBUTED COMPUTING I-WB,"C S-380D: DISTRIBUTED COMPUTING I-WB, Section no. 51584",Other,1,Computer Science
Spring 2022,51584,C S, 380D,DISTRIBUTED COMPUTING I-WB,"C S-380D: DISTRIBUTED COMPUTING I-WB, Section no. 51584",B+,9,Computer Science
Spring 2022,51584,C S, 380D,DISTRIBUTED COMPUTING I-WB,"C S-380D: DISTRIBUTED COMPUTING I-WB, Section no. 51584",A-,4,Computer Science
Spring 2022,51584,C S, 380D,DISTRIBUTED COMPUTING I-WB,"C S-380D: DISTRIBUTED COMPUTING I-WB, Section no. 51584",A,16,Computer Science
Spring 2022,51585,C S, 380L,ADVANCED OPERATING SYSTEMS,"C S-380L: ADVANCED OPERATING SYSTEMS, Section no. 51585",Other,1,Computer Science
Spring 2022,51585,C S, 380L,ADVANCED OPERATING SYSTEMS,"C S-380L: ADVANCED OPERATING SYSTEMS, Section no. 51585",B,7,Computer Science
Spring 2022,51585,C S, 380L,ADVANCED OPERATING SYSTEMS,"C S-380L: ADVANCED OPERATING SYSTEMS, Section no. 51585",A,10,Computer Science
Spring 2022,51590,C S, 380L,ADVANCED OPERATING SYSTEMS-WB,"C S-380L: ADVANCED OPERATING SYSTEMS-WB, Section no. 51590",Other,17,Computer Science
Spring 2022,51590,C S, 380L,ADVANCED OPERATING SYSTEMS-WB,"C S-380L: ADVANCED OPERATING SYSTEMS-WB, Section no. 51590",F,6,Computer Science
Spring 2022,51590,C S, 380L,ADVANCED OPERATING SYSTEMS-WB,"C S-380L: ADVANCED OPERATING SYSTEMS-WB, Section no. 51590",C-,2,Computer Science
Spring 2022,51590,C S, 380L,ADVANCED OPERATING SYSTEMS-WB,"C S-380L: ADVANCED OPERATING SYSTEMS-WB, Section no. 51590",C+,1,Computer Science
Spring 2022,51590,C S, 380L,ADVANCED OPERATING SYSTEMS-WB,"C S-380L: ADVANCED OPERATING SYSTEMS-WB, Section no. 51590",B-,2,Computer Science
Spring 2022,51590,C S, 380L,ADVANCED OPERATING SYSTEMS-WB,"C S-380L: ADVANCED OPERATING SYSTEMS-WB, Section no. 51590",B,1,Computer Science
Spring 2022,51590,C S, 380L,ADVANCED OPERATING SYSTEMS-WB,"C S-380L: ADVANCED OPERATING SYSTEMS-WB, Section no. 51590",B+,5,Computer Science
Spring 2022,51590,C S, 380L,ADVANCED OPERATING SYSTEMS-WB,"C S-380L: ADVANCED OPERATING SYSTEMS-WB, Section no. 51590",A-,19,Computer Science
Spring 2022,51590,C S, 380L,ADVANCED OPERATING SYSTEMS-WB,"C S-380L: ADVANCED OPERATING SYSTEMS-WB, Section no. 51590",A,165,Computer Science
Spring 2022,51595,C S, 384G,COMPUTER GRAPHICS,"C S-384G: COMPUTER GRAPHICS, Section no. 51595",Other,1,Computer Science
Spring 2022,51595,C S, 384G,COMPUTER GRAPHICS,"C S-384G: COMPUTER GRAPHICS, Section no. 51595",F,1,Computer Science
Spring 2022,51595,C S, 384G,COMPUTER GRAPHICS,"C S-384G: COMPUTER GRAPHICS, Section no. 51595",D,1,Computer Science
Spring 2022,51595,C S, 384G,COMPUTER GRAPHICS,"C S-384G: COMPUTER GRAPHICS, Section no. 51595",A,11,Computer Science
Spring 2022,51600,C S, 384P,PHYSICAL SIMULTN COMP GRAPHICS,"C S-384P: PHYSICAL SIMULTN COMP GRAPHICS, Section no. 51600",Other,2,Computer Science
Spring 2022,51600,C S, 384P,PHYSICAL SIMULTN COMP GRAPHICS,"C S-384P: PHYSICAL SIMULTN COMP GRAPHICS, Section no. 51600",B+,1,Computer Science
Spring 2022,51600,C S, 384P,PHYSICAL SIMULTN COMP GRAPHICS,"C S-384P: PHYSICAL SIMULTN COMP GRAPHICS, Section no. 51600",A,22,Computer Science
Spring 2022,51605,C S, 386D,DATABASE SYSTEMS,"C S-386D: DATABASE SYSTEMS, Section no. 51605",Other,1,Computer Science
Spring 2022,51605,C S, 386D,DATABASE SYSTEMS,"C S-386D: DATABASE SYSTEMS, Section no. 51605",B-,1,Computer Science
Spring 2022,51605,C S, 386D,DATABASE SYSTEMS,"C S-386D: DATABASE SYSTEMS, Section no. 51605",B,5,Computer Science
Spring 2022,51605,C S, 386D,DATABASE SYSTEMS,"C S-386D: DATABASE SYSTEMS, Section no. 51605",B+,2,Computer Science
Spring 2022,51605,C S, 386D,DATABASE SYSTEMS,"C S-386D: DATABASE SYSTEMS, Section no. 51605",A-,2,Computer Science
Spring 2022,51605,C S, 386D,DATABASE SYSTEMS,"C S-386D: DATABASE SYSTEMS, Section no. 51605",A,6,Computer Science
Spring 2022,51615,C S, 388G,ALGORITHMS: TECHNIQUES & THRY,"C S-388G: ALGORITHMS: TECHNIQUES & THRY, Section no. 51615",Other,5,Computer Science
Spring 2022,51615,C S, 388G,ALGORITHMS: TECHNIQUES & THRY,"C S-388G: ALGORITHMS: TECHNIQUES & THRY, Section no. 51615",B-,1,Computer Science
Spring 2022,51615,C S, 388G,ALGORITHMS: TECHNIQUES & THRY,"C S-388G: ALGORITHMS: TECHNIQUES & THRY, Section no. 51615",B+,3,Computer Science
Spring 2022,51615,C S, 388G,ALGORITHMS: TECHNIQUES & THRY,"C S-388G: ALGORITHMS: TECHNIQUES & THRY, Section no. 51615",A-,18,Computer Science
Spring 2022,51615,C S, 388G,ALGORITHMS: TECHNIQUES & THRY,"C S-388G: ALGORITHMS: TECHNIQUES & THRY, Section no. 51615",A,9,Computer Science
Spring 2022,51620,C S, 388G,ALGORITHMS: TECHNQS & THRY-WB,"C S-388G: ALGORITHMS: TECHNQS & THRY-WB, Section no. 51620",Other,18,Computer Science
Spring 2022,51620,C S, 388G,ALGORITHMS: TECHNQS & THRY-WB,"C S-388G: ALGORITHMS: TECHNQS & THRY-WB, Section no. 51620",F,3,Computer Science
Spring 2022,51620,C S, 388G,ALGORITHMS: TECHNQS & THRY-WB,"C S-388G: ALGORITHMS: TECHNQS & THRY-WB, Section no. 51620",D,1,Computer Science
Spring 2022,51620,C S, 388G,ALGORITHMS: TECHNQS & THRY-WB,"C S-388G: ALGORITHMS: TECHNQS & THRY-WB, Section no. 51620",C+,1,Computer Science
Spring 2022,51620,C S, 388G,ALGORITHMS: TECHNQS & THRY-WB,"C S-388G: ALGORITHMS: TECHNQS & THRY-WB, Section no. 51620",B-,4,Computer Science
Spring 2022,51620,C S, 388G,ALGORITHMS: TECHNQS & THRY-WB,"C S-388G: ALGORITHMS: TECHNQS & THRY-WB, Section no. 51620",B,2,Computer Science
Spring 2022,51620,C S, 388G,ALGORITHMS: TECHNQS & THRY-WB,"C S-388G: ALGORITHMS: TECHNQS & THRY-WB, Section no. 51620",B+,8,Computer Science
Spring 2022,51620,C S, 388G,ALGORITHMS: TECHNQS & THRY-WB,"C S-388G: ALGORITHMS: TECHNQS & THRY-WB, Section no. 51620",A-,7,Computer Science
Spring 2022,51620,C S, 388G,ALGORITHMS: TECHNQS & THRY-WB,"C S-388G: ALGORITHMS: TECHNQS & THRY-WB, Section no. 51620",A,17,Computer Science
Spring 2022,51625,C S, 388M,COMMUNICATION COMPLEXITY,"C S-388M: COMMUNICATION COMPLEXITY, Section no. 51625",Other,1,Computer Science
Spring 2022,51625,C S, 388M,COMMUNICATION COMPLEXITY,"C S-388M: COMMUNICATION COMPLEXITY, Section no. 51625",B,2,Computer Science
Spring 2022,51625,C S, 388M,COMMUNICATION COMPLEXITY,"C S-388M: COMMUNICATION COMPLEXITY, Section no. 51625",A-,2,Computer Science
Spring 2022,51625,C S, 388M,COMMUNICATION COMPLEXITY,"C S-388M: COMMUNICATION COMPLEXITY, Section no. 51625",A,6,Computer Science
Spring 2022,51635,C S, 389L,AUTOMATED LOGICAL REASONING-WB,"C S-389L: AUTOMATED LOGICAL REASONING-WB, Section no. 51635",Other,12,Computer Science
Spring 2022,51635,C S, 389L,AUTOMATED LOGICAL REASONING-WB,"C S-389L: AUTOMATED LOGICAL REASONING-WB, Section no. 51635",F,3,Computer Science
Spring 2022,51635,C S, 389L,AUTOMATED LOGICAL REASONING-WB,"C S-389L: AUTOMATED LOGICAL REASONING-WB, Section no. 51635",C,1,Computer Science
Spring 2022,51635,C S, 389L,AUTOMATED LOGICAL REASONING-WB,"C S-389L: AUTOMATED LOGICAL REASONING-WB, Section no. 51635",C+,1,Computer Science
Spring 2022,51635,C S, 389L,AUTOMATED LOGICAL REASONING-WB,"C S-389L: AUTOMATED LOGICAL REASONING-WB, Section no. 51635",B-,11,Computer Science
Spring 2022,51635,C S, 389L,AUTOMATED LOGICAL REASONING-WB,"C S-389L: AUTOMATED LOGICAL REASONING-WB, Section no. 51635",B,16,Computer Science
Spring 2022,51635,C S, 389L,AUTOMATED LOGICAL REASONING-WB,"C S-389L: AUTOMATED LOGICAL REASONING-WB, Section no. 51635",B+,28,Computer Science
Spring 2022,51635,C S, 389L,AUTOMATED LOGICAL REASONING-WB,"C S-389L: AUTOMATED LOGICAL REASONING-WB, Section no. 51635",A-,15,Computer Science
Spring 2022,51635,C S, 389L,AUTOMATED LOGICAL REASONING-WB,"C S-389L: AUTOMATED LOGICAL REASONING-WB, Section no. 51635",A,28,Computer Science
Spring 2022,51640,C S, 391L,MACHINE LEARNING-WB,"C S-391L: MACHINE LEARNING-WB, Section no. 51640",Other,22,Computer Science
Spring 2022,51640,C S, 391L,MACHINE LEARNING-WB,"C S-391L: MACHINE LEARNING-WB, Section no. 51640",C,3,Computer Science
Spring 2022,51640,C S, 391L,MACHINE LEARNING-WB,"C S-391L: MACHINE LEARNING-WB, Section no. 51640",C+,2,Computer Science
Spring 2022,51640,C S, 391L,MACHINE LEARNING-WB,"C S-391L: MACHINE LEARNING-WB, Section no. 51640",B,16,Computer Science
Spring 2022,51640,C S, 391L,MACHINE LEARNING-WB,"C S-391L: MACHINE LEARNING-WB, Section no. 51640",B+,12,Computer Science
Spring 2022,51640,C S, 391L,MACHINE LEARNING-WB,"C S-391L: MACHINE LEARNING-WB, Section no. 51640",A-,3,Computer Science
Spring 2022,51640,C S, 391L,MACHINE LEARNING-WB,"C S-391L: MACHINE LEARNING-WB, Section no. 51640",A,35,Computer Science
Spring 2022,51643,C S, 394D,DEEP LEARNING-WB,"C S-394D: DEEP LEARNING-WB, Section no. 51643",Other,17,Computer Science
Spring 2022,51643,C S, 394D,DEEP LEARNING-WB,"C S-394D: DEEP LEARNING-WB, Section no. 51643",F,7,Computer Science
Spring 2022,51643,C S, 394D,DEEP LEARNING-WB,"C S-394D: DEEP LEARNING-WB, Section no. 51643",D,1,Computer Science
Spring 2022,51643,C S, 394D,DEEP LEARNING-WB,"C S-394D: DEEP LEARNING-WB, Section no. 51643",D+,1,Computer Science
Spring 2022,51643,C S, 394D,DEEP LEARNING-WB,"C S-394D: DEEP LEARNING-WB, Section no. 51643",C-,2,Computer Science
Spring 2022,51643,C S, 394D,DEEP LEARNING-WB,"C S-394D: DEEP LEARNING-WB, Section no. 51643",C,1,Computer Science
Spring 2022,51643,C S, 394D,DEEP LEARNING-WB,"C S-394D: DEEP LEARNING-WB, Section no. 51643",C+,1,Computer Science
Spring 2022,51643,C S, 394D,DEEP LEARNING-WB,"C S-394D: DEEP LEARNING-WB, Section no. 51643",B,1,Computer Science
Spring 2022,51643,C S, 394D,DEEP LEARNING-WB,"C S-394D: DEEP LEARNING-WB, Section no. 51643",B+,6,Computer Science
Spring 2022,51643,C S, 394D,DEEP LEARNING-WB,"C S-394D: DEEP LEARNING-WB, Section no. 51643",A-,17,Computer Science
Spring 2022,51643,C S, 394D,DEEP LEARNING-WB,"C S-394D: DEEP LEARNING-WB, Section no. 51643",A,29,Computer Science
Spring 2022,51644,C S, 393P,PROGRAM SYNTHESIS,"C S-393P: PROGRAM SYNTHESIS, Section no. 51644",B,1,Computer Science
Spring 2022,51644,C S, 393P,PROGRAM SYNTHESIS,"C S-393P: PROGRAM SYNTHESIS, Section no. 51644",B+,1,Computer Science
Spring 2022,51644,C S, 393P,PROGRAM SYNTHESIS,"C S-393P: PROGRAM SYNTHESIS, Section no. 51644",A-,2,Computer Science
Spring 2022,51644,C S, 393P,PROGRAM SYNTHESIS,"C S-393P: PROGRAM SYNTHESIS, Section no. 51644",A,15,Computer Science
Spring 2022,51650,C S, 394R,REINFORCEMENT LEARN: THRY/PRAC,"C S-394R: REINFORCEMENT LEARN: THRY/PRAC, Section no. 51650",Other,9,Computer Science
Spring 2022,51650,C S, 394R,REINFORCEMENT LEARN: THRY/PRAC,"C S-394R: REINFORCEMENT LEARN: THRY/PRAC, Section no. 51650",C+,1,Computer Science
Spring 2022,51650,C S, 394R,REINFORCEMENT LEARN: THRY/PRAC,"C S-394R: REINFORCEMENT LEARN: THRY/PRAC, Section no. 51650",B-,5,Computer Science
Spring 2022,51650,C S, 394R,REINFORCEMENT LEARN: THRY/PRAC,"C S-394R: REINFORCEMENT LEARN: THRY/PRAC, Section no. 51650",B,8,Computer Science
Spring 2022,51650,C S, 394R,REINFORCEMENT LEARN: THRY/PRAC,"C S-394R: REINFORCEMENT LEARN: THRY/PRAC, Section no. 51650",B+,7,Computer Science
Spring 2022,51650,C S, 394R,REINFORCEMENT LEARN: THRY/PRAC,"C S-394R: REINFORCEMENT LEARN: THRY/PRAC, Section no. 51650",A-,17,Computer Science
Spring 2022,51650,C S, 394R,REINFORCEMENT LEARN: THRY/PRAC,"C S-394R: REINFORCEMENT LEARN: THRY/PRAC, Section no. 51650",A,40,Computer Science
Spring 2022,51680,C S, 395T,ADVANCED MACHINE LEARNING,"C S-395T: ADVANCED MACHINE LEARNING, Section no. 51680",Other,2,Computer Science
Spring 2022,51680,C S, 395T,ADVANCED MACHINE LEARNING,"C S-395T: ADVANCED MACHINE LEARNING, Section no. 51680",A,27,Computer Science
Spring 2022,51690,C S, 395T,CODING THEORY,"C S-395T: CODING THEORY, Section no. 51690",B,1,Computer Science
Spring 2022,51690,C S, 395T,CODING THEORY,"C S-395T: CODING THEORY, Section no. 51690",A-,3,Computer Science
Spring 2022,51690,C S, 395T,CODING THEORY,"C S-395T: CODING THEORY, Section no. 51690",A,6,Computer Science
Spring 2022,51695,C S, 395T,DATA-DRIVEN ALGORITHM DESIGN,"C S-395T: DATA-DRIVEN ALGORITHM DESIGN, Section no. 51695",Other,4,Computer Science
Spring 2022,51695,C S, 395T,DATA-DRIVEN ALGORITHM DESIGN,"C S-395T: DATA-DRIVEN ALGORITHM DESIGN, Section no. 51695",B,1,Computer Science
Spring 2022,51695,C S, 395T,DATA-DRIVEN ALGORITHM DESIGN,"C S-395T: DATA-DRIVEN ALGORITHM DESIGN, Section no. 51695",B+,1,Computer Science
Spring 2022,51695,C S, 395T,DATA-DRIVEN ALGORITHM DESIGN,"C S-395T: DATA-DRIVEN ALGORITHM DESIGN, Section no. 51695",A-,3,Computer Science
Spring 2022,51695,C S, 395T,DATA-DRIVEN ALGORITHM DESIGN,"C S-395T: DATA-DRIVEN ALGORITHM DESIGN, Section no. 51695",A,5,Computer Science
Spring 2022,51699,C S, 395T,ELCT DSCVRY & DGTL EVIDENCE,"C S-395T: ELCT DSCVRY & DGTL EVIDENCE, Section no. 51699",Other,1,Computer Science
Spring 2022,51699,C S, 395T,ELCT DSCVRY & DGTL EVIDENCE,"C S-395T: ELCT DSCVRY & DGTL EVIDENCE, Section no. 51699",B+,1,Computer Science
Spring 2022,51699,C S, 395T,ELCT DSCVRY & DGTL EVIDENCE,"C S-395T: ELCT DSCVRY & DGTL EVIDENCE, Section no. 51699",A-,3,Computer Science
Spring 2022,51699,C S, 395T,ELCT DSCVRY & DGTL EVIDENCE,"C S-395T: ELCT DSCVRY & DGTL EVIDENCE, Section no. 51699",A,7,Computer Science
Spring 2022,51705,C S, 395T,GROUNDED NAT LANG PROCESSING,"C S-395T: GROUNDED NAT LANG PROCESSING, Section no. 51705",B,2,Computer Science
Spring 2022,51705,C S, 395T,GROUNDED NAT LANG PROCESSING,"C S-395T: GROUNDED NAT LANG PROCESSING, Section no. 51705",B+,2,Computer Science
Spring 2022,51705,C S, 395T,GROUNDED NAT LANG PROCESSING,"C S-395T: GROUNDED NAT LANG PROCESSING, Section no. 51705",A-,8,Computer Science
Spring 2022,51705,C S, 395T,GROUNDED NAT LANG PROCESSING,"C S-395T: GROUNDED NAT LANG PROCESSING, Section no. 51705",A,19,Computer Science
Spring 2022,51709,C S, 395T,HUMAN COMPUT AND CROWDSOURCING,"C S-395T: HUMAN COMPUT AND CROWDSOURCING, Section no. 51709",A-,3,Computer Science
Spring 2022,51709,C S, 395T,HUMAN COMPUT AND CROWDSOURCING,"C S-395T: HUMAN COMPUT AND CROWDSOURCING, Section no. 51709",A,12,Computer Science
Spring 2022,51710,C S, 395T,NUMER OPTIMIZ: GRAPHICS/AI,"C S-395T: NUMER OPTIMIZ: GRAPHICS/AI, Section no. 51710",Other,2,Computer Science
Spring 2022,51710,C S, 395T,NUMER OPTIMIZ: GRAPHICS/AI,"C S-395T: NUMER OPTIMIZ: GRAPHICS/AI, Section no. 51710",A-,1,Computer Science
Spring 2022,51710,C S, 395T,NUMER OPTIMIZ: GRAPHICS/AI,"C S-395T: NUMER OPTIMIZ: GRAPHICS/AI, Section no. 51710",A,10,Computer Science
Spring 2022,51715,C S, 395T,ONLINE LRNG/OPTIMIZATION-WB,"C S-395T: ONLINE LRNG/OPTIMIZATION-WB, Section no. 51715",Other,43,Computer Science
Spring 2022,51715,C S, 395T,ONLINE LRNG/OPTIMIZATION-WB,"C S-395T: ONLINE LRNG/OPTIMIZATION-WB, Section no. 51715",F,4,Computer Science
Spring 2022,51715,C S, 395T,ONLINE LRNG/OPTIMIZATION-WB,"C S-395T: ONLINE LRNG/OPTIMIZATION-WB, Section no. 51715",D,1,Computer Science
Spring 2022,51715,C S, 395T,ONLINE LRNG/OPTIMIZATION-WB,"C S-395T: ONLINE LRNG/OPTIMIZATION-WB, Section no. 51715",C-,1,Computer Science
Spring 2022,51715,C S, 395T,ONLINE LRNG/OPTIMIZATION-WB,"C S-395T: ONLINE LRNG/OPTIMIZATION-WB, Section no. 51715",C,2,Computer Science
Spring 2022,51715,C S, 395T,ONLINE LRNG/OPTIMIZATION-WB,"C S-395T: ONLINE LRNG/OPTIMIZATION-WB, Section no. 51715",B-,3,Computer Science
Spring 2022,51715,C S, 395T,ONLINE LRNG/OPTIMIZATION-WB,"C S-395T: ONLINE LRNG/OPTIMIZATION-WB, Section no. 51715",B,9,Computer Science
Spring 2022,51715,C S, 395T,ONLINE LRNG/OPTIMIZATION-WB,"C S-395T: ONLINE LRNG/OPTIMIZATION-WB, Section no. 51715",B+,39,Computer Science
Spring 2022,51715,C S, 395T,ONLINE LRNG/OPTIMIZATION-WB,"C S-395T: ONLINE LRNG/OPTIMIZATION-WB, Section no. 51715",A-,74,Computer Science
Spring 2022,51715,C S, 395T,ONLINE LRNG/OPTIMIZATION-WB,"C S-395T: ONLINE LRNG/OPTIMIZATION-WB, Section no. 51715",A,98,Computer Science
Spring 2022,51719,C S, 395T,OPTIMIZATION-WB,"C S-395T: OPTIMIZATION-WB, Section no. 51719",Other,3,Computer Science
Spring 2022,51719,C S, 395T,OPTIMIZATION-WB,"C S-395T: OPTIMIZATION-WB, Section no. 51719",F,2,Computer Science
Spring 2022,51719,C S, 395T,OPTIMIZATION-WB,"C S-395T: OPTIMIZATION-WB, Section no. 51719",D,1,Computer Science
Spring 2022,51719,C S, 395T,OPTIMIZATION-WB,"C S-395T: OPTIMIZATION-WB, Section no. 51719",C,1,Computer Science
Spring 2022,51719,C S, 395T,OPTIMIZATION-WB,"C S-395T: OPTIMIZATION-WB, Section no. 51719",B-,1,Computer Science
Spring 2022,51719,C S, 395T,OPTIMIZATION-WB,"C S-395T: OPTIMIZATION-WB, Section no. 51719",B+,15,Computer Science
Spring 2022,51719,C S, 395T,OPTIMIZATION-WB,"C S-395T: OPTIMIZATION-WB, Section no. 51719",A-,17,Computer Science
Spring 2022,51719,C S, 395T,OPTIMIZATION-WB,"C S-395T: OPTIMIZATION-WB, Section no. 51719",A,12,Computer Science
Spring 2022,51725,C S, 395T,QUANTUM INFORMATION SCIENCE II,"C S-395T: QUANTUM INFORMATION SCIENCE II, Section no. 51725",Other,1,Computer Science
Spring 2022,51725,C S, 395T,QUANTUM INFORMATION SCIENCE II,"C S-395T: QUANTUM INFORMATION SCIENCE II, Section no. 51725",B,2,Computer Science
Spring 2022,51725,C S, 395T,QUANTUM INFORMATION SCIENCE II,"C S-395T: QUANTUM INFORMATION SCIENCE II, Section no. 51725",B+,1,Computer Science
Spring 2022,51725,C S, 395T,QUANTUM INFORMATION SCIENCE II,"C S-395T: QUANTUM INFORMATION SCIENCE II, Section no. 51725",A-,4,Computer Science
Spring 2022,51725,C S, 395T,QUANTUM INFORMATION SCIENCE II,"C S-395T: QUANTUM INFORMATION SCIENCE II, Section no. 51725",A,6,Computer Science
Spring 2022,51730,C S, 395T,QUANTUM INFORMATION SCIENCE-WB,"C S-395T: QUANTUM INFORMATION SCIENCE-WB, Section no. 51730",Other,49,Computer Science
Spring 2022,51730,C S, 395T,QUANTUM INFORMATION SCIENCE-WB,"C S-395T: QUANTUM INFORMATION SCIENCE-WB, Section no. 51730",F,9,Computer Science
Spring 2022,51730,C S, 395T,QUANTUM INFORMATION SCIENCE-WB,"C S-395T: QUANTUM INFORMATION SCIENCE-WB, Section no. 51730",D,3,Computer Science
Spring 2022,51730,C S, 395T,QUANTUM INFORMATION SCIENCE-WB,"C S-395T: QUANTUM INFORMATION SCIENCE-WB, Section no. 51730",D+,1,Computer Science
Spring 2022,51730,C S, 395T,QUANTUM INFORMATION SCIENCE-WB,"C S-395T: QUANTUM INFORMATION SCIENCE-WB, Section no. 51730",C-,7,Computer Science
Spring 2022,51730,C S, 395T,QUANTUM INFORMATION SCIENCE-WB,"C S-395T: QUANTUM INFORMATION SCIENCE-WB, Section no. 51730",C,17,Computer Science
Spring 2022,51730,C S, 395T,QUANTUM INFORMATION SCIENCE-WB,"C S-395T: QUANTUM INFORMATION SCIENCE-WB, Section no. 51730",C+,17,Computer Science
Spring 2022,51730,C S, 395T,QUANTUM INFORMATION SCIENCE-WB,"C S-395T: QUANTUM INFORMATION SCIENCE-WB, Section no. 51730",B-,24,Computer Science
Spring 2022,51730,C S, 395T,QUANTUM INFORMATION SCIENCE-WB,"C S-395T: QUANTUM INFORMATION SCIENCE-WB, Section no. 51730",B,24,Computer Science
Spring 2022,51730,C S, 395T,QUANTUM INFORMATION SCIENCE-WB,"C S-395T: QUANTUM INFORMATION SCIENCE-WB, Section no. 51730",B+,13,Computer Science
Spring 2022,51730,C S, 395T,QUANTUM INFORMATION SCIENCE-WB,"C S-395T: QUANTUM INFORMATION SCIENCE-WB, Section no. 51730",A-,23,Computer Science
Spring 2022,51730,C S, 395T,QUANTUM INFORMATION SCIENCE-WB,"C S-395T: QUANTUM INFORMATION SCIENCE-WB, Section no. 51730",A,21,Computer Science
Spring 2022,51735,C S, 395T,SPECIAL TOPICS COMPUTER ARCH,"C S-395T: SPECIAL TOPICS COMPUTER ARCH, Section no. 51735",B-,1,Computer Science
Spring 2022,51735,C S, 395T,SPECIAL TOPICS COMPUTER ARCH,"C S-395T: SPECIAL TOPICS COMPUTER ARCH, Section no. 51735",B,3,Computer Science
Spring 2022,51735,C S, 395T,SPECIAL TOPICS COMPUTER ARCH,"C S-395T: SPECIAL TOPICS COMPUTER ARCH, Section no. 51735",B+,2,Computer Science
Spring 2022,51735,C S, 395T,SPECIAL TOPICS COMPUTER ARCH,"C S-395T: SPECIAL TOPICS COMPUTER ARCH, Section no. 51735",A-,9,Computer Science
Spring 2022,51735,C S, 395T,SPECIAL TOPICS COMPUTER ARCH,"C S-395T: SPECIAL TOPICS COMPUTER ARCH, Section no. 51735",A,7,Computer Science
Spring 2022,51740,C S, 395T,SYSTEMS VERIFICATION/SYNTHESIS,"C S-395T: SYSTEMS VERIFICATION/SYNTHESIS, Section no. 51740",Other,1,Computer Science
Spring 2022,51740,C S, 395T,SYSTEMS VERIFICATION/SYNTHESIS,"C S-395T: SYSTEMS VERIFICATION/SYNTHESIS, Section no. 51740",C-,1,Computer Science
Spring 2022,51740,C S, 395T,SYSTEMS VERIFICATION/SYNTHESIS,"C S-395T: SYSTEMS VERIFICATION/SYNTHESIS, Section no. 51740",C,2,Computer Science
Spring 2022,51740,C S, 395T,SYSTEMS VERIFICATION/SYNTHESIS,"C S-395T: SYSTEMS VERIFICATION/SYNTHESIS, Section no. 51740",C+,1,Computer Science
Spring 2022,51740,C S, 395T,SYSTEMS VERIFICATION/SYNTHESIS,"C S-395T: SYSTEMS VERIFICATION/SYNTHESIS, Section no. 51740",B-,1,Computer Science
Spring 2022,51740,C S, 395T,SYSTEMS VERIFICATION/SYNTHESIS,"C S-395T: SYSTEMS VERIFICATION/SYNTHESIS, Section no. 51740",B+,1,Computer Science
Spring 2022,51740,C S, 395T,SYSTEMS VERIFICATION/SYNTHESIS,"C S-395T: SYSTEMS VERIFICATION/SYNTHESIS, Section no. 51740",A-,5,Computer Science
Spring 2022,51740,C S, 395T,SYSTEMS VERIFICATION/SYNTHESIS,"C S-395T: SYSTEMS VERIFICATION/SYNTHESIS, Section no. 51740",A,9,Computer Science
Spring 2022,51744,C S, 395T,TOPICS IN CRYPTOGRAPHY,"C S-395T: TOPICS IN CRYPTOGRAPHY, Section no. 51744",B+,3,Computer Science
Spring 2022,51744,C S, 395T,TOPICS IN CRYPTOGRAPHY,"C S-395T: TOPICS IN CRYPTOGRAPHY, Section no. 51744",A-,1,Computer Science
Spring 2022,51744,C S, 395T,TOPICS IN CRYPTOGRAPHY,"C S-395T: TOPICS IN CRYPTOGRAPHY, Section no. 51744",A,13,Computer Science
Spring 2022,56245,DSC, 381,PROB/SIM-BASD INFR DATA SCI-WB,"DSC-381: PROB/SIM-BASD INFR DATA SCI-WB, Section no. 56245",Other,30,Data Science
Spring 2022,56245,DSC, 381,PROB/SIM-BASD INFR DATA SCI-WB,"DSC-381: PROB/SIM-BASD INFR DATA SCI-WB, Section no. 56245",F,14,Data Science
Spring 2022,56245,DSC, 381,PROB/SIM-BASD INFR DATA SCI-WB,"DSC-381: PROB/SIM-BASD INFR DATA SCI-WB, Section no. 56245",D-,1,Data Science
Spring 2022,56245,DSC, 381,PROB/SIM-BASD INFR DATA SCI-WB,"DSC-381: PROB/SIM-BASD INFR DATA SCI-WB, Section no. 56245",D,1,Data Science
Spring 2022,56245,DSC, 381,PROB/SIM-BASD INFR DATA SCI-WB,"DSC-381: PROB/SIM-BASD INFR DATA SCI-WB, Section no. 56245",D+,2,Data Science
Spring 2022,56245,DSC, 381,PROB/SIM-BASD INFR DATA SCI-WB,"DSC-381: PROB/SIM-BASD INFR DATA SCI-WB, Section no. 56245",C-,5,Data Science
Spring 2022,56245,DSC, 381,PROB/SIM-BASD INFR DATA SCI-WB,"DSC-381: PROB/SIM-BASD INFR DATA SCI-WB, Section no. 56245",C,6,Data Science
Spring 2022,56245,DSC, 381,PROB/SIM-BASD INFR DATA SCI-WB,"DSC-381: PROB/SIM-BASD INFR DATA SCI-WB, Section no. 56245",C+,8,Data Science
Spring 2022,56245,DSC, 381,PROB/SIM-BASD INFR DATA SCI-WB,"DSC-381: PROB/SIM-BASD INFR DATA SCI-WB, Section no. 56245",B-,9,Data Science
Spring 2022,56245,DSC, 381,PROB/SIM-BASD INFR DATA SCI-WB,"DSC-381: PROB/SIM-BASD INFR DATA SCI-WB, Section no. 56245",B,14,Data Science
Spring 2022,56245,DSC, 381,PROB/SIM-BASD INFR DATA SCI-WB,"DSC-381: PROB/SIM-BASD INFR DATA SCI-WB, Section no. 56245",B+,23,Data Science
Spring 2022,56245,DSC, 381,PROB/SIM-BASD INFR DATA SCI-WB,"DSC-381: PROB/SIM-BASD INFR DATA SCI-WB, Section no. 56245",A-,38,Data Science
Spring 2022,56245,DSC, 381,PROB/SIM-BASD INFR DATA SCI-WB,"DSC-381: PROB/SIM-BASD INFR DATA SCI-WB, Section no. 56245",A,68,Data Science
Spring 2022,56250,DSC, 382,FNDTNS REGRSSION/PRED MODEL-WB,"DSC-382: FNDTNS REGRSSION/PRED MODEL-WB, Section no. 56250",Other,25,Data Science
Spring 2022,56250,DSC, 382,FNDTNS REGRSSION/PRED MODEL-WB,"DSC-382: FNDTNS REGRSSION/PRED MODEL-WB, Section no. 56250",D,4,Data Science
Spring 2022,56250,DSC, 382,FNDTNS REGRSSION/PRED MODEL-WB,"DSC-382: FNDTNS REGRSSION/PRED MODEL-WB, Section no. 56250",B,12,Data Science
Spring 2022,56250,DSC, 382,FNDTNS REGRSSION/PRED MODEL-WB,"DSC-382: FNDTNS REGRSSION/PRED MODEL-WB, Section no. 56250",A,105,Data Science
Spring 2022,56255,DSC, 383,ADV PREDCTV MDLS COMPLX DAT-WB,"DSC-383: ADV PREDCTV MDLS COMPLX DAT-WB, Section no. 56255",Other,3,Data Science
Spring 2022,56255,DSC, 383,ADV PREDCTV MDLS COMPLX DAT-WB,"DSC-383: ADV PREDCTV MDLS COMPLX DAT-WB, Section no. 56255",F,2,Data Science
Spring 2022,56255,DSC, 383,ADV PREDCTV MDLS COMPLX DAT-WB,"DSC-383: ADV PREDCTV MDLS COMPLX DAT-WB, Section no. 56255",B-,4,Data Science
Spring 2022,56255,DSC, 383,ADV PREDCTV MDLS COMPLX DAT-WB,"DSC-383: ADV PREDCTV MDLS COMPLX DAT-WB, Section no. 56255",B,4,Data Science
Spring 2022,56255,DSC, 383,ADV PREDCTV MDLS COMPLX DAT-WB,"DSC-383: ADV PREDCTV MDLS COMPLX DAT-WB, Section no. 56255",A-,2,Data Science
Spring 2022,56255,DSC, 383,ADV PREDCTV MDLS COMPLX DAT-WB,"DSC-383: ADV PREDCTV MDLS COMPLX DAT-WB, Section no. 56255",A,20,Data Science
Spring 2022,56260,DSC, 385,DATA EXPLR/VISUALIZATN-WB,"DSC-385: DATA EXPLR/VISUALIZATN-WB, Section no. 56260",Other,11,Data Science
Spring 2022,56260,DSC, 385,DATA EXPLR/VISUALIZATN-WB,"DSC-385: DATA EXPLR/VISUALIZATN-WB, Section no. 56260",F,7,Data Science
Spring 2022,56260,DSC, 385,DATA EXPLR/VISUALIZATN-WB,"DSC-385: DATA EXPLR/VISUALIZATN-WB, Section no. 56260",C,7,Data Science
Spring 2022,56260,DSC, 385,DATA EXPLR/VISUALIZATN-WB,"DSC-385: DATA EXPLR/VISUALIZATN-WB, Section no. 56260",B,23,Data Science
Spring 2022,56260,DSC, 385,DATA EXPLR/VISUALIZATN-WB,"DSC-385: DATA EXPLR/VISUALIZATN-WB, Section no. 56260",A,302,Data Science
Spring 2022,56265,DSC, 391L,PRINCIPLES MACHINE LEARNING-WB,"DSC-391L: PRINCIPLES MACHINE LEARNING-WB, Section no. 56265",Other,8,Data Science
Spring 2022,56265,DSC, 391L,PRINCIPLES MACHINE LEARNING-WB,"DSC-391L: PRINCIPLES MACHINE LEARNING-WB, Section no. 56265",B,3,Data Science
Spring 2022,56265,DSC, 391L,PRINCIPLES MACHINE LEARNING-WB,"DSC-391L: PRINCIPLES MACHINE LEARNING-WB, Section no. 56265",B+,1,Data Science
Spring 2022,56265,DSC, 391L,PRINCIPLES MACHINE LEARNING-WB,"DSC-391L: PRINCIPLES MACHINE LEARNING-WB, Section no. 56265",A,7,Data Science
Spring 2022,56269,DSC, 395T,DATA STRUCTURES & ALGORITHM-WB,"DSC-395T: DATA STRUCTURES & ALGORITHM-WB, Section no. 56269",Other,81,Data Science
Spring 2022,56269,DSC, 395T,DATA STRUCTURES & ALGORITHM-WB,"DSC-395T: DATA STRUCTURES & ALGORITHM-WB, Section no. 56269",C,59,Data Science
Spring 2022,56269,DSC, 395T,DATA STRUCTURES & ALGORITHM-WB,"DSC-395T: DATA STRUCTURES & ALGORITHM-WB, Section no. 56269",C+,7,Data Science
Spring 2022,56269,DSC, 395T,DATA STRUCTURES & ALGORITHM-WB,"DSC-395T: DATA STRUCTURES & ALGORITHM-WB, Section no. 56269",B-,17,Data Science
Spring 2022,56269,DSC, 395T,DATA STRUCTURES & ALGORITHM-WB,"DSC-395T: DATA STRUCTURES & ALGORITHM-WB, Section no. 56269",B,65,Data Science
Spring 2022,56269,DSC, 395T,DATA STRUCTURES & ALGORITHM-WB,"DSC-395T: DATA STRUCTURES & ALGORITHM-WB, Section no. 56269",B+,46,Data Science
Spring 2022,56269,DSC, 395T,DATA STRUCTURES & ALGORITHM-WB,"DSC-395T: DATA STRUCTURES & ALGORITHM-WB, Section no. 56269",A-,79,Data Science
Spring 2022,56269,DSC, 395T,DATA STRUCTURES & ALGORITHM-WB,"DSC-395T: DATA STRUCTURES & ALGORITHM-WB, Section no. 56269",A,154,Data Science
Spring 2022,56270,DSC, 395T,DEEP LEARNING-WB,"DSC-395T: DEEP LEARNING-WB, Section no. 56270",Other,2,Data Science
Spring 2022,56270,DSC, 395T,DEEP LEARNING-WB,"DSC-395T: DEEP LEARNING-WB, Section no. 56270",F,2,Data Science
Spring 2022,56270,DSC, 395T,DEEP LEARNING-WB,"DSC-395T: DEEP LEARNING-WB, Section no. 56270",C,1,Data Science
Spring 2022,56270,DSC, 395T,DEEP LEARNING-WB,"DSC-395T: DEEP LEARNING-WB, Section no. 56270",B,1,Data Science
Spring 2022,56270,DSC, 395T,DEEP LEARNING-WB,"DSC-395T: DEEP LEARNING-WB, Section no. 56270",A-,2,Data Science
Spring 2022,56270,DSC, 395T,DEEP LEARNING-WB,"DSC-395T: DEEP LEARNING-WB, Section no. 56270",A,7,Data Science
Spring 2022,56276,DSC, 395T,OPTIMIZATION-WB,"DSC-395T: OPTIMIZATION-WB, Section no. 56276",B+,3,Data Science
Spring 2022,56276,DSC, 395T,OPTIMIZATION-WB,"DSC-395T: OPTIMIZATION-WB, Section no. 56276",A-,4,Data Science
Summer 2022,86435,C S,N303E,ELEMS OF COMPUTERS/PROGRAMMING,"C S-N303E: ELEMS OF COMPUTERS/PROGRAMMING, Section no. 86435",Other,11,Computer Science
Summer 2022,86435,C S,N303E,ELEMS OF COMPUTERS/PROGRAMMING,"C S-N303E: ELEMS OF COMPUTERS/PROGRAMMING, Section no. 86435",F,7,Computer Science
Summer 2022,86435,C S,N303E,ELEMS OF COMPUTERS/PROGRAMMING,"C S-N303E: ELEMS OF COMPUTERS/PROGRAMMING, Section no. 86435",D-,1,Computer Science
Summer 2022,86435,C S,N303E,ELEMS OF COMPUTERS/PROGRAMMING,"C S-N303E: ELEMS OF COMPUTERS/PROGRAMMING, Section no. 86435",D,1,Computer Science
Summer 2022,86435,C S,N303E,ELEMS OF COMPUTERS/PROGRAMMING,"C S-N303E: ELEMS OF COMPUTERS/PROGRAMMING, Section no. 86435",D+,2,Computer Science
Summer 2022,86435,C S,N303E,ELEMS OF COMPUTERS/PROGRAMMING,"C S-N303E: ELEMS OF COMPUTERS/PROGRAMMING, Section no. 86435",C-,3,Computer Science
Summer 2022,86435,C S,N303E,ELEMS OF COMPUTERS/PROGRAMMING,"C S-N303E: ELEMS OF COMPUTERS/PROGRAMMING, Section no. 86435",C,6,Computer Science
Summer 2022,86435,C S,N303E,ELEMS OF COMPUTERS/PROGRAMMING,"C S-N303E: ELEMS OF COMPUTERS/PROGRAMMING, Section no. 86435",C+,4,Computer Science
Summer 2022,86435,C S,N303E,ELEMS OF COMPUTERS/PROGRAMMING,"C S-N303E: ELEMS OF COMPUTERS/PROGRAMMING, Section no. 86435",B-,3,Computer Science
Summer 2022,86435,C S,N303E,ELEMS OF COMPUTERS/PROGRAMMING,"C S-N303E: ELEMS OF COMPUTERS/PROGRAMMING, Section no. 86435",B,11,Computer Science
Summer 2022,86435,C S,N303E,ELEMS OF COMPUTERS/PROGRAMMING,"C S-N303E: ELEMS OF COMPUTERS/PROGRAMMING, Section no. 86435",B+,7,Computer Science
Summer 2022,86435,C S,N303E,ELEMS OF COMPUTERS/PROGRAMMING,"C S-N303E: ELEMS OF COMPUTERS/PROGRAMMING, Section no. 86435",A-,5,Computer Science
Summer 2022,86435,C S,N303E,ELEMS OF COMPUTERS/PROGRAMMING,"C S-N303E: ELEMS OF COMPUTERS/PROGRAMMING, Section no. 86435",A,12,Computer Science
Summer 2022,86439,C S,N313E,ELEMENTS OF SOFTWARE DESIGN-WB,"C S-N313E: ELEMENTS OF SOFTWARE DESIGN-WB, Section no. 86439",Other,9,Computer Science
Summer 2022,86439,C S,N313E,ELEMENTS OF SOFTWARE DESIGN-WB,"C S-N313E: ELEMENTS OF SOFTWARE DESIGN-WB, Section no. 86439",C-,1,Computer Science
Summer 2022,86439,C S,N313E,ELEMENTS OF SOFTWARE DESIGN-WB,"C S-N313E: ELEMENTS OF SOFTWARE DESIGN-WB, Section no. 86439",C,1,Computer Science
Summer 2022,86439,C S,N313E,ELEMENTS OF SOFTWARE DESIGN-WB,"C S-N313E: ELEMENTS OF SOFTWARE DESIGN-WB, Section no. 86439",C+,2,Computer Science
Summer 2022,86439,C S,N313E,ELEMENTS OF SOFTWARE DESIGN-WB,"C S-N313E: ELEMENTS OF SOFTWARE DESIGN-WB, Section no. 86439",B-,1,Computer Science
Summer 2022,86439,C S,N313E,ELEMENTS OF SOFTWARE DESIGN-WB,"C S-N313E: ELEMENTS OF SOFTWARE DESIGN-WB, Section no. 86439",B,4,Computer Science
Summer 2022,86439,C S,N313E,ELEMENTS OF SOFTWARE DESIGN-WB,"C S-N313E: ELEMENTS OF SOFTWARE DESIGN-WB, Section no. 86439",B+,5,Computer Science
Summer 2022,86439,C S,N313E,ELEMENTS OF SOFTWARE DESIGN-WB,"C S-N313E: ELEMENTS OF SOFTWARE DESIGN-WB, Section no. 86439",A-,7,Computer Science
Summer 2022,86439,C S,N313E,ELEMENTS OF SOFTWARE DESIGN-WB,"C S-N313E: ELEMENTS OF SOFTWARE DESIGN-WB, Section no. 86439",A,26,Computer Science
Summer 2022,86441,C S,F349,CONTEMP ISSUES IN COMPUTER SCI,"C S-F349: CONTEMP ISSUES IN COMPUTER SCI, Section no. 86441",C+,3,Computer Science
Summer 2022,86441,C S,F349,CONTEMP ISSUES IN COMPUTER SCI,"C S-F349: CONTEMP ISSUES IN COMPUTER SCI, Section no. 86441",B-,1,Computer Science
Summer 2022,86441,C S,F349,CONTEMP ISSUES IN COMPUTER SCI,"C S-F349: CONTEMP ISSUES IN COMPUTER SCI, Section no. 86441",B,1,Computer Science
Summer 2022,86441,C S,F349,CONTEMP ISSUES IN COMPUTER SCI,"C S-F349: CONTEMP ISSUES IN COMPUTER SCI, Section no. 86441",B+,3,Computer Science
Summer 2022,86441,C S,F349,CONTEMP ISSUES IN COMPUTER SCI,"C S-F349: CONTEMP ISSUES IN COMPUTER SCI, Section no. 86441",A-,4,Computer Science
Summer 2022,86441,C S,F349,CONTEMP ISSUES IN COMPUTER SCI,"C S-F349: CONTEMP ISSUES IN COMPUTER SCI, Section no. 86441",A,21,Computer Science
Summer 2022,86443,C S,F329E,ELEMENTS OF DATA ANALYTICS-WB,"C S-F329E: ELEMENTS OF DATA ANALYTICS-WB, Section no. 86443",Other,1,Computer Science
Summer 2022,86443,C S,F329E,ELEMENTS OF DATA ANALYTICS-WB,"C S-F329E: ELEMENTS OF DATA ANALYTICS-WB, Section no. 86443",F,1,Computer Science
Summer 2022,86443,C S,F329E,ELEMENTS OF DATA ANALYTICS-WB,"C S-F329E: ELEMENTS OF DATA ANALYTICS-WB, Section no. 86443",C+,3,Computer Science
Summer 2022,86443,C S,F329E,ELEMENTS OF DATA ANALYTICS-WB,"C S-F329E: ELEMENTS OF DATA ANALYTICS-WB, Section no. 86443",B-,2,Computer Science
Summer 2022,86443,C S,F329E,ELEMENTS OF DATA ANALYTICS-WB,"C S-F329E: ELEMENTS OF DATA ANALYTICS-WB, Section no. 86443",B,3,Computer Science
Summer 2022,86443,C S,F329E,ELEMENTS OF DATA ANALYTICS-WB,"C S-F329E: ELEMENTS OF DATA ANALYTICS-WB, Section no. 86443",B+,4,Computer Science
Summer 2022,86443,C S,F329E,ELEMENTS OF DATA ANALYTICS-WB,"C S-F329E: ELEMENTS OF DATA ANALYTICS-WB, Section no. 86443",A-,6,Computer Science
Summer 2022,86443,C S,F329E,ELEMENTS OF DATA ANALYTICS-WB,"C S-F329E: ELEMENTS OF DATA ANALYTICS-WB, Section no. 86443",A,34,Computer Science
Summer 2022,86444,C S,N363D,INTRODUCTION TO DATA MINING-WB,"C S-N363D: INTRODUCTION TO DATA MINING-WB, Section no. 86444",Other,3,Computer Science
Summer 2022,86444,C S,N363D,INTRODUCTION TO DATA MINING-WB,"C S-N363D: INTRODUCTION TO DATA MINING-WB, Section no. 86444",F,4,Computer Science
Summer 2022,86444,C S,N363D,INTRODUCTION TO DATA MINING-WB,"C S-N363D: INTRODUCTION TO DATA MINING-WB, Section no. 86444",D-,1,Computer Science
Summer 2022,86444,C S,N363D,INTRODUCTION TO DATA MINING-WB,"C S-N363D: INTRODUCTION TO DATA MINING-WB, Section no. 86444",C,1,Computer Science
Summer 2022,86444,C S,N363D,INTRODUCTION TO DATA MINING-WB,"C S-N363D: INTRODUCTION TO DATA MINING-WB, Section no. 86444",C+,6,Computer Science
Summer 2022,86444,C S,N363D,INTRODUCTION TO DATA MINING-WB,"C S-N363D: INTRODUCTION TO DATA MINING-WB, Section no. 86444",B-,2,Computer Science
Summer 2022,86444,C S,N363D,INTRODUCTION TO DATA MINING-WB,"C S-N363D: INTRODUCTION TO DATA MINING-WB, Section no. 86444",B,8,Computer Science
Summer 2022,86444,C S,N363D,INTRODUCTION TO DATA MINING-WB,"C S-N363D: INTRODUCTION TO DATA MINING-WB, Section no. 86444",B+,6,Computer Science
Summer 2022,86444,C S,N363D,INTRODUCTION TO DATA MINING-WB,"C S-N363D: INTRODUCTION TO DATA MINING-WB, Section no. 86444",A-,10,Computer Science
Summer 2022,86444,C S,N363D,INTRODUCTION TO DATA MINING-WB,"C S-N363D: INTRODUCTION TO DATA MINING-WB, Section no. 86444",A,10,Computer Science
Summer 2022,86455,C S,F371L,IOS MOBILE COMPUTING,"C S-F371L: IOS MOBILE COMPUTING, Section no. 86455",C,1,Computer Science
Summer 2022,86455,C S,F371L,IOS MOBILE COMPUTING,"C S-F371L: IOS MOBILE COMPUTING, Section no. 86455",B,2,Computer Science
Summer 2022,86455,C S,F371L,IOS MOBILE COMPUTING,"C S-F371L: IOS MOBILE COMPUTING, Section no. 86455",B+,1,Computer Science
Summer 2022,86455,C S,F371L,IOS MOBILE COMPUTING,"C S-F371L: IOS MOBILE COMPUTING, Section no. 86455",A,21,Computer Science
Summer 2022,86460,C S,N373,SOFTWARE ENGINEERING,"C S-N373: SOFTWARE ENGINEERING, Section no. 86460",B+,1,Computer Science
Summer 2022,86460,C S,N373,SOFTWARE ENGINEERING,"C S-N373: SOFTWARE ENGINEERING, Section no. 86460",A-,2,Computer Science
Summer 2022,86460,C S,N373,SOFTWARE ENGINEERING,"C S-N373: SOFTWARE ENGINEERING, Section no. 86460",A,21,Computer Science
Summer 2022,86464,C S,W380L,ADVANCED OPERATING SYSTEMS-WB,"C S-W380L: ADVANCED OPERATING SYSTEMS-WB, Section no. 86464",Other,27,Computer Science
Summer 2022,86464,C S,W380L,ADVANCED OPERATING SYSTEMS-WB,"C S-W380L: ADVANCED OPERATING SYSTEMS-WB, Section no. 86464",F,9,Computer Science
Summer 2022,86464,C S,W380L,ADVANCED OPERATING SYSTEMS-WB,"C S-W380L: ADVANCED OPERATING SYSTEMS-WB, Section no. 86464",D-,1,Computer Science
Summer 2022,86464,C S,W380L,ADVANCED OPERATING SYSTEMS-WB,"C S-W380L: ADVANCED OPERATING SYSTEMS-WB, Section no. 86464",D,3,Computer Science
Summer 2022,86464,C S,W380L,ADVANCED OPERATING SYSTEMS-WB,"C S-W380L: ADVANCED OPERATING SYSTEMS-WB, Section no. 86464",D+,1,Computer Science
Summer 2022,86464,C S,W380L,ADVANCED OPERATING SYSTEMS-WB,"C S-W380L: ADVANCED OPERATING SYSTEMS-WB, Section no. 86464",C,1,Computer Science
Summer 2022,86464,C S,W380L,ADVANCED OPERATING SYSTEMS-WB,"C S-W380L: ADVANCED OPERATING SYSTEMS-WB, Section no. 86464",C+,2,Computer Science
Summer 2022,86464,C S,W380L,ADVANCED OPERATING SYSTEMS-WB,"C S-W380L: ADVANCED OPERATING SYSTEMS-WB, Section no. 86464",B,7,Computer Science
Summer 2022,86464,C S,W380L,ADVANCED OPERATING SYSTEMS-WB,"C S-W380L: ADVANCED OPERATING SYSTEMS-WB, Section no. 86464",B+,7,Computer Science
Summer 2022,86464,C S,W380L,ADVANCED OPERATING SYSTEMS-WB,"C S-W380L: ADVANCED OPERATING SYSTEMS-WB, Section no. 86464",A-,17,Computer Science
Summer 2022,86464,C S,W380L,ADVANCED OPERATING SYSTEMS-WB,"C S-W380L: ADVANCED OPERATING SYSTEMS-WB, Section no. 86464",A,26,Computer Science
Summer 2022,86465,C S,W391L,MACHINE LEARNING-WB,"C S-W391L: MACHINE LEARNING-WB, Section no. 86465",Other,8,Computer Science
Summer 2022,86465,C S,W391L,MACHINE LEARNING-WB,"C S-W391L: MACHINE LEARNING-WB, Section no. 86465",F,1,Computer Science
Summer 2022,86465,C S,W391L,MACHINE LEARNING-WB,"C S-W391L: MACHINE LEARNING-WB, Section no. 86465",D-,1,Computer Science
Summer 2022,86465,C S,W391L,MACHINE LEARNING-WB,"C S-W391L: MACHINE LEARNING-WB, Section no. 86465",B,5,Computer Science
Summer 2022,86465,C S,W391L,MACHINE LEARNING-WB,"C S-W391L: MACHINE LEARNING-WB, Section no. 86465",B+,5,Computer Science
Summer 2022,86465,C S,W391L,MACHINE LEARNING-WB,"C S-W391L: MACHINE LEARNING-WB, Section no. 86465",A-,4,Computer Science
Summer 2022,86465,C S,W391L,MACHINE LEARNING-WB,"C S-W391L: MACHINE LEARNING-WB, Section no. 86465",A,14,Computer Science
Summer 2022,86484,C S,W395T,SIMPL-WB,"C S-W395T: SIMPL-WB, Section no. 86484",Other,38,Computer Science
Summer 2022,86484,C S,W395T,SIMPL-WB,"C S-W395T: SIMPL-WB, Section no. 86484",F,6,Computer Science
Summer 2022,86484,C S,W395T,SIMPL-WB,"C S-W395T: SIMPL-WB, Section no. 86484",C,7,Computer Science
Summer 2022,86484,C S,W395T,SIMPL-WB,"C S-W395T: SIMPL-WB, Section no. 86484",B-,2,Computer Science
Summer 2022,86484,C S,W395T,SIMPL-WB,"C S-W395T: SIMPL-WB, Section no. 86484",B,35,Computer Science
Summer 2022,86484,C S,W395T,SIMPL-WB,"C S-W395T: SIMPL-WB, Section no. 86484",A-,6,Computer Science
Summer 2022,86484,C S,W395T,SIMPL-WB,"C S-W395T: SIMPL-WB, Section no. 86484",A,34,Computer Science
Summer 2022,86515,C S,S327E,ELEMENTS OF DATABASES,"C S-S327E: ELEMENTS OF DATABASES, Section no. 86515",Other,2,Computer Science
Summer 2022,86515,C S,S327E,ELEMENTS OF DATABASES,"C S-S327E: ELEMENTS OF DATABASES, Section no. 86515",B,2,Computer Science
Summer 2022,86515,C S,S327E,ELEMENTS OF DATABASES,"C S-S327E: ELEMENTS OF DATABASES, Section no. 86515",B+,4,Computer Science
Summer 2022,86515,C S,S327E,ELEMENTS OF DATABASES,"C S-S327E: ELEMENTS OF DATABASES, Section no. 86515",A-,5,Computer Science
Summer 2022,86515,C S,S327E,ELEMENTS OF DATABASES,"C S-S327E: ELEMENTS OF DATABASES, Section no. 86515",A,21,Computer Science
Summer 2022,86520,C S,S375,COMPILERS,"C S-S375: COMPILERS, Section no. 86520",Other,8,Computer Science
Summer 2022,86520,C S,S375,COMPILERS,"C S-S375: COMPILERS, Section no. 86520",C,5,Computer Science
Summer 2022,86520,C S,S375,COMPILERS,"C S-S375: COMPILERS, Section no. 86520",C+,1,Computer Science
Summer 2022,86520,C S,S375,COMPILERS,"C S-S375: COMPILERS, Section no. 86520",B-,3,Computer Science
Summer 2022,86520,C S,S375,COMPILERS,"C S-S375: COMPILERS, Section no. 86520",B,2,Computer Science
Summer 2022,86520,C S,S375,COMPILERS,"C S-S375: COMPILERS, Section no. 86520",B+,2,Computer Science
Summer 2022,86520,C S,S375,COMPILERS,"C S-S375: COMPILERS, Section no. 86520",A-,2,Computer Science
Summer 2022,86520,C S,S375,COMPILERS,"C S-S375: COMPILERS, Section no. 86520",A,10,Computer Science
Summer 2022,87890,DSC,W382,FNDTNS REGRSSION/PRED MODEL-WB,"DSC-W382: FNDTNS REGRSSION/PRED MODEL-WB, Section no. 87890",Other,33,Data Science
Summer 2022,87890,DSC,W382,FNDTNS REGRSSION/PRED MODEL-WB,"DSC-W382: FNDTNS REGRSSION/PRED MODEL-WB, Section no. 87890",F,5,Data Science
Summer 2022,87890,DSC,W382,FNDTNS REGRSSION/PRED MODEL-WB,"DSC-W382: FNDTNS REGRSSION/PRED MODEL-WB, Section no. 87890",D-,1,Data Science
Summer 2022,87890,DSC,W382,FNDTNS REGRSSION/PRED MODEL-WB,"DSC-W382: FNDTNS REGRSSION/PRED MODEL-WB, Section no. 87890",C,1,Data Science
Summer 2022,87890,DSC,W382,FNDTNS REGRSSION/PRED MODEL-WB,"DSC-W382: FNDTNS REGRSSION/PRED MODEL-WB, Section no. 87890",C+,4,Data Science
Summer 2022,87890,DSC,W382,FNDTNS REGRSSION/PRED MODEL-WB,"DSC-W382: FNDTNS REGRSSION/PRED MODEL-WB, Section no. 87890",B-,7,Data Science
Summer 2022,87890,DSC,W382,FNDTNS REGRSSION/PRED MODEL-WB,"DSC-W382: FNDTNS REGRSSION/PRED MODEL-WB, Section no. 87890",B,9,Data Science
Summer 2022,87890,DSC,W382,FNDTNS REGRSSION/PRED MODEL-WB,"DSC-W382: FNDTNS REGRSSION/PRED MODEL-WB, Section no. 87890",B+,14,Data Science
Summer 2022,87890,DSC,W382,FNDTNS REGRSSION/PRED MODEL-WB,"DSC-W382: FNDTNS REGRSSION/PRED MODEL-WB, Section no. 87890",A-,25,Data Science
Summer 2022,87890,DSC,W382,FNDTNS REGRSSION/PRED MODEL-WB,"DSC-W382: FNDTNS REGRSSION/PRED MODEL-WB, Section no. 87890",A,160,Data Science
Summer 2022,87895,DSC,W383,ADV PREDCTV MDLS COMPLX DAT-WB,"DSC-W383: ADV PREDCTV MDLS COMPLX DAT-WB, Section no. 87895",Other,33,Data Science
Summer 2022,87895,DSC,W383,ADV PREDCTV MDLS COMPLX DAT-WB,"DSC-W383: ADV PREDCTV MDLS COMPLX DAT-WB, Section no. 87895",F,1,Data Science
Summer 2022,87895,DSC,W383,ADV PREDCTV MDLS COMPLX DAT-WB,"DSC-W383: ADV PREDCTV MDLS COMPLX DAT-WB, Section no. 87895",B-,2,Data Science
Summer 2022,87895,DSC,W383,ADV PREDCTV MDLS COMPLX DAT-WB,"DSC-W383: ADV PREDCTV MDLS COMPLX DAT-WB, Section no. 87895",B,25,Data Science
Summer 2022,87895,DSC,W383,ADV PREDCTV MDLS COMPLX DAT-WB,"DSC-W383: ADV PREDCTV MDLS COMPLX DAT-WB, Section no. 87895",B+,11,Data Science
Summer 2022,87895,DSC,W383,ADV PREDCTV MDLS COMPLX DAT-WB,"DSC-W383: ADV PREDCTV MDLS COMPLX DAT-WB, Section no. 87895",A-,12,Data Science
Summer 2022,87895,DSC,W383,ADV PREDCTV MDLS COMPLX DAT-WB,"DSC-W383: ADV PREDCTV MDLS COMPLX DAT-WB, Section no. 87895",A,82,Data Science
Summer 2022,87899,DSC,W391L,PRINCIPLES MACHINE LEARNING-WB,"DSC-W391L: PRINCIPLES MACHINE LEARNING-WB, Section no. 87899",Other,6,Data Science
Summer 2022,87899,DSC,W391L,PRINCIPLES MACHINE LEARNING-WB,"DSC-W391L: PRINCIPLES MACHINE LEARNING-WB, Section no. 87899",D+,1,Data Science
Summer 2022,87899,DSC,W391L,PRINCIPLES MACHINE LEARNING-WB,"DSC-W391L: PRINCIPLES MACHINE LEARNING-WB, Section no. 87899",C+,1,Data Science
Summer 2022,87899,DSC,W391L,PRINCIPLES MACHINE LEARNING-WB,"DSC-W391L: PRINCIPLES MACHINE LEARNING-WB, Section no. 87899",B,5,Data Science
Summer 2022,87899,DSC,W391L,PRINCIPLES MACHINE LEARNING-WB,"DSC-W391L: PRINCIPLES MACHINE LEARNING-WB, Section no. 87899",B+,5,Data Science
Summer 2022,87899,DSC,W391L,PRINCIPLES MACHINE LEARNING-WB,"DSC-W391L: PRINCIPLES MACHINE LEARNING-WB, Section no. 87899",A-,4,Data Science
Summer 2022,87899,DSC,W391L,PRINCIPLES MACHINE LEARNING-WB,"DSC-W391L: PRINCIPLES MACHINE LEARNING-WB, Section no. 87899",A,25,Data Science
Summer 2022,87900,DSC,W384,DSGN PRINCPLS/CAUSAL INFRNC-WB,"DSC-W384: DSGN PRINCPLS/CAUSAL INFRNC-WB, Section no. 87900",Other,13,Data Science
Summer 2022,87900,DSC,W384,DSGN PRINCPLS/CAUSAL INFRNC-WB,"DSC-W384: DSGN PRINCPLS/CAUSAL INFRNC-WB, Section no. 87900",B-,3,Data Science
Summer 2022,87900,DSC,W384,DSGN PRINCPLS/CAUSAL INFRNC-WB,"DSC-W384: DSGN PRINCPLS/CAUSAL INFRNC-WB, Section no. 87900",B,2,Data Science
Summer 2022,87900,DSC,W384,DSGN PRINCPLS/CAUSAL INFRNC-WB,"DSC-W384: DSGN PRINCPLS/CAUSAL INFRNC-WB, Section no. 87900",B+,14,Data Science
Summer 2022,87900,DSC,W384,DSGN PRINCPLS/CAUSAL INFRNC-WB,"DSC-W384: DSGN PRINCPLS/CAUSAL INFRNC-WB, Section no. 87900",A-,13,Data Science
Summer 2022,87900,DSC,W384,DSGN PRINCPLS/CAUSAL INFRNC-WB,"DSC-W384: DSGN PRINCPLS/CAUSAL INFRNC-WB, Section no. 87900",A,12,Data Science
