Semester,Section Number,Course Prefix,Course Number,Course Title,Course,Letter Grade,Count of letter grade,Department/Program
Fall 2022,52340,C S, 303E,ELEMS OF COMPTRS/PROGRAMMNG-WB,"C S-303E: ELEMS OF COMPTRS/PROGRAMMNG-WB, Section no. 52340",Other,48,Computer Science
Fall 2022,52340,C S, 303E,ELEMS OF COMPTRS/PROGRAMMNG-WB,"C S-303E: ELEMS OF COMPTRS/PROGRAMMNG-WB, Section no. 52340",F,8,Computer Science
Fall 2022,52340,C S, 303E,ELEMS OF COMPTRS/PROGRAMMNG-WB,"C S-303E: ELEMS OF COMPTRS/PROGRAMMNG-WB, Section no. 52340",D-,1,Computer Science
Fall 2022,52340,C S, 303E,ELEMS OF COMPTRS/PROGRAMMNG-WB,"C S-303E: ELEMS OF COMPTRS/PROGRAMMNG-WB, Section no. 52340",D,5,Computer Science
Fall 2022,52340,C S, 303E,ELEMS OF COMPTRS/PROGRAMMNG-WB,"C S-303E: ELEMS OF COMPTRS/PROGRAMMNG-WB, Section no. 52340",D+,2,Computer Science
Fall 2022,52340,C S, 303E,ELEMS OF COMPTRS/PROGRAMMNG-WB,"C S-303E: ELEMS OF COMPTRS/PROGRAMMNG-WB, Section no. 52340",C-,3,Computer Science
Fall 2022,52340,C S, 303E,ELEMS OF COMPTRS/PROGRAMMNG-WB,"C S-303E: ELEMS OF COMPTRS/PROGRAMMNG-WB, Section no. 52340",C,7,Computer Science
Fall 2022,52340,C S, 303E,ELEMS OF COMPTRS/PROGRAMMNG-WB,"C S-303E: ELEMS OF COMPTRS/PROGRAMMNG-WB, Section no. 52340",C+,3,Computer Science
Fall 2022,52340,C S, 303E,ELEMS OF COMPTRS/PROGRAMMNG-WB,"C S-303E: ELEMS OF COMPTRS/PROGRAMMNG-WB, Section no. 52340",B-,12,Computer Science
Fall 2022,52340,C S, 303E,ELEMS OF COMPTRS/PROGRAMMNG-WB,"C S-303E: ELEMS OF COMPTRS/PROGRAMMNG-WB, Section no. 52340",B,17,Computer Science
Fall 2022,52340,C S, 303E,ELEMS OF COMPTRS/PROGRAMMNG-WB,"C S-303E: ELEMS OF COMPTRS/PROGRAMMNG-WB, Section no. 52340",B+,11,Computer Science
Fall 2022,52340,C S, 303E,ELEMS OF COMPTRS/PROGRAMMNG-WB,"C S-303E: ELEMS OF COMPTRS/PROGRAMMNG-WB, Section no. 52340",A-,10,Computer Science
Fall 2022,52340,C S, 303E,ELEMS OF COMPTRS/PROGRAMMNG-WB,"C S-303E: ELEMS OF COMPTRS/PROGRAMMNG-WB, Section no. 52340",A,70,Computer Science
Fall 2022,52345,C S, 303E,ELEMS OF COMPTRS/PROGRAMMNG-WB,"C S-303E: ELEMS OF COMPTRS/PROGRAMMNG-WB, Section no. 52345",Other,39,Computer Science
Fall 2022,52345,C S, 303E,ELEMS OF COMPTRS/PROGRAMMNG-WB,"C S-303E: ELEMS OF COMPTRS/PROGRAMMNG-WB, Section no. 52345",F,5,Computer Science
Fall 2022,52345,C S, 303E,ELEMS OF COMPTRS/PROGRAMMNG-WB,"C S-303E: ELEMS OF COMPTRS/PROGRAMMNG-WB, Section no. 52345",D,2,Computer Science
Fall 2022,52345,C S, 303E,ELEMS OF COMPTRS/PROGRAMMNG-WB,"C S-303E: ELEMS OF COMPTRS/PROGRAMMNG-WB, Section no. 52345",D+,1,Computer Science
Fall 2022,52345,C S, 303E,ELEMS OF COMPTRS/PROGRAMMNG-WB,"C S-303E: ELEMS OF COMPTRS/PROGRAMMNG-WB, Section no. 52345",C-,3,Computer Science
Fall 2022,52345,C S, 303E,ELEMS OF COMPTRS/PROGRAMMNG-WB,"C S-303E: ELEMS OF COMPTRS/PROGRAMMNG-WB, Section no. 52345",C,8,Computer Science
Fall 2022,52345,C S, 303E,ELEMS OF COMPTRS/PROGRAMMNG-WB,"C S-303E: ELEMS OF COMPTRS/PROGRAMMNG-WB, Section no. 52345",C+,6,Computer Science
Fall 2022,52345,C S, 303E,ELEMS OF COMPTRS/PROGRAMMNG-WB,"C S-303E: ELEMS OF COMPTRS/PROGRAMMNG-WB, Section no. 52345",B-,11,Computer Science
Fall 2022,52345,C S, 303E,ELEMS OF COMPTRS/PROGRAMMNG-WB,"C S-303E: ELEMS OF COMPTRS/PROGRAMMNG-WB, Section no. 52345",B,17,Computer Science
Fall 2022,52345,C S, 303E,ELEMS OF COMPTRS/PROGRAMMNG-WB,"C S-303E: ELEMS OF COMPTRS/PROGRAMMNG-WB, Section no. 52345",B+,13,Computer Science
Fall 2022,52345,C S, 303E,ELEMS OF COMPTRS/PROGRAMMNG-WB,"C S-303E: ELEMS OF COMPTRS/PROGRAMMNG-WB, Section no. 52345",A-,14,Computer Science
Fall 2022,52345,C S, 303E,ELEMS OF COMPTRS/PROGRAMMNG-WB,"C S-303E: ELEMS OF COMPTRS/PROGRAMMNG-WB, Section no. 52345",A,76,Computer Science
Fall 2022,52350,C S, 303E,ELEMS OF COMPTRS/PROGRAMMNG-WB,"C S-303E: ELEMS OF COMPTRS/PROGRAMMNG-WB, Section no. 52350",Other,40,Computer Science
Fall 2022,52350,C S, 303E,ELEMS OF COMPTRS/PROGRAMMNG-WB,"C S-303E: ELEMS OF COMPTRS/PROGRAMMNG-WB, Section no. 52350",F,10,Computer Science
Fall 2022,52350,C S, 303E,ELEMS OF COMPTRS/PROGRAMMNG-WB,"C S-303E: ELEMS OF COMPTRS/PROGRAMMNG-WB, Section no. 52350",D,2,Computer Science
Fall 2022,52350,C S, 303E,ELEMS OF COMPTRS/PROGRAMMNG-WB,"C S-303E: ELEMS OF COMPTRS/PROGRAMMNG-WB, Section no. 52350",D+,2,Computer Science
Fall 2022,52350,C S, 303E,ELEMS OF COMPTRS/PROGRAMMNG-WB,"C S-303E: ELEMS OF COMPTRS/PROGRAMMNG-WB, Section no. 52350",C-,3,Computer Science
Fall 2022,52350,C S, 303E,ELEMS OF COMPTRS/PROGRAMMNG-WB,"C S-303E: ELEMS OF COMPTRS/PROGRAMMNG-WB, Section no. 52350",C,12,Computer Science
Fall 2022,52350,C S, 303E,ELEMS OF COMPTRS/PROGRAMMNG-WB,"C S-303E: ELEMS OF COMPTRS/PROGRAMMNG-WB, Section no. 52350",C+,8,Computer Science
Fall 2022,52350,C S, 303E,ELEMS OF COMPTRS/PROGRAMMNG-WB,"C S-303E: ELEMS OF COMPTRS/PROGRAMMNG-WB, Section no. 52350",B-,6,Computer Science
Fall 2022,52350,C S, 303E,ELEMS OF COMPTRS/PROGRAMMNG-WB,"C S-303E: ELEMS OF COMPTRS/PROGRAMMNG-WB, Section no. 52350",B,10,Computer Science
Fall 2022,52350,C S, 303E,ELEMS OF COMPTRS/PROGRAMMNG-WB,"C S-303E: ELEMS OF COMPTRS/PROGRAMMNG-WB, Section no. 52350",B+,11,Computer Science
Fall 2022,52350,C S, 303E,ELEMS OF COMPTRS/PROGRAMMNG-WB,"C S-303E: ELEMS OF COMPTRS/PROGRAMMNG-WB, Section no. 52350",A-,16,Computer Science
Fall 2022,52350,C S, 303E,ELEMS OF COMPTRS/PROGRAMMNG-WB,"C S-303E: ELEMS OF COMPTRS/PROGRAMMNG-WB, Section no. 52350",A,73,Computer Science
Fall 2022,52355,C S, 303E,ELEMS OF COMPTRS/PROGRAMMNG-WB,"C S-303E: ELEMS OF COMPTRS/PROGRAMMNG-WB, Section no. 52355",Other,1,Computer Science
Fall 2022,52355,C S, 303E,ELEMS OF COMPTRS/PROGRAMMNG-WB,"C S-303E: ELEMS OF COMPTRS/PROGRAMMNG-WB, Section no. 52355",C,2,Computer Science
Fall 2022,52355,C S, 303E,ELEMS OF COMPTRS/PROGRAMMNG-WB,"C S-303E: ELEMS OF COMPTRS/PROGRAMMNG-WB, Section no. 52355",C+,3,Computer Science
Fall 2022,52355,C S, 303E,ELEMS OF COMPTRS/PROGRAMMNG-WB,"C S-303E: ELEMS OF COMPTRS/PROGRAMMNG-WB, Section no. 52355",B-,2,Computer Science
Fall 2022,52355,C S, 303E,ELEMS OF COMPTRS/PROGRAMMNG-WB,"C S-303E: ELEMS OF COMPTRS/PROGRAMMNG-WB, Section no. 52355",B,4,Computer Science
Fall 2022,52355,C S, 303E,ELEMS OF COMPTRS/PROGRAMMNG-WB,"C S-303E: ELEMS OF COMPTRS/PROGRAMMNG-WB, Section no. 52355",B+,4,Computer Science
Fall 2022,52355,C S, 303E,ELEMS OF COMPTRS/PROGRAMMNG-WB,"C S-303E: ELEMS OF COMPTRS/PROGRAMMNG-WB, Section no. 52355",A-,7,Computer Science
Fall 2022,52355,C S, 303E,ELEMS OF COMPTRS/PROGRAMMNG-WB,"C S-303E: ELEMS OF COMPTRS/PROGRAMMNG-WB, Section no. 52355",A,177,Computer Science
Fall 2022,52360,C S, 104C,COMPETITIVE PROGRAMMING,"C S-104C: COMPETITIVE PROGRAMMING, Section no. 52360",Other,10,Computer Science
Fall 2022,52360,C S, 104C,COMPETITIVE PROGRAMMING,"C S-104C: COMPETITIVE PROGRAMMING, Section no. 52360",F,9,Computer Science
Fall 2022,52360,C S, 104C,COMPETITIVE PROGRAMMING,"C S-104C: COMPETITIVE PROGRAMMING, Section no. 52360",D-,2,Computer Science
Fall 2022,52360,C S, 104C,COMPETITIVE PROGRAMMING,"C S-104C: COMPETITIVE PROGRAMMING, Section no. 52360",D,2,Computer Science
Fall 2022,52360,C S, 104C,COMPETITIVE PROGRAMMING,"C S-104C: COMPETITIVE PROGRAMMING, Section no. 52360",C,3,Computer Science
Fall 2022,52360,C S, 104C,COMPETITIVE PROGRAMMING,"C S-104C: COMPETITIVE PROGRAMMING, Section no. 52360",B-,2,Computer Science
Fall 2022,52360,C S, 104C,COMPETITIVE PROGRAMMING,"C S-104C: COMPETITIVE PROGRAMMING, Section no. 52360",B,15,Computer Science
Fall 2022,52360,C S, 104C,COMPETITIVE PROGRAMMING,"C S-104C: COMPETITIVE PROGRAMMING, Section no. 52360",A-,1,Computer Science
Fall 2022,52360,C S, 104C,COMPETITIVE PROGRAMMING,"C S-104C: COMPETITIVE PROGRAMMING, Section no. 52360",A,26,Computer Science
Fall 2022,52365,C S, 105C,COMPUTER PROGRAMMING: C++,"C S-105C: COMPUTER PROGRAMMING: C++, Section no. 52365",Other,7,Computer Science
Fall 2022,52365,C S, 105C,COMPUTER PROGRAMMING: C++,"C S-105C: COMPUTER PROGRAMMING: C++, Section no. 52365",C,2,Computer Science
Fall 2022,52365,C S, 105C,COMPUTER PROGRAMMING: C++,"C S-105C: COMPUTER PROGRAMMING: C++, Section no. 52365",C+,1,Computer Science
Fall 2022,52365,C S, 105C,COMPUTER PROGRAMMING: C++,"C S-105C: COMPUTER PROGRAMMING: C++, Section no. 52365",B-,1,Computer Science
Fall 2022,52365,C S, 105C,COMPUTER PROGRAMMING: C++,"C S-105C: COMPUTER PROGRAMMING: C++, Section no. 52365",B,2,Computer Science
Fall 2022,52365,C S, 105C,COMPUTER PROGRAMMING: C++,"C S-105C: COMPUTER PROGRAMMING: C++, Section no. 52365",B+,8,Computer Science
Fall 2022,52365,C S, 105C,COMPUTER PROGRAMMING: C++,"C S-105C: COMPUTER PROGRAMMING: C++, Section no. 52365",A-,7,Computer Science
Fall 2022,52365,C S, 105C,COMPUTER PROGRAMMING: C++,"C S-105C: COMPUTER PROGRAMMING: C++, Section no. 52365",A,18,Computer Science
Fall 2022,52370,C S, 311,DISCRETE MATH FOR COMPUTER SCI,"C S-311: DISCRETE MATH FOR COMPUTER SCI, Section no. 52370",Other,1,Computer Science
Fall 2022,52370,C S, 311,DISCRETE MATH FOR COMPUTER SCI,"C S-311: DISCRETE MATH FOR COMPUTER SCI, Section no. 52370",C-,1,Computer Science
Fall 2022,52370,C S, 311,DISCRETE MATH FOR COMPUTER SCI,"C S-311: DISCRETE MATH FOR COMPUTER SCI, Section no. 52370",C,2,Computer Science
Fall 2022,52370,C S, 311,DISCRETE MATH FOR COMPUTER SCI,"C S-311: DISCRETE MATH FOR COMPUTER SCI, Section no. 52370",B-,4,Computer Science
Fall 2022,52370,C S, 311,DISCRETE MATH FOR COMPUTER SCI,"C S-311: DISCRETE MATH FOR COMPUTER SCI, Section no. 52370",B,1,Computer Science
Fall 2022,52370,C S, 311,DISCRETE MATH FOR COMPUTER SCI,"C S-311: DISCRETE MATH FOR COMPUTER SCI, Section no. 52370",B+,5,Computer Science
Fall 2022,52370,C S, 311,DISCRETE MATH FOR COMPUTER SCI,"C S-311: DISCRETE MATH FOR COMPUTER SCI, Section no. 52370",A-,2,Computer Science
Fall 2022,52370,C S, 311,DISCRETE MATH FOR COMPUTER SCI,"C S-311: DISCRETE MATH FOR COMPUTER SCI, Section no. 52370",A,6,Computer Science
Fall 2022,52375,C S, 311,DISCRETE MATH FOR COMPUTER SCI,"C S-311: DISCRETE MATH FOR COMPUTER SCI, Section no. 52375",Other,1,Computer Science
Fall 2022,52375,C S, 311,DISCRETE MATH FOR COMPUTER SCI,"C S-311: DISCRETE MATH FOR COMPUTER SCI, Section no. 52375",D,1,Computer Science
Fall 2022,52375,C S, 311,DISCRETE MATH FOR COMPUTER SCI,"C S-311: DISCRETE MATH FOR COMPUTER SCI, Section no. 52375",C-,2,Computer Science
Fall 2022,52375,C S, 311,DISCRETE MATH FOR COMPUTER SCI,"C S-311: DISCRETE MATH FOR COMPUTER SCI, Section no. 52375",C+,2,Computer Science
Fall 2022,52375,C S, 311,DISCRETE MATH FOR COMPUTER SCI,"C S-311: DISCRETE MATH FOR COMPUTER SCI, Section no. 52375",B-,1,Computer Science
Fall 2022,52375,C S, 311,DISCRETE MATH FOR COMPUTER SCI,"C S-311: DISCRETE MATH FOR COMPUTER SCI, Section no. 52375",B,1,Computer Science
Fall 2022,52375,C S, 311,DISCRETE MATH FOR COMPUTER SCI,"C S-311: DISCRETE MATH FOR COMPUTER SCI, Section no. 52375",B+,1,Computer Science
Fall 2022,52375,C S, 311,DISCRETE MATH FOR COMPUTER SCI,"C S-311: DISCRETE MATH FOR COMPUTER SCI, Section no. 52375",A-,7,Computer Science
Fall 2022,52375,C S, 311,DISCRETE MATH FOR COMPUTER SCI,"C S-311: DISCRETE MATH FOR COMPUTER SCI, Section no. 52375",A,8,Computer Science
Fall 2022,52380,C S, 311,DISCRETE MATH FOR COMPUTER SCI,"C S-311: DISCRETE MATH FOR COMPUTER SCI, Section no. 52380",C,1,Computer Science
Fall 2022,52380,C S, 311,DISCRETE MATH FOR COMPUTER SCI,"C S-311: DISCRETE MATH FOR COMPUTER SCI, Section no. 52380",C+,2,Computer Science
Fall 2022,52380,C S, 311,DISCRETE MATH FOR COMPUTER SCI,"C S-311: DISCRETE MATH FOR COMPUTER SCI, Section no. 52380",B-,1,Computer Science
Fall 2022,52380,C S, 311,DISCRETE MATH FOR COMPUTER SCI,"C S-311: DISCRETE MATH FOR COMPUTER SCI, Section no. 52380",B,5,Computer Science
Fall 2022,52380,C S, 311,DISCRETE MATH FOR COMPUTER SCI,"C S-311: DISCRETE MATH FOR COMPUTER SCI, Section no. 52380",B+,1,Computer Science
Fall 2022,52380,C S, 311,DISCRETE MATH FOR COMPUTER SCI,"C S-311: DISCRETE MATH FOR COMPUTER SCI, Section no. 52380",A-,4,Computer Science
Fall 2022,52380,C S, 311,DISCRETE MATH FOR COMPUTER SCI,"C S-311: DISCRETE MATH FOR COMPUTER SCI, Section no. 52380",A,9,Computer Science
Fall 2022,52385,C S, 311,DISCRETE MATH FOR COMPUTER SCI,"C S-311: DISCRETE MATH FOR COMPUTER SCI, Section no. 52385",C-,1,Computer Science
Fall 2022,52385,C S, 311,DISCRETE MATH FOR COMPUTER SCI,"C S-311: DISCRETE MATH FOR COMPUTER SCI, Section no. 52385",C+,1,Computer Science
Fall 2022,52385,C S, 311,DISCRETE MATH FOR COMPUTER SCI,"C S-311: DISCRETE MATH FOR COMPUTER SCI, Section no. 52385",B-,2,Computer Science
Fall 2022,52385,C S, 311,DISCRETE MATH FOR COMPUTER SCI,"C S-311: DISCRETE MATH FOR COMPUTER SCI, Section no. 52385",B,3,Computer Science
Fall 2022,52385,C S, 311,DISCRETE MATH FOR COMPUTER SCI,"C S-311: DISCRETE MATH FOR COMPUTER SCI, Section no. 52385",B+,1,Computer Science
Fall 2022,52385,C S, 311,DISCRETE MATH FOR COMPUTER SCI,"C S-311: DISCRETE MATH FOR COMPUTER SCI, Section no. 52385",A-,4,Computer Science
Fall 2022,52385,C S, 311,DISCRETE MATH FOR COMPUTER SCI,"C S-311: DISCRETE MATH FOR COMPUTER SCI, Section no. 52385",A,13,Computer Science
Fall 2022,52390,C S, 311,DISCRETE MATH FOR COMPUTER SCI,"C S-311: DISCRETE MATH FOR COMPUTER SCI, Section no. 52390",Other,1,Computer Science
Fall 2022,52390,C S, 311,DISCRETE MATH FOR COMPUTER SCI,"C S-311: DISCRETE MATH FOR COMPUTER SCI, Section no. 52390",C-,1,Computer Science
Fall 2022,52390,C S, 311,DISCRETE MATH FOR COMPUTER SCI,"C S-311: DISCRETE MATH FOR COMPUTER SCI, Section no. 52390",C+,1,Computer Science
Fall 2022,52390,C S, 311,DISCRETE MATH FOR COMPUTER SCI,"C S-311: DISCRETE MATH FOR COMPUTER SCI, Section no. 52390",B,6,Computer Science
Fall 2022,52390,C S, 311,DISCRETE MATH FOR COMPUTER SCI,"C S-311: DISCRETE MATH FOR COMPUTER SCI, Section no. 52390",B+,4,Computer Science
Fall 2022,52390,C S, 311,DISCRETE MATH FOR COMPUTER SCI,"C S-311: DISCRETE MATH FOR COMPUTER SCI, Section no. 52390",A-,2,Computer Science
Fall 2022,52390,C S, 311,DISCRETE MATH FOR COMPUTER SCI,"C S-311: DISCRETE MATH FOR COMPUTER SCI, Section no. 52390",A,8,Computer Science
Fall 2022,52395,C S, 311,DISCRETE MATH FOR COMPUTER SCI,"C S-311: DISCRETE MATH FOR COMPUTER SCI, Section no. 52395",Other,1,Computer Science
Fall 2022,52395,C S, 311,DISCRETE MATH FOR COMPUTER SCI,"C S-311: DISCRETE MATH FOR COMPUTER SCI, Section no. 52395",D,1,Computer Science
Fall 2022,52395,C S, 311,DISCRETE MATH FOR COMPUTER SCI,"C S-311: DISCRETE MATH FOR COMPUTER SCI, Section no. 52395",C,3,Computer Science
Fall 2022,52395,C S, 311,DISCRETE MATH FOR COMPUTER SCI,"C S-311: DISCRETE MATH FOR COMPUTER SCI, Section no. 52395",C+,2,Computer Science
Fall 2022,52395,C S, 311,DISCRETE MATH FOR COMPUTER SCI,"C S-311: DISCRETE MATH FOR COMPUTER SCI, Section no. 52395",B-,3,Computer Science
Fall 2022,52395,C S, 311,DISCRETE MATH FOR COMPUTER SCI,"C S-311: DISCRETE MATH FOR COMPUTER SCI, Section no. 52395",B,2,Computer Science
Fall 2022,52395,C S, 311,DISCRETE MATH FOR COMPUTER SCI,"C S-311: DISCRETE MATH FOR COMPUTER SCI, Section no. 52395",B+,3,Computer Science
Fall 2022,52395,C S, 311,DISCRETE MATH FOR COMPUTER SCI,"C S-311: DISCRETE MATH FOR COMPUTER SCI, Section no. 52395",A-,3,Computer Science
Fall 2022,52395,C S, 311,DISCRETE MATH FOR COMPUTER SCI,"C S-311: DISCRETE MATH FOR COMPUTER SCI, Section no. 52395",A,7,Computer Science
Fall 2022,52400,C S, 311,DISCRETE MATH FOR COMPUTER SCI,"C S-311: DISCRETE MATH FOR COMPUTER SCI, Section no. 52400",F,1,Computer Science
Fall 2022,52400,C S, 311,DISCRETE MATH FOR COMPUTER SCI,"C S-311: DISCRETE MATH FOR COMPUTER SCI, Section no. 52400",C-,1,Computer Science
Fall 2022,52400,C S, 311,DISCRETE MATH FOR COMPUTER SCI,"C S-311: DISCRETE MATH FOR COMPUTER SCI, Section no. 52400",C,2,Computer Science
Fall 2022,52400,C S, 311,DISCRETE MATH FOR COMPUTER SCI,"C S-311: DISCRETE MATH FOR COMPUTER SCI, Section no. 52400",C+,1,Computer Science
Fall 2022,52400,C S, 311,DISCRETE MATH FOR COMPUTER SCI,"C S-311: DISCRETE MATH FOR COMPUTER SCI, Section no. 52400",B-,1,Computer Science
Fall 2022,52400,C S, 311,DISCRETE MATH FOR COMPUTER SCI,"C S-311: DISCRETE MATH FOR COMPUTER SCI, Section no. 52400",B,4,Computer Science
Fall 2022,52400,C S, 311,DISCRETE MATH FOR COMPUTER SCI,"C S-311: DISCRETE MATH FOR COMPUTER SCI, Section no. 52400",B+,3,Computer Science
Fall 2022,52400,C S, 311,DISCRETE MATH FOR COMPUTER SCI,"C S-311: DISCRETE MATH FOR COMPUTER SCI, Section no. 52400",A-,1,Computer Science
Fall 2022,52400,C S, 311,DISCRETE MATH FOR COMPUTER SCI,"C S-311: DISCRETE MATH FOR COMPUTER SCI, Section no. 52400",A,10,Computer Science
Fall 2022,52405,C S, 311,DISCRETE MATH FOR COMPUTER SCI,"C S-311: DISCRETE MATH FOR COMPUTER SCI, Section no. 52405",Other,1,Computer Science
Fall 2022,52405,C S, 311,DISCRETE MATH FOR COMPUTER SCI,"C S-311: DISCRETE MATH FOR COMPUTER SCI, Section no. 52405",C-,1,Computer Science
Fall 2022,52405,C S, 311,DISCRETE MATH FOR COMPUTER SCI,"C S-311: DISCRETE MATH FOR COMPUTER SCI, Section no. 52405",C,2,Computer Science
Fall 2022,52405,C S, 311,DISCRETE MATH FOR COMPUTER SCI,"C S-311: DISCRETE MATH FOR COMPUTER SCI, Section no. 52405",C+,4,Computer Science
Fall 2022,52405,C S, 311,DISCRETE MATH FOR COMPUTER SCI,"C S-311: DISCRETE MATH FOR COMPUTER SCI, Section no. 52405",B-,1,Computer Science
Fall 2022,52405,C S, 311,DISCRETE MATH FOR COMPUTER SCI,"C S-311: DISCRETE MATH FOR COMPUTER SCI, Section no. 52405",B,6,Computer Science
Fall 2022,52405,C S, 311,DISCRETE MATH FOR COMPUTER SCI,"C S-311: DISCRETE MATH FOR COMPUTER SCI, Section no. 52405",B+,1,Computer Science
Fall 2022,52405,C S, 311,DISCRETE MATH FOR COMPUTER SCI,"C S-311: DISCRETE MATH FOR COMPUTER SCI, Section no. 52405",A-,6,Computer Science
Fall 2022,52405,C S, 311,DISCRETE MATH FOR COMPUTER SCI,"C S-311: DISCRETE MATH FOR COMPUTER SCI, Section no. 52405",A,1,Computer Science
Fall 2022,52410,C S, 311,DISCRETE MATH FOR COMPUTER SCI,"C S-311: DISCRETE MATH FOR COMPUTER SCI, Section no. 52410",B-,2,Computer Science
Fall 2022,52410,C S, 311,DISCRETE MATH FOR COMPUTER SCI,"C S-311: DISCRETE MATH FOR COMPUTER SCI, Section no. 52410",B,3,Computer Science
Fall 2022,52410,C S, 311,DISCRETE MATH FOR COMPUTER SCI,"C S-311: DISCRETE MATH FOR COMPUTER SCI, Section no. 52410",B+,2,Computer Science
Fall 2022,52410,C S, 311,DISCRETE MATH FOR COMPUTER SCI,"C S-311: DISCRETE MATH FOR COMPUTER SCI, Section no. 52410",A-,7,Computer Science
Fall 2022,52410,C S, 311,DISCRETE MATH FOR COMPUTER SCI,"C S-311: DISCRETE MATH FOR COMPUTER SCI, Section no. 52410",A,4,Computer Science
Fall 2022,52415,C S, 311,DISCRETE MATH FOR COMPUTER SCI,"C S-311: DISCRETE MATH FOR COMPUTER SCI, Section no. 52415",C,1,Computer Science
Fall 2022,52415,C S, 311,DISCRETE MATH FOR COMPUTER SCI,"C S-311: DISCRETE MATH FOR COMPUTER SCI, Section no. 52415",C+,1,Computer Science
Fall 2022,52415,C S, 311,DISCRETE MATH FOR COMPUTER SCI,"C S-311: DISCRETE MATH FOR COMPUTER SCI, Section no. 52415",B,2,Computer Science
Fall 2022,52415,C S, 311,DISCRETE MATH FOR COMPUTER SCI,"C S-311: DISCRETE MATH FOR COMPUTER SCI, Section no. 52415",B+,5,Computer Science
Fall 2022,52415,C S, 311,DISCRETE MATH FOR COMPUTER SCI,"C S-311: DISCRETE MATH FOR COMPUTER SCI, Section no. 52415",A-,5,Computer Science
Fall 2022,52415,C S, 311,DISCRETE MATH FOR COMPUTER SCI,"C S-311: DISCRETE MATH FOR COMPUTER SCI, Section no. 52415",A,9,Computer Science
Fall 2022,52425,C S, 311,DISCRETE MATH FOR COMPUTER SCI,"C S-311: DISCRETE MATH FOR COMPUTER SCI, Section no. 52425",Other,5,Computer Science
Fall 2022,52425,C S, 311,DISCRETE MATH FOR COMPUTER SCI,"C S-311: DISCRETE MATH FOR COMPUTER SCI, Section no. 52425",F,1,Computer Science
Fall 2022,52425,C S, 311,DISCRETE MATH FOR COMPUTER SCI,"C S-311: DISCRETE MATH FOR COMPUTER SCI, Section no. 52425",D,1,Computer Science
Fall 2022,52425,C S, 311,DISCRETE MATH FOR COMPUTER SCI,"C S-311: DISCRETE MATH FOR COMPUTER SCI, Section no. 52425",C-,6,Computer Science
Fall 2022,52425,C S, 311,DISCRETE MATH FOR COMPUTER SCI,"C S-311: DISCRETE MATH FOR COMPUTER SCI, Section no. 52425",C,6,Computer Science
Fall 2022,52425,C S, 311,DISCRETE MATH FOR COMPUTER SCI,"C S-311: DISCRETE MATH FOR COMPUTER SCI, Section no. 52425",C+,1,Computer Science
Fall 2022,52425,C S, 311,DISCRETE MATH FOR COMPUTER SCI,"C S-311: DISCRETE MATH FOR COMPUTER SCI, Section no. 52425",B-,2,Computer Science
Fall 2022,52430,C S, 311,DISCRETE MATH FOR COMPUTER SCI,"C S-311: DISCRETE MATH FOR COMPUTER SCI, Section no. 52430",C+,1,Computer Science
Fall 2022,52430,C S, 311,DISCRETE MATH FOR COMPUTER SCI,"C S-311: DISCRETE MATH FOR COMPUTER SCI, Section no. 52430",B-,1,Computer Science
Fall 2022,52430,C S, 311,DISCRETE MATH FOR COMPUTER SCI,"C S-311: DISCRETE MATH FOR COMPUTER SCI, Section no. 52430",B,4,Computer Science
Fall 2022,52430,C S, 311,DISCRETE MATH FOR COMPUTER SCI,"C S-311: DISCRETE MATH FOR COMPUTER SCI, Section no. 52430",B+,3,Computer Science
Fall 2022,52430,C S, 311,DISCRETE MATH FOR COMPUTER SCI,"C S-311: DISCRETE MATH FOR COMPUTER SCI, Section no. 52430",A-,8,Computer Science
Fall 2022,52430,C S, 311,DISCRETE MATH FOR COMPUTER SCI,"C S-311: DISCRETE MATH FOR COMPUTER SCI, Section no. 52430",A,7,Computer Science
Fall 2022,52435,C S, 311,DISCRETE MATH FOR COMPUTER SCI,"C S-311: DISCRETE MATH FOR COMPUTER SCI, Section no. 52435",D,1,Computer Science
Fall 2022,52435,C S, 311,DISCRETE MATH FOR COMPUTER SCI,"C S-311: DISCRETE MATH FOR COMPUTER SCI, Section no. 52435",C,2,Computer Science
Fall 2022,52435,C S, 311,DISCRETE MATH FOR COMPUTER SCI,"C S-311: DISCRETE MATH FOR COMPUTER SCI, Section no. 52435",B-,3,Computer Science
Fall 2022,52435,C S, 311,DISCRETE MATH FOR COMPUTER SCI,"C S-311: DISCRETE MATH FOR COMPUTER SCI, Section no. 52435",B+,3,Computer Science
Fall 2022,52435,C S, 311,DISCRETE MATH FOR COMPUTER SCI,"C S-311: DISCRETE MATH FOR COMPUTER SCI, Section no. 52435",A-,2,Computer Science
Fall 2022,52435,C S, 311,DISCRETE MATH FOR COMPUTER SCI,"C S-311: DISCRETE MATH FOR COMPUTER SCI, Section no. 52435",A,8,Computer Science
Fall 2022,52440,C S, 311H,DISCRETE MATH COMP SCI: HONORS,"C S-311H: DISCRETE MATH COMP SCI: HONORS, Section no. 52440",Other,1,Computer Science
Fall 2022,52440,C S, 311H,DISCRETE MATH COMP SCI: HONORS,"C S-311H: DISCRETE MATH COMP SCI: HONORS, Section no. 52440",C+,3,Computer Science
Fall 2022,52440,C S, 311H,DISCRETE MATH COMP SCI: HONORS,"C S-311H: DISCRETE MATH COMP SCI: HONORS, Section no. 52440",B,4,Computer Science
Fall 2022,52440,C S, 311H,DISCRETE MATH COMP SCI: HONORS,"C S-311H: DISCRETE MATH COMP SCI: HONORS, Section no. 52440",B+,2,Computer Science
Fall 2022,52440,C S, 311H,DISCRETE MATH COMP SCI: HONORS,"C S-311H: DISCRETE MATH COMP SCI: HONORS, Section no. 52440",A-,3,Computer Science
Fall 2022,52440,C S, 311H,DISCRETE MATH COMP SCI: HONORS,"C S-311H: DISCRETE MATH COMP SCI: HONORS, Section no. 52440",A,14,Computer Science
Fall 2022,52445,C S, 311H,DISCRETE MATH COMP SCI: HONORS,"C S-311H: DISCRETE MATH COMP SCI: HONORS, Section no. 52445",B-,2,Computer Science
Fall 2022,52445,C S, 311H,DISCRETE MATH COMP SCI: HONORS,"C S-311H: DISCRETE MATH COMP SCI: HONORS, Section no. 52445",B,5,Computer Science
Fall 2022,52445,C S, 311H,DISCRETE MATH COMP SCI: HONORS,"C S-311H: DISCRETE MATH COMP SCI: HONORS, Section no. 52445",B+,3,Computer Science
Fall 2022,52445,C S, 311H,DISCRETE MATH COMP SCI: HONORS,"C S-311H: DISCRETE MATH COMP SCI: HONORS, Section no. 52445",A-,4,Computer Science
Fall 2022,52445,C S, 311H,DISCRETE MATH COMP SCI: HONORS,"C S-311H: DISCRETE MATH COMP SCI: HONORS, Section no. 52445",A,15,Computer Science
Fall 2022,52450,C S, 311H,DISCRETE MATH COMP SCI: HONORS,"C S-311H: DISCRETE MATH COMP SCI: HONORS, Section no. 52450",B-,1,Computer Science
Fall 2022,52450,C S, 311H,DISCRETE MATH COMP SCI: HONORS,"C S-311H: DISCRETE MATH COMP SCI: HONORS, Section no. 52450",B,4,Computer Science
Fall 2022,52450,C S, 311H,DISCRETE MATH COMP SCI: HONORS,"C S-311H: DISCRETE MATH COMP SCI: HONORS, Section no. 52450",B+,4,Computer Science
Fall 2022,52450,C S, 311H,DISCRETE MATH COMP SCI: HONORS,"C S-311H: DISCRETE MATH COMP SCI: HONORS, Section no. 52450",A-,12,Computer Science
Fall 2022,52450,C S, 311H,DISCRETE MATH COMP SCI: HONORS,"C S-311H: DISCRETE MATH COMP SCI: HONORS, Section no. 52450",A,16,Computer Science
Fall 2022,52455,C S, 312,INTRODUCTION TO PROGRAMMING,"C S-312: INTRODUCTION TO PROGRAMMING, Section no. 52455",Other,2,Computer Science
Fall 2022,52455,C S, 312,INTRODUCTION TO PROGRAMMING,"C S-312: INTRODUCTION TO PROGRAMMING, Section no. 52455",F,3,Computer Science
Fall 2022,52455,C S, 312,INTRODUCTION TO PROGRAMMING,"C S-312: INTRODUCTION TO PROGRAMMING, Section no. 52455",D-,1,Computer Science
Fall 2022,52455,C S, 312,INTRODUCTION TO PROGRAMMING,"C S-312: INTRODUCTION TO PROGRAMMING, Section no. 52455",C,3,Computer Science
Fall 2022,52455,C S, 312,INTRODUCTION TO PROGRAMMING,"C S-312: INTRODUCTION TO PROGRAMMING, Section no. 52455",C+,1,Computer Science
Fall 2022,52455,C S, 312,INTRODUCTION TO PROGRAMMING,"C S-312: INTRODUCTION TO PROGRAMMING, Section no. 52455",B,5,Computer Science
Fall 2022,52455,C S, 312,INTRODUCTION TO PROGRAMMING,"C S-312: INTRODUCTION TO PROGRAMMING, Section no. 52455",B+,2,Computer Science
Fall 2022,52455,C S, 312,INTRODUCTION TO PROGRAMMING,"C S-312: INTRODUCTION TO PROGRAMMING, Section no. 52455",A-,4,Computer Science
Fall 2022,52455,C S, 312,INTRODUCTION TO PROGRAMMING,"C S-312: INTRODUCTION TO PROGRAMMING, Section no. 52455",A,4,Computer Science
Fall 2022,52460,C S, 312,INTRODUCTION TO PROGRAMMING,"C S-312: INTRODUCTION TO PROGRAMMING, Section no. 52460",D,1,Computer Science
Fall 2022,52460,C S, 312,INTRODUCTION TO PROGRAMMING,"C S-312: INTRODUCTION TO PROGRAMMING, Section no. 52460",D+,2,Computer Science
Fall 2022,52460,C S, 312,INTRODUCTION TO PROGRAMMING,"C S-312: INTRODUCTION TO PROGRAMMING, Section no. 52460",C-,1,Computer Science
Fall 2022,52460,C S, 312,INTRODUCTION TO PROGRAMMING,"C S-312: INTRODUCTION TO PROGRAMMING, Section no. 52460",C,2,Computer Science
Fall 2022,52460,C S, 312,INTRODUCTION TO PROGRAMMING,"C S-312: INTRODUCTION TO PROGRAMMING, Section no. 52460",C+,2,Computer Science
Fall 2022,52460,C S, 312,INTRODUCTION TO PROGRAMMING,"C S-312: INTRODUCTION TO PROGRAMMING, Section no. 52460",B-,1,Computer Science
Fall 2022,52460,C S, 312,INTRODUCTION TO PROGRAMMING,"C S-312: INTRODUCTION TO PROGRAMMING, Section no. 52460",B,7,Computer Science
Fall 2022,52460,C S, 312,INTRODUCTION TO PROGRAMMING,"C S-312: INTRODUCTION TO PROGRAMMING, Section no. 52460",B+,4,Computer Science
Fall 2022,52460,C S, 312,INTRODUCTION TO PROGRAMMING,"C S-312: INTRODUCTION TO PROGRAMMING, Section no. 52460",A-,1,Computer Science
Fall 2022,52460,C S, 312,INTRODUCTION TO PROGRAMMING,"C S-312: INTRODUCTION TO PROGRAMMING, Section no. 52460",A,1,Computer Science
Fall 2022,52465,C S, 312,INTRODUCTION TO PROGRAMMING,"C S-312: INTRODUCTION TO PROGRAMMING, Section no. 52465",Other,5,Computer Science
Fall 2022,52465,C S, 312,INTRODUCTION TO PROGRAMMING,"C S-312: INTRODUCTION TO PROGRAMMING, Section no. 52465",F,2,Computer Science
Fall 2022,52465,C S, 312,INTRODUCTION TO PROGRAMMING,"C S-312: INTRODUCTION TO PROGRAMMING, Section no. 52465",D,1,Computer Science
Fall 2022,52465,C S, 312,INTRODUCTION TO PROGRAMMING,"C S-312: INTRODUCTION TO PROGRAMMING, Section no. 52465",C,1,Computer Science
Fall 2022,52465,C S, 312,INTRODUCTION TO PROGRAMMING,"C S-312: INTRODUCTION TO PROGRAMMING, Section no. 52465",C+,1,Computer Science
Fall 2022,52465,C S, 312,INTRODUCTION TO PROGRAMMING,"C S-312: INTRODUCTION TO PROGRAMMING, Section no. 52465",B-,2,Computer Science
Fall 2022,52465,C S, 312,INTRODUCTION TO PROGRAMMING,"C S-312: INTRODUCTION TO PROGRAMMING, Section no. 52465",B,2,Computer Science
Fall 2022,52465,C S, 312,INTRODUCTION TO PROGRAMMING,"C S-312: INTRODUCTION TO PROGRAMMING, Section no. 52465",B+,2,Computer Science
Fall 2022,52465,C S, 312,INTRODUCTION TO PROGRAMMING,"C S-312: INTRODUCTION TO PROGRAMMING, Section no. 52465",A,5,Computer Science
Fall 2022,52470,C S, 312,INTRODUCTION TO PROGRAMMING,"C S-312: INTRODUCTION TO PROGRAMMING, Section no. 52470",Other,1,Computer Science
Fall 2022,52470,C S, 312,INTRODUCTION TO PROGRAMMING,"C S-312: INTRODUCTION TO PROGRAMMING, Section no. 52470",F,1,Computer Science
Fall 2022,52470,C S, 312,INTRODUCTION TO PROGRAMMING,"C S-312: INTRODUCTION TO PROGRAMMING, Section no. 52470",D,1,Computer Science
Fall 2022,52470,C S, 312,INTRODUCTION TO PROGRAMMING,"C S-312: INTRODUCTION TO PROGRAMMING, Section no. 52470",D+,1,Computer Science
Fall 2022,52470,C S, 312,INTRODUCTION TO PROGRAMMING,"C S-312: INTRODUCTION TO PROGRAMMING, Section no. 52470",C+,1,Computer Science
Fall 2022,52470,C S, 312,INTRODUCTION TO PROGRAMMING,"C S-312: INTRODUCTION TO PROGRAMMING, Section no. 52470",B-,4,Computer Science
Fall 2022,52470,C S, 312,INTRODUCTION TO PROGRAMMING,"C S-312: INTRODUCTION TO PROGRAMMING, Section no. 52470",B,4,Computer Science
Fall 2022,52470,C S, 312,INTRODUCTION TO PROGRAMMING,"C S-312: INTRODUCTION TO PROGRAMMING, Section no. 52470",B+,3,Computer Science
Fall 2022,52470,C S, 312,INTRODUCTION TO PROGRAMMING,"C S-312: INTRODUCTION TO PROGRAMMING, Section no. 52470",A-,3,Computer Science
Fall 2022,52470,C S, 312,INTRODUCTION TO PROGRAMMING,"C S-312: INTRODUCTION TO PROGRAMMING, Section no. 52470",A,6,Computer Science
Fall 2022,52495,C S, 312,INTRODUCTION TO PROGRAMMING,"C S-312: INTRODUCTION TO PROGRAMMING, Section no. 52495",Other,2,Computer Science
Fall 2022,52495,C S, 312,INTRODUCTION TO PROGRAMMING,"C S-312: INTRODUCTION TO PROGRAMMING, Section no. 52495",F,2,Computer Science
Fall 2022,52495,C S, 312,INTRODUCTION TO PROGRAMMING,"C S-312: INTRODUCTION TO PROGRAMMING, Section no. 52495",D-,1,Computer Science
Fall 2022,52495,C S, 312,INTRODUCTION TO PROGRAMMING,"C S-312: INTRODUCTION TO PROGRAMMING, Section no. 52495",D+,1,Computer Science
Fall 2022,52495,C S, 312,INTRODUCTION TO PROGRAMMING,"C S-312: INTRODUCTION TO PROGRAMMING, Section no. 52495",C-,1,Computer Science
Fall 2022,52495,C S, 312,INTRODUCTION TO PROGRAMMING,"C S-312: INTRODUCTION TO PROGRAMMING, Section no. 52495",C+,2,Computer Science
Fall 2022,52495,C S, 312,INTRODUCTION TO PROGRAMMING,"C S-312: INTRODUCTION TO PROGRAMMING, Section no. 52495",B-,2,Computer Science
Fall 2022,52495,C S, 312,INTRODUCTION TO PROGRAMMING,"C S-312: INTRODUCTION TO PROGRAMMING, Section no. 52495",B,3,Computer Science
Fall 2022,52495,C S, 312,INTRODUCTION TO PROGRAMMING,"C S-312: INTRODUCTION TO PROGRAMMING, Section no. 52495",B+,1,Computer Science
Fall 2022,52495,C S, 312,INTRODUCTION TO PROGRAMMING,"C S-312: INTRODUCTION TO PROGRAMMING, Section no. 52495",A-,2,Computer Science
Fall 2022,52495,C S, 312,INTRODUCTION TO PROGRAMMING,"C S-312: INTRODUCTION TO PROGRAMMING, Section no. 52495",A,11,Computer Science
Fall 2022,52500,C S, 312,INTRODUCTION TO PROGRAMMING,"C S-312: INTRODUCTION TO PROGRAMMING, Section no. 52500",Other,2,Computer Science
Fall 2022,52500,C S, 312,INTRODUCTION TO PROGRAMMING,"C S-312: INTRODUCTION TO PROGRAMMING, Section no. 52500",F,1,Computer Science
Fall 2022,52500,C S, 312,INTRODUCTION TO PROGRAMMING,"C S-312: INTRODUCTION TO PROGRAMMING, Section no. 52500",D+,1,Computer Science
Fall 2022,52500,C S, 312,INTRODUCTION TO PROGRAMMING,"C S-312: INTRODUCTION TO PROGRAMMING, Section no. 52500",C+,1,Computer Science
Fall 2022,52500,C S, 312,INTRODUCTION TO PROGRAMMING,"C S-312: INTRODUCTION TO PROGRAMMING, Section no. 52500",B-,2,Computer Science
Fall 2022,52500,C S, 312,INTRODUCTION TO PROGRAMMING,"C S-312: INTRODUCTION TO PROGRAMMING, Section no. 52500",B,1,Computer Science
Fall 2022,52500,C S, 312,INTRODUCTION TO PROGRAMMING,"C S-312: INTRODUCTION TO PROGRAMMING, Section no. 52500",B+,1,Computer Science
Fall 2022,52500,C S, 312,INTRODUCTION TO PROGRAMMING,"C S-312: INTRODUCTION TO PROGRAMMING, Section no. 52500",A-,4,Computer Science
Fall 2022,52500,C S, 312,INTRODUCTION TO PROGRAMMING,"C S-312: INTRODUCTION TO PROGRAMMING, Section no. 52500",A,7,Computer Science
Fall 2022,52505,C S, 312,INTRODUCTION TO PROGRAMMING,"C S-312: INTRODUCTION TO PROGRAMMING, Section no. 52505",Other,1,Computer Science
Fall 2022,52505,C S, 312,INTRODUCTION TO PROGRAMMING,"C S-312: INTRODUCTION TO PROGRAMMING, Section no. 52505",B-,1,Computer Science
Fall 2022,52505,C S, 312,INTRODUCTION TO PROGRAMMING,"C S-312: INTRODUCTION TO PROGRAMMING, Section no. 52505",B,1,Computer Science
Fall 2022,52505,C S, 312,INTRODUCTION TO PROGRAMMING,"C S-312: INTRODUCTION TO PROGRAMMING, Section no. 52505",B+,2,Computer Science
Fall 2022,52505,C S, 312,INTRODUCTION TO PROGRAMMING,"C S-312: INTRODUCTION TO PROGRAMMING, Section no. 52505",A,14,Computer Science
Fall 2022,52510,C S, 312,INTRODUCTION TO PROGRAMMING,"C S-312: INTRODUCTION TO PROGRAMMING, Section no. 52510",D,1,Computer Science
Fall 2022,52510,C S, 312,INTRODUCTION TO PROGRAMMING,"C S-312: INTRODUCTION TO PROGRAMMING, Section no. 52510",C-,2,Computer Science
Fall 2022,52510,C S, 312,INTRODUCTION TO PROGRAMMING,"C S-312: INTRODUCTION TO PROGRAMMING, Section no. 52510",C,1,Computer Science
Fall 2022,52510,C S, 312,INTRODUCTION TO PROGRAMMING,"C S-312: INTRODUCTION TO PROGRAMMING, Section no. 52510",C+,3,Computer Science
Fall 2022,52510,C S, 312,INTRODUCTION TO PROGRAMMING,"C S-312: INTRODUCTION TO PROGRAMMING, Section no. 52510",B-,1,Computer Science
Fall 2022,52510,C S, 312,INTRODUCTION TO PROGRAMMING,"C S-312: INTRODUCTION TO PROGRAMMING, Section no. 52510",B,4,Computer Science
Fall 2022,52510,C S, 312,INTRODUCTION TO PROGRAMMING,"C S-312: INTRODUCTION TO PROGRAMMING, Section no. 52510",B+,3,Computer Science
Fall 2022,52510,C S, 312,INTRODUCTION TO PROGRAMMING,"C S-312: INTRODUCTION TO PROGRAMMING, Section no. 52510",A-,3,Computer Science
Fall 2022,52510,C S, 312,INTRODUCTION TO PROGRAMMING,"C S-312: INTRODUCTION TO PROGRAMMING, Section no. 52510",A,5,Computer Science
Fall 2022,52515,C S, 312,INTRODUCTION TO PROGRAMMING,"C S-312: INTRODUCTION TO PROGRAMMING, Section no. 52515",Other,3,Computer Science
Fall 2022,52515,C S, 312,INTRODUCTION TO PROGRAMMING,"C S-312: INTRODUCTION TO PROGRAMMING, Section no. 52515",C+,1,Computer Science
Fall 2022,52515,C S, 312,INTRODUCTION TO PROGRAMMING,"C S-312: INTRODUCTION TO PROGRAMMING, Section no. 52515",B-,2,Computer Science
Fall 2022,52515,C S, 312,INTRODUCTION TO PROGRAMMING,"C S-312: INTRODUCTION TO PROGRAMMING, Section no. 52515",B,1,Computer Science
Fall 2022,52515,C S, 312,INTRODUCTION TO PROGRAMMING,"C S-312: INTRODUCTION TO PROGRAMMING, Section no. 52515",B+,1,Computer Science
Fall 2022,52515,C S, 312,INTRODUCTION TO PROGRAMMING,"C S-312: INTRODUCTION TO PROGRAMMING, Section no. 52515",A-,5,Computer Science
Fall 2022,52515,C S, 312,INTRODUCTION TO PROGRAMMING,"C S-312: INTRODUCTION TO PROGRAMMING, Section no. 52515",A,14,Computer Science
Fall 2022,52520,C S, 313E,ELEMENTS OF SOFTWARE DESIGN,"C S-313E: ELEMENTS OF SOFTWARE DESIGN, Section no. 52520",Other,7,Computer Science
Fall 2022,52520,C S, 313E,ELEMENTS OF SOFTWARE DESIGN,"C S-313E: ELEMENTS OF SOFTWARE DESIGN, Section no. 52520",D+,1,Computer Science
Fall 2022,52520,C S, 313E,ELEMENTS OF SOFTWARE DESIGN,"C S-313E: ELEMENTS OF SOFTWARE DESIGN, Section no. 52520",C-,1,Computer Science
Fall 2022,52520,C S, 313E,ELEMENTS OF SOFTWARE DESIGN,"C S-313E: ELEMENTS OF SOFTWARE DESIGN, Section no. 52520",C,2,Computer Science
Fall 2022,52520,C S, 313E,ELEMENTS OF SOFTWARE DESIGN,"C S-313E: ELEMENTS OF SOFTWARE DESIGN, Section no. 52520",C+,2,Computer Science
Fall 2022,52520,C S, 313E,ELEMENTS OF SOFTWARE DESIGN,"C S-313E: ELEMENTS OF SOFTWARE DESIGN, Section no. 52520",B,5,Computer Science
Fall 2022,52520,C S, 313E,ELEMENTS OF SOFTWARE DESIGN,"C S-313E: ELEMENTS OF SOFTWARE DESIGN, Section no. 52520",B+,3,Computer Science
Fall 2022,52520,C S, 313E,ELEMENTS OF SOFTWARE DESIGN,"C S-313E: ELEMENTS OF SOFTWARE DESIGN, Section no. 52520",A-,9,Computer Science
Fall 2022,52520,C S, 313E,ELEMENTS OF SOFTWARE DESIGN,"C S-313E: ELEMENTS OF SOFTWARE DESIGN, Section no. 52520",A,69,Computer Science
Fall 2022,52525,C S, 313E,ELEMENTS OF SOFTWARE DESIGN,"C S-313E: ELEMENTS OF SOFTWARE DESIGN, Section no. 52525",Other,6,Computer Science
Fall 2022,52525,C S, 313E,ELEMENTS OF SOFTWARE DESIGN,"C S-313E: ELEMENTS OF SOFTWARE DESIGN, Section no. 52525",D-,1,Computer Science
Fall 2022,52525,C S, 313E,ELEMENTS OF SOFTWARE DESIGN,"C S-313E: ELEMENTS OF SOFTWARE DESIGN, Section no. 52525",C,5,Computer Science
Fall 2022,52525,C S, 313E,ELEMENTS OF SOFTWARE DESIGN,"C S-313E: ELEMENTS OF SOFTWARE DESIGN, Section no. 52525",C+,1,Computer Science
Fall 2022,52525,C S, 313E,ELEMENTS OF SOFTWARE DESIGN,"C S-313E: ELEMENTS OF SOFTWARE DESIGN, Section no. 52525",B-,2,Computer Science
Fall 2022,52525,C S, 313E,ELEMENTS OF SOFTWARE DESIGN,"C S-313E: ELEMENTS OF SOFTWARE DESIGN, Section no. 52525",B,4,Computer Science
Fall 2022,52525,C S, 313E,ELEMENTS OF SOFTWARE DESIGN,"C S-313E: ELEMENTS OF SOFTWARE DESIGN, Section no. 52525",B+,5,Computer Science
Fall 2022,52525,C S, 313E,ELEMENTS OF SOFTWARE DESIGN,"C S-313E: ELEMENTS OF SOFTWARE DESIGN, Section no. 52525",A-,6,Computer Science
Fall 2022,52525,C S, 313E,ELEMENTS OF SOFTWARE DESIGN,"C S-313E: ELEMENTS OF SOFTWARE DESIGN, Section no. 52525",A,66,Computer Science
Fall 2022,52530,C S, 313E,ELEMENTS OF SOFTWARE DESIGN,"C S-313E: ELEMENTS OF SOFTWARE DESIGN, Section no. 52530",Other,19,Computer Science
Fall 2022,52530,C S, 313E,ELEMENTS OF SOFTWARE DESIGN,"C S-313E: ELEMENTS OF SOFTWARE DESIGN, Section no. 52530",F,2,Computer Science
Fall 2022,52530,C S, 313E,ELEMENTS OF SOFTWARE DESIGN,"C S-313E: ELEMENTS OF SOFTWARE DESIGN, Section no. 52530",D-,1,Computer Science
Fall 2022,52530,C S, 313E,ELEMENTS OF SOFTWARE DESIGN,"C S-313E: ELEMENTS OF SOFTWARE DESIGN, Section no. 52530",D,1,Computer Science
Fall 2022,52530,C S, 313E,ELEMENTS OF SOFTWARE DESIGN,"C S-313E: ELEMENTS OF SOFTWARE DESIGN, Section no. 52530",C-,4,Computer Science
Fall 2022,52530,C S, 313E,ELEMENTS OF SOFTWARE DESIGN,"C S-313E: ELEMENTS OF SOFTWARE DESIGN, Section no. 52530",C,4,Computer Science
Fall 2022,52530,C S, 313E,ELEMENTS OF SOFTWARE DESIGN,"C S-313E: ELEMENTS OF SOFTWARE DESIGN, Section no. 52530",C+,3,Computer Science
Fall 2022,52530,C S, 313E,ELEMENTS OF SOFTWARE DESIGN,"C S-313E: ELEMENTS OF SOFTWARE DESIGN, Section no. 52530",B-,5,Computer Science
Fall 2022,52530,C S, 313E,ELEMENTS OF SOFTWARE DESIGN,"C S-313E: ELEMENTS OF SOFTWARE DESIGN, Section no. 52530",B,8,Computer Science
Fall 2022,52530,C S, 313E,ELEMENTS OF SOFTWARE DESIGN,"C S-313E: ELEMENTS OF SOFTWARE DESIGN, Section no. 52530",B+,9,Computer Science
Fall 2022,52530,C S, 313E,ELEMENTS OF SOFTWARE DESIGN,"C S-313E: ELEMENTS OF SOFTWARE DESIGN, Section no. 52530",A-,8,Computer Science
Fall 2022,52530,C S, 313E,ELEMENTS OF SOFTWARE DESIGN,"C S-313E: ELEMENTS OF SOFTWARE DESIGN, Section no. 52530",A,34,Computer Science
Fall 2022,52535,C S, 313E,ELEMENTS OF SOFTWARE DESIGN,"C S-313E: ELEMENTS OF SOFTWARE DESIGN, Section no. 52535",Other,10,Computer Science
Fall 2022,52535,C S, 313E,ELEMENTS OF SOFTWARE DESIGN,"C S-313E: ELEMENTS OF SOFTWARE DESIGN, Section no. 52535",F,2,Computer Science
Fall 2022,52535,C S, 313E,ELEMENTS OF SOFTWARE DESIGN,"C S-313E: ELEMENTS OF SOFTWARE DESIGN, Section no. 52535",D-,1,Computer Science
Fall 2022,52535,C S, 313E,ELEMENTS OF SOFTWARE DESIGN,"C S-313E: ELEMENTS OF SOFTWARE DESIGN, Section no. 52535",D,1,Computer Science
Fall 2022,52535,C S, 313E,ELEMENTS OF SOFTWARE DESIGN,"C S-313E: ELEMENTS OF SOFTWARE DESIGN, Section no. 52535",D+,1,Computer Science
Fall 2022,52535,C S, 313E,ELEMENTS OF SOFTWARE DESIGN,"C S-313E: ELEMENTS OF SOFTWARE DESIGN, Section no. 52535",C-,4,Computer Science
Fall 2022,52535,C S, 313E,ELEMENTS OF SOFTWARE DESIGN,"C S-313E: ELEMENTS OF SOFTWARE DESIGN, Section no. 52535",C,3,Computer Science
Fall 2022,52535,C S, 313E,ELEMENTS OF SOFTWARE DESIGN,"C S-313E: ELEMENTS OF SOFTWARE DESIGN, Section no. 52535",C+,4,Computer Science
Fall 2022,52535,C S, 313E,ELEMENTS OF SOFTWARE DESIGN,"C S-313E: ELEMENTS OF SOFTWARE DESIGN, Section no. 52535",B-,5,Computer Science
Fall 2022,52535,C S, 313E,ELEMENTS OF SOFTWARE DESIGN,"C S-313E: ELEMENTS OF SOFTWARE DESIGN, Section no. 52535",B,12,Computer Science
Fall 2022,52535,C S, 313E,ELEMENTS OF SOFTWARE DESIGN,"C S-313E: ELEMENTS OF SOFTWARE DESIGN, Section no. 52535",B+,7,Computer Science
Fall 2022,52535,C S, 313E,ELEMENTS OF SOFTWARE DESIGN,"C S-313E: ELEMENTS OF SOFTWARE DESIGN, Section no. 52535",A-,13,Computer Science
Fall 2022,52535,C S, 313E,ELEMENTS OF SOFTWARE DESIGN,"C S-313E: ELEMENTS OF SOFTWARE DESIGN, Section no. 52535",A,32,Computer Science
Fall 2022,52540,C S, 314,DATA STRUCTURES,"C S-314: DATA STRUCTURES, Section no. 52540",D+,1,Computer Science
Fall 2022,52540,C S, 314,DATA STRUCTURES,"C S-314: DATA STRUCTURES, Section no. 52540",C-,1,Computer Science
Fall 2022,52540,C S, 314,DATA STRUCTURES,"C S-314: DATA STRUCTURES, Section no. 52540",C,1,Computer Science
Fall 2022,52540,C S, 314,DATA STRUCTURES,"C S-314: DATA STRUCTURES, Section no. 52540",C+,2,Computer Science
Fall 2022,52540,C S, 314,DATA STRUCTURES,"C S-314: DATA STRUCTURES, Section no. 52540",B,4,Computer Science
Fall 2022,52540,C S, 314,DATA STRUCTURES,"C S-314: DATA STRUCTURES, Section no. 52540",B+,1,Computer Science
Fall 2022,52540,C S, 314,DATA STRUCTURES,"C S-314: DATA STRUCTURES, Section no. 52540",A-,1,Computer Science
Fall 2022,52540,C S, 314,DATA STRUCTURES,"C S-314: DATA STRUCTURES, Section no. 52540",A,10,Computer Science
Fall 2022,52545,C S, 314,DATA STRUCTURES,"C S-314: DATA STRUCTURES, Section no. 52545",Other,5,Computer Science
Fall 2022,52545,C S, 314,DATA STRUCTURES,"C S-314: DATA STRUCTURES, Section no. 52545",D+,1,Computer Science
Fall 2022,52545,C S, 314,DATA STRUCTURES,"C S-314: DATA STRUCTURES, Section no. 52545",C-,2,Computer Science
Fall 2022,52545,C S, 314,DATA STRUCTURES,"C S-314: DATA STRUCTURES, Section no. 52545",C+,2,Computer Science
Fall 2022,52545,C S, 314,DATA STRUCTURES,"C S-314: DATA STRUCTURES, Section no. 52545",B-,1,Computer Science
Fall 2022,52545,C S, 314,DATA STRUCTURES,"C S-314: DATA STRUCTURES, Section no. 52545",B,3,Computer Science
Fall 2022,52545,C S, 314,DATA STRUCTURES,"C S-314: DATA STRUCTURES, Section no. 52545",B+,2,Computer Science
Fall 2022,52545,C S, 314,DATA STRUCTURES,"C S-314: DATA STRUCTURES, Section no. 52545",A-,2,Computer Science
Fall 2022,52545,C S, 314,DATA STRUCTURES,"C S-314: DATA STRUCTURES, Section no. 52545",A,7,Computer Science
Fall 2022,52550,C S, 314,DATA STRUCTURES,"C S-314: DATA STRUCTURES, Section no. 52550",Other,1,Computer Science
Fall 2022,52550,C S, 314,DATA STRUCTURES,"C S-314: DATA STRUCTURES, Section no. 52550",B,3,Computer Science
Fall 2022,52550,C S, 314,DATA STRUCTURES,"C S-314: DATA STRUCTURES, Section no. 52550",B+,4,Computer Science
Fall 2022,52550,C S, 314,DATA STRUCTURES,"C S-314: DATA STRUCTURES, Section no. 52550",A-,5,Computer Science
Fall 2022,52550,C S, 314,DATA STRUCTURES,"C S-314: DATA STRUCTURES, Section no. 52550",A,9,Computer Science
Fall 2022,52555,C S, 314,DATA STRUCTURES,"C S-314: DATA STRUCTURES, Section no. 52555",Other,2,Computer Science
Fall 2022,52555,C S, 314,DATA STRUCTURES,"C S-314: DATA STRUCTURES, Section no. 52555",F,2,Computer Science
Fall 2022,52555,C S, 314,DATA STRUCTURES,"C S-314: DATA STRUCTURES, Section no. 52555",D+,1,Computer Science
Fall 2022,52555,C S, 314,DATA STRUCTURES,"C S-314: DATA STRUCTURES, Section no. 52555",C-,1,Computer Science
Fall 2022,52555,C S, 314,DATA STRUCTURES,"C S-314: DATA STRUCTURES, Section no. 52555",C,2,Computer Science
Fall 2022,52555,C S, 314,DATA STRUCTURES,"C S-314: DATA STRUCTURES, Section no. 52555",C+,1,Computer Science
Fall 2022,52555,C S, 314,DATA STRUCTURES,"C S-314: DATA STRUCTURES, Section no. 52555",B-,1,Computer Science
Fall 2022,52555,C S, 314,DATA STRUCTURES,"C S-314: DATA STRUCTURES, Section no. 52555",B,1,Computer Science
Fall 2022,52555,C S, 314,DATA STRUCTURES,"C S-314: DATA STRUCTURES, Section no. 52555",B+,4,Computer Science
Fall 2022,52555,C S, 314,DATA STRUCTURES,"C S-314: DATA STRUCTURES, Section no. 52555",A-,1,Computer Science
Fall 2022,52555,C S, 314,DATA STRUCTURES,"C S-314: DATA STRUCTURES, Section no. 52555",A,5,Computer Science
Fall 2022,52560,C S, 314,DATA STRUCTURES,"C S-314: DATA STRUCTURES, Section no. 52560",F,1,Computer Science
Fall 2022,52560,C S, 314,DATA STRUCTURES,"C S-314: DATA STRUCTURES, Section no. 52560",C-,1,Computer Science
Fall 2022,52560,C S, 314,DATA STRUCTURES,"C S-314: DATA STRUCTURES, Section no. 52560",C,2,Computer Science
Fall 2022,52560,C S, 314,DATA STRUCTURES,"C S-314: DATA STRUCTURES, Section no. 52560",B-,7,Computer Science
Fall 2022,52560,C S, 314,DATA STRUCTURES,"C S-314: DATA STRUCTURES, Section no. 52560",B,6,Computer Science
Fall 2022,52560,C S, 314,DATA STRUCTURES,"C S-314: DATA STRUCTURES, Section no. 52560",A-,2,Computer Science
Fall 2022,52560,C S, 314,DATA STRUCTURES,"C S-314: DATA STRUCTURES, Section no. 52560",A,3,Computer Science
Fall 2022,52565,C S, 314,DATA STRUCTURES,"C S-314: DATA STRUCTURES, Section no. 52565",Other,1,Computer Science
Fall 2022,52565,C S, 314,DATA STRUCTURES,"C S-314: DATA STRUCTURES, Section no. 52565",C-,1,Computer Science
Fall 2022,52565,C S, 314,DATA STRUCTURES,"C S-314: DATA STRUCTURES, Section no. 52565",C,1,Computer Science
Fall 2022,52565,C S, 314,DATA STRUCTURES,"C S-314: DATA STRUCTURES, Section no. 52565",C+,2,Computer Science
Fall 2022,52565,C S, 314,DATA STRUCTURES,"C S-314: DATA STRUCTURES, Section no. 52565",B-,1,Computer Science
Fall 2022,52565,C S, 314,DATA STRUCTURES,"C S-314: DATA STRUCTURES, Section no. 52565",B,7,Computer Science
Fall 2022,52565,C S, 314,DATA STRUCTURES,"C S-314: DATA STRUCTURES, Section no. 52565",B+,1,Computer Science
Fall 2022,52565,C S, 314,DATA STRUCTURES,"C S-314: DATA STRUCTURES, Section no. 52565",A,10,Computer Science
Fall 2022,52570,C S, 314,DATA STRUCTURES,"C S-314: DATA STRUCTURES, Section no. 52570",Other,2,Computer Science
Fall 2022,52570,C S, 314,DATA STRUCTURES,"C S-314: DATA STRUCTURES, Section no. 52570",D,1,Computer Science
Fall 2022,52570,C S, 314,DATA STRUCTURES,"C S-314: DATA STRUCTURES, Section no. 52570",C-,2,Computer Science
Fall 2022,52570,C S, 314,DATA STRUCTURES,"C S-314: DATA STRUCTURES, Section no. 52570",B-,1,Computer Science
Fall 2022,52570,C S, 314,DATA STRUCTURES,"C S-314: DATA STRUCTURES, Section no. 52570",B,5,Computer Science
Fall 2022,52570,C S, 314,DATA STRUCTURES,"C S-314: DATA STRUCTURES, Section no. 52570",B+,2,Computer Science
Fall 2022,52570,C S, 314,DATA STRUCTURES,"C S-314: DATA STRUCTURES, Section no. 52570",A-,2,Computer Science
Fall 2022,52570,C S, 314,DATA STRUCTURES,"C S-314: DATA STRUCTURES, Section no. 52570",A,8,Computer Science
Fall 2022,52575,C S, 314,DATA STRUCTURES,"C S-314: DATA STRUCTURES, Section no. 52575",Other,5,Computer Science
Fall 2022,52575,C S, 314,DATA STRUCTURES,"C S-314: DATA STRUCTURES, Section no. 52575",D,2,Computer Science
Fall 2022,52575,C S, 314,DATA STRUCTURES,"C S-314: DATA STRUCTURES, Section no. 52575",D+,1,Computer Science
Fall 2022,52575,C S, 314,DATA STRUCTURES,"C S-314: DATA STRUCTURES, Section no. 52575",C-,1,Computer Science
Fall 2022,52575,C S, 314,DATA STRUCTURES,"C S-314: DATA STRUCTURES, Section no. 52575",C,1,Computer Science
Fall 2022,52575,C S, 314,DATA STRUCTURES,"C S-314: DATA STRUCTURES, Section no. 52575",B-,5,Computer Science
Fall 2022,52575,C S, 314,DATA STRUCTURES,"C S-314: DATA STRUCTURES, Section no. 52575",B,3,Computer Science
Fall 2022,52575,C S, 314,DATA STRUCTURES,"C S-314: DATA STRUCTURES, Section no. 52575",B+,4,Computer Science
Fall 2022,52575,C S, 314,DATA STRUCTURES,"C S-314: DATA STRUCTURES, Section no. 52575",A-,2,Computer Science
Fall 2022,52575,C S, 314,DATA STRUCTURES,"C S-314: DATA STRUCTURES, Section no. 52575",A,1,Computer Science
Fall 2022,52580,C S, 314,DATA STRUCTURES,"C S-314: DATA STRUCTURES, Section no. 52580",C,3,Computer Science
Fall 2022,52580,C S, 314,DATA STRUCTURES,"C S-314: DATA STRUCTURES, Section no. 52580",C+,2,Computer Science
Fall 2022,52580,C S, 314,DATA STRUCTURES,"C S-314: DATA STRUCTURES, Section no. 52580",B,4,Computer Science
Fall 2022,52580,C S, 314,DATA STRUCTURES,"C S-314: DATA STRUCTURES, Section no. 52580",B+,2,Computer Science
Fall 2022,52580,C S, 314,DATA STRUCTURES,"C S-314: DATA STRUCTURES, Section no. 52580",A-,3,Computer Science
Fall 2022,52580,C S, 314,DATA STRUCTURES,"C S-314: DATA STRUCTURES, Section no. 52580",A,10,Computer Science
Fall 2022,52585,C S, 314,DATA STRUCTURES,"C S-314: DATA STRUCTURES, Section no. 52585",C-,1,Computer Science
Fall 2022,52585,C S, 314,DATA STRUCTURES,"C S-314: DATA STRUCTURES, Section no. 52585",B-,2,Computer Science
Fall 2022,52585,C S, 314,DATA STRUCTURES,"C S-314: DATA STRUCTURES, Section no. 52585",B,2,Computer Science
Fall 2022,52585,C S, 314,DATA STRUCTURES,"C S-314: DATA STRUCTURES, Section no. 52585",B+,2,Computer Science
Fall 2022,52585,C S, 314,DATA STRUCTURES,"C S-314: DATA STRUCTURES, Section no. 52585",A-,9,Computer Science
Fall 2022,52585,C S, 314,DATA STRUCTURES,"C S-314: DATA STRUCTURES, Section no. 52585",A,6,Computer Science
Fall 2022,52590,C S, 314,DATA STRUCTURES,"C S-314: DATA STRUCTURES, Section no. 52590",Other,1,Computer Science
Fall 2022,52590,C S, 314,DATA STRUCTURES,"C S-314: DATA STRUCTURES, Section no. 52590",D-,2,Computer Science
Fall 2022,52590,C S, 314,DATA STRUCTURES,"C S-314: DATA STRUCTURES, Section no. 52590",D,1,Computer Science
Fall 2022,52590,C S, 314,DATA STRUCTURES,"C S-314: DATA STRUCTURES, Section no. 52590",C-,1,Computer Science
Fall 2022,52590,C S, 314,DATA STRUCTURES,"C S-314: DATA STRUCTURES, Section no. 52590",C,2,Computer Science
Fall 2022,52590,C S, 314,DATA STRUCTURES,"C S-314: DATA STRUCTURES, Section no. 52590",C+,1,Computer Science
Fall 2022,52590,C S, 314,DATA STRUCTURES,"C S-314: DATA STRUCTURES, Section no. 52590",B,4,Computer Science
Fall 2022,52590,C S, 314,DATA STRUCTURES,"C S-314: DATA STRUCTURES, Section no. 52590",B+,3,Computer Science
Fall 2022,52590,C S, 314,DATA STRUCTURES,"C S-314: DATA STRUCTURES, Section no. 52590",A-,3,Computer Science
Fall 2022,52590,C S, 314,DATA STRUCTURES,"C S-314: DATA STRUCTURES, Section no. 52590",A,6,Computer Science
Fall 2022,52595,C S, 314,DATA STRUCTURES,"C S-314: DATA STRUCTURES, Section no. 52595",Other,8,Computer Science
Fall 2022,52595,C S, 314,DATA STRUCTURES,"C S-314: DATA STRUCTURES, Section no. 52595",F,2,Computer Science
Fall 2022,52595,C S, 314,DATA STRUCTURES,"C S-314: DATA STRUCTURES, Section no. 52595",D-,2,Computer Science
Fall 2022,52595,C S, 314,DATA STRUCTURES,"C S-314: DATA STRUCTURES, Section no. 52595",D+,2,Computer Science
Fall 2022,52595,C S, 314,DATA STRUCTURES,"C S-314: DATA STRUCTURES, Section no. 52595",C-,1,Computer Science
Fall 2022,52595,C S, 314,DATA STRUCTURES,"C S-314: DATA STRUCTURES, Section no. 52595",C,4,Computer Science
Fall 2022,52595,C S, 314,DATA STRUCTURES,"C S-314: DATA STRUCTURES, Section no. 52595",B-,1,Computer Science
Fall 2022,52600,C S, 314,DATA STRUCTURES,"C S-314: DATA STRUCTURES, Section no. 52600",Other,1,Computer Science
Fall 2022,52600,C S, 314,DATA STRUCTURES,"C S-314: DATA STRUCTURES, Section no. 52600",F,1,Computer Science
Fall 2022,52600,C S, 314,DATA STRUCTURES,"C S-314: DATA STRUCTURES, Section no. 52600",D,1,Computer Science
Fall 2022,52600,C S, 314,DATA STRUCTURES,"C S-314: DATA STRUCTURES, Section no. 52600",C,2,Computer Science
Fall 2022,52600,C S, 314,DATA STRUCTURES,"C S-314: DATA STRUCTURES, Section no. 52600",B-,2,Computer Science
Fall 2022,52600,C S, 314,DATA STRUCTURES,"C S-314: DATA STRUCTURES, Section no. 52600",B,3,Computer Science
Fall 2022,52600,C S, 314,DATA STRUCTURES,"C S-314: DATA STRUCTURES, Section no. 52600",B+,2,Computer Science
Fall 2022,52600,C S, 314,DATA STRUCTURES,"C S-314: DATA STRUCTURES, Section no. 52600",A-,3,Computer Science
Fall 2022,52600,C S, 314,DATA STRUCTURES,"C S-314: DATA STRUCTURES, Section no. 52600",A,9,Computer Science
Fall 2022,52604,C S, 314,DATA STRUCTURES,"C S-314: DATA STRUCTURES, Section no. 52604",Other,7,Computer Science
Fall 2022,52604,C S, 314,DATA STRUCTURES,"C S-314: DATA STRUCTURES, Section no. 52604",F,1,Computer Science
Fall 2022,52604,C S, 314,DATA STRUCTURES,"C S-314: DATA STRUCTURES, Section no. 52604",D,1,Computer Science
Fall 2022,52604,C S, 314,DATA STRUCTURES,"C S-314: DATA STRUCTURES, Section no. 52604",C,4,Computer Science
Fall 2022,52604,C S, 314,DATA STRUCTURES,"C S-314: DATA STRUCTURES, Section no. 52604",C+,2,Computer Science
Fall 2022,52604,C S, 314,DATA STRUCTURES,"C S-314: DATA STRUCTURES, Section no. 52604",B-,1,Computer Science
Fall 2022,52605,C S, 314H,DATA STRUCTURES: HONORS,"C S-314H: DATA STRUCTURES: HONORS, Section no. 52605",Other,1,Computer Science
Fall 2022,52605,C S, 314H,DATA STRUCTURES: HONORS,"C S-314H: DATA STRUCTURES: HONORS, Section no. 52605",B-,1,Computer Science
Fall 2022,52605,C S, 314H,DATA STRUCTURES: HONORS,"C S-314H: DATA STRUCTURES: HONORS, Section no. 52605",B,1,Computer Science
Fall 2022,52605,C S, 314H,DATA STRUCTURES: HONORS,"C S-314H: DATA STRUCTURES: HONORS, Section no. 52605",B+,7,Computer Science
Fall 2022,52605,C S, 314H,DATA STRUCTURES: HONORS,"C S-314H: DATA STRUCTURES: HONORS, Section no. 52605",A-,9,Computer Science
Fall 2022,52605,C S, 314H,DATA STRUCTURES: HONORS,"C S-314H: DATA STRUCTURES: HONORS, Section no. 52605",A,10,Computer Science
Fall 2022,52610,C S, 314H,DATA STRUCTURES: HONORS,"C S-314H: DATA STRUCTURES: HONORS, Section no. 52610",B,1,Computer Science
Fall 2022,52610,C S, 314H,DATA STRUCTURES: HONORS,"C S-314H: DATA STRUCTURES: HONORS, Section no. 52610",B+,13,Computer Science
Fall 2022,52610,C S, 314H,DATA STRUCTURES: HONORS,"C S-314H: DATA STRUCTURES: HONORS, Section no. 52610",A-,7,Computer Science
Fall 2022,52610,C S, 314H,DATA STRUCTURES: HONORS,"C S-314H: DATA STRUCTURES: HONORS, Section no. 52610",A,10,Computer Science
Fall 2022,52615,C S, 314H,DATA STRUCTURES: HONORS,"C S-314H: DATA STRUCTURES: HONORS, Section no. 52615",D,1,Computer Science
Fall 2022,52615,C S, 314H,DATA STRUCTURES: HONORS,"C S-314H: DATA STRUCTURES: HONORS, Section no. 52615",C,1,Computer Science
Fall 2022,52615,C S, 314H,DATA STRUCTURES: HONORS,"C S-314H: DATA STRUCTURES: HONORS, Section no. 52615",C+,2,Computer Science
Fall 2022,52615,C S, 314H,DATA STRUCTURES: HONORS,"C S-314H: DATA STRUCTURES: HONORS, Section no. 52615",B-,2,Computer Science
Fall 2022,52615,C S, 314H,DATA STRUCTURES: HONORS,"C S-314H: DATA STRUCTURES: HONORS, Section no. 52615",B,9,Computer Science
Fall 2022,52615,C S, 314H,DATA STRUCTURES: HONORS,"C S-314H: DATA STRUCTURES: HONORS, Section no. 52615",B+,5,Computer Science
Fall 2022,52615,C S, 314H,DATA STRUCTURES: HONORS,"C S-314H: DATA STRUCTURES: HONORS, Section no. 52615",A-,5,Computer Science
Fall 2022,52615,C S, 314H,DATA STRUCTURES: HONORS,"C S-314H: DATA STRUCTURES: HONORS, Section no. 52615",A,15,Computer Science
Fall 2022,52620,C S, 323E,ELEMENTS OF SCIENTIF COMPUTING,"C S-323E: ELEMENTS OF SCIENTIF COMPUTING, Section no. 52620",Other,4,Computer Science
Fall 2022,52620,C S, 323E,ELEMENTS OF SCIENTIF COMPUTING,"C S-323E: ELEMENTS OF SCIENTIF COMPUTING, Section no. 52620",F,2,Computer Science
Fall 2022,52620,C S, 323E,ELEMENTS OF SCIENTIF COMPUTING,"C S-323E: ELEMENTS OF SCIENTIF COMPUTING, Section no. 52620",D+,1,Computer Science
Fall 2022,52620,C S, 323E,ELEMENTS OF SCIENTIF COMPUTING,"C S-323E: ELEMENTS OF SCIENTIF COMPUTING, Section no. 52620",C+,2,Computer Science
Fall 2022,52620,C S, 323E,ELEMENTS OF SCIENTIF COMPUTING,"C S-323E: ELEMENTS OF SCIENTIF COMPUTING, Section no. 52620",B,2,Computer Science
Fall 2022,52620,C S, 323E,ELEMENTS OF SCIENTIF COMPUTING,"C S-323E: ELEMENTS OF SCIENTIF COMPUTING, Section no. 52620",A-,4,Computer Science
Fall 2022,52620,C S, 323E,ELEMENTS OF SCIENTIF COMPUTING,"C S-323E: ELEMENTS OF SCIENTIF COMPUTING, Section no. 52620",A,37,Computer Science
Fall 2022,52625,C S, 324E,ELEM OF GRAPHICS/VISUALIZATN,"C S-324E: ELEM OF GRAPHICS/VISUALIZATN, Section no. 52625",F,2,Computer Science
Fall 2022,52625,C S, 324E,ELEM OF GRAPHICS/VISUALIZATN,"C S-324E: ELEM OF GRAPHICS/VISUALIZATN, Section no. 52625",D+,1,Computer Science
Fall 2022,52625,C S, 324E,ELEM OF GRAPHICS/VISUALIZATN,"C S-324E: ELEM OF GRAPHICS/VISUALIZATN, Section no. 52625",B,1,Computer Science
Fall 2022,52625,C S, 324E,ELEM OF GRAPHICS/VISUALIZATN,"C S-324E: ELEM OF GRAPHICS/VISUALIZATN, Section no. 52625",B+,1,Computer Science
Fall 2022,52625,C S, 324E,ELEM OF GRAPHICS/VISUALIZATN,"C S-324E: ELEM OF GRAPHICS/VISUALIZATN, Section no. 52625",A-,5,Computer Science
Fall 2022,52625,C S, 324E,ELEM OF GRAPHICS/VISUALIZATN,"C S-324E: ELEM OF GRAPHICS/VISUALIZATN, Section no. 52625",A,48,Computer Science
Fall 2022,52630,C S, 326E,ELEMENTS OF NETWORKING,"C S-326E: ELEMENTS OF NETWORKING, Section no. 52630",Other,7,Computer Science
Fall 2022,52630,C S, 326E,ELEMENTS OF NETWORKING,"C S-326E: ELEMENTS OF NETWORKING, Section no. 52630",D,1,Computer Science
Fall 2022,52630,C S, 326E,ELEMENTS OF NETWORKING,"C S-326E: ELEMENTS OF NETWORKING, Section no. 52630",C-,1,Computer Science
Fall 2022,52630,C S, 326E,ELEMENTS OF NETWORKING,"C S-326E: ELEMENTS OF NETWORKING, Section no. 52630",B-,1,Computer Science
Fall 2022,52630,C S, 326E,ELEMENTS OF NETWORKING,"C S-326E: ELEMENTS OF NETWORKING, Section no. 52630",B,3,Computer Science
Fall 2022,52630,C S, 326E,ELEMENTS OF NETWORKING,"C S-326E: ELEMENTS OF NETWORKING, Section no. 52630",B+,8,Computer Science
Fall 2022,52630,C S, 326E,ELEMENTS OF NETWORKING,"C S-326E: ELEMENTS OF NETWORKING, Section no. 52630",A-,9,Computer Science
Fall 2022,52630,C S, 326E,ELEMENTS OF NETWORKING,"C S-326E: ELEMENTS OF NETWORKING, Section no. 52630",A,30,Computer Science
Fall 2022,52635,C S, 326E,ELEMENTS OF NETWORKING,"C S-326E: ELEMENTS OF NETWORKING, Section no. 52635",Other,9,Computer Science
Fall 2022,52635,C S, 326E,ELEMENTS OF NETWORKING,"C S-326E: ELEMENTS OF NETWORKING, Section no. 52635",D+,1,Computer Science
Fall 2022,52635,C S, 326E,ELEMENTS OF NETWORKING,"C S-326E: ELEMENTS OF NETWORKING, Section no. 52635",B-,1,Computer Science
Fall 2022,52635,C S, 326E,ELEMENTS OF NETWORKING,"C S-326E: ELEMENTS OF NETWORKING, Section no. 52635",B,1,Computer Science
Fall 2022,52635,C S, 326E,ELEMENTS OF NETWORKING,"C S-326E: ELEMENTS OF NETWORKING, Section no. 52635",B+,3,Computer Science
Fall 2022,52635,C S, 326E,ELEMENTS OF NETWORKING,"C S-326E: ELEMENTS OF NETWORKING, Section no. 52635",A-,11,Computer Science
Fall 2022,52635,C S, 326E,ELEMENTS OF NETWORKING,"C S-326E: ELEMENTS OF NETWORKING, Section no. 52635",A,31,Computer Science
Fall 2022,52640,C S, 429,COMP ORGANIZATN AND ARCH,"C S-429: COMP ORGANIZATN AND ARCH, Section no. 52640",Other,3,Computer Science
Fall 2022,52640,C S, 429,COMP ORGANIZATN AND ARCH,"C S-429: COMP ORGANIZATN AND ARCH, Section no. 52640",F,1,Computer Science
Fall 2022,52640,C S, 429,COMP ORGANIZATN AND ARCH,"C S-429: COMP ORGANIZATN AND ARCH, Section no. 52640",D+,1,Computer Science
Fall 2022,52640,C S, 429,COMP ORGANIZATN AND ARCH,"C S-429: COMP ORGANIZATN AND ARCH, Section no. 52640",C-,1,Computer Science
Fall 2022,52640,C S, 429,COMP ORGANIZATN AND ARCH,"C S-429: COMP ORGANIZATN AND ARCH, Section no. 52640",C,3,Computer Science
Fall 2022,52640,C S, 429,COMP ORGANIZATN AND ARCH,"C S-429: COMP ORGANIZATN AND ARCH, Section no. 52640",C+,1,Computer Science
Fall 2022,52640,C S, 429,COMP ORGANIZATN AND ARCH,"C S-429: COMP ORGANIZATN AND ARCH, Section no. 52640",B,3,Computer Science
Fall 2022,52640,C S, 429,COMP ORGANIZATN AND ARCH,"C S-429: COMP ORGANIZATN AND ARCH, Section no. 52640",B+,4,Computer Science
Fall 2022,52640,C S, 429,COMP ORGANIZATN AND ARCH,"C S-429: COMP ORGANIZATN AND ARCH, Section no. 52640",A-,2,Computer Science
Fall 2022,52640,C S, 429,COMP ORGANIZATN AND ARCH,"C S-429: COMP ORGANIZATN AND ARCH, Section no. 52640",A,5,Computer Science
Fall 2022,52645,C S, 429,COMP ORGANIZATN AND ARCH,"C S-429: COMP ORGANIZATN AND ARCH, Section no. 52645",Other,5,Computer Science
Fall 2022,52645,C S, 429,COMP ORGANIZATN AND ARCH,"C S-429: COMP ORGANIZATN AND ARCH, Section no. 52645",D,2,Computer Science
Fall 2022,52645,C S, 429,COMP ORGANIZATN AND ARCH,"C S-429: COMP ORGANIZATN AND ARCH, Section no. 52645",C,5,Computer Science
Fall 2022,52645,C S, 429,COMP ORGANIZATN AND ARCH,"C S-429: COMP ORGANIZATN AND ARCH, Section no. 52645",B-,5,Computer Science
Fall 2022,52645,C S, 429,COMP ORGANIZATN AND ARCH,"C S-429: COMP ORGANIZATN AND ARCH, Section no. 52645",B,10,Computer Science
Fall 2022,52645,C S, 429,COMP ORGANIZATN AND ARCH,"C S-429: COMP ORGANIZATN AND ARCH, Section no. 52645",B+,4,Computer Science
Fall 2022,52645,C S, 429,COMP ORGANIZATN AND ARCH,"C S-429: COMP ORGANIZATN AND ARCH, Section no. 52645",A-,4,Computer Science
Fall 2022,52645,C S, 429,COMP ORGANIZATN AND ARCH,"C S-429: COMP ORGANIZATN AND ARCH, Section no. 52645",A,5,Computer Science
Fall 2022,52650,C S, 429,COMP ORGANIZATN AND ARCH,"C S-429: COMP ORGANIZATN AND ARCH, Section no. 52650",Other,4,Computer Science
Fall 2022,52650,C S, 429,COMP ORGANIZATN AND ARCH,"C S-429: COMP ORGANIZATN AND ARCH, Section no. 52650",F,2,Computer Science
Fall 2022,52650,C S, 429,COMP ORGANIZATN AND ARCH,"C S-429: COMP ORGANIZATN AND ARCH, Section no. 52650",C,1,Computer Science
Fall 2022,52650,C S, 429,COMP ORGANIZATN AND ARCH,"C S-429: COMP ORGANIZATN AND ARCH, Section no. 52650",C+,1,Computer Science
Fall 2022,52650,C S, 429,COMP ORGANIZATN AND ARCH,"C S-429: COMP ORGANIZATN AND ARCH, Section no. 52650",B,8,Computer Science
Fall 2022,52650,C S, 429,COMP ORGANIZATN AND ARCH,"C S-429: COMP ORGANIZATN AND ARCH, Section no. 52650",B+,3,Computer Science
Fall 2022,52650,C S, 429,COMP ORGANIZATN AND ARCH,"C S-429: COMP ORGANIZATN AND ARCH, Section no. 52650",A-,2,Computer Science
Fall 2022,52650,C S, 429,COMP ORGANIZATN AND ARCH,"C S-429: COMP ORGANIZATN AND ARCH, Section no. 52650",A,7,Computer Science
Fall 2022,52655,C S, 429,COMP ORGANIZATN AND ARCH,"C S-429: COMP ORGANIZATN AND ARCH, Section no. 52655",Other,3,Computer Science
Fall 2022,52655,C S, 429,COMP ORGANIZATN AND ARCH,"C S-429: COMP ORGANIZATN AND ARCH, Section no. 52655",C-,1,Computer Science
Fall 2022,52655,C S, 429,COMP ORGANIZATN AND ARCH,"C S-429: COMP ORGANIZATN AND ARCH, Section no. 52655",C,4,Computer Science
Fall 2022,52655,C S, 429,COMP ORGANIZATN AND ARCH,"C S-429: COMP ORGANIZATN AND ARCH, Section no. 52655",C+,1,Computer Science
Fall 2022,52655,C S, 429,COMP ORGANIZATN AND ARCH,"C S-429: COMP ORGANIZATN AND ARCH, Section no. 52655",B-,5,Computer Science
Fall 2022,52655,C S, 429,COMP ORGANIZATN AND ARCH,"C S-429: COMP ORGANIZATN AND ARCH, Section no. 52655",B,16,Computer Science
Fall 2022,52655,C S, 429,COMP ORGANIZATN AND ARCH,"C S-429: COMP ORGANIZATN AND ARCH, Section no. 52655",B+,2,Computer Science
Fall 2022,52655,C S, 429,COMP ORGANIZATN AND ARCH,"C S-429: COMP ORGANIZATN AND ARCH, Section no. 52655",A-,1,Computer Science
Fall 2022,52655,C S, 429,COMP ORGANIZATN AND ARCH,"C S-429: COMP ORGANIZATN AND ARCH, Section no. 52655",A,8,Computer Science
Fall 2022,52660,C S, 429,COMP ORGANIZATN AND ARCH,"C S-429: COMP ORGANIZATN AND ARCH, Section no. 52660",Other,1,Computer Science
Fall 2022,52660,C S, 429,COMP ORGANIZATN AND ARCH,"C S-429: COMP ORGANIZATN AND ARCH, Section no. 52660",D,1,Computer Science
Fall 2022,52660,C S, 429,COMP ORGANIZATN AND ARCH,"C S-429: COMP ORGANIZATN AND ARCH, Section no. 52660",C,4,Computer Science
Fall 2022,52660,C S, 429,COMP ORGANIZATN AND ARCH,"C S-429: COMP ORGANIZATN AND ARCH, Section no. 52660",C+,1,Computer Science
Fall 2022,52660,C S, 429,COMP ORGANIZATN AND ARCH,"C S-429: COMP ORGANIZATN AND ARCH, Section no. 52660",B-,3,Computer Science
Fall 2022,52660,C S, 429,COMP ORGANIZATN AND ARCH,"C S-429: COMP ORGANIZATN AND ARCH, Section no. 52660",B,14,Computer Science
Fall 2022,52660,C S, 429,COMP ORGANIZATN AND ARCH,"C S-429: COMP ORGANIZATN AND ARCH, Section no. 52660",B+,4,Computer Science
Fall 2022,52660,C S, 429,COMP ORGANIZATN AND ARCH,"C S-429: COMP ORGANIZATN AND ARCH, Section no. 52660",A-,5,Computer Science
Fall 2022,52660,C S, 429,COMP ORGANIZATN AND ARCH,"C S-429: COMP ORGANIZATN AND ARCH, Section no. 52660",A,8,Computer Science
Fall 2022,52665,C S, 429,COMP ORGANIZATN AND ARCH,"C S-429: COMP ORGANIZATN AND ARCH, Section no. 52665",Other,4,Computer Science
Fall 2022,52665,C S, 429,COMP ORGANIZATN AND ARCH,"C S-429: COMP ORGANIZATN AND ARCH, Section no. 52665",F,1,Computer Science
Fall 2022,52665,C S, 429,COMP ORGANIZATN AND ARCH,"C S-429: COMP ORGANIZATN AND ARCH, Section no. 52665",C-,1,Computer Science
Fall 2022,52665,C S, 429,COMP ORGANIZATN AND ARCH,"C S-429: COMP ORGANIZATN AND ARCH, Section no. 52665",C,7,Computer Science
Fall 2022,52665,C S, 429,COMP ORGANIZATN AND ARCH,"C S-429: COMP ORGANIZATN AND ARCH, Section no. 52665",B-,2,Computer Science
Fall 2022,52665,C S, 429,COMP ORGANIZATN AND ARCH,"C S-429: COMP ORGANIZATN AND ARCH, Section no. 52665",B,11,Computer Science
Fall 2022,52665,C S, 429,COMP ORGANIZATN AND ARCH,"C S-429: COMP ORGANIZATN AND ARCH, Section no. 52665",B+,6,Computer Science
Fall 2022,52665,C S, 429,COMP ORGANIZATN AND ARCH,"C S-429: COMP ORGANIZATN AND ARCH, Section no. 52665",A-,1,Computer Science
Fall 2022,52665,C S, 429,COMP ORGANIZATN AND ARCH,"C S-429: COMP ORGANIZATN AND ARCH, Section no. 52665",A,7,Computer Science
Fall 2022,52685,C S, 329E,ELEMENTS OF GAME DEVELOPMENT,"C S-329E: ELEMENTS OF GAME DEVELOPMENT, Section no. 52685",Other,1,Computer Science
Fall 2022,52685,C S, 329E,ELEMENTS OF GAME DEVELOPMENT,"C S-329E: ELEMENTS OF GAME DEVELOPMENT, Section no. 52685",F,1,Computer Science
Fall 2022,52685,C S, 329E,ELEMENTS OF GAME DEVELOPMENT,"C S-329E: ELEMENTS OF GAME DEVELOPMENT, Section no. 52685",C-,1,Computer Science
Fall 2022,52685,C S, 329E,ELEMENTS OF GAME DEVELOPMENT,"C S-329E: ELEMENTS OF GAME DEVELOPMENT, Section no. 52685",B-,1,Computer Science
Fall 2022,52685,C S, 329E,ELEMENTS OF GAME DEVELOPMENT,"C S-329E: ELEMENTS OF GAME DEVELOPMENT, Section no. 52685",B,1,Computer Science
Fall 2022,52685,C S, 329E,ELEMENTS OF GAME DEVELOPMENT,"C S-329E: ELEMENTS OF GAME DEVELOPMENT, Section no. 52685",B+,2,Computer Science
Fall 2022,52685,C S, 329E,ELEMENTS OF GAME DEVELOPMENT,"C S-329E: ELEMENTS OF GAME DEVELOPMENT, Section no. 52685",A-,3,Computer Science
Fall 2022,52685,C S, 329E,ELEMENTS OF GAME DEVELOPMENT,"C S-329E: ELEMENTS OF GAME DEVELOPMENT, Section no. 52685",A,29,Computer Science
Fall 2022,52690,C S, 329E,ELEMENTS OF MOBILE COMPUTING,"C S-329E: ELEMENTS OF MOBILE COMPUTING, Section no. 52690",Other,7,Computer Science
Fall 2022,52690,C S, 329E,ELEMENTS OF MOBILE COMPUTING,"C S-329E: ELEMENTS OF MOBILE COMPUTING, Section no. 52690",F,1,Computer Science
Fall 2022,52690,C S, 329E,ELEMENTS OF MOBILE COMPUTING,"C S-329E: ELEMENTS OF MOBILE COMPUTING, Section no. 52690",C,1,Computer Science
Fall 2022,52690,C S, 329E,ELEMENTS OF MOBILE COMPUTING,"C S-329E: ELEMENTS OF MOBILE COMPUTING, Section no. 52690",B-,2,Computer Science
Fall 2022,52690,C S, 329E,ELEMENTS OF MOBILE COMPUTING,"C S-329E: ELEMENTS OF MOBILE COMPUTING, Section no. 52690",B,3,Computer Science
Fall 2022,52690,C S, 329E,ELEMENTS OF MOBILE COMPUTING,"C S-329E: ELEMENTS OF MOBILE COMPUTING, Section no. 52690",B+,2,Computer Science
Fall 2022,52690,C S, 329E,ELEMENTS OF MOBILE COMPUTING,"C S-329E: ELEMENTS OF MOBILE COMPUTING, Section no. 52690",A-,9,Computer Science
Fall 2022,52690,C S, 329E,ELEMENTS OF MOBILE COMPUTING,"C S-329E: ELEMENTS OF MOBILE COMPUTING, Section no. 52690",A,35,Computer Science
Fall 2022,52695,C S, 329E,ELEMENTS OF MOBILE COMPUTING,"C S-329E: ELEMENTS OF MOBILE COMPUTING, Section no. 52695",Other,4,Computer Science
Fall 2022,52695,C S, 329E,ELEMENTS OF MOBILE COMPUTING,"C S-329E: ELEMENTS OF MOBILE COMPUTING, Section no. 52695",D,1,Computer Science
Fall 2022,52695,C S, 329E,ELEMENTS OF MOBILE COMPUTING,"C S-329E: ELEMENTS OF MOBILE COMPUTING, Section no. 52695",C+,2,Computer Science
Fall 2022,52695,C S, 329E,ELEMENTS OF MOBILE COMPUTING,"C S-329E: ELEMENTS OF MOBILE COMPUTING, Section no. 52695",B-,3,Computer Science
Fall 2022,52695,C S, 329E,ELEMENTS OF MOBILE COMPUTING,"C S-329E: ELEMENTS OF MOBILE COMPUTING, Section no. 52695",B,4,Computer Science
Fall 2022,52695,C S, 329E,ELEMENTS OF MOBILE COMPUTING,"C S-329E: ELEMENTS OF MOBILE COMPUTING, Section no. 52695",B+,2,Computer Science
Fall 2022,52695,C S, 329E,ELEMENTS OF MOBILE COMPUTING,"C S-329E: ELEMENTS OF MOBILE COMPUTING, Section no. 52695",A-,4,Computer Science
Fall 2022,52695,C S, 329E,ELEMENTS OF MOBILE COMPUTING,"C S-329E: ELEMENTS OF MOBILE COMPUTING, Section no. 52695",A,40,Computer Science
Fall 2022,52700,C S, 330E,ELMNTS SOFTWARE ENGINEER I,"C S-330E: ELMNTS SOFTWARE ENGINEER I, Section no. 52700",Other,4,Computer Science
Fall 2022,52700,C S, 330E,ELMNTS SOFTWARE ENGINEER I,"C S-330E: ELMNTS SOFTWARE ENGINEER I, Section no. 52700",F,1,Computer Science
Fall 2022,52700,C S, 330E,ELMNTS SOFTWARE ENGINEER I,"C S-330E: ELMNTS SOFTWARE ENGINEER I, Section no. 52700",C-,1,Computer Science
Fall 2022,52700,C S, 330E,ELMNTS SOFTWARE ENGINEER I,"C S-330E: ELMNTS SOFTWARE ENGINEER I, Section no. 52700",C,2,Computer Science
Fall 2022,52700,C S, 330E,ELMNTS SOFTWARE ENGINEER I,"C S-330E: ELMNTS SOFTWARE ENGINEER I, Section no. 52700",C+,3,Computer Science
Fall 2022,52700,C S, 330E,ELMNTS SOFTWARE ENGINEER I,"C S-330E: ELMNTS SOFTWARE ENGINEER I, Section no. 52700",B-,4,Computer Science
Fall 2022,52700,C S, 330E,ELMNTS SOFTWARE ENGINEER I,"C S-330E: ELMNTS SOFTWARE ENGINEER I, Section no. 52700",B,4,Computer Science
Fall 2022,52700,C S, 330E,ELMNTS SOFTWARE ENGINEER I,"C S-330E: ELMNTS SOFTWARE ENGINEER I, Section no. 52700",B+,7,Computer Science
Fall 2022,52700,C S, 330E,ELMNTS SOFTWARE ENGINEER I,"C S-330E: ELMNTS SOFTWARE ENGINEER I, Section no. 52700",A-,15,Computer Science
Fall 2022,52700,C S, 330E,ELMNTS SOFTWARE ENGINEER I,"C S-330E: ELMNTS SOFTWARE ENGINEER I, Section no. 52700",A,28,Computer Science
Fall 2022,52705,C S, 330E,ELMNTS SOFTWARE ENGINEER I,"C S-330E: ELMNTS SOFTWARE ENGINEER I, Section no. 52705",Other,3,Computer Science
Fall 2022,52705,C S, 330E,ELMNTS SOFTWARE ENGINEER I,"C S-330E: ELMNTS SOFTWARE ENGINEER I, Section no. 52705",F,1,Computer Science
Fall 2022,52705,C S, 330E,ELMNTS SOFTWARE ENGINEER I,"C S-330E: ELMNTS SOFTWARE ENGINEER I, Section no. 52705",C,1,Computer Science
Fall 2022,52705,C S, 330E,ELMNTS SOFTWARE ENGINEER I,"C S-330E: ELMNTS SOFTWARE ENGINEER I, Section no. 52705",C+,1,Computer Science
Fall 2022,52705,C S, 330E,ELMNTS SOFTWARE ENGINEER I,"C S-330E: ELMNTS SOFTWARE ENGINEER I, Section no. 52705",B-,4,Computer Science
Fall 2022,52705,C S, 330E,ELMNTS SOFTWARE ENGINEER I,"C S-330E: ELMNTS SOFTWARE ENGINEER I, Section no. 52705",B,7,Computer Science
Fall 2022,52705,C S, 330E,ELMNTS SOFTWARE ENGINEER I,"C S-330E: ELMNTS SOFTWARE ENGINEER I, Section no. 52705",B+,6,Computer Science
Fall 2022,52705,C S, 330E,ELMNTS SOFTWARE ENGINEER I,"C S-330E: ELMNTS SOFTWARE ENGINEER I, Section no. 52705",A-,21,Computer Science
Fall 2022,52705,C S, 330E,ELMNTS SOFTWARE ENGINEER I,"C S-330E: ELMNTS SOFTWARE ENGINEER I, Section no. 52705",A,25,Computer Science
Fall 2022,52710,C S, 331,ALGORITHMS AND COMPLEXITY,"C S-331: ALGORITHMS AND COMPLEXITY, Section no. 52710",C-,2,Computer Science
Fall 2022,52710,C S, 331,ALGORITHMS AND COMPLEXITY,"C S-331: ALGORITHMS AND COMPLEXITY, Section no. 52710",C,2,Computer Science
Fall 2022,52710,C S, 331,ALGORITHMS AND COMPLEXITY,"C S-331: ALGORITHMS AND COMPLEXITY, Section no. 52710",B-,4,Computer Science
Fall 2022,52710,C S, 331,ALGORITHMS AND COMPLEXITY,"C S-331: ALGORITHMS AND COMPLEXITY, Section no. 52710",B,7,Computer Science
Fall 2022,52710,C S, 331,ALGORITHMS AND COMPLEXITY,"C S-331: ALGORITHMS AND COMPLEXITY, Section no. 52710",B+,11,Computer Science
Fall 2022,52710,C S, 331,ALGORITHMS AND COMPLEXITY,"C S-331: ALGORITHMS AND COMPLEXITY, Section no. 52710",A-,7,Computer Science
Fall 2022,52710,C S, 331,ALGORITHMS AND COMPLEXITY,"C S-331: ALGORITHMS AND COMPLEXITY, Section no. 52710",A,8,Computer Science
Fall 2022,52715,C S, 331,ALGORITHMS AND COMPLEXITY,"C S-331: ALGORITHMS AND COMPLEXITY, Section no. 52715",C,1,Computer Science
Fall 2022,52715,C S, 331,ALGORITHMS AND COMPLEXITY,"C S-331: ALGORITHMS AND COMPLEXITY, Section no. 52715",C+,1,Computer Science
Fall 2022,52715,C S, 331,ALGORITHMS AND COMPLEXITY,"C S-331: ALGORITHMS AND COMPLEXITY, Section no. 52715",B-,8,Computer Science
Fall 2022,52715,C S, 331,ALGORITHMS AND COMPLEXITY,"C S-331: ALGORITHMS AND COMPLEXITY, Section no. 52715",B,6,Computer Science
Fall 2022,52715,C S, 331,ALGORITHMS AND COMPLEXITY,"C S-331: ALGORITHMS AND COMPLEXITY, Section no. 52715",B+,8,Computer Science
Fall 2022,52715,C S, 331,ALGORITHMS AND COMPLEXITY,"C S-331: ALGORITHMS AND COMPLEXITY, Section no. 52715",A-,6,Computer Science
Fall 2022,52715,C S, 331,ALGORITHMS AND COMPLEXITY,"C S-331: ALGORITHMS AND COMPLEXITY, Section no. 52715",A,8,Computer Science
Fall 2022,52720,C S, 331,ALGORITHMS AND COMPLEXITY,"C S-331: ALGORITHMS AND COMPLEXITY, Section no. 52720",Other,6,Computer Science
Fall 2022,52720,C S, 331,ALGORITHMS AND COMPLEXITY,"C S-331: ALGORITHMS AND COMPLEXITY, Section no. 52720",F,2,Computer Science
Fall 2022,52720,C S, 331,ALGORITHMS AND COMPLEXITY,"C S-331: ALGORITHMS AND COMPLEXITY, Section no. 52720",B,2,Computer Science
Fall 2022,52720,C S, 331,ALGORITHMS AND COMPLEXITY,"C S-331: ALGORITHMS AND COMPLEXITY, Section no. 52720",B+,3,Computer Science
Fall 2022,52720,C S, 331,ALGORITHMS AND COMPLEXITY,"C S-331: ALGORITHMS AND COMPLEXITY, Section no. 52720",A-,2,Computer Science
Fall 2022,52720,C S, 331,ALGORITHMS AND COMPLEXITY,"C S-331: ALGORITHMS AND COMPLEXITY, Section no. 52720",A,1,Computer Science
Fall 2022,52725,C S, 331,ALGORITHMS AND COMPLEXITY,"C S-331: ALGORITHMS AND COMPLEXITY, Section no. 52725",Other,4,Computer Science
Fall 2022,52725,C S, 331,ALGORITHMS AND COMPLEXITY,"C S-331: ALGORITHMS AND COMPLEXITY, Section no. 52725",B,4,Computer Science
Fall 2022,52725,C S, 331,ALGORITHMS AND COMPLEXITY,"C S-331: ALGORITHMS AND COMPLEXITY, Section no. 52725",B+,5,Computer Science
Fall 2022,52725,C S, 331,ALGORITHMS AND COMPLEXITY,"C S-331: ALGORITHMS AND COMPLEXITY, Section no. 52725",A-,3,Computer Science
Fall 2022,52725,C S, 331,ALGORITHMS AND COMPLEXITY,"C S-331: ALGORITHMS AND COMPLEXITY, Section no. 52725",A,7,Computer Science
Fall 2022,52730,C S, 331,ALGORITHMS AND COMPLEXITY,"C S-331: ALGORITHMS AND COMPLEXITY, Section no. 52730",C,7,Computer Science
Fall 2022,52730,C S, 331,ALGORITHMS AND COMPLEXITY,"C S-331: ALGORITHMS AND COMPLEXITY, Section no. 52730",B-,1,Computer Science
Fall 2022,52730,C S, 331,ALGORITHMS AND COMPLEXITY,"C S-331: ALGORITHMS AND COMPLEXITY, Section no. 52730",B,13,Computer Science
Fall 2022,52730,C S, 331,ALGORITHMS AND COMPLEXITY,"C S-331: ALGORITHMS AND COMPLEXITY, Section no. 52730",B+,3,Computer Science
Fall 2022,52730,C S, 331,ALGORITHMS AND COMPLEXITY,"C S-331: ALGORITHMS AND COMPLEXITY, Section no. 52730",A-,6,Computer Science
Fall 2022,52730,C S, 331,ALGORITHMS AND COMPLEXITY,"C S-331: ALGORITHMS AND COMPLEXITY, Section no. 52730",A,7,Computer Science
Fall 2022,52735,C S, 331,ALGORITHMS AND COMPLEXITY,"C S-331: ALGORITHMS AND COMPLEXITY, Section no. 52735",C,2,Computer Science
Fall 2022,52735,C S, 331,ALGORITHMS AND COMPLEXITY,"C S-331: ALGORITHMS AND COMPLEXITY, Section no. 52735",B-,1,Computer Science
Fall 2022,52735,C S, 331,ALGORITHMS AND COMPLEXITY,"C S-331: ALGORITHMS AND COMPLEXITY, Section no. 52735",B,14,Computer Science
Fall 2022,52735,C S, 331,ALGORITHMS AND COMPLEXITY,"C S-331: ALGORITHMS AND COMPLEXITY, Section no. 52735",A-,2,Computer Science
Fall 2022,52735,C S, 331,ALGORITHMS AND COMPLEXITY,"C S-331: ALGORITHMS AND COMPLEXITY, Section no. 52735",A,21,Computer Science
Fall 2022,52740,C S, 439,PRINCIPLES OF COMPUTER SYS-C S,"C S-439: PRINCIPLES OF COMPUTER SYS-C S, Section no. 52740",C,5,Computer Science
Fall 2022,52740,C S, 439,PRINCIPLES OF COMPUTER SYS-C S,"C S-439: PRINCIPLES OF COMPUTER SYS-C S, Section no. 52740",C+,2,Computer Science
Fall 2022,52740,C S, 439,PRINCIPLES OF COMPUTER SYS-C S,"C S-439: PRINCIPLES OF COMPUTER SYS-C S, Section no. 52740",B,5,Computer Science
Fall 2022,52740,C S, 439,PRINCIPLES OF COMPUTER SYS-C S,"C S-439: PRINCIPLES OF COMPUTER SYS-C S, Section no. 52740",B+,4,Computer Science
Fall 2022,52740,C S, 439,PRINCIPLES OF COMPUTER SYS-C S,"C S-439: PRINCIPLES OF COMPUTER SYS-C S, Section no. 52740",A,8,Computer Science
Fall 2022,52745,C S, 439,PRINCIPLES OF COMPUTER SYS-C S,"C S-439: PRINCIPLES OF COMPUTER SYS-C S, Section no. 52745",C,3,Computer Science
Fall 2022,52745,C S, 439,PRINCIPLES OF COMPUTER SYS-C S,"C S-439: PRINCIPLES OF COMPUTER SYS-C S, Section no. 52745",B-,1,Computer Science
Fall 2022,52745,C S, 439,PRINCIPLES OF COMPUTER SYS-C S,"C S-439: PRINCIPLES OF COMPUTER SYS-C S, Section no. 52745",B,8,Computer Science
Fall 2022,52745,C S, 439,PRINCIPLES OF COMPUTER SYS-C S,"C S-439: PRINCIPLES OF COMPUTER SYS-C S, Section no. 52745",B+,3,Computer Science
Fall 2022,52745,C S, 439,PRINCIPLES OF COMPUTER SYS-C S,"C S-439: PRINCIPLES OF COMPUTER SYS-C S, Section no. 52745",A,10,Computer Science
Fall 2022,52750,C S, 439,PRINCIPLES OF COMPUTER SYS-C S,"C S-439: PRINCIPLES OF COMPUTER SYS-C S, Section no. 52750",Other,3,Computer Science
Fall 2022,52750,C S, 439,PRINCIPLES OF COMPUTER SYS-C S,"C S-439: PRINCIPLES OF COMPUTER SYS-C S, Section no. 52750",C,1,Computer Science
Fall 2022,52750,C S, 439,PRINCIPLES OF COMPUTER SYS-C S,"C S-439: PRINCIPLES OF COMPUTER SYS-C S, Section no. 52750",B-,1,Computer Science
Fall 2022,52750,C S, 439,PRINCIPLES OF COMPUTER SYS-C S,"C S-439: PRINCIPLES OF COMPUTER SYS-C S, Section no. 52750",B,1,Computer Science
Fall 2022,52750,C S, 439,PRINCIPLES OF COMPUTER SYS-C S,"C S-439: PRINCIPLES OF COMPUTER SYS-C S, Section no. 52750",B+,3,Computer Science
Fall 2022,52750,C S, 439,PRINCIPLES OF COMPUTER SYS-C S,"C S-439: PRINCIPLES OF COMPUTER SYS-C S, Section no. 52750",A,13,Computer Science
Fall 2022,52755,C S, 439,PRINCIPLES OF COMPUTER SYS-C S,"C S-439: PRINCIPLES OF COMPUTER SYS-C S, Section no. 52755",C,2,Computer Science
Fall 2022,52755,C S, 439,PRINCIPLES OF COMPUTER SYS-C S,"C S-439: PRINCIPLES OF COMPUTER SYS-C S, Section no. 52755",C+,1,Computer Science
Fall 2022,52755,C S, 439,PRINCIPLES OF COMPUTER SYS-C S,"C S-439: PRINCIPLES OF COMPUTER SYS-C S, Section no. 52755",B,3,Computer Science
Fall 2022,52755,C S, 439,PRINCIPLES OF COMPUTER SYS-C S,"C S-439: PRINCIPLES OF COMPUTER SYS-C S, Section no. 52755",B+,6,Computer Science
Fall 2022,52755,C S, 439,PRINCIPLES OF COMPUTER SYS-C S,"C S-439: PRINCIPLES OF COMPUTER SYS-C S, Section no. 52755",A,7,Computer Science
Fall 2022,52760,C S, 439,PRINCIPLES OF COMPUTER SYS-C S,"C S-439: PRINCIPLES OF COMPUTER SYS-C S, Section no. 52760",Other,2,Computer Science
Fall 2022,52760,C S, 439,PRINCIPLES OF COMPUTER SYS-C S,"C S-439: PRINCIPLES OF COMPUTER SYS-C S, Section no. 52760",C,1,Computer Science
Fall 2022,52760,C S, 439,PRINCIPLES OF COMPUTER SYS-C S,"C S-439: PRINCIPLES OF COMPUTER SYS-C S, Section no. 52760",C+,4,Computer Science
Fall 2022,52760,C S, 439,PRINCIPLES OF COMPUTER SYS-C S,"C S-439: PRINCIPLES OF COMPUTER SYS-C S, Section no. 52760",B,4,Computer Science
Fall 2022,52760,C S, 439,PRINCIPLES OF COMPUTER SYS-C S,"C S-439: PRINCIPLES OF COMPUTER SYS-C S, Section no. 52760",B+,3,Computer Science
Fall 2022,52760,C S, 439,PRINCIPLES OF COMPUTER SYS-C S,"C S-439: PRINCIPLES OF COMPUTER SYS-C S, Section no. 52760",A,10,Computer Science
Fall 2022,52765,C S, 439,PRINCIPLES OF COMPUTER SYS-C S,"C S-439: PRINCIPLES OF COMPUTER SYS-C S, Section no. 52765",Other,3,Computer Science
Fall 2022,52765,C S, 439,PRINCIPLES OF COMPUTER SYS-C S,"C S-439: PRINCIPLES OF COMPUTER SYS-C S, Section no. 52765",C-,1,Computer Science
Fall 2022,52765,C S, 439,PRINCIPLES OF COMPUTER SYS-C S,"C S-439: PRINCIPLES OF COMPUTER SYS-C S, Section no. 52765",C,2,Computer Science
Fall 2022,52765,C S, 439,PRINCIPLES OF COMPUTER SYS-C S,"C S-439: PRINCIPLES OF COMPUTER SYS-C S, Section no. 52765",C+,2,Computer Science
Fall 2022,52765,C S, 439,PRINCIPLES OF COMPUTER SYS-C S,"C S-439: PRINCIPLES OF COMPUTER SYS-C S, Section no. 52765",B,2,Computer Science
Fall 2022,52765,C S, 439,PRINCIPLES OF COMPUTER SYS-C S,"C S-439: PRINCIPLES OF COMPUTER SYS-C S, Section no. 52765",B+,6,Computer Science
Fall 2022,52765,C S, 439,PRINCIPLES OF COMPUTER SYS-C S,"C S-439: PRINCIPLES OF COMPUTER SYS-C S, Section no. 52765",A,6,Computer Science
Fall 2022,52770,C S, 439,PRINCIPLES OF COMPUTER SYS-C S,"C S-439: PRINCIPLES OF COMPUTER SYS-C S, Section no. 52770",Other,1,Computer Science
Fall 2022,52770,C S, 439,PRINCIPLES OF COMPUTER SYS-C S,"C S-439: PRINCIPLES OF COMPUTER SYS-C S, Section no. 52770",C,3,Computer Science
Fall 2022,52770,C S, 439,PRINCIPLES OF COMPUTER SYS-C S,"C S-439: PRINCIPLES OF COMPUTER SYS-C S, Section no. 52770",B-,1,Computer Science
Fall 2022,52770,C S, 439,PRINCIPLES OF COMPUTER SYS-C S,"C S-439: PRINCIPLES OF COMPUTER SYS-C S, Section no. 52770",B,3,Computer Science
Fall 2022,52770,C S, 439,PRINCIPLES OF COMPUTER SYS-C S,"C S-439: PRINCIPLES OF COMPUTER SYS-C S, Section no. 52770",B+,3,Computer Science
Fall 2022,52770,C S, 439,PRINCIPLES OF COMPUTER SYS-C S,"C S-439: PRINCIPLES OF COMPUTER SYS-C S, Section no. 52770",A,14,Computer Science
Fall 2022,52775,C S, 439,PRINCIPLES OF COMPUTER SYS-C S,"C S-439: PRINCIPLES OF COMPUTER SYS-C S, Section no. 52775",C+,2,Computer Science
Fall 2022,52775,C S, 439,PRINCIPLES OF COMPUTER SYS-C S,"C S-439: PRINCIPLES OF COMPUTER SYS-C S, Section no. 52775",B,1,Computer Science
Fall 2022,52775,C S, 439,PRINCIPLES OF COMPUTER SYS-C S,"C S-439: PRINCIPLES OF COMPUTER SYS-C S, Section no. 52775",B+,2,Computer Science
Fall 2022,52775,C S, 439,PRINCIPLES OF COMPUTER SYS-C S,"C S-439: PRINCIPLES OF COMPUTER SYS-C S, Section no. 52775",A,18,Computer Science
Fall 2022,52780,C S, 439,PRINCIPLES OF COMPUTER SYS-C S,"C S-439: PRINCIPLES OF COMPUTER SYS-C S, Section no. 52780",Other,1,Computer Science
Fall 2022,52780,C S, 439,PRINCIPLES OF COMPUTER SYS-C S,"C S-439: PRINCIPLES OF COMPUTER SYS-C S, Section no. 52780",C,2,Computer Science
Fall 2022,52780,C S, 439,PRINCIPLES OF COMPUTER SYS-C S,"C S-439: PRINCIPLES OF COMPUTER SYS-C S, Section no. 52780",C+,1,Computer Science
Fall 2022,52780,C S, 439,PRINCIPLES OF COMPUTER SYS-C S,"C S-439: PRINCIPLES OF COMPUTER SYS-C S, Section no. 52780",B-,1,Computer Science
Fall 2022,52780,C S, 439,PRINCIPLES OF COMPUTER SYS-C S,"C S-439: PRINCIPLES OF COMPUTER SYS-C S, Section no. 52780",B+,4,Computer Science
Fall 2022,52780,C S, 439,PRINCIPLES OF COMPUTER SYS-C S,"C S-439: PRINCIPLES OF COMPUTER SYS-C S, Section no. 52780",A,14,Computer Science
Fall 2022,52785,C S, 439,PRINCIPLES OF COMPUTER SYS-C S,"C S-439: PRINCIPLES OF COMPUTER SYS-C S, Section no. 52785",C,4,Computer Science
Fall 2022,52785,C S, 439,PRINCIPLES OF COMPUTER SYS-C S,"C S-439: PRINCIPLES OF COMPUTER SYS-C S, Section no. 52785",C+,3,Computer Science
Fall 2022,52785,C S, 439,PRINCIPLES OF COMPUTER SYS-C S,"C S-439: PRINCIPLES OF COMPUTER SYS-C S, Section no. 52785",B-,1,Computer Science
Fall 2022,52785,C S, 439,PRINCIPLES OF COMPUTER SYS-C S,"C S-439: PRINCIPLES OF COMPUTER SYS-C S, Section no. 52785",B,3,Computer Science
Fall 2022,52785,C S, 439,PRINCIPLES OF COMPUTER SYS-C S,"C S-439: PRINCIPLES OF COMPUTER SYS-C S, Section no. 52785",B+,5,Computer Science
Fall 2022,52785,C S, 439,PRINCIPLES OF COMPUTER SYS-C S,"C S-439: PRINCIPLES OF COMPUTER SYS-C S, Section no. 52785",A,9,Computer Science
Fall 2022,52790,C S, 439,PRINCIPLES OF COMPUTER SYS-C S,"C S-439: PRINCIPLES OF COMPUTER SYS-C S, Section no. 52790",C,2,Computer Science
Fall 2022,52790,C S, 439,PRINCIPLES OF COMPUTER SYS-C S,"C S-439: PRINCIPLES OF COMPUTER SYS-C S, Section no. 52790",C+,2,Computer Science
Fall 2022,52790,C S, 439,PRINCIPLES OF COMPUTER SYS-C S,"C S-439: PRINCIPLES OF COMPUTER SYS-C S, Section no. 52790",B,5,Computer Science
Fall 2022,52790,C S, 439,PRINCIPLES OF COMPUTER SYS-C S,"C S-439: PRINCIPLES OF COMPUTER SYS-C S, Section no. 52790",B+,4,Computer Science
Fall 2022,52790,C S, 439,PRINCIPLES OF COMPUTER SYS-C S,"C S-439: PRINCIPLES OF COMPUTER SYS-C S, Section no. 52790",A,10,Computer Science
Fall 2022,52795,C S, 439,PRINCIPLES OF COMPUTER SYS-C S,"C S-439: PRINCIPLES OF COMPUTER SYS-C S, Section no. 52795",Other,1,Computer Science
Fall 2022,52795,C S, 439,PRINCIPLES OF COMPUTER SYS-C S,"C S-439: PRINCIPLES OF COMPUTER SYS-C S, Section no. 52795",C,3,Computer Science
Fall 2022,52795,C S, 439,PRINCIPLES OF COMPUTER SYS-C S,"C S-439: PRINCIPLES OF COMPUTER SYS-C S, Section no. 52795",C+,2,Computer Science
Fall 2022,52795,C S, 439,PRINCIPLES OF COMPUTER SYS-C S,"C S-439: PRINCIPLES OF COMPUTER SYS-C S, Section no. 52795",B-,1,Computer Science
Fall 2022,52795,C S, 439,PRINCIPLES OF COMPUTER SYS-C S,"C S-439: PRINCIPLES OF COMPUTER SYS-C S, Section no. 52795",B,4,Computer Science
Fall 2022,52795,C S, 439,PRINCIPLES OF COMPUTER SYS-C S,"C S-439: PRINCIPLES OF COMPUTER SYS-C S, Section no. 52795",B+,5,Computer Science
Fall 2022,52795,C S, 439,PRINCIPLES OF COMPUTER SYS-C S,"C S-439: PRINCIPLES OF COMPUTER SYS-C S, Section no. 52795",A,8,Computer Science
Fall 2022,52800,C S, 439H,PRINS OF COMPUTER SYS: HONORS,"C S-439H: PRINS OF COMPUTER SYS: HONORS, Section no. 52800",Other,2,Computer Science
Fall 2022,52800,C S, 439H,PRINS OF COMPUTER SYS: HONORS,"C S-439H: PRINS OF COMPUTER SYS: HONORS, Section no. 52800",D-,1,Computer Science
Fall 2022,52800,C S, 439H,PRINS OF COMPUTER SYS: HONORS,"C S-439H: PRINS OF COMPUTER SYS: HONORS, Section no. 52800",C,2,Computer Science
Fall 2022,52800,C S, 439H,PRINS OF COMPUTER SYS: HONORS,"C S-439H: PRINS OF COMPUTER SYS: HONORS, Section no. 52800",C+,3,Computer Science
Fall 2022,52800,C S, 439H,PRINS OF COMPUTER SYS: HONORS,"C S-439H: PRINS OF COMPUTER SYS: HONORS, Section no. 52800",B-,9,Computer Science
Fall 2022,52800,C S, 439H,PRINS OF COMPUTER SYS: HONORS,"C S-439H: PRINS OF COMPUTER SYS: HONORS, Section no. 52800",B,12,Computer Science
Fall 2022,52800,C S, 439H,PRINS OF COMPUTER SYS: HONORS,"C S-439H: PRINS OF COMPUTER SYS: HONORS, Section no. 52800",B+,4,Computer Science
Fall 2022,52800,C S, 439H,PRINS OF COMPUTER SYS: HONORS,"C S-439H: PRINS OF COMPUTER SYS: HONORS, Section no. 52800",A-,12,Computer Science
Fall 2022,52800,C S, 439H,PRINS OF COMPUTER SYS: HONORS,"C S-439H: PRINS OF COMPUTER SYS: HONORS, Section no. 52800",A,13,Computer Science
Fall 2022,52805,C S, 439H,PRINS OF COMPUTER SYS: HONORS,"C S-439H: PRINS OF COMPUTER SYS: HONORS, Section no. 52805",F,3,Computer Science
Fall 2022,52805,C S, 439H,PRINS OF COMPUTER SYS: HONORS,"C S-439H: PRINS OF COMPUTER SYS: HONORS, Section no. 52805",D,1,Computer Science
Fall 2022,52805,C S, 439H,PRINS OF COMPUTER SYS: HONORS,"C S-439H: PRINS OF COMPUTER SYS: HONORS, Section no. 52805",C-,1,Computer Science
Fall 2022,52805,C S, 439H,PRINS OF COMPUTER SYS: HONORS,"C S-439H: PRINS OF COMPUTER SYS: HONORS, Section no. 52805",C,1,Computer Science
Fall 2022,52805,C S, 439H,PRINS OF COMPUTER SYS: HONORS,"C S-439H: PRINS OF COMPUTER SYS: HONORS, Section no. 52805",C+,4,Computer Science
Fall 2022,52805,C S, 439H,PRINS OF COMPUTER SYS: HONORS,"C S-439H: PRINS OF COMPUTER SYS: HONORS, Section no. 52805",B-,2,Computer Science
Fall 2022,52805,C S, 439H,PRINS OF COMPUTER SYS: HONORS,"C S-439H: PRINS OF COMPUTER SYS: HONORS, Section no. 52805",B,4,Computer Science
Fall 2022,52805,C S, 439H,PRINS OF COMPUTER SYS: HONORS,"C S-439H: PRINS OF COMPUTER SYS: HONORS, Section no. 52805",B+,4,Computer Science
Fall 2022,52805,C S, 439H,PRINS OF COMPUTER SYS: HONORS,"C S-439H: PRINS OF COMPUTER SYS: HONORS, Section no. 52805",A-,6,Computer Science
Fall 2022,52805,C S, 439H,PRINS OF COMPUTER SYS: HONORS,"C S-439H: PRINS OF COMPUTER SYS: HONORS, Section no. 52805",A,8,Computer Science
Fall 2022,52825,C S, 343,ARTIFICIAL INTELLIGENCE-WB,"C S-343: ARTIFICIAL INTELLIGENCE-WB, Section no. 52825",Other,6,Computer Science
Fall 2022,52825,C S, 343,ARTIFICIAL INTELLIGENCE-WB,"C S-343: ARTIFICIAL INTELLIGENCE-WB, Section no. 52825",F,3,Computer Science
Fall 2022,52825,C S, 343,ARTIFICIAL INTELLIGENCE-WB,"C S-343: ARTIFICIAL INTELLIGENCE-WB, Section no. 52825",C+,5,Computer Science
Fall 2022,52825,C S, 343,ARTIFICIAL INTELLIGENCE-WB,"C S-343: ARTIFICIAL INTELLIGENCE-WB, Section no. 52825",B-,5,Computer Science
Fall 2022,52825,C S, 343,ARTIFICIAL INTELLIGENCE-WB,"C S-343: ARTIFICIAL INTELLIGENCE-WB, Section no. 52825",B,4,Computer Science
Fall 2022,52825,C S, 343,ARTIFICIAL INTELLIGENCE-WB,"C S-343: ARTIFICIAL INTELLIGENCE-WB, Section no. 52825",B+,7,Computer Science
Fall 2022,52825,C S, 343,ARTIFICIAL INTELLIGENCE-WB,"C S-343: ARTIFICIAL INTELLIGENCE-WB, Section no. 52825",A-,4,Computer Science
Fall 2022,52825,C S, 343,ARTIFICIAL INTELLIGENCE-WB,"C S-343: ARTIFICIAL INTELLIGENCE-WB, Section no. 52825",A,8,Computer Science
Fall 2022,52830,C S, 345H,PROGRAMMING LANGUAGES: HONORS,"C S-345H: PROGRAMMING LANGUAGES: HONORS, Section no. 52830",Other,3,Computer Science
Fall 2022,52830,C S, 345H,PROGRAMMING LANGUAGES: HONORS,"C S-345H: PROGRAMMING LANGUAGES: HONORS, Section no. 52830",C+,2,Computer Science
Fall 2022,52830,C S, 345H,PROGRAMMING LANGUAGES: HONORS,"C S-345H: PROGRAMMING LANGUAGES: HONORS, Section no. 52830",B,1,Computer Science
Fall 2022,52830,C S, 345H,PROGRAMMING LANGUAGES: HONORS,"C S-345H: PROGRAMMING LANGUAGES: HONORS, Section no. 52830",A-,1,Computer Science
Fall 2022,52830,C S, 345H,PROGRAMMING LANGUAGES: HONORS,"C S-345H: PROGRAMMING LANGUAGES: HONORS, Section no. 52830",A,57,Computer Science
Fall 2022,52835,C S, 347,DATA MANAGEMENT,"C S-347: DATA MANAGEMENT, Section no. 52835",Other,4,Computer Science
Fall 2022,52835,C S, 347,DATA MANAGEMENT,"C S-347: DATA MANAGEMENT, Section no. 52835",F,1,Computer Science
Fall 2022,52835,C S, 347,DATA MANAGEMENT,"C S-347: DATA MANAGEMENT, Section no. 52835",D,1,Computer Science
Fall 2022,52835,C S, 347,DATA MANAGEMENT,"C S-347: DATA MANAGEMENT, Section no. 52835",C,4,Computer Science
Fall 2022,52835,C S, 347,DATA MANAGEMENT,"C S-347: DATA MANAGEMENT, Section no. 52835",C+,1,Computer Science
Fall 2022,52835,C S, 347,DATA MANAGEMENT,"C S-347: DATA MANAGEMENT, Section no. 52835",B,3,Computer Science
Fall 2022,52835,C S, 347,DATA MANAGEMENT,"C S-347: DATA MANAGEMENT, Section no. 52835",B+,4,Computer Science
Fall 2022,52835,C S, 347,DATA MANAGEMENT,"C S-347: DATA MANAGEMENT, Section no. 52835",A-,2,Computer Science
Fall 2022,52835,C S, 347,DATA MANAGEMENT,"C S-347: DATA MANAGEMENT, Section no. 52835",A,8,Computer Science
Fall 2022,52840,C S, 349,CONTEMP ISSUES IN COMPUTER SCI,"C S-349: CONTEMP ISSUES IN COMPUTER SCI, Section no. 52840",Other,1,Computer Science
Fall 2022,52840,C S, 349,CONTEMP ISSUES IN COMPUTER SCI,"C S-349: CONTEMP ISSUES IN COMPUTER SCI, Section no. 52840",D,1,Computer Science
Fall 2022,52840,C S, 349,CONTEMP ISSUES IN COMPUTER SCI,"C S-349: CONTEMP ISSUES IN COMPUTER SCI, Section no. 52840",B,1,Computer Science
Fall 2022,52840,C S, 349,CONTEMP ISSUES IN COMPUTER SCI,"C S-349: CONTEMP ISSUES IN COMPUTER SCI, Section no. 52840",B+,6,Computer Science
Fall 2022,52840,C S, 349,CONTEMP ISSUES IN COMPUTER SCI,"C S-349: CONTEMP ISSUES IN COMPUTER SCI, Section no. 52840",A-,4,Computer Science
Fall 2022,52840,C S, 349,CONTEMP ISSUES IN COMPUTER SCI,"C S-349: CONTEMP ISSUES IN COMPUTER SCI, Section no. 52840",A,27,Computer Science
Fall 2022,52845,C S, 349,CONTEMP ISSUES IN COMPUTER SCI,"C S-349: CONTEMP ISSUES IN COMPUTER SCI, Section no. 52845",B-,2,Computer Science
Fall 2022,52845,C S, 349,CONTEMP ISSUES IN COMPUTER SCI,"C S-349: CONTEMP ISSUES IN COMPUTER SCI, Section no. 52845",B,1,Computer Science
Fall 2022,52845,C S, 349,CONTEMP ISSUES IN COMPUTER SCI,"C S-349: CONTEMP ISSUES IN COMPUTER SCI, Section no. 52845",B+,3,Computer Science
Fall 2022,52845,C S, 349,CONTEMP ISSUES IN COMPUTER SCI,"C S-349: CONTEMP ISSUES IN COMPUTER SCI, Section no. 52845",A-,4,Computer Science
Fall 2022,52845,C S, 349,CONTEMP ISSUES IN COMPUTER SCI,"C S-349: CONTEMP ISSUES IN COMPUTER SCI, Section no. 52845",A,30,Computer Science
Fall 2022,52850,C S, 354P,GAME PROGRAMMING PARADIGMS,"C S-354P: GAME PROGRAMMING PARADIGMS, Section no. 52850",B-,1,Computer Science
Fall 2022,52850,C S, 354P,GAME PROGRAMMING PARADIGMS,"C S-354P: GAME PROGRAMMING PARADIGMS, Section no. 52850",B,3,Computer Science
Fall 2022,52850,C S, 354P,GAME PROGRAMMING PARADIGMS,"C S-354P: GAME PROGRAMMING PARADIGMS, Section no. 52850",B+,1,Computer Science
Fall 2022,52850,C S, 354P,GAME PROGRAMMING PARADIGMS,"C S-354P: GAME PROGRAMMING PARADIGMS, Section no. 52850",A-,3,Computer Science
Fall 2022,52850,C S, 354P,GAME PROGRAMMING PARADIGMS,"C S-354P: GAME PROGRAMMING PARADIGMS, Section no. 52850",A,32,Computer Science
Fall 2022,52855,C S, 354R,GAME TECHNOLOGY,"C S-354R: GAME TECHNOLOGY, Section no. 52855",Other,5,Computer Science
Fall 2022,52855,C S, 354R,GAME TECHNOLOGY,"C S-354R: GAME TECHNOLOGY, Section no. 52855",B,3,Computer Science
Fall 2022,52855,C S, 354R,GAME TECHNOLOGY,"C S-354R: GAME TECHNOLOGY, Section no. 52855",B+,2,Computer Science
Fall 2022,52855,C S, 354R,GAME TECHNOLOGY,"C S-354R: GAME TECHNOLOGY, Section no. 52855",A-,7,Computer Science
Fall 2022,52855,C S, 354R,GAME TECHNOLOGY,"C S-354R: GAME TECHNOLOGY, Section no. 52855",A,31,Computer Science
Fall 2022,52865,C S, 356,COMPUTER NETWORKS,"C S-356: COMPUTER NETWORKS, Section no. 52865",Other,3,Computer Science
Fall 2022,52865,C S, 356,COMPUTER NETWORKS,"C S-356: COMPUTER NETWORKS, Section no. 52865",F,1,Computer Science
Fall 2022,52865,C S, 356,COMPUTER NETWORKS,"C S-356: COMPUTER NETWORKS, Section no. 52865",C+,1,Computer Science
Fall 2022,52865,C S, 356,COMPUTER NETWORKS,"C S-356: COMPUTER NETWORKS, Section no. 52865",B,4,Computer Science
Fall 2022,52865,C S, 356,COMPUTER NETWORKS,"C S-356: COMPUTER NETWORKS, Section no. 52865",B+,1,Computer Science
Fall 2022,52865,C S, 356,COMPUTER NETWORKS,"C S-356: COMPUTER NETWORKS, Section no. 52865",A-,19,Computer Science
Fall 2022,52865,C S, 356,COMPUTER NETWORKS,"C S-356: COMPUTER NETWORKS, Section no. 52865",A,31,Computer Science
Fall 2022,52875,C S, 358H,INTRO TO QUANTUM INFO SCI: HON,"C S-358H: INTRO TO QUANTUM INFO SCI: HON, Section no. 52875",Other,5,Computer Science
Fall 2022,52875,C S, 358H,INTRO TO QUANTUM INFO SCI: HON,"C S-358H: INTRO TO QUANTUM INFO SCI: HON, Section no. 52875",C+,2,Computer Science
Fall 2022,52875,C S, 358H,INTRO TO QUANTUM INFO SCI: HON,"C S-358H: INTRO TO QUANTUM INFO SCI: HON, Section no. 52875",B-,3,Computer Science
Fall 2022,52875,C S, 358H,INTRO TO QUANTUM INFO SCI: HON,"C S-358H: INTRO TO QUANTUM INFO SCI: HON, Section no. 52875",B,1,Computer Science
Fall 2022,52875,C S, 358H,INTRO TO QUANTUM INFO SCI: HON,"C S-358H: INTRO TO QUANTUM INFO SCI: HON, Section no. 52875",A-,4,Computer Science
Fall 2022,52875,C S, 358H,INTRO TO QUANTUM INFO SCI: HON,"C S-358H: INTRO TO QUANTUM INFO SCI: HON, Section no. 52875",A,8,Computer Science
Fall 2022,52880,C S, 361S,NETWORK SECURITY/PRIVACY-WB,"C S-361S: NETWORK SECURITY/PRIVACY-WB, Section no. 52880",Other,5,Computer Science
Fall 2022,52880,C S, 361S,NETWORK SECURITY/PRIVACY-WB,"C S-361S: NETWORK SECURITY/PRIVACY-WB, Section no. 52880",F,1,Computer Science
Fall 2022,52880,C S, 361S,NETWORK SECURITY/PRIVACY-WB,"C S-361S: NETWORK SECURITY/PRIVACY-WB, Section no. 52880",C,1,Computer Science
Fall 2022,52880,C S, 361S,NETWORK SECURITY/PRIVACY-WB,"C S-361S: NETWORK SECURITY/PRIVACY-WB, Section no. 52880",B,1,Computer Science
Fall 2022,52880,C S, 361S,NETWORK SECURITY/PRIVACY-WB,"C S-361S: NETWORK SECURITY/PRIVACY-WB, Section no. 52880",B+,2,Computer Science
Fall 2022,52880,C S, 361S,NETWORK SECURITY/PRIVACY-WB,"C S-361S: NETWORK SECURITY/PRIVACY-WB, Section no. 52880",A-,3,Computer Science
Fall 2022,52880,C S, 361S,NETWORK SECURITY/PRIVACY-WB,"C S-361S: NETWORK SECURITY/PRIVACY-WB, Section no. 52880",A,24,Computer Science
Fall 2022,52885,C S, 363M,PRINCIPLES OF MACHINE LEARN I,"C S-363M: PRINCIPLES OF MACHINE LEARN I, Section no. 52885",F,1,Computer Science
Fall 2022,52885,C S, 363M,PRINCIPLES OF MACHINE LEARN I,"C S-363M: PRINCIPLES OF MACHINE LEARN I, Section no. 52885",C+,1,Computer Science
Fall 2022,52885,C S, 363M,PRINCIPLES OF MACHINE LEARN I,"C S-363M: PRINCIPLES OF MACHINE LEARN I, Section no. 52885",B-,1,Computer Science
Fall 2022,52885,C S, 363M,PRINCIPLES OF MACHINE LEARN I,"C S-363M: PRINCIPLES OF MACHINE LEARN I, Section no. 52885",B,8,Computer Science
Fall 2022,52885,C S, 363M,PRINCIPLES OF MACHINE LEARN I,"C S-363M: PRINCIPLES OF MACHINE LEARN I, Section no. 52885",B+,11,Computer Science
Fall 2022,52885,C S, 363M,PRINCIPLES OF MACHINE LEARN I,"C S-363M: PRINCIPLES OF MACHINE LEARN I, Section no. 52885",A-,9,Computer Science
Fall 2022,52885,C S, 363M,PRINCIPLES OF MACHINE LEARN I,"C S-363M: PRINCIPLES OF MACHINE LEARN I, Section no. 52885",A,36,Computer Science
Fall 2022,52890,C S, 363M,PRINCIPLES OF MACHINE LEARN I,"C S-363M: PRINCIPLES OF MACHINE LEARN I, Section no. 52890",Other,1,Computer Science
Fall 2022,52890,C S, 363M,PRINCIPLES OF MACHINE LEARN I,"C S-363M: PRINCIPLES OF MACHINE LEARN I, Section no. 52890",F,1,Computer Science
Fall 2022,52890,C S, 363M,PRINCIPLES OF MACHINE LEARN I,"C S-363M: PRINCIPLES OF MACHINE LEARN I, Section no. 52890",C+,2,Computer Science
Fall 2022,52890,C S, 363M,PRINCIPLES OF MACHINE LEARN I,"C S-363M: PRINCIPLES OF MACHINE LEARN I, Section no. 52890",B-,1,Computer Science
Fall 2022,52890,C S, 363M,PRINCIPLES OF MACHINE LEARN I,"C S-363M: PRINCIPLES OF MACHINE LEARN I, Section no. 52890",B,8,Computer Science
Fall 2022,52890,C S, 363M,PRINCIPLES OF MACHINE LEARN I,"C S-363M: PRINCIPLES OF MACHINE LEARN I, Section no. 52890",B+,11,Computer Science
Fall 2022,52890,C S, 363M,PRINCIPLES OF MACHINE LEARN I,"C S-363M: PRINCIPLES OF MACHINE LEARN I, Section no. 52890",A-,8,Computer Science
Fall 2022,52890,C S, 363M,PRINCIPLES OF MACHINE LEARN I,"C S-363M: PRINCIPLES OF MACHINE LEARN I, Section no. 52890",A,34,Computer Science
Fall 2022,52895,C S, 363M,PRINCIPLES OF MACHINE LEARN I,"C S-363M: PRINCIPLES OF MACHINE LEARN I, Section no. 52895",Other,2,Computer Science
Fall 2022,52895,C S, 363M,PRINCIPLES OF MACHINE LEARN I,"C S-363M: PRINCIPLES OF MACHINE LEARN I, Section no. 52895",C+,3,Computer Science
Fall 2022,52895,C S, 363M,PRINCIPLES OF MACHINE LEARN I,"C S-363M: PRINCIPLES OF MACHINE LEARN I, Section no. 52895",B-,3,Computer Science
Fall 2022,52895,C S, 363M,PRINCIPLES OF MACHINE LEARN I,"C S-363M: PRINCIPLES OF MACHINE LEARN I, Section no. 52895",B,8,Computer Science
Fall 2022,52895,C S, 363M,PRINCIPLES OF MACHINE LEARN I,"C S-363M: PRINCIPLES OF MACHINE LEARN I, Section no. 52895",B+,7,Computer Science
Fall 2022,52895,C S, 363M,PRINCIPLES OF MACHINE LEARN I,"C S-363M: PRINCIPLES OF MACHINE LEARN I, Section no. 52895",A-,17,Computer Science
Fall 2022,52895,C S, 363M,PRINCIPLES OF MACHINE LEARN I,"C S-363M: PRINCIPLES OF MACHINE LEARN I, Section no. 52895",A,26,Computer Science
Fall 2022,52910,C S, 371L,IOS MOBILE COMPUTING,"C S-371L: IOS MOBILE COMPUTING, Section no. 52910",D+,1,Computer Science
Fall 2022,52910,C S, 371L,IOS MOBILE COMPUTING,"C S-371L: IOS MOBILE COMPUTING, Section no. 52910",B,4,Computer Science
Fall 2022,52910,C S, 371L,IOS MOBILE COMPUTING,"C S-371L: IOS MOBILE COMPUTING, Section no. 52910",B+,2,Computer Science
Fall 2022,52910,C S, 371L,IOS MOBILE COMPUTING,"C S-371L: IOS MOBILE COMPUTING, Section no. 52910",A-,18,Computer Science
Fall 2022,52910,C S, 371L,IOS MOBILE COMPUTING,"C S-371L: IOS MOBILE COMPUTING, Section no. 52910",A,33,Computer Science
Fall 2022,52915,C S, 371M,MOBILE COMPUTING,"C S-371M: MOBILE COMPUTING, Section no. 52915",Other,1,Computer Science
Fall 2022,52915,C S, 371M,MOBILE COMPUTING,"C S-371M: MOBILE COMPUTING, Section no. 52915",C+,1,Computer Science
Fall 2022,52915,C S, 371M,MOBILE COMPUTING,"C S-371M: MOBILE COMPUTING, Section no. 52915",B+,2,Computer Science
Fall 2022,52915,C S, 371M,MOBILE COMPUTING,"C S-371M: MOBILE COMPUTING, Section no. 52915",A-,9,Computer Science
Fall 2022,52915,C S, 371M,MOBILE COMPUTING,"C S-371M: MOBILE COMPUTING, Section no. 52915",A,37,Computer Science
Fall 2022,52920,C S, 371M,MOBILE COMPUTING,"C S-371M: MOBILE COMPUTING, Section no. 52920",C+,1,Computer Science
Fall 2022,52920,C S, 371M,MOBILE COMPUTING,"C S-371M: MOBILE COMPUTING, Section no. 52920",B-,2,Computer Science
Fall 2022,52920,C S, 371M,MOBILE COMPUTING,"C S-371M: MOBILE COMPUTING, Section no. 52920",B+,1,Computer Science
Fall 2022,52920,C S, 371M,MOBILE COMPUTING,"C S-371M: MOBILE COMPUTING, Section no. 52920",A-,8,Computer Science
Fall 2022,52920,C S, 371M,MOBILE COMPUTING,"C S-371M: MOBILE COMPUTING, Section no. 52920",A,45,Computer Science
Fall 2022,52925,C S, 371M,MOBILE COMPUTING,"C S-371M: MOBILE COMPUTING, Section no. 52925",Other,7,Computer Science
Fall 2022,52925,C S, 371M,MOBILE COMPUTING,"C S-371M: MOBILE COMPUTING, Section no. 52925",F,1,Computer Science
Fall 2022,52925,C S, 371M,MOBILE COMPUTING,"C S-371M: MOBILE COMPUTING, Section no. 52925",D,1,Computer Science
Fall 2022,52925,C S, 371M,MOBILE COMPUTING,"C S-371M: MOBILE COMPUTING, Section no. 52925",C-,2,Computer Science
Fall 2022,52925,C S, 371M,MOBILE COMPUTING,"C S-371M: MOBILE COMPUTING, Section no. 52925",B-,3,Computer Science
Fall 2022,52925,C S, 371M,MOBILE COMPUTING,"C S-371M: MOBILE COMPUTING, Section no. 52925",B,4,Computer Science
Fall 2022,52925,C S, 371M,MOBILE COMPUTING,"C S-371M: MOBILE COMPUTING, Section no. 52925",B+,4,Computer Science
Fall 2022,52925,C S, 371M,MOBILE COMPUTING,"C S-371M: MOBILE COMPUTING, Section no. 52925",A-,5,Computer Science
Fall 2022,52925,C S, 371M,MOBILE COMPUTING,"C S-371M: MOBILE COMPUTING, Section no. 52925",A,19,Computer Science
Fall 2022,52930,C S, 371P,OBJECT-ORIENTED PROGRAMMING,"C S-371P: OBJECT-ORIENTED PROGRAMMING, Section no. 52930",Other,2,Computer Science
Fall 2022,52930,C S, 371P,OBJECT-ORIENTED PROGRAMMING,"C S-371P: OBJECT-ORIENTED PROGRAMMING, Section no. 52930",F,1,Computer Science
Fall 2022,52930,C S, 371P,OBJECT-ORIENTED PROGRAMMING,"C S-371P: OBJECT-ORIENTED PROGRAMMING, Section no. 52930",D,1,Computer Science
Fall 2022,52930,C S, 371P,OBJECT-ORIENTED PROGRAMMING,"C S-371P: OBJECT-ORIENTED PROGRAMMING, Section no. 52930",C-,2,Computer Science
Fall 2022,52930,C S, 371P,OBJECT-ORIENTED PROGRAMMING,"C S-371P: OBJECT-ORIENTED PROGRAMMING, Section no. 52930",C,3,Computer Science
Fall 2022,52930,C S, 371P,OBJECT-ORIENTED PROGRAMMING,"C S-371P: OBJECT-ORIENTED PROGRAMMING, Section no. 52930",C+,5,Computer Science
Fall 2022,52930,C S, 371P,OBJECT-ORIENTED PROGRAMMING,"C S-371P: OBJECT-ORIENTED PROGRAMMING, Section no. 52930",B-,2,Computer Science
Fall 2022,52930,C S, 371P,OBJECT-ORIENTED PROGRAMMING,"C S-371P: OBJECT-ORIENTED PROGRAMMING, Section no. 52930",B,5,Computer Science
Fall 2022,52930,C S, 371P,OBJECT-ORIENTED PROGRAMMING,"C S-371P: OBJECT-ORIENTED PROGRAMMING, Section no. 52930",B+,14,Computer Science
Fall 2022,52930,C S, 371P,OBJECT-ORIENTED PROGRAMMING,"C S-371P: OBJECT-ORIENTED PROGRAMMING, Section no. 52930",A-,5,Computer Science
Fall 2022,52930,C S, 371P,OBJECT-ORIENTED PROGRAMMING,"C S-371P: OBJECT-ORIENTED PROGRAMMING, Section no. 52930",A,37,Computer Science
Fall 2022,52935,C S, 371R,INFO RETRIEVAL AND WEB SEARCH,"C S-371R: INFO RETRIEVAL AND WEB SEARCH, Section no. 52935",Other,4,Computer Science
Fall 2022,52935,C S, 371R,INFO RETRIEVAL AND WEB SEARCH,"C S-371R: INFO RETRIEVAL AND WEB SEARCH, Section no. 52935",C,2,Computer Science
Fall 2022,52935,C S, 371R,INFO RETRIEVAL AND WEB SEARCH,"C S-371R: INFO RETRIEVAL AND WEB SEARCH, Section no. 52935",B-,3,Computer Science
Fall 2022,52935,C S, 371R,INFO RETRIEVAL AND WEB SEARCH,"C S-371R: INFO RETRIEVAL AND WEB SEARCH, Section no. 52935",B,12,Computer Science
Fall 2022,52935,C S, 371R,INFO RETRIEVAL AND WEB SEARCH,"C S-371R: INFO RETRIEVAL AND WEB SEARCH, Section no. 52935",B+,3,Computer Science
Fall 2022,52935,C S, 371R,INFO RETRIEVAL AND WEB SEARCH,"C S-371R: INFO RETRIEVAL AND WEB SEARCH, Section no. 52935",A-,6,Computer Science
Fall 2022,52935,C S, 371R,INFO RETRIEVAL AND WEB SEARCH,"C S-371R: INFO RETRIEVAL AND WEB SEARCH, Section no. 52935",A,21,Computer Science
Fall 2022,52940,C S, 373,SOFTWARE ENGINEERING,"C S-373: SOFTWARE ENGINEERING, Section no. 52940",Other,4,Computer Science
Fall 2022,52940,C S, 373,SOFTWARE ENGINEERING,"C S-373: SOFTWARE ENGINEERING, Section no. 52940",F,1,Computer Science
Fall 2022,52940,C S, 373,SOFTWARE ENGINEERING,"C S-373: SOFTWARE ENGINEERING, Section no. 52940",C-,1,Computer Science
Fall 2022,52940,C S, 373,SOFTWARE ENGINEERING,"C S-373: SOFTWARE ENGINEERING, Section no. 52940",C,2,Computer Science
Fall 2022,52940,C S, 373,SOFTWARE ENGINEERING,"C S-373: SOFTWARE ENGINEERING, Section no. 52940",B-,1,Computer Science
Fall 2022,52940,C S, 373,SOFTWARE ENGINEERING,"C S-373: SOFTWARE ENGINEERING, Section no. 52940",B,6,Computer Science
Fall 2022,52940,C S, 373,SOFTWARE ENGINEERING,"C S-373: SOFTWARE ENGINEERING, Section no. 52940",B+,4,Computer Science
Fall 2022,52940,C S, 373,SOFTWARE ENGINEERING,"C S-373: SOFTWARE ENGINEERING, Section no. 52940",A-,4,Computer Science
Fall 2022,52940,C S, 373,SOFTWARE ENGINEERING,"C S-373: SOFTWARE ENGINEERING, Section no. 52940",A,32,Computer Science
Fall 2022,52945,C S, 373,SOFTWARE ENGINEERING,"C S-373: SOFTWARE ENGINEERING, Section no. 52945",Other,1,Computer Science
Fall 2022,52945,C S, 373,SOFTWARE ENGINEERING,"C S-373: SOFTWARE ENGINEERING, Section no. 52945",F,1,Computer Science
Fall 2022,52945,C S, 373,SOFTWARE ENGINEERING,"C S-373: SOFTWARE ENGINEERING, Section no. 52945",C-,1,Computer Science
Fall 2022,52945,C S, 373,SOFTWARE ENGINEERING,"C S-373: SOFTWARE ENGINEERING, Section no. 52945",C+,1,Computer Science
Fall 2022,52945,C S, 373,SOFTWARE ENGINEERING,"C S-373: SOFTWARE ENGINEERING, Section no. 52945",B,3,Computer Science
Fall 2022,52945,C S, 373,SOFTWARE ENGINEERING,"C S-373: SOFTWARE ENGINEERING, Section no. 52945",B+,8,Computer Science
Fall 2022,52945,C S, 373,SOFTWARE ENGINEERING,"C S-373: SOFTWARE ENGINEERING, Section no. 52945",A-,2,Computer Science
Fall 2022,52945,C S, 373,SOFTWARE ENGINEERING,"C S-373: SOFTWARE ENGINEERING, Section no. 52945",A,40,Computer Science
Fall 2022,52950,C S, 174S,LONGHORN STARTUP SEMINAR,"C S-174S: LONGHORN STARTUP SEMINAR, Section no. 52950",Other,3,Computer Science
Fall 2022,52950,C S, 174S,LONGHORN STARTUP SEMINAR,"C S-174S: LONGHORN STARTUP SEMINAR, Section no. 52950",F,6,Computer Science
Fall 2022,52950,C S, 174S,LONGHORN STARTUP SEMINAR,"C S-174S: LONGHORN STARTUP SEMINAR, Section no. 52950",A,40,Computer Science
Fall 2022,52955,C S, 375,COMPILERS,"C S-375: COMPILERS, Section no. 52955",Other,5,Computer Science
Fall 2022,52955,C S, 375,COMPILERS,"C S-375: COMPILERS, Section no. 52955",D,2,Computer Science
Fall 2022,52955,C S, 375,COMPILERS,"C S-375: COMPILERS, Section no. 52955",C+,1,Computer Science
Fall 2022,52955,C S, 375,COMPILERS,"C S-375: COMPILERS, Section no. 52955",B-,3,Computer Science
Fall 2022,52955,C S, 375,COMPILERS,"C S-375: COMPILERS, Section no. 52955",B,7,Computer Science
Fall 2022,52955,C S, 375,COMPILERS,"C S-375: COMPILERS, Section no. 52955",B+,7,Computer Science
Fall 2022,52955,C S, 375,COMPILERS,"C S-375: COMPILERS, Section no. 52955",A-,7,Computer Science
Fall 2022,52955,C S, 375,COMPILERS,"C S-375: COMPILERS, Section no. 52955",A,22,Computer Science
Fall 2022,52965,C S, 377P,PROGRAMMING FOR PERFORMANCE-WB,"C S-377P: PROGRAMMING FOR PERFORMANCE-WB, Section no. 52965",Other,4,Computer Science
Fall 2022,52965,C S, 377P,PROGRAMMING FOR PERFORMANCE-WB,"C S-377P: PROGRAMMING FOR PERFORMANCE-WB, Section no. 52965",F,2,Computer Science
Fall 2022,52965,C S, 377P,PROGRAMMING FOR PERFORMANCE-WB,"C S-377P: PROGRAMMING FOR PERFORMANCE-WB, Section no. 52965",C-,3,Computer Science
Fall 2022,52965,C S, 377P,PROGRAMMING FOR PERFORMANCE-WB,"C S-377P: PROGRAMMING FOR PERFORMANCE-WB, Section no. 52965",C,10,Computer Science
Fall 2022,52965,C S, 377P,PROGRAMMING FOR PERFORMANCE-WB,"C S-377P: PROGRAMMING FOR PERFORMANCE-WB, Section no. 52965",C+,3,Computer Science
Fall 2022,52965,C S, 377P,PROGRAMMING FOR PERFORMANCE-WB,"C S-377P: PROGRAMMING FOR PERFORMANCE-WB, Section no. 52965",B-,7,Computer Science
Fall 2022,52965,C S, 377P,PROGRAMMING FOR PERFORMANCE-WB,"C S-377P: PROGRAMMING FOR PERFORMANCE-WB, Section no. 52965",B,8,Computer Science
Fall 2022,52965,C S, 377P,PROGRAMMING FOR PERFORMANCE-WB,"C S-377P: PROGRAMMING FOR PERFORMANCE-WB, Section no. 52965",B+,7,Computer Science
Fall 2022,52965,C S, 377P,PROGRAMMING FOR PERFORMANCE-WB,"C S-377P: PROGRAMMING FOR PERFORMANCE-WB, Section no. 52965",A-,3,Computer Science
Fall 2022,52965,C S, 377P,PROGRAMMING FOR PERFORMANCE-WB,"C S-377P: PROGRAMMING FOR PERFORMANCE-WB, Section no. 52965",A,8,Computer Science
Fall 2022,52970,C S, 378,AUTON INTELLGNT ROBTCS II-FRI,"C S-378: AUTON INTELLGNT ROBTCS II-FRI, Section no. 52970",Other,5,Computer Science
Fall 2022,52970,C S, 378,AUTON INTELLGNT ROBTCS II-FRI,"C S-378: AUTON INTELLGNT ROBTCS II-FRI, Section no. 52970",A-,3,Computer Science
Fall 2022,52970,C S, 378,AUTON INTELLGNT ROBTCS II-FRI,"C S-378: AUTON INTELLGNT ROBTCS II-FRI, Section no. 52970",A,19,Computer Science
Fall 2022,52975,C S, 378,BEHAVIORAL ETHICS: DIGITAL AGE,"C S-378: BEHAVIORAL ETHICS: DIGITAL AGE, Section no. 52975",B,1,Computer Science
Fall 2022,52975,C S, 378,BEHAVIORAL ETHICS: DIGITAL AGE,"C S-378: BEHAVIORAL ETHICS: DIGITAL AGE, Section no. 52975",A-,7,Computer Science
Fall 2022,52975,C S, 378,BEHAVIORAL ETHICS: DIGITAL AGE,"C S-378: BEHAVIORAL ETHICS: DIGITAL AGE, Section no. 52975",A,42,Computer Science
Fall 2022,52985,C S, 378,CLOUD COMPUTING,"C S-378: CLOUD COMPUTING, Section no. 52985",Other,4,Computer Science
Fall 2022,52985,C S, 378,CLOUD COMPUTING,"C S-378: CLOUD COMPUTING, Section no. 52985",F,1,Computer Science
Fall 2022,52985,C S, 378,CLOUD COMPUTING,"C S-378: CLOUD COMPUTING, Section no. 52985",B-,2,Computer Science
Fall 2022,52985,C S, 378,CLOUD COMPUTING,"C S-378: CLOUD COMPUTING, Section no. 52985",B,3,Computer Science
Fall 2022,52985,C S, 378,CLOUD COMPUTING,"C S-378: CLOUD COMPUTING, Section no. 52985",B+,3,Computer Science
Fall 2022,52985,C S, 378,CLOUD COMPUTING,"C S-378: CLOUD COMPUTING, Section no. 52985",A-,3,Computer Science
Fall 2022,52985,C S, 378,CLOUD COMPUTING,"C S-378: CLOUD COMPUTING, Section no. 52985",A,40,Computer Science
Fall 2022,52988,C S, 378,ETHICAL HACKING,"C S-378: ETHICAL HACKING, Section no. 52988",F,2,Computer Science
Fall 2022,52988,C S, 378,ETHICAL HACKING,"C S-378: ETHICAL HACKING, Section no. 52988",C,1,Computer Science
Fall 2022,52988,C S, 378,ETHICAL HACKING,"C S-378: ETHICAL HACKING, Section no. 52988",B-,1,Computer Science
Fall 2022,52988,C S, 378,ETHICAL HACKING,"C S-378: ETHICAL HACKING, Section no. 52988",A-,2,Computer Science
Fall 2022,52988,C S, 378,ETHICAL HACKING,"C S-378: ETHICAL HACKING, Section no. 52988",A,37,Computer Science
Fall 2022,52989,C S, 378,ETHICAL HACKING,"C S-378: ETHICAL HACKING, Section no. 52989",Other,1,Computer Science
Fall 2022,52989,C S, 378,ETHICAL HACKING,"C S-378: ETHICAL HACKING, Section no. 52989",F,1,Computer Science
Fall 2022,52989,C S, 378,ETHICAL HACKING,"C S-378: ETHICAL HACKING, Section no. 52989",B-,2,Computer Science
Fall 2022,52989,C S, 378,ETHICAL HACKING,"C S-378: ETHICAL HACKING, Section no. 52989",B+,1,Computer Science
Fall 2022,52989,C S, 378,ETHICAL HACKING,"C S-378: ETHICAL HACKING, Section no. 52989",A-,1,Computer Science
Fall 2022,52989,C S, 378,ETHICAL HACKING,"C S-378: ETHICAL HACKING, Section no. 52989",A,40,Computer Science
Fall 2022,52995,C S, 378,GEOMETRY OF SPACE-FRI,"C S-378: GEOMETRY OF SPACE-FRI, Section no. 52995",Other,2,Computer Science
Fall 2022,52995,C S, 378,GEOMETRY OF SPACE-FRI,"C S-378: GEOMETRY OF SPACE-FRI, Section no. 52995",C,1,Computer Science
Fall 2022,52995,C S, 378,GEOMETRY OF SPACE-FRI,"C S-378: GEOMETRY OF SPACE-FRI, Section no. 52995",B-,2,Computer Science
Fall 2022,52995,C S, 378,GEOMETRY OF SPACE-FRI,"C S-378: GEOMETRY OF SPACE-FRI, Section no. 52995",B,5,Computer Science
Fall 2022,52995,C S, 378,GEOMETRY OF SPACE-FRI,"C S-378: GEOMETRY OF SPACE-FRI, Section no. 52995",A-,1,Computer Science
Fall 2022,52995,C S, 378,GEOMETRY OF SPACE-FRI,"C S-378: GEOMETRY OF SPACE-FRI, Section no. 52995",A,3,Computer Science
Fall 2022,52998,C S, 378,MODERN WEB APPLICATIONS-WB,"C S-378: MODERN WEB APPLICATIONS-WB, Section no. 52998",Other,1,Computer Science
Fall 2022,52998,C S, 378,MODERN WEB APPLICATIONS-WB,"C S-378: MODERN WEB APPLICATIONS-WB, Section no. 52998",F,1,Computer Science
Fall 2022,52998,C S, 378,MODERN WEB APPLICATIONS-WB,"C S-378: MODERN WEB APPLICATIONS-WB, Section no. 52998",D-,1,Computer Science
Fall 2022,52998,C S, 378,MODERN WEB APPLICATIONS-WB,"C S-378: MODERN WEB APPLICATIONS-WB, Section no. 52998",C-,1,Computer Science
Fall 2022,52998,C S, 378,MODERN WEB APPLICATIONS-WB,"C S-378: MODERN WEB APPLICATIONS-WB, Section no. 52998",C,1,Computer Science
Fall 2022,52998,C S, 378,MODERN WEB APPLICATIONS-WB,"C S-378: MODERN WEB APPLICATIONS-WB, Section no. 52998",B-,1,Computer Science
Fall 2022,52998,C S, 378,MODERN WEB APPLICATIONS-WB,"C S-378: MODERN WEB APPLICATIONS-WB, Section no. 52998",B,5,Computer Science
Fall 2022,52998,C S, 378,MODERN WEB APPLICATIONS-WB,"C S-378: MODERN WEB APPLICATIONS-WB, Section no. 52998",B+,8,Computer Science
Fall 2022,52998,C S, 378,MODERN WEB APPLICATIONS-WB,"C S-378: MODERN WEB APPLICATIONS-WB, Section no. 52998",A-,20,Computer Science
Fall 2022,52998,C S, 378,MODERN WEB APPLICATIONS-WB,"C S-378: MODERN WEB APPLICATIONS-WB, Section no. 52998",A,13,Computer Science
Fall 2022,53000,C S, 378,NATURAL LANGUAGE PROCESSING,"C S-378: NATURAL LANGUAGE PROCESSING, Section no. 53000",Other,8,Computer Science
Fall 2022,53000,C S, 378,NATURAL LANGUAGE PROCESSING,"C S-378: NATURAL LANGUAGE PROCESSING, Section no. 53000",C-,4,Computer Science
Fall 2022,53000,C S, 378,NATURAL LANGUAGE PROCESSING,"C S-378: NATURAL LANGUAGE PROCESSING, Section no. 53000",C,1,Computer Science
Fall 2022,53000,C S, 378,NATURAL LANGUAGE PROCESSING,"C S-378: NATURAL LANGUAGE PROCESSING, Section no. 53000",C+,3,Computer Science
Fall 2022,53000,C S, 378,NATURAL LANGUAGE PROCESSING,"C S-378: NATURAL LANGUAGE PROCESSING, Section no. 53000",B-,4,Computer Science
Fall 2022,53000,C S, 378,NATURAL LANGUAGE PROCESSING,"C S-378: NATURAL LANGUAGE PROCESSING, Section no. 53000",B,2,Computer Science
Fall 2022,53000,C S, 378,NATURAL LANGUAGE PROCESSING,"C S-378: NATURAL LANGUAGE PROCESSING, Section no. 53000",B+,11,Computer Science
Fall 2022,53000,C S, 378,NATURAL LANGUAGE PROCESSING,"C S-378: NATURAL LANGUAGE PROCESSING, Section no. 53000",A-,15,Computer Science
Fall 2022,53000,C S, 378,NATURAL LANGUAGE PROCESSING,"C S-378: NATURAL LANGUAGE PROCESSING, Section no. 53000",A,26,Computer Science
Fall 2022,53005,C S, 378,QUANTUM COMPUTING-FRI,"C S-378: QUANTUM COMPUTING-FRI, Section no. 53005",Other,1,Computer Science
Fall 2022,53005,C S, 378,QUANTUM COMPUTING-FRI,"C S-378: QUANTUM COMPUTING-FRI, Section no. 53005",F,1,Computer Science
Fall 2022,53005,C S, 378,QUANTUM COMPUTING-FRI,"C S-378: QUANTUM COMPUTING-FRI, Section no. 53005",D,1,Computer Science
Fall 2022,53005,C S, 378,QUANTUM COMPUTING-FRI,"C S-378: QUANTUM COMPUTING-FRI, Section no. 53005",B-,4,Computer Science
Fall 2022,53005,C S, 378,QUANTUM COMPUTING-FRI,"C S-378: QUANTUM COMPUTING-FRI, Section no. 53005",B,1,Computer Science
Fall 2022,53005,C S, 378,QUANTUM COMPUTING-FRI,"C S-378: QUANTUM COMPUTING-FRI, Section no. 53005",A-,3,Computer Science
Fall 2022,53005,C S, 378,QUANTUM COMPUTING-FRI,"C S-378: QUANTUM COMPUTING-FRI, Section no. 53005",A,14,Computer Science
Fall 2022,53015,C S, 378,SAFE AND ETHICAL AI,"C S-378: SAFE AND ETHICAL AI, Section no. 53015",Other,6,Computer Science
Fall 2022,53015,C S, 378,SAFE AND ETHICAL AI,"C S-378: SAFE AND ETHICAL AI, Section no. 53015",F,1,Computer Science
Fall 2022,53015,C S, 378,SAFE AND ETHICAL AI,"C S-378: SAFE AND ETHICAL AI, Section no. 53015",C-,1,Computer Science
Fall 2022,53015,C S, 378,SAFE AND ETHICAL AI,"C S-378: SAFE AND ETHICAL AI, Section no. 53015",C+,2,Computer Science
Fall 2022,53015,C S, 378,SAFE AND ETHICAL AI,"C S-378: SAFE AND ETHICAL AI, Section no. 53015",B-,2,Computer Science
Fall 2022,53015,C S, 378,SAFE AND ETHICAL AI,"C S-378: SAFE AND ETHICAL AI, Section no. 53015",B,3,Computer Science
Fall 2022,53015,C S, 378,SAFE AND ETHICAL AI,"C S-378: SAFE AND ETHICAL AI, Section no. 53015",B+,3,Computer Science
Fall 2022,53015,C S, 378,SAFE AND ETHICAL AI,"C S-378: SAFE AND ETHICAL AI, Section no. 53015",A-,9,Computer Science
Fall 2022,53015,C S, 378,SAFE AND ETHICAL AI,"C S-378: SAFE AND ETHICAL AI, Section no. 53015",A,18,Computer Science
Fall 2022,53020,C S, 378,SYMBOLIC PROGRAMMING,"C S-378: SYMBOLIC PROGRAMMING, Section no. 53020",Other,3,Computer Science
Fall 2022,53020,C S, 378,SYMBOLIC PROGRAMMING,"C S-378: SYMBOLIC PROGRAMMING, Section no. 53020",C-,1,Computer Science
Fall 2022,53020,C S, 378,SYMBOLIC PROGRAMMING,"C S-378: SYMBOLIC PROGRAMMING, Section no. 53020",C+,2,Computer Science
Fall 2022,53020,C S, 378,SYMBOLIC PROGRAMMING,"C S-378: SYMBOLIC PROGRAMMING, Section no. 53020",B-,2,Computer Science
Fall 2022,53020,C S, 378,SYMBOLIC PROGRAMMING,"C S-378: SYMBOLIC PROGRAMMING, Section no. 53020",B,2,Computer Science
Fall 2022,53020,C S, 378,SYMBOLIC PROGRAMMING,"C S-378: SYMBOLIC PROGRAMMING, Section no. 53020",B+,3,Computer Science
Fall 2022,53020,C S, 378,SYMBOLIC PROGRAMMING,"C S-378: SYMBOLIC PROGRAMMING, Section no. 53020",A-,4,Computer Science
Fall 2022,53020,C S, 378,SYMBOLIC PROGRAMMING,"C S-378: SYMBOLIC PROGRAMMING, Section no. 53020",A,39,Computer Science
Fall 2022,53035,C S, 380L,ADVANCED OPERATING SYSTEMS,"C S-380L: ADVANCED OPERATING SYSTEMS, Section no. 53035",Other,4,Computer Science
Fall 2022,53035,C S, 380L,ADVANCED OPERATING SYSTEMS,"C S-380L: ADVANCED OPERATING SYSTEMS, Section no. 53035",B,16,Computer Science
Fall 2022,53035,C S, 380L,ADVANCED OPERATING SYSTEMS,"C S-380L: ADVANCED OPERATING SYSTEMS, Section no. 53035",A,20,Computer Science
Fall 2022,53039,C S, 380P,PARALLEL SYSTEMS-WB,"C S-380P: PARALLEL SYSTEMS-WB, Section no. 53039",Other,29,Computer Science
Fall 2022,53039,C S, 380P,PARALLEL SYSTEMS-WB,"C S-380P: PARALLEL SYSTEMS-WB, Section no. 53039",F,6,Computer Science
Fall 2022,53039,C S, 380P,PARALLEL SYSTEMS-WB,"C S-380P: PARALLEL SYSTEMS-WB, Section no. 53039",C,2,Computer Science
Fall 2022,53039,C S, 380P,PARALLEL SYSTEMS-WB,"C S-380P: PARALLEL SYSTEMS-WB, Section no. 53039",B-,1,Computer Science
Fall 2022,53039,C S, 380P,PARALLEL SYSTEMS-WB,"C S-380P: PARALLEL SYSTEMS-WB, Section no. 53039",B,12,Computer Science
Fall 2022,53039,C S, 380P,PARALLEL SYSTEMS-WB,"C S-380P: PARALLEL SYSTEMS-WB, Section no. 53039",A,65,Computer Science
Fall 2022,53040,C S, 383C,NUMERICAL ANLY: LINEAR ALGEBRA,"C S-383C: NUMERICAL ANLY: LINEAR ALGEBRA, Section no. 53040",Other,1,Computer Science
Fall 2022,53040,C S, 383C,NUMERICAL ANLY: LINEAR ALGEBRA,"C S-383C: NUMERICAL ANLY: LINEAR ALGEBRA, Section no. 53040",B+,3,Computer Science
Fall 2022,53040,C S, 383C,NUMERICAL ANLY: LINEAR ALGEBRA,"C S-383C: NUMERICAL ANLY: LINEAR ALGEBRA, Section no. 53040",A-,4,Computer Science
Fall 2022,53040,C S, 383C,NUMERICAL ANLY: LINEAR ALGEBRA,"C S-383C: NUMERICAL ANLY: LINEAR ALGEBRA, Section no. 53040",A,4,Computer Science
Fall 2022,53045,C S, 386C,DEPENDABLE COMPUTING SYSTEMS,"C S-386C: DEPENDABLE COMPUTING SYSTEMS, Section no. 53045",Other,2,Computer Science
Fall 2022,53045,C S, 386C,DEPENDABLE COMPUTING SYSTEMS,"C S-386C: DEPENDABLE COMPUTING SYSTEMS, Section no. 53045",B-,4,Computer Science
Fall 2022,53045,C S, 386C,DEPENDABLE COMPUTING SYSTEMS,"C S-386C: DEPENDABLE COMPUTING SYSTEMS, Section no. 53045",B,6,Computer Science
Fall 2022,53045,C S, 386C,DEPENDABLE COMPUTING SYSTEMS,"C S-386C: DEPENDABLE COMPUTING SYSTEMS, Section no. 53045",B+,3,Computer Science
Fall 2022,53045,C S, 386C,DEPENDABLE COMPUTING SYSTEMS,"C S-386C: DEPENDABLE COMPUTING SYSTEMS, Section no. 53045",A-,12,Computer Science
Fall 2022,53045,C S, 386C,DEPENDABLE COMPUTING SYSTEMS,"C S-386C: DEPENDABLE COMPUTING SYSTEMS, Section no. 53045",A,7,Computer Science
Fall 2022,53048,C S, 386L,PROGRAMMING LANGUAGES,"C S-386L: PROGRAMMING LANGUAGES, Section no. 53048",Other,1,Computer Science
Fall 2022,53048,C S, 386L,PROGRAMMING LANGUAGES,"C S-386L: PROGRAMMING LANGUAGES, Section no. 53048",B-,1,Computer Science
Fall 2022,53048,C S, 386L,PROGRAMMING LANGUAGES,"C S-386L: PROGRAMMING LANGUAGES, Section no. 53048",B,4,Computer Science
Fall 2022,53048,C S, 386L,PROGRAMMING LANGUAGES,"C S-386L: PROGRAMMING LANGUAGES, Section no. 53048",B+,1,Computer Science
Fall 2022,53048,C S, 386L,PROGRAMMING LANGUAGES,"C S-386L: PROGRAMMING LANGUAGES, Section no. 53048",A-,2,Computer Science
Fall 2022,53048,C S, 386L,PROGRAMMING LANGUAGES,"C S-386L: PROGRAMMING LANGUAGES, Section no. 53048",A,12,Computer Science
Fall 2022,53049,C S, 386P,ANDROID PROGRAMMING-WB,"C S-386P: ANDROID PROGRAMMING-WB, Section no. 53049",Other,59,Computer Science
Fall 2022,53049,C S, 386P,ANDROID PROGRAMMING-WB,"C S-386P: ANDROID PROGRAMMING-WB, Section no. 53049",F,7,Computer Science
Fall 2022,53049,C S, 386P,ANDROID PROGRAMMING-WB,"C S-386P: ANDROID PROGRAMMING-WB, Section no. 53049",D-,1,Computer Science
Fall 2022,53049,C S, 386P,ANDROID PROGRAMMING-WB,"C S-386P: ANDROID PROGRAMMING-WB, Section no. 53049",D,1,Computer Science
Fall 2022,53049,C S, 386P,ANDROID PROGRAMMING-WB,"C S-386P: ANDROID PROGRAMMING-WB, Section no. 53049",C-,1,Computer Science
Fall 2022,53049,C S, 386P,ANDROID PROGRAMMING-WB,"C S-386P: ANDROID PROGRAMMING-WB, Section no. 53049",C,1,Computer Science
Fall 2022,53049,C S, 386P,ANDROID PROGRAMMING-WB,"C S-386P: ANDROID PROGRAMMING-WB, Section no. 53049",C+,5,Computer Science
Fall 2022,53049,C S, 386P,ANDROID PROGRAMMING-WB,"C S-386P: ANDROID PROGRAMMING-WB, Section no. 53049",B-,2,Computer Science
Fall 2022,53049,C S, 386P,ANDROID PROGRAMMING-WB,"C S-386P: ANDROID PROGRAMMING-WB, Section no. 53049",B,4,Computer Science
Fall 2022,53049,C S, 386P,ANDROID PROGRAMMING-WB,"C S-386P: ANDROID PROGRAMMING-WB, Section no. 53049",B+,10,Computer Science
Fall 2022,53049,C S, 386P,ANDROID PROGRAMMING-WB,"C S-386P: ANDROID PROGRAMMING-WB, Section no. 53049",A-,15,Computer Science
Fall 2022,53049,C S, 386P,ANDROID PROGRAMMING-WB,"C S-386P: ANDROID PROGRAMMING-WB, Section no. 53049",A,253,Computer Science
Fall 2022,53055,C S, 388,NATURAL LANGUAGE PROCESSING-WB,"C S-388: NATURAL LANGUAGE PROCESSING-WB, Section no. 53055",Other,26,Computer Science
Fall 2022,53055,C S, 388,NATURAL LANGUAGE PROCESSING-WB,"C S-388: NATURAL LANGUAGE PROCESSING-WB, Section no. 53055",F,2,Computer Science
Fall 2022,53055,C S, 388,NATURAL LANGUAGE PROCESSING-WB,"C S-388: NATURAL LANGUAGE PROCESSING-WB, Section no. 53055",D,1,Computer Science
Fall 2022,53055,C S, 388,NATURAL LANGUAGE PROCESSING-WB,"C S-388: NATURAL LANGUAGE PROCESSING-WB, Section no. 53055",C-,1,Computer Science
Fall 2022,53055,C S, 388,NATURAL LANGUAGE PROCESSING-WB,"C S-388: NATURAL LANGUAGE PROCESSING-WB, Section no. 53055",C,3,Computer Science
Fall 2022,53055,C S, 388,NATURAL LANGUAGE PROCESSING-WB,"C S-388: NATURAL LANGUAGE PROCESSING-WB, Section no. 53055",C+,2,Computer Science
Fall 2022,53055,C S, 388,NATURAL LANGUAGE PROCESSING-WB,"C S-388: NATURAL LANGUAGE PROCESSING-WB, Section no. 53055",B-,3,Computer Science
Fall 2022,53055,C S, 388,NATURAL LANGUAGE PROCESSING-WB,"C S-388: NATURAL LANGUAGE PROCESSING-WB, Section no. 53055",B,5,Computer Science
Fall 2022,53055,C S, 388,NATURAL LANGUAGE PROCESSING-WB,"C S-388: NATURAL LANGUAGE PROCESSING-WB, Section no. 53055",B+,14,Computer Science
Fall 2022,53055,C S, 388,NATURAL LANGUAGE PROCESSING-WB,"C S-388: NATURAL LANGUAGE PROCESSING-WB, Section no. 53055",A-,39,Computer Science
Fall 2022,53055,C S, 388,NATURAL LANGUAGE PROCESSING-WB,"C S-388: NATURAL LANGUAGE PROCESSING-WB, Section no. 53055",A,89,Computer Science
Fall 2022,53065,C S, 388G,ALGORITHMS: TECHNIQUES & THRY,"C S-388G: ALGORITHMS: TECHNIQUES & THRY, Section no. 53065",Other,8,Computer Science
Fall 2022,53065,C S, 388G,ALGORITHMS: TECHNIQUES & THRY,"C S-388G: ALGORITHMS: TECHNIQUES & THRY, Section no. 53065",B,2,Computer Science
Fall 2022,53065,C S, 388G,ALGORITHMS: TECHNIQUES & THRY,"C S-388G: ALGORITHMS: TECHNIQUES & THRY, Section no. 53065",B+,7,Computer Science
Fall 2022,53065,C S, 388G,ALGORITHMS: TECHNIQUES & THRY,"C S-388G: ALGORITHMS: TECHNIQUES & THRY, Section no. 53065",A-,3,Computer Science
Fall 2022,53065,C S, 388G,ALGORITHMS: TECHNIQUES & THRY,"C S-388G: ALGORITHMS: TECHNIQUES & THRY, Section no. 53065",A,10,Computer Science
Fall 2022,53070,C S, 388H,CRYPTOGRAPHY,"C S-388H: CRYPTOGRAPHY, Section no. 53070",Other,4,Computer Science
Fall 2022,53070,C S, 388H,CRYPTOGRAPHY,"C S-388H: CRYPTOGRAPHY, Section no. 53070",C,4,Computer Science
Fall 2022,53070,C S, 388H,CRYPTOGRAPHY,"C S-388H: CRYPTOGRAPHY, Section no. 53070",B-,8,Computer Science
Fall 2022,53070,C S, 388H,CRYPTOGRAPHY,"C S-388H: CRYPTOGRAPHY, Section no. 53070",B,13,Computer Science
Fall 2022,53070,C S, 388H,CRYPTOGRAPHY,"C S-388H: CRYPTOGRAPHY, Section no. 53070",B+,5,Computer Science
Fall 2022,53070,C S, 388H,CRYPTOGRAPHY,"C S-388H: CRYPTOGRAPHY, Section no. 53070",A-,8,Computer Science
Fall 2022,53070,C S, 388H,CRYPTOGRAPHY,"C S-388H: CRYPTOGRAPHY, Section no. 53070",A,20,Computer Science
Fall 2022,53075,C S, 388J,OPTIMIZATION-WB,"C S-388J: OPTIMIZATION-WB, Section no. 53075",Other,12,Computer Science
Fall 2022,53075,C S, 388J,OPTIMIZATION-WB,"C S-388J: OPTIMIZATION-WB, Section no. 53075",D,2,Computer Science
Fall 2022,53075,C S, 388J,OPTIMIZATION-WB,"C S-388J: OPTIMIZATION-WB, Section no. 53075",C-,1,Computer Science
Fall 2022,53075,C S, 388J,OPTIMIZATION-WB,"C S-388J: OPTIMIZATION-WB, Section no. 53075",C,1,Computer Science
Fall 2022,53075,C S, 388J,OPTIMIZATION-WB,"C S-388J: OPTIMIZATION-WB, Section no. 53075",B,8,Computer Science
Fall 2022,53075,C S, 388J,OPTIMIZATION-WB,"C S-388J: OPTIMIZATION-WB, Section no. 53075",B+,3,Computer Science
Fall 2022,53075,C S, 388J,OPTIMIZATION-WB,"C S-388J: OPTIMIZATION-WB, Section no. 53075",A-,23,Computer Science
Fall 2022,53075,C S, 388J,OPTIMIZATION-WB,"C S-388J: OPTIMIZATION-WB, Section no. 53075",A,15,Computer Science
Fall 2022,53080,C S, 388T,THEORY OF COMPUTATION,"C S-388T: THEORY OF COMPUTATION, Section no. 53080",B,1,Computer Science
Fall 2022,53080,C S, 388T,THEORY OF COMPUTATION,"C S-388T: THEORY OF COMPUTATION, Section no. 53080",B+,1,Computer Science
Fall 2022,53080,C S, 388T,THEORY OF COMPUTATION,"C S-388T: THEORY OF COMPUTATION, Section no. 53080",A-,6,Computer Science
Fall 2022,53080,C S, 388T,THEORY OF COMPUTATION,"C S-388T: THEORY OF COMPUTATION, Section no. 53080",A,3,Computer Science
Fall 2022,53085,C S, 391L,MACHINE LEARNING,"C S-391L: MACHINE LEARNING, Section no. 53085",Other,1,Computer Science
Fall 2022,53085,C S, 391L,MACHINE LEARNING,"C S-391L: MACHINE LEARNING, Section no. 53085",B,2,Computer Science
Fall 2022,53085,C S, 391L,MACHINE LEARNING,"C S-391L: MACHINE LEARNING, Section no. 53085",A-,4,Computer Science
Fall 2022,53085,C S, 391L,MACHINE LEARNING,"C S-391L: MACHINE LEARNING, Section no. 53085",A,33,Computer Science
Fall 2022,53090,C S, 391L,MACHINE LEARNING-WB,"C S-391L: MACHINE LEARNING-WB, Section no. 53090",Other,28,Computer Science
Fall 2022,53090,C S, 391L,MACHINE LEARNING-WB,"C S-391L: MACHINE LEARNING-WB, Section no. 53090",D,1,Computer Science
Fall 2022,53090,C S, 391L,MACHINE LEARNING-WB,"C S-391L: MACHINE LEARNING-WB, Section no. 53090",D+,4,Computer Science
Fall 2022,53090,C S, 391L,MACHINE LEARNING-WB,"C S-391L: MACHINE LEARNING-WB, Section no. 53090",C,1,Computer Science
Fall 2022,53090,C S, 391L,MACHINE LEARNING-WB,"C S-391L: MACHINE LEARNING-WB, Section no. 53090",C+,1,Computer Science
Fall 2022,53090,C S, 391L,MACHINE LEARNING-WB,"C S-391L: MACHINE LEARNING-WB, Section no. 53090",B,10,Computer Science
Fall 2022,53090,C S, 391L,MACHINE LEARNING-WB,"C S-391L: MACHINE LEARNING-WB, Section no. 53090",B+,8,Computer Science
Fall 2022,53090,C S, 391L,MACHINE LEARNING-WB,"C S-391L: MACHINE LEARNING-WB, Section no. 53090",A-,7,Computer Science
Fall 2022,53090,C S, 391L,MACHINE LEARNING-WB,"C S-391L: MACHINE LEARNING-WB, Section no. 53090",A,13,Computer Science
Fall 2022,53094,C S, 391R,ROBOT LEARNING,"C S-391R: ROBOT LEARNING, Section no. 53094",C,1,Computer Science
Fall 2022,53094,C S, 391R,ROBOT LEARNING,"C S-391R: ROBOT LEARNING, Section no. 53094",B,6,Computer Science
Fall 2022,53094,C S, 391R,ROBOT LEARNING,"C S-391R: ROBOT LEARNING, Section no. 53094",B+,9,Computer Science
Fall 2022,53094,C S, 391R,ROBOT LEARNING,"C S-391R: ROBOT LEARNING, Section no. 53094",A-,12,Computer Science
Fall 2022,53094,C S, 391R,ROBOT LEARNING,"C S-391R: ROBOT LEARNING, Section no. 53094",A,20,Computer Science
Fall 2022,53095,C S, 394D,DEEP LEARNING-WB,"C S-394D: DEEP LEARNING-WB, Section no. 53095",Other,21,Computer Science
Fall 2022,53095,C S, 394D,DEEP LEARNING-WB,"C S-394D: DEEP LEARNING-WB, Section no. 53095",F,4,Computer Science
Fall 2022,53095,C S, 394D,DEEP LEARNING-WB,"C S-394D: DEEP LEARNING-WB, Section no. 53095",D+,1,Computer Science
Fall 2022,53095,C S, 394D,DEEP LEARNING-WB,"C S-394D: DEEP LEARNING-WB, Section no. 53095",C-,1,Computer Science
Fall 2022,53095,C S, 394D,DEEP LEARNING-WB,"C S-394D: DEEP LEARNING-WB, Section no. 53095",C,3,Computer Science
Fall 2022,53095,C S, 394D,DEEP LEARNING-WB,"C S-394D: DEEP LEARNING-WB, Section no. 53095",C+,1,Computer Science
Fall 2022,53095,C S, 394D,DEEP LEARNING-WB,"C S-394D: DEEP LEARNING-WB, Section no. 53095",B,15,Computer Science
Fall 2022,53095,C S, 394D,DEEP LEARNING-WB,"C S-394D: DEEP LEARNING-WB, Section no. 53095",B+,21,Computer Science
Fall 2022,53095,C S, 394D,DEEP LEARNING-WB,"C S-394D: DEEP LEARNING-WB, Section no. 53095",A-,21,Computer Science
Fall 2022,53095,C S, 394D,DEEP LEARNING-WB,"C S-394D: DEEP LEARNING-WB, Section no. 53095",A,30,Computer Science
Fall 2022,53100,C S, 394N,NEURAL NETWORKS-WB,"C S-394N: NEURAL NETWORKS-WB, Section no. 53100",B+,5,Computer Science
Fall 2022,53100,C S, 394N,NEURAL NETWORKS-WB,"C S-394N: NEURAL NETWORKS-WB, Section no. 53100",A-,5,Computer Science
Fall 2022,53100,C S, 394N,NEURAL NETWORKS-WB,"C S-394N: NEURAL NETWORKS-WB, Section no. 53100",A,15,Computer Science
Fall 2022,53104,C S, 394R,REINFRCMNT LEARN: THRY/PRAC-WB,"C S-394R: REINFRCMNT LEARN: THRY/PRAC-WB, Section no. 53104",Other,22,Computer Science
Fall 2022,53104,C S, 394R,REINFRCMNT LEARN: THRY/PRAC-WB,"C S-394R: REINFRCMNT LEARN: THRY/PRAC-WB, Section no. 53104",F,3,Computer Science
Fall 2022,53104,C S, 394R,REINFRCMNT LEARN: THRY/PRAC-WB,"C S-394R: REINFRCMNT LEARN: THRY/PRAC-WB, Section no. 53104",B-,10,Computer Science
Fall 2022,53104,C S, 394R,REINFRCMNT LEARN: THRY/PRAC-WB,"C S-394R: REINFRCMNT LEARN: THRY/PRAC-WB, Section no. 53104",B,24,Computer Science
Fall 2022,53104,C S, 394R,REINFRCMNT LEARN: THRY/PRAC-WB,"C S-394R: REINFRCMNT LEARN: THRY/PRAC-WB, Section no. 53104",B+,18,Computer Science
Fall 2022,53104,C S, 394R,REINFRCMNT LEARN: THRY/PRAC-WB,"C S-394R: REINFRCMNT LEARN: THRY/PRAC-WB, Section no. 53104",A-,22,Computer Science
Fall 2022,53104,C S, 394R,REINFRCMNT LEARN: THRY/PRAC-WB,"C S-394R: REINFRCMNT LEARN: THRY/PRAC-WB, Section no. 53104",A,22,Computer Science
Fall 2022,53128,C S, 395T,CONVEX OPTIMIZATION,"C S-395T: CONVEX OPTIMIZATION, Section no. 53128",C,1,Computer Science
Fall 2022,53128,C S, 395T,CONVEX OPTIMIZATION,"C S-395T: CONVEX OPTIMIZATION, Section no. 53128",B+,1,Computer Science
Fall 2022,53128,C S, 395T,CONVEX OPTIMIZATION,"C S-395T: CONVEX OPTIMIZATION, Section no. 53128",A-,1,Computer Science
Fall 2022,53128,C S, 395T,CONVEX OPTIMIZATION,"C S-395T: CONVEX OPTIMIZATION, Section no. 53128",A,8,Computer Science
Fall 2022,53129,C S, 395T,CASE STUDIES/MACHINE LEARN-WB,"C S-395T: CASE STUDIES/MACHINE LEARN-WB, Section no. 53129",Other,10,Computer Science
Fall 2022,53129,C S, 395T,CASE STUDIES/MACHINE LEARN-WB,"C S-395T: CASE STUDIES/MACHINE LEARN-WB, Section no. 53129",F,3,Computer Science
Fall 2022,53129,C S, 395T,CASE STUDIES/MACHINE LEARN-WB,"C S-395T: CASE STUDIES/MACHINE LEARN-WB, Section no. 53129",B,10,Computer Science
Fall 2022,53129,C S, 395T,CASE STUDIES/MACHINE LEARN-WB,"C S-395T: CASE STUDIES/MACHINE LEARN-WB, Section no. 53129",B+,10,Computer Science
Fall 2022,53129,C S, 395T,CASE STUDIES/MACHINE LEARN-WB,"C S-395T: CASE STUDIES/MACHINE LEARN-WB, Section no. 53129",A,172,Computer Science
Fall 2022,53130,C S, 395T,CYBERSECURITY LAW/POLICY,"C S-395T: CYBERSECURITY LAW/POLICY, Section no. 53130",Other,4,Computer Science
Fall 2022,53130,C S, 395T,CYBERSECURITY LAW/POLICY,"C S-395T: CYBERSECURITY LAW/POLICY, Section no. 53130",B+,3,Computer Science
Fall 2022,53130,C S, 395T,CYBERSECURITY LAW/POLICY,"C S-395T: CYBERSECURITY LAW/POLICY, Section no. 53130",A-,1,Computer Science
Fall 2022,53130,C S, 395T,CYBERSECURITY LAW/POLICY,"C S-395T: CYBERSECURITY LAW/POLICY, Section no. 53130",A,2,Computer Science
Fall 2022,53145,C S, 395T,INTRO TO ETHICAL AI/ROBOTICS,"C S-395T: INTRO TO ETHICAL AI/ROBOTICS, Section no. 53145",B,3,Computer Science
Fall 2022,53145,C S, 395T,INTRO TO ETHICAL AI/ROBOTICS,"C S-395T: INTRO TO ETHICAL AI/ROBOTICS, Section no. 53145",B+,5,Computer Science
Fall 2022,53145,C S, 395T,INTRO TO ETHICAL AI/ROBOTICS,"C S-395T: INTRO TO ETHICAL AI/ROBOTICS, Section no. 53145",A-,9,Computer Science
Fall 2022,53145,C S, 395T,INTRO TO ETHICAL AI/ROBOTICS,"C S-395T: INTRO TO ETHICAL AI/ROBOTICS, Section no. 53145",A,40,Computer Science
Fall 2022,53155,C S, 395T,PREDICTIVE MACHINE LEARNING,"C S-395T: PREDICTIVE MACHINE LEARNING, Section no. 53155",Other,3,Computer Science
Fall 2022,53155,C S, 395T,PREDICTIVE MACHINE LEARNING,"C S-395T: PREDICTIVE MACHINE LEARNING, Section no. 53155",B-,1,Computer Science
Fall 2022,53155,C S, 395T,PREDICTIVE MACHINE LEARNING,"C S-395T: PREDICTIVE MACHINE LEARNING, Section no. 53155",B,1,Computer Science
Fall 2022,53155,C S, 395T,PREDICTIVE MACHINE LEARNING,"C S-395T: PREDICTIVE MACHINE LEARNING, Section no. 53155",B+,7,Computer Science
Fall 2022,53155,C S, 395T,PREDICTIVE MACHINE LEARNING,"C S-395T: PREDICTIVE MACHINE LEARNING, Section no. 53155",A-,1,Computer Science
Fall 2022,53155,C S, 395T,PREDICTIVE MACHINE LEARNING,"C S-395T: PREDICTIVE MACHINE LEARNING, Section no. 53155",A,9,Computer Science
Fall 2022,53180,C S, 395T,VIRTUALIZATION-WB,"C S-395T: VIRTUALIZATION-WB, Section no. 53180",Other,7,Computer Science
Fall 2022,53180,C S, 395T,VIRTUALIZATION-WB,"C S-395T: VIRTUALIZATION-WB, Section no. 53180",F,1,Computer Science
Fall 2022,53180,C S, 395T,VIRTUALIZATION-WB,"C S-395T: VIRTUALIZATION-WB, Section no. 53180",D+,1,Computer Science
Fall 2022,53180,C S, 395T,VIRTUALIZATION-WB,"C S-395T: VIRTUALIZATION-WB, Section no. 53180",C+,2,Computer Science
Fall 2022,53180,C S, 395T,VIRTUALIZATION-WB,"C S-395T: VIRTUALIZATION-WB, Section no. 53180",B-,2,Computer Science
Fall 2022,53180,C S, 395T,VIRTUALIZATION-WB,"C S-395T: VIRTUALIZATION-WB, Section no. 53180",B,1,Computer Science
Fall 2022,53180,C S, 395T,VIRTUALIZATION-WB,"C S-395T: VIRTUALIZATION-WB, Section no. 53180",B+,10,Computer Science
Fall 2022,53180,C S, 395T,VIRTUALIZATION-WB,"C S-395T: VIRTUALIZATION-WB, Section no. 53180",A-,21,Computer Science
Fall 2022,53180,C S, 395T,VIRTUALIZATION-WB,"C S-395T: VIRTUALIZATION-WB, Section no. 53180",A,34,Computer Science
Fall 2022,57680,DSC, 381,PROBABLTY/SIMULTN INFERENCE-WB,"DSC-381: PROBABLTY/SIMULTN INFERENCE-WB, Section no. 57680",Other,20,Data Science
Fall 2022,57680,DSC, 381,PROBABLTY/SIMULTN INFERENCE-WB,"DSC-381: PROBABLTY/SIMULTN INFERENCE-WB, Section no. 57680",F,12,Data Science
Fall 2022,57680,DSC, 381,PROBABLTY/SIMULTN INFERENCE-WB,"DSC-381: PROBABLTY/SIMULTN INFERENCE-WB, Section no. 57680",D,6,Data Science
Fall 2022,57680,DSC, 381,PROBABLTY/SIMULTN INFERENCE-WB,"DSC-381: PROBABLTY/SIMULTN INFERENCE-WB, Section no. 57680",D+,2,Data Science
Fall 2022,57680,DSC, 381,PROBABLTY/SIMULTN INFERENCE-WB,"DSC-381: PROBABLTY/SIMULTN INFERENCE-WB, Section no. 57680",C-,2,Data Science
Fall 2022,57680,DSC, 381,PROBABLTY/SIMULTN INFERENCE-WB,"DSC-381: PROBABLTY/SIMULTN INFERENCE-WB, Section no. 57680",C,11,Data Science
Fall 2022,57680,DSC, 381,PROBABLTY/SIMULTN INFERENCE-WB,"DSC-381: PROBABLTY/SIMULTN INFERENCE-WB, Section no. 57680",C+,6,Data Science
Fall 2022,57680,DSC, 381,PROBABLTY/SIMULTN INFERENCE-WB,"DSC-381: PROBABLTY/SIMULTN INFERENCE-WB, Section no. 57680",B-,12,Data Science
Fall 2022,57680,DSC, 381,PROBABLTY/SIMULTN INFERENCE-WB,"DSC-381: PROBABLTY/SIMULTN INFERENCE-WB, Section no. 57680",B,18,Data Science
Fall 2022,57680,DSC, 381,PROBABLTY/SIMULTN INFERENCE-WB,"DSC-381: PROBABLTY/SIMULTN INFERENCE-WB, Section no. 57680",B+,26,Data Science
Fall 2022,57680,DSC, 381,PROBABLTY/SIMULTN INFERENCE-WB,"DSC-381: PROBABLTY/SIMULTN INFERENCE-WB, Section no. 57680",A-,36,Data Science
Fall 2022,57680,DSC, 381,PROBABLTY/SIMULTN INFERENCE-WB,"DSC-381: PROBABLTY/SIMULTN INFERENCE-WB, Section no. 57680",A,92,Data Science
Fall 2022,57695,DSC, 384,DSGN PRINCPLS/CAUSAL INFRNC-WB,"DSC-384: DSGN PRINCPLS/CAUSAL INFRNC-WB, Section no. 57695",Other,16,Data Science
Fall 2022,57695,DSC, 384,DSGN PRINCPLS/CAUSAL INFRNC-WB,"DSC-384: DSGN PRINCPLS/CAUSAL INFRNC-WB, Section no. 57695",C,2,Data Science
Fall 2022,57695,DSC, 384,DSGN PRINCPLS/CAUSAL INFRNC-WB,"DSC-384: DSGN PRINCPLS/CAUSAL INFRNC-WB, Section no. 57695",B-,7,Data Science
Fall 2022,57695,DSC, 384,DSGN PRINCPLS/CAUSAL INFRNC-WB,"DSC-384: DSGN PRINCPLS/CAUSAL INFRNC-WB, Section no. 57695",B,18,Data Science
Fall 2022,57695,DSC, 384,DSGN PRINCPLS/CAUSAL INFRNC-WB,"DSC-384: DSGN PRINCPLS/CAUSAL INFRNC-WB, Section no. 57695",B+,29,Data Science
Fall 2022,57695,DSC, 384,DSGN PRINCPLS/CAUSAL INFRNC-WB,"DSC-384: DSGN PRINCPLS/CAUSAL INFRNC-WB, Section no. 57695",A-,39,Data Science
Fall 2022,57695,DSC, 384,DSGN PRINCPLS/CAUSAL INFRNC-WB,"DSC-384: DSGN PRINCPLS/CAUSAL INFRNC-WB, Section no. 57695",A,27,Data Science
Fall 2022,57699,DSC, 385,DATA EXPLR/VISUALIZATN-WB,"DSC-385: DATA EXPLR/VISUALIZATN-WB, Section no. 57699",Other,11,Data Science
Fall 2022,57699,DSC, 385,DATA EXPLR/VISUALIZATN-WB,"DSC-385: DATA EXPLR/VISUALIZATN-WB, Section no. 57699",F,3,Data Science
Fall 2022,57699,DSC, 385,DATA EXPLR/VISUALIZATN-WB,"DSC-385: DATA EXPLR/VISUALIZATN-WB, Section no. 57699",D,1,Data Science
Fall 2022,57699,DSC, 385,DATA EXPLR/VISUALIZATN-WB,"DSC-385: DATA EXPLR/VISUALIZATN-WB, Section no. 57699",C,8,Data Science
Fall 2022,57699,DSC, 385,DATA EXPLR/VISUALIZATN-WB,"DSC-385: DATA EXPLR/VISUALIZATN-WB, Section no. 57699",B,10,Data Science
Fall 2022,57699,DSC, 385,DATA EXPLR/VISUALIZATN-WB,"DSC-385: DATA EXPLR/VISUALIZATN-WB, Section no. 57699",A,267,Data Science
Fall 2022,57700,DSC, 391L,PRINCIPLES MACHINE LEARNING-WB,"DSC-391L: PRINCIPLES MACHINE LEARNING-WB, Section no. 57700",Other,12,Data Science
Fall 2022,57700,DSC, 391L,PRINCIPLES MACHINE LEARNING-WB,"DSC-391L: PRINCIPLES MACHINE LEARNING-WB, Section no. 57700",F,1,Data Science
Fall 2022,57700,DSC, 391L,PRINCIPLES MACHINE LEARNING-WB,"DSC-391L: PRINCIPLES MACHINE LEARNING-WB, Section no. 57700",D,2,Data Science
Fall 2022,57700,DSC, 391L,PRINCIPLES MACHINE LEARNING-WB,"DSC-391L: PRINCIPLES MACHINE LEARNING-WB, Section no. 57700",D+,1,Data Science
Fall 2022,57700,DSC, 391L,PRINCIPLES MACHINE LEARNING-WB,"DSC-391L: PRINCIPLES MACHINE LEARNING-WB, Section no. 57700",B,26,Data Science
Fall 2022,57700,DSC, 391L,PRINCIPLES MACHINE LEARNING-WB,"DSC-391L: PRINCIPLES MACHINE LEARNING-WB, Section no. 57700",B+,15,Data Science
Fall 2022,57700,DSC, 391L,PRINCIPLES MACHINE LEARNING-WB,"DSC-391L: PRINCIPLES MACHINE LEARNING-WB, Section no. 57700",A-,20,Data Science
Fall 2022,57700,DSC, 391L,PRINCIPLES MACHINE LEARNING-WB,"DSC-391L: PRINCIPLES MACHINE LEARNING-WB, Section no. 57700",A,29,Data Science
Fall 2022,57704,DSC, 395T,DEEP LEARNING-WB,"DSC-395T: DEEP LEARNING-WB, Section no. 57704",Other,10,Data Science
Fall 2022,57704,DSC, 395T,DEEP LEARNING-WB,"DSC-395T: DEEP LEARNING-WB, Section no. 57704",C-,1,Data Science
Fall 2022,57704,DSC, 395T,DEEP LEARNING-WB,"DSC-395T: DEEP LEARNING-WB, Section no. 57704",C+,2,Data Science
Fall 2022,57704,DSC, 395T,DEEP LEARNING-WB,"DSC-395T: DEEP LEARNING-WB, Section no. 57704",B,7,Data Science
Fall 2022,57704,DSC, 395T,DEEP LEARNING-WB,"DSC-395T: DEEP LEARNING-WB, Section no. 57704",B+,9,Data Science
Fall 2022,57704,DSC, 395T,DEEP LEARNING-WB,"DSC-395T: DEEP LEARNING-WB, Section no. 57704",A-,10,Data Science
Fall 2022,57704,DSC, 395T,DEEP LEARNING-WB,"DSC-395T: DEEP LEARNING-WB, Section no. 57704",A,20,Data Science
Fall 2022,57705,DSC, 395T,NATURAL LANGUAGE PROCESSING-WB,"DSC-395T: NATURAL LANGUAGE PROCESSING-WB, Section no. 57705",Other,12,Data Science
Fall 2022,57705,DSC, 395T,NATURAL LANGUAGE PROCESSING-WB,"DSC-395T: NATURAL LANGUAGE PROCESSING-WB, Section no. 57705",F,1,Data Science
Fall 2022,57705,DSC, 395T,NATURAL LANGUAGE PROCESSING-WB,"DSC-395T: NATURAL LANGUAGE PROCESSING-WB, Section no. 57705",C-,2,Data Science
Fall 2022,57705,DSC, 395T,NATURAL LANGUAGE PROCESSING-WB,"DSC-395T: NATURAL LANGUAGE PROCESSING-WB, Section no. 57705",C,3,Data Science
Fall 2022,57705,DSC, 395T,NATURAL LANGUAGE PROCESSING-WB,"DSC-395T: NATURAL LANGUAGE PROCESSING-WB, Section no. 57705",C+,1,Data Science
Fall 2022,57705,DSC, 395T,NATURAL LANGUAGE PROCESSING-WB,"DSC-395T: NATURAL LANGUAGE PROCESSING-WB, Section no. 57705",B-,3,Data Science
Fall 2022,57705,DSC, 395T,NATURAL LANGUAGE PROCESSING-WB,"DSC-395T: NATURAL LANGUAGE PROCESSING-WB, Section no. 57705",B,6,Data Science
Fall 2022,57705,DSC, 395T,NATURAL LANGUAGE PROCESSING-WB,"DSC-395T: NATURAL LANGUAGE PROCESSING-WB, Section no. 57705",B+,13,Data Science
Fall 2022,57705,DSC, 395T,NATURAL LANGUAGE PROCESSING-WB,"DSC-395T: NATURAL LANGUAGE PROCESSING-WB, Section no. 57705",A-,24,Data Science
Fall 2022,57705,DSC, 395T,NATURAL LANGUAGE PROCESSING-WB,"DSC-395T: NATURAL LANGUAGE PROCESSING-WB, Section no. 57705",A,39,Data Science
Fall 2022,57710,DSC, 395T,OPTIMIZATION-WB,"DSC-395T: OPTIMIZATION-WB, Section no. 57710",Other,3,Data Science
Fall 2022,57710,DSC, 395T,OPTIMIZATION-WB,"DSC-395T: OPTIMIZATION-WB, Section no. 57710",D,2,Data Science
Fall 2022,57710,DSC, 395T,OPTIMIZATION-WB,"DSC-395T: OPTIMIZATION-WB, Section no. 57710",C,3,Data Science
Fall 2022,57710,DSC, 395T,OPTIMIZATION-WB,"DSC-395T: OPTIMIZATION-WB, Section no. 57710",C+,2,Data Science
Fall 2022,57710,DSC, 395T,OPTIMIZATION-WB,"DSC-395T: OPTIMIZATION-WB, Section no. 57710",B-,1,Data Science
Fall 2022,57710,DSC, 395T,OPTIMIZATION-WB,"DSC-395T: OPTIMIZATION-WB, Section no. 57710",B,12,Data Science
Fall 2022,57710,DSC, 395T,OPTIMIZATION-WB,"DSC-395T: OPTIMIZATION-WB, Section no. 57710",B+,2,Data Science
Fall 2022,57710,DSC, 395T,OPTIMIZATION-WB,"DSC-395T: OPTIMIZATION-WB, Section no. 57710",A-,16,Data Science
Fall 2022,57710,DSC, 395T,OPTIMIZATION-WB,"DSC-395T: OPTIMIZATION-WB, Section no. 57710",A,7,Data Science
Fall 2022,57715,DSC, 395T,DATA STRUCTURES/ALGORITHM-WB,"DSC-395T: DATA STRUCTURES/ALGORITHM-WB, Section no. 57715",Other,97,Data Science
Fall 2022,57715,DSC, 395T,DATA STRUCTURES/ALGORITHM-WB,"DSC-395T: DATA STRUCTURES/ALGORITHM-WB, Section no. 57715",C,15,Data Science
Fall 2022,57715,DSC, 395T,DATA STRUCTURES/ALGORITHM-WB,"DSC-395T: DATA STRUCTURES/ALGORITHM-WB, Section no. 57715",C+,15,Data Science
Fall 2022,57715,DSC, 395T,DATA STRUCTURES/ALGORITHM-WB,"DSC-395T: DATA STRUCTURES/ALGORITHM-WB, Section no. 57715",B-,8,Data Science
Fall 2022,57715,DSC, 395T,DATA STRUCTURES/ALGORITHM-WB,"DSC-395T: DATA STRUCTURES/ALGORITHM-WB, Section no. 57715",B,19,Data Science
Fall 2022,57715,DSC, 395T,DATA STRUCTURES/ALGORITHM-WB,"DSC-395T: DATA STRUCTURES/ALGORITHM-WB, Section no. 57715",B+,17,Data Science
Fall 2022,57715,DSC, 395T,DATA STRUCTURES/ALGORITHM-WB,"DSC-395T: DATA STRUCTURES/ALGORITHM-WB, Section no. 57715",A-,47,Data Science
Fall 2022,57715,DSC, 395T,DATA STRUCTURES/ALGORITHM-WB,"DSC-395T: DATA STRUCTURES/ALGORITHM-WB, Section no. 57715",A,54,Data Science
Fall 2022,57716,DSC, 395T,REINFRCMNT LEARN: THRY/PRAC-WB,"DSC-395T: REINFRCMNT LEARN: THRY/PRAC-WB, Section no. 57716",Other,8,Data Science
Fall 2022,57716,DSC, 395T,REINFRCMNT LEARN: THRY/PRAC-WB,"DSC-395T: REINFRCMNT LEARN: THRY/PRAC-WB, Section no. 57716",D-,1,Data Science
Fall 2022,57716,DSC, 395T,REINFRCMNT LEARN: THRY/PRAC-WB,"DSC-395T: REINFRCMNT LEARN: THRY/PRAC-WB, Section no. 57716",B-,8,Data Science
Fall 2022,57716,DSC, 395T,REINFRCMNT LEARN: THRY/PRAC-WB,"DSC-395T: REINFRCMNT LEARN: THRY/PRAC-WB, Section no. 57716",B,12,Data Science
Fall 2022,57716,DSC, 395T,REINFRCMNT LEARN: THRY/PRAC-WB,"DSC-395T: REINFRCMNT LEARN: THRY/PRAC-WB, Section no. 57716",B+,22,Data Science
Fall 2022,57716,DSC, 395T,REINFRCMNT LEARN: THRY/PRAC-WB,"DSC-395T: REINFRCMNT LEARN: THRY/PRAC-WB, Section no. 57716",A-,11,Data Science
Fall 2022,57716,DSC, 395T,REINFRCMNT LEARN: THRY/PRAC-WB,"DSC-395T: REINFRCMNT LEARN: THRY/PRAC-WB, Section no. 57716",A,16,Data Science
Spring 2023,51865,C S, 303E,ELEMS OF COMPTRS/PROGRAMMNG-WB,"C S-303E: ELEMS OF COMPTRS/PROGRAMMNG-WB, Section no. 51865",Other,3,Computer Science
Spring 2023,51865,C S, 303E,ELEMS OF COMPTRS/PROGRAMMNG-WB,"C S-303E: ELEMS OF COMPTRS/PROGRAMMNG-WB, Section no. 51865",C,3,Computer Science
Spring 2023,51865,C S, 303E,ELEMS OF COMPTRS/PROGRAMMNG-WB,"C S-303E: ELEMS OF COMPTRS/PROGRAMMNG-WB, Section no. 51865",C+,1,Computer Science
Spring 2023,51865,C S, 303E,ELEMS OF COMPTRS/PROGRAMMNG-WB,"C S-303E: ELEMS OF COMPTRS/PROGRAMMNG-WB, Section no. 51865",B-,2,Computer Science
Spring 2023,51865,C S, 303E,ELEMS OF COMPTRS/PROGRAMMNG-WB,"C S-303E: ELEMS OF COMPTRS/PROGRAMMNG-WB, Section no. 51865",B,3,Computer Science
Spring 2023,51865,C S, 303E,ELEMS OF COMPTRS/PROGRAMMNG-WB,"C S-303E: ELEMS OF COMPTRS/PROGRAMMNG-WB, Section no. 51865",B+,4,Computer Science
Spring 2023,51865,C S, 303E,ELEMS OF COMPTRS/PROGRAMMNG-WB,"C S-303E: ELEMS OF COMPTRS/PROGRAMMNG-WB, Section no. 51865",A-,7,Computer Science
Spring 2023,51865,C S, 303E,ELEMS OF COMPTRS/PROGRAMMNG-WB,"C S-303E: ELEMS OF COMPTRS/PROGRAMMNG-WB, Section no. 51865",A,169,Computer Science
Spring 2023,51870,C S, 303E,ELEMS OF COMPTRS/PROGRAMMNG-WB,"C S-303E: ELEMS OF COMPTRS/PROGRAMMNG-WB, Section no. 51870",Other,6,Computer Science
Spring 2023,51870,C S, 303E,ELEMS OF COMPTRS/PROGRAMMNG-WB,"C S-303E: ELEMS OF COMPTRS/PROGRAMMNG-WB, Section no. 51870",F,1,Computer Science
Spring 2023,51870,C S, 303E,ELEMS OF COMPTRS/PROGRAMMNG-WB,"C S-303E: ELEMS OF COMPTRS/PROGRAMMNG-WB, Section no. 51870",C-,1,Computer Science
Spring 2023,51870,C S, 303E,ELEMS OF COMPTRS/PROGRAMMNG-WB,"C S-303E: ELEMS OF COMPTRS/PROGRAMMNG-WB, Section no. 51870",C+,1,Computer Science
Spring 2023,51870,C S, 303E,ELEMS OF COMPTRS/PROGRAMMNG-WB,"C S-303E: ELEMS OF COMPTRS/PROGRAMMNG-WB, Section no. 51870",B-,1,Computer Science
Spring 2023,51870,C S, 303E,ELEMS OF COMPTRS/PROGRAMMNG-WB,"C S-303E: ELEMS OF COMPTRS/PROGRAMMNG-WB, Section no. 51870",B,4,Computer Science
Spring 2023,51870,C S, 303E,ELEMS OF COMPTRS/PROGRAMMNG-WB,"C S-303E: ELEMS OF COMPTRS/PROGRAMMNG-WB, Section no. 51870",B+,3,Computer Science
Spring 2023,51870,C S, 303E,ELEMS OF COMPTRS/PROGRAMMNG-WB,"C S-303E: ELEMS OF COMPTRS/PROGRAMMNG-WB, Section no. 51870",A-,15,Computer Science
Spring 2023,51870,C S, 303E,ELEMS OF COMPTRS/PROGRAMMNG-WB,"C S-303E: ELEMS OF COMPTRS/PROGRAMMNG-WB, Section no. 51870",A,169,Computer Science
Spring 2023,51875,C S, 303E,ELEMS OF COMPTRS/PROGRAMMNG-WB,"C S-303E: ELEMS OF COMPTRS/PROGRAMMNG-WB, Section no. 51875",Other,32,Computer Science
Spring 2023,51875,C S, 303E,ELEMS OF COMPTRS/PROGRAMMNG-WB,"C S-303E: ELEMS OF COMPTRS/PROGRAMMNG-WB, Section no. 51875",F,3,Computer Science
Spring 2023,51875,C S, 303E,ELEMS OF COMPTRS/PROGRAMMNG-WB,"C S-303E: ELEMS OF COMPTRS/PROGRAMMNG-WB, Section no. 51875",D+,5,Computer Science
Spring 2023,51875,C S, 303E,ELEMS OF COMPTRS/PROGRAMMNG-WB,"C S-303E: ELEMS OF COMPTRS/PROGRAMMNG-WB, Section no. 51875",C-,3,Computer Science
Spring 2023,51875,C S, 303E,ELEMS OF COMPTRS/PROGRAMMNG-WB,"C S-303E: ELEMS OF COMPTRS/PROGRAMMNG-WB, Section no. 51875",C,1,Computer Science
Spring 2023,51875,C S, 303E,ELEMS OF COMPTRS/PROGRAMMNG-WB,"C S-303E: ELEMS OF COMPTRS/PROGRAMMNG-WB, Section no. 51875",C+,6,Computer Science
Spring 2023,51875,C S, 303E,ELEMS OF COMPTRS/PROGRAMMNG-WB,"C S-303E: ELEMS OF COMPTRS/PROGRAMMNG-WB, Section no. 51875",B-,4,Computer Science
Spring 2023,51875,C S, 303E,ELEMS OF COMPTRS/PROGRAMMNG-WB,"C S-303E: ELEMS OF COMPTRS/PROGRAMMNG-WB, Section no. 51875",B,16,Computer Science
Spring 2023,51875,C S, 303E,ELEMS OF COMPTRS/PROGRAMMNG-WB,"C S-303E: ELEMS OF COMPTRS/PROGRAMMNG-WB, Section no. 51875",B+,17,Computer Science
Spring 2023,51875,C S, 303E,ELEMS OF COMPTRS/PROGRAMMNG-WB,"C S-303E: ELEMS OF COMPTRS/PROGRAMMNG-WB, Section no. 51875",A-,17,Computer Science
Spring 2023,51875,C S, 303E,ELEMS OF COMPTRS/PROGRAMMNG-WB,"C S-303E: ELEMS OF COMPTRS/PROGRAMMNG-WB, Section no. 51875",A,89,Computer Science
Spring 2023,51880,C S, 303E,ELEMS OF COMPTRS/PROGRAMMNG-WB,"C S-303E: ELEMS OF COMPTRS/PROGRAMMNG-WB, Section no. 51880",Other,30,Computer Science
Spring 2023,51880,C S, 303E,ELEMS OF COMPTRS/PROGRAMMNG-WB,"C S-303E: ELEMS OF COMPTRS/PROGRAMMNG-WB, Section no. 51880",F,7,Computer Science
Spring 2023,51880,C S, 303E,ELEMS OF COMPTRS/PROGRAMMNG-WB,"C S-303E: ELEMS OF COMPTRS/PROGRAMMNG-WB, Section no. 51880",D+,1,Computer Science
Spring 2023,51880,C S, 303E,ELEMS OF COMPTRS/PROGRAMMNG-WB,"C S-303E: ELEMS OF COMPTRS/PROGRAMMNG-WB, Section no. 51880",C-,2,Computer Science
Spring 2023,51880,C S, 303E,ELEMS OF COMPTRS/PROGRAMMNG-WB,"C S-303E: ELEMS OF COMPTRS/PROGRAMMNG-WB, Section no. 51880",C,9,Computer Science
Spring 2023,51880,C S, 303E,ELEMS OF COMPTRS/PROGRAMMNG-WB,"C S-303E: ELEMS OF COMPTRS/PROGRAMMNG-WB, Section no. 51880",C+,9,Computer Science
Spring 2023,51880,C S, 303E,ELEMS OF COMPTRS/PROGRAMMNG-WB,"C S-303E: ELEMS OF COMPTRS/PROGRAMMNG-WB, Section no. 51880",B-,1,Computer Science
Spring 2023,51880,C S, 303E,ELEMS OF COMPTRS/PROGRAMMNG-WB,"C S-303E: ELEMS OF COMPTRS/PROGRAMMNG-WB, Section no. 51880",B,10,Computer Science
Spring 2023,51880,C S, 303E,ELEMS OF COMPTRS/PROGRAMMNG-WB,"C S-303E: ELEMS OF COMPTRS/PROGRAMMNG-WB, Section no. 51880",B+,13,Computer Science
Spring 2023,51880,C S, 303E,ELEMS OF COMPTRS/PROGRAMMNG-WB,"C S-303E: ELEMS OF COMPTRS/PROGRAMMNG-WB, Section no. 51880",A-,18,Computer Science
Spring 2023,51880,C S, 303E,ELEMS OF COMPTRS/PROGRAMMNG-WB,"C S-303E: ELEMS OF COMPTRS/PROGRAMMNG-WB, Section no. 51880",A,90,Computer Science
Spring 2023,51885,C S, 303E,ELEMS OF COMPTRS/PROGRAMMNG-WB,"C S-303E: ELEMS OF COMPTRS/PROGRAMMNG-WB, Section no. 51885",Other,39,Computer Science
Spring 2023,51885,C S, 303E,ELEMS OF COMPTRS/PROGRAMMNG-WB,"C S-303E: ELEMS OF COMPTRS/PROGRAMMNG-WB, Section no. 51885",F,3,Computer Science
Spring 2023,51885,C S, 303E,ELEMS OF COMPTRS/PROGRAMMNG-WB,"C S-303E: ELEMS OF COMPTRS/PROGRAMMNG-WB, Section no. 51885",D+,1,Computer Science
Spring 2023,51885,C S, 303E,ELEMS OF COMPTRS/PROGRAMMNG-WB,"C S-303E: ELEMS OF COMPTRS/PROGRAMMNG-WB, Section no. 51885",C-,3,Computer Science
Spring 2023,51885,C S, 303E,ELEMS OF COMPTRS/PROGRAMMNG-WB,"C S-303E: ELEMS OF COMPTRS/PROGRAMMNG-WB, Section no. 51885",C,5,Computer Science
Spring 2023,51885,C S, 303E,ELEMS OF COMPTRS/PROGRAMMNG-WB,"C S-303E: ELEMS OF COMPTRS/PROGRAMMNG-WB, Section no. 51885",C+,6,Computer Science
Spring 2023,51885,C S, 303E,ELEMS OF COMPTRS/PROGRAMMNG-WB,"C S-303E: ELEMS OF COMPTRS/PROGRAMMNG-WB, Section no. 51885",B-,5,Computer Science
Spring 2023,51885,C S, 303E,ELEMS OF COMPTRS/PROGRAMMNG-WB,"C S-303E: ELEMS OF COMPTRS/PROGRAMMNG-WB, Section no. 51885",B,12,Computer Science
Spring 2023,51885,C S, 303E,ELEMS OF COMPTRS/PROGRAMMNG-WB,"C S-303E: ELEMS OF COMPTRS/PROGRAMMNG-WB, Section no. 51885",B+,11,Computer Science
Spring 2023,51885,C S, 303E,ELEMS OF COMPTRS/PROGRAMMNG-WB,"C S-303E: ELEMS OF COMPTRS/PROGRAMMNG-WB, Section no. 51885",A-,13,Computer Science
Spring 2023,51885,C S, 303E,ELEMS OF COMPTRS/PROGRAMMNG-WB,"C S-303E: ELEMS OF COMPTRS/PROGRAMMNG-WB, Section no. 51885",A,89,Computer Science
Spring 2023,51890,C S, 103F,ETHICAL FNDTN COMP SCIENCE,"C S-103F: ETHICAL FNDTN COMP SCIENCE, Section no. 51890",C,1,Computer Science
Spring 2023,51890,C S, 103F,ETHICAL FNDTN COMP SCIENCE,"C S-103F: ETHICAL FNDTN COMP SCIENCE, Section no. 51890",B-,1,Computer Science
Spring 2023,51890,C S, 103F,ETHICAL FNDTN COMP SCIENCE,"C S-103F: ETHICAL FNDTN COMP SCIENCE, Section no. 51890",B,2,Computer Science
Spring 2023,51890,C S, 103F,ETHICAL FNDTN COMP SCIENCE,"C S-103F: ETHICAL FNDTN COMP SCIENCE, Section no. 51890",A-,2,Computer Science
Spring 2023,51890,C S, 103F,ETHICAL FNDTN COMP SCIENCE,"C S-103F: ETHICAL FNDTN COMP SCIENCE, Section no. 51890",A,118,Computer Science
Spring 2023,51895,C S, 104C,COMPETITIVE PROGRAMMING,"C S-104C: COMPETITIVE PROGRAMMING, Section no. 51895",Other,18,Computer Science
Spring 2023,51895,C S, 104C,COMPETITIVE PROGRAMMING,"C S-104C: COMPETITIVE PROGRAMMING, Section no. 51895",F,4,Computer Science
Spring 2023,51895,C S, 104C,COMPETITIVE PROGRAMMING,"C S-104C: COMPETITIVE PROGRAMMING, Section no. 51895",B,5,Computer Science
Spring 2023,51895,C S, 104C,COMPETITIVE PROGRAMMING,"C S-104C: COMPETITIVE PROGRAMMING, Section no. 51895",A,41,Computer Science
Spring 2023,51899,C S, 109,COMPUTER PROGRAMMING: PYTHON,"C S-109: COMPUTER PROGRAMMING: PYTHON, Section no. 51899",Other,13,Computer Science
Spring 2023,51899,C S, 109,COMPUTER PROGRAMMING: PYTHON,"C S-109: COMPUTER PROGRAMMING: PYTHON, Section no. 51899",C,2,Computer Science
Spring 2023,51899,C S, 109,COMPUTER PROGRAMMING: PYTHON,"C S-109: COMPUTER PROGRAMMING: PYTHON, Section no. 51899",C+,1,Computer Science
Spring 2023,51899,C S, 109,COMPUTER PROGRAMMING: PYTHON,"C S-109: COMPUTER PROGRAMMING: PYTHON, Section no. 51899",B-,1,Computer Science
Spring 2023,51899,C S, 109,COMPUTER PROGRAMMING: PYTHON,"C S-109: COMPUTER PROGRAMMING: PYTHON, Section no. 51899",B,4,Computer Science
Spring 2023,51899,C S, 109,COMPUTER PROGRAMMING: PYTHON,"C S-109: COMPUTER PROGRAMMING: PYTHON, Section no. 51899",B+,6,Computer Science
Spring 2023,51899,C S, 109,COMPUTER PROGRAMMING: PYTHON,"C S-109: COMPUTER PROGRAMMING: PYTHON, Section no. 51899",A-,7,Computer Science
Spring 2023,51899,C S, 109,COMPUTER PROGRAMMING: PYTHON,"C S-109: COMPUTER PROGRAMMING: PYTHON, Section no. 51899",A,10,Computer Science
Spring 2023,51900,C S, 309,AUTONOM INTELLGNT ROBTCS I-FRI,"C S-309: AUTONOM INTELLGNT ROBTCS I-FRI, Section no. 51900",Other,5,Computer Science
Spring 2023,51900,C S, 309,AUTONOM INTELLGNT ROBTCS I-FRI,"C S-309: AUTONOM INTELLGNT ROBTCS I-FRI, Section no. 51900",B+,2,Computer Science
Spring 2023,51900,C S, 309,AUTONOM INTELLGNT ROBTCS I-FRI,"C S-309: AUTONOM INTELLGNT ROBTCS I-FRI, Section no. 51900",A-,5,Computer Science
Spring 2023,51900,C S, 309,AUTONOM INTELLGNT ROBTCS I-FRI,"C S-309: AUTONOM INTELLGNT ROBTCS I-FRI, Section no. 51900",A,30,Computer Science
Spring 2023,51920,C S, 309,GEOMETRY OF SPACE-FRI,"C S-309: GEOMETRY OF SPACE-FRI, Section no. 51920",Other,1,Computer Science
Spring 2023,51920,C S, 309,GEOMETRY OF SPACE-FRI,"C S-309: GEOMETRY OF SPACE-FRI, Section no. 51920",C-,1,Computer Science
Spring 2023,51920,C S, 309,GEOMETRY OF SPACE-FRI,"C S-309: GEOMETRY OF SPACE-FRI, Section no. 51920",B,1,Computer Science
Spring 2023,51920,C S, 309,GEOMETRY OF SPACE-FRI,"C S-309: GEOMETRY OF SPACE-FRI, Section no. 51920",B+,1,Computer Science
Spring 2023,51920,C S, 309,GEOMETRY OF SPACE-FRI,"C S-309: GEOMETRY OF SPACE-FRI, Section no. 51920",A-,5,Computer Science
Spring 2023,51920,C S, 309,GEOMETRY OF SPACE-FRI,"C S-309: GEOMETRY OF SPACE-FRI, Section no. 51920",A,18,Computer Science
Spring 2023,51925,C S, 309,QUANTUM COMPUTING-FRI,"C S-309: QUANTUM COMPUTING-FRI, Section no. 51925",Other,8,Computer Science
Spring 2023,51925,C S, 309,QUANTUM COMPUTING-FRI,"C S-309: QUANTUM COMPUTING-FRI, Section no. 51925",C,1,Computer Science
Spring 2023,51925,C S, 309,QUANTUM COMPUTING-FRI,"C S-309: QUANTUM COMPUTING-FRI, Section no. 51925",C+,2,Computer Science
Spring 2023,51925,C S, 309,QUANTUM COMPUTING-FRI,"C S-309: QUANTUM COMPUTING-FRI, Section no. 51925",B-,3,Computer Science
Spring 2023,51925,C S, 309,QUANTUM COMPUTING-FRI,"C S-309: QUANTUM COMPUTING-FRI, Section no. 51925",A-,4,Computer Science
Spring 2023,51925,C S, 309,QUANTUM COMPUTING-FRI,"C S-309: QUANTUM COMPUTING-FRI, Section no. 51925",A,10,Computer Science
Spring 2023,51930,C S, 311,DISCRETE MATH FOR COMPUTER SCI,"C S-311: DISCRETE MATH FOR COMPUTER SCI, Section no. 51930",Other,1,Computer Science
Spring 2023,51930,C S, 311,DISCRETE MATH FOR COMPUTER SCI,"C S-311: DISCRETE MATH FOR COMPUTER SCI, Section no. 51930",C-,1,Computer Science
Spring 2023,51930,C S, 311,DISCRETE MATH FOR COMPUTER SCI,"C S-311: DISCRETE MATH FOR COMPUTER SCI, Section no. 51930",C+,2,Computer Science
Spring 2023,51930,C S, 311,DISCRETE MATH FOR COMPUTER SCI,"C S-311: DISCRETE MATH FOR COMPUTER SCI, Section no. 51930",B-,7,Computer Science
Spring 2023,51930,C S, 311,DISCRETE MATH FOR COMPUTER SCI,"C S-311: DISCRETE MATH FOR COMPUTER SCI, Section no. 51930",B,4,Computer Science
Spring 2023,51930,C S, 311,DISCRETE MATH FOR COMPUTER SCI,"C S-311: DISCRETE MATH FOR COMPUTER SCI, Section no. 51930",B+,1,Computer Science
Spring 2023,51930,C S, 311,DISCRETE MATH FOR COMPUTER SCI,"C S-311: DISCRETE MATH FOR COMPUTER SCI, Section no. 51930",A-,2,Computer Science
Spring 2023,51930,C S, 311,DISCRETE MATH FOR COMPUTER SCI,"C S-311: DISCRETE MATH FOR COMPUTER SCI, Section no. 51930",A,3,Computer Science
Spring 2023,51935,C S, 311,DISCRETE MATH FOR COMPUTER SCI,"C S-311: DISCRETE MATH FOR COMPUTER SCI, Section no. 51935",Other,1,Computer Science
Spring 2023,51935,C S, 311,DISCRETE MATH FOR COMPUTER SCI,"C S-311: DISCRETE MATH FOR COMPUTER SCI, Section no. 51935",D,1,Computer Science
Spring 2023,51935,C S, 311,DISCRETE MATH FOR COMPUTER SCI,"C S-311: DISCRETE MATH FOR COMPUTER SCI, Section no. 51935",C-,1,Computer Science
Spring 2023,51935,C S, 311,DISCRETE MATH FOR COMPUTER SCI,"C S-311: DISCRETE MATH FOR COMPUTER SCI, Section no. 51935",C,4,Computer Science
Spring 2023,51935,C S, 311,DISCRETE MATH FOR COMPUTER SCI,"C S-311: DISCRETE MATH FOR COMPUTER SCI, Section no. 51935",C+,1,Computer Science
Spring 2023,51935,C S, 311,DISCRETE MATH FOR COMPUTER SCI,"C S-311: DISCRETE MATH FOR COMPUTER SCI, Section no. 51935",B-,7,Computer Science
Spring 2023,51935,C S, 311,DISCRETE MATH FOR COMPUTER SCI,"C S-311: DISCRETE MATH FOR COMPUTER SCI, Section no. 51935",B,3,Computer Science
Spring 2023,51935,C S, 311,DISCRETE MATH FOR COMPUTER SCI,"C S-311: DISCRETE MATH FOR COMPUTER SCI, Section no. 51935",A-,1,Computer Science
Spring 2023,51935,C S, 311,DISCRETE MATH FOR COMPUTER SCI,"C S-311: DISCRETE MATH FOR COMPUTER SCI, Section no. 51935",A,4,Computer Science
Spring 2023,51945,C S, 311,DISCRETE MATH FOR COMPUTER SCI,"C S-311: DISCRETE MATH FOR COMPUTER SCI, Section no. 51945",Other,1,Computer Science
Spring 2023,51945,C S, 311,DISCRETE MATH FOR COMPUTER SCI,"C S-311: DISCRETE MATH FOR COMPUTER SCI, Section no. 51945",C-,2,Computer Science
Spring 2023,51945,C S, 311,DISCRETE MATH FOR COMPUTER SCI,"C S-311: DISCRETE MATH FOR COMPUTER SCI, Section no. 51945",C+,2,Computer Science
Spring 2023,51945,C S, 311,DISCRETE MATH FOR COMPUTER SCI,"C S-311: DISCRETE MATH FOR COMPUTER SCI, Section no. 51945",B-,3,Computer Science
Spring 2023,51945,C S, 311,DISCRETE MATH FOR COMPUTER SCI,"C S-311: DISCRETE MATH FOR COMPUTER SCI, Section no. 51945",B,2,Computer Science
Spring 2023,51945,C S, 311,DISCRETE MATH FOR COMPUTER SCI,"C S-311: DISCRETE MATH FOR COMPUTER SCI, Section no. 51945",A-,3,Computer Science
Spring 2023,51945,C S, 311,DISCRETE MATH FOR COMPUTER SCI,"C S-311: DISCRETE MATH FOR COMPUTER SCI, Section no. 51945",A,2,Computer Science
Spring 2023,51950,C S, 311,DISCRETE MATH FOR COMPUTER SCI,"C S-311: DISCRETE MATH FOR COMPUTER SCI, Section no. 51950",D,1,Computer Science
Spring 2023,51950,C S, 311,DISCRETE MATH FOR COMPUTER SCI,"C S-311: DISCRETE MATH FOR COMPUTER SCI, Section no. 51950",C,2,Computer Science
Spring 2023,51950,C S, 311,DISCRETE MATH FOR COMPUTER SCI,"C S-311: DISCRETE MATH FOR COMPUTER SCI, Section no. 51950",C+,1,Computer Science
Spring 2023,51950,C S, 311,DISCRETE MATH FOR COMPUTER SCI,"C S-311: DISCRETE MATH FOR COMPUTER SCI, Section no. 51950",B-,5,Computer Science
Spring 2023,51950,C S, 311,DISCRETE MATH FOR COMPUTER SCI,"C S-311: DISCRETE MATH FOR COMPUTER SCI, Section no. 51950",B,1,Computer Science
Spring 2023,51950,C S, 311,DISCRETE MATH FOR COMPUTER SCI,"C S-311: DISCRETE MATH FOR COMPUTER SCI, Section no. 51950",B+,2,Computer Science
Spring 2023,51950,C S, 311,DISCRETE MATH FOR COMPUTER SCI,"C S-311: DISCRETE MATH FOR COMPUTER SCI, Section no. 51950",A-,3,Computer Science
Spring 2023,51950,C S, 311,DISCRETE MATH FOR COMPUTER SCI,"C S-311: DISCRETE MATH FOR COMPUTER SCI, Section no. 51950",A,4,Computer Science
Spring 2023,51955,C S, 311,DISCRETE MATH FOR COMPUTER SCI,"C S-311: DISCRETE MATH FOR COMPUTER SCI, Section no. 51955",Other,1,Computer Science
Spring 2023,51955,C S, 311,DISCRETE MATH FOR COMPUTER SCI,"C S-311: DISCRETE MATH FOR COMPUTER SCI, Section no. 51955",C-,1,Computer Science
Spring 2023,51955,C S, 311,DISCRETE MATH FOR COMPUTER SCI,"C S-311: DISCRETE MATH FOR COMPUTER SCI, Section no. 51955",C+,3,Computer Science
Spring 2023,51955,C S, 311,DISCRETE MATH FOR COMPUTER SCI,"C S-311: DISCRETE MATH FOR COMPUTER SCI, Section no. 51955",B-,4,Computer Science
Spring 2023,51955,C S, 311,DISCRETE MATH FOR COMPUTER SCI,"C S-311: DISCRETE MATH FOR COMPUTER SCI, Section no. 51955",B,3,Computer Science
Spring 2023,51955,C S, 311,DISCRETE MATH FOR COMPUTER SCI,"C S-311: DISCRETE MATH FOR COMPUTER SCI, Section no. 51955",B+,2,Computer Science
Spring 2023,51955,C S, 311,DISCRETE MATH FOR COMPUTER SCI,"C S-311: DISCRETE MATH FOR COMPUTER SCI, Section no. 51955",A-,3,Computer Science
Spring 2023,51955,C S, 311,DISCRETE MATH FOR COMPUTER SCI,"C S-311: DISCRETE MATH FOR COMPUTER SCI, Section no. 51955",A,3,Computer Science
Spring 2023,51965,C S, 311,DISCRETE MATH FOR COMPUTER SCI,"C S-311: DISCRETE MATH FOR COMPUTER SCI, Section no. 51965",B-,2,Computer Science
Spring 2023,51965,C S, 311,DISCRETE MATH FOR COMPUTER SCI,"C S-311: DISCRETE MATH FOR COMPUTER SCI, Section no. 51965",B,1,Computer Science
Spring 2023,51965,C S, 311,DISCRETE MATH FOR COMPUTER SCI,"C S-311: DISCRETE MATH FOR COMPUTER SCI, Section no. 51965",B+,1,Computer Science
Spring 2023,51965,C S, 311,DISCRETE MATH FOR COMPUTER SCI,"C S-311: DISCRETE MATH FOR COMPUTER SCI, Section no. 51965",A-,4,Computer Science
Spring 2023,51965,C S, 311,DISCRETE MATH FOR COMPUTER SCI,"C S-311: DISCRETE MATH FOR COMPUTER SCI, Section no. 51965",A,9,Computer Science
Spring 2023,51970,C S, 311,DISCRETE MATH FOR COMPUTER SCI,"C S-311: DISCRETE MATH FOR COMPUTER SCI, Section no. 51970",C-,1,Computer Science
Spring 2023,51970,C S, 311,DISCRETE MATH FOR COMPUTER SCI,"C S-311: DISCRETE MATH FOR COMPUTER SCI, Section no. 51970",C+,2,Computer Science
Spring 2023,51970,C S, 311,DISCRETE MATH FOR COMPUTER SCI,"C S-311: DISCRETE MATH FOR COMPUTER SCI, Section no. 51970",B-,1,Computer Science
Spring 2023,51970,C S, 311,DISCRETE MATH FOR COMPUTER SCI,"C S-311: DISCRETE MATH FOR COMPUTER SCI, Section no. 51970",B,2,Computer Science
Spring 2023,51970,C S, 311,DISCRETE MATH FOR COMPUTER SCI,"C S-311: DISCRETE MATH FOR COMPUTER SCI, Section no. 51970",B+,1,Computer Science
Spring 2023,51970,C S, 311,DISCRETE MATH FOR COMPUTER SCI,"C S-311: DISCRETE MATH FOR COMPUTER SCI, Section no. 51970",A-,2,Computer Science
Spring 2023,51970,C S, 311,DISCRETE MATH FOR COMPUTER SCI,"C S-311: DISCRETE MATH FOR COMPUTER SCI, Section no. 51970",A,10,Computer Science
Spring 2023,51975,C S, 311,DISCRETE MATH FOR COMPUTER SCI,"C S-311: DISCRETE MATH FOR COMPUTER SCI, Section no. 51975",F,1,Computer Science
Spring 2023,51975,C S, 311,DISCRETE MATH FOR COMPUTER SCI,"C S-311: DISCRETE MATH FOR COMPUTER SCI, Section no. 51975",C,3,Computer Science
Spring 2023,51975,C S, 311,DISCRETE MATH FOR COMPUTER SCI,"C S-311: DISCRETE MATH FOR COMPUTER SCI, Section no. 51975",C+,2,Computer Science
Spring 2023,51975,C S, 311,DISCRETE MATH FOR COMPUTER SCI,"C S-311: DISCRETE MATH FOR COMPUTER SCI, Section no. 51975",B-,2,Computer Science
Spring 2023,51975,C S, 311,DISCRETE MATH FOR COMPUTER SCI,"C S-311: DISCRETE MATH FOR COMPUTER SCI, Section no. 51975",B,5,Computer Science
Spring 2023,51975,C S, 311,DISCRETE MATH FOR COMPUTER SCI,"C S-311: DISCRETE MATH FOR COMPUTER SCI, Section no. 51975",B+,1,Computer Science
Spring 2023,51975,C S, 311,DISCRETE MATH FOR COMPUTER SCI,"C S-311: DISCRETE MATH FOR COMPUTER SCI, Section no. 51975",A-,3,Computer Science
Spring 2023,51975,C S, 311,DISCRETE MATH FOR COMPUTER SCI,"C S-311: DISCRETE MATH FOR COMPUTER SCI, Section no. 51975",A,1,Computer Science
Spring 2023,51980,C S, 311,DISCRETE MATH FOR COMPUTER SCI,"C S-311: DISCRETE MATH FOR COMPUTER SCI, Section no. 51980",Other,1,Computer Science
Spring 2023,51980,C S, 311,DISCRETE MATH FOR COMPUTER SCI,"C S-311: DISCRETE MATH FOR COMPUTER SCI, Section no. 51980",C+,3,Computer Science
Spring 2023,51980,C S, 311,DISCRETE MATH FOR COMPUTER SCI,"C S-311: DISCRETE MATH FOR COMPUTER SCI, Section no. 51980",B-,1,Computer Science
Spring 2023,51980,C S, 311,DISCRETE MATH FOR COMPUTER SCI,"C S-311: DISCRETE MATH FOR COMPUTER SCI, Section no. 51980",B,1,Computer Science
Spring 2023,51980,C S, 311,DISCRETE MATH FOR COMPUTER SCI,"C S-311: DISCRETE MATH FOR COMPUTER SCI, Section no. 51980",B+,2,Computer Science
Spring 2023,51980,C S, 311,DISCRETE MATH FOR COMPUTER SCI,"C S-311: DISCRETE MATH FOR COMPUTER SCI, Section no. 51980",A-,3,Computer Science
Spring 2023,51980,C S, 311,DISCRETE MATH FOR COMPUTER SCI,"C S-311: DISCRETE MATH FOR COMPUTER SCI, Section no. 51980",A,4,Computer Science
Spring 2023,51985,C S, 311,DISCRETE MATH FOR COMPUTER SCI,"C S-311: DISCRETE MATH FOR COMPUTER SCI, Section no. 51985",Other,1,Computer Science
Spring 2023,51985,C S, 311,DISCRETE MATH FOR COMPUTER SCI,"C S-311: DISCRETE MATH FOR COMPUTER SCI, Section no. 51985",F,1,Computer Science
Spring 2023,51985,C S, 311,DISCRETE MATH FOR COMPUTER SCI,"C S-311: DISCRETE MATH FOR COMPUTER SCI, Section no. 51985",C-,2,Computer Science
Spring 2023,51985,C S, 311,DISCRETE MATH FOR COMPUTER SCI,"C S-311: DISCRETE MATH FOR COMPUTER SCI, Section no. 51985",C,1,Computer Science
Spring 2023,51985,C S, 311,DISCRETE MATH FOR COMPUTER SCI,"C S-311: DISCRETE MATH FOR COMPUTER SCI, Section no. 51985",B-,3,Computer Science
Spring 2023,51985,C S, 311,DISCRETE MATH FOR COMPUTER SCI,"C S-311: DISCRETE MATH FOR COMPUTER SCI, Section no. 51985",B,2,Computer Science
Spring 2023,51985,C S, 311,DISCRETE MATH FOR COMPUTER SCI,"C S-311: DISCRETE MATH FOR COMPUTER SCI, Section no. 51985",B+,1,Computer Science
Spring 2023,51985,C S, 311,DISCRETE MATH FOR COMPUTER SCI,"C S-311: DISCRETE MATH FOR COMPUTER SCI, Section no. 51985",A-,6,Computer Science
Spring 2023,51985,C S, 311,DISCRETE MATH FOR COMPUTER SCI,"C S-311: DISCRETE MATH FOR COMPUTER SCI, Section no. 51985",A,4,Computer Science
Spring 2023,51995,C S, 312,INTRODUCTION TO PROGRAMMING,"C S-312: INTRODUCTION TO PROGRAMMING, Section no. 51995",Other,4,Computer Science
Spring 2023,51995,C S, 312,INTRODUCTION TO PROGRAMMING,"C S-312: INTRODUCTION TO PROGRAMMING, Section no. 51995",F,4,Computer Science
Spring 2023,51995,C S, 312,INTRODUCTION TO PROGRAMMING,"C S-312: INTRODUCTION TO PROGRAMMING, Section no. 51995",D+,1,Computer Science
Spring 2023,51995,C S, 312,INTRODUCTION TO PROGRAMMING,"C S-312: INTRODUCTION TO PROGRAMMING, Section no. 51995",C,1,Computer Science
Spring 2023,51995,C S, 312,INTRODUCTION TO PROGRAMMING,"C S-312: INTRODUCTION TO PROGRAMMING, Section no. 51995",C+,2,Computer Science
Spring 2023,51995,C S, 312,INTRODUCTION TO PROGRAMMING,"C S-312: INTRODUCTION TO PROGRAMMING, Section no. 51995",B,2,Computer Science
Spring 2023,51995,C S, 312,INTRODUCTION TO PROGRAMMING,"C S-312: INTRODUCTION TO PROGRAMMING, Section no. 51995",B+,5,Computer Science
Spring 2023,51995,C S, 312,INTRODUCTION TO PROGRAMMING,"C S-312: INTRODUCTION TO PROGRAMMING, Section no. 51995",A-,2,Computer Science
Spring 2023,51995,C S, 312,INTRODUCTION TO PROGRAMMING,"C S-312: INTRODUCTION TO PROGRAMMING, Section no. 51995",A,1,Computer Science
Spring 2023,52000,C S, 312,INTRODUCTION TO PROGRAMMING,"C S-312: INTRODUCTION TO PROGRAMMING, Section no. 52000",Other,6,Computer Science
Spring 2023,52000,C S, 312,INTRODUCTION TO PROGRAMMING,"C S-312: INTRODUCTION TO PROGRAMMING, Section no. 52000",D,2,Computer Science
Spring 2023,52000,C S, 312,INTRODUCTION TO PROGRAMMING,"C S-312: INTRODUCTION TO PROGRAMMING, Section no. 52000",D+,1,Computer Science
Spring 2023,52000,C S, 312,INTRODUCTION TO PROGRAMMING,"C S-312: INTRODUCTION TO PROGRAMMING, Section no. 52000",C,1,Computer Science
Spring 2023,52000,C S, 312,INTRODUCTION TO PROGRAMMING,"C S-312: INTRODUCTION TO PROGRAMMING, Section no. 52000",B-,4,Computer Science
Spring 2023,52000,C S, 312,INTRODUCTION TO PROGRAMMING,"C S-312: INTRODUCTION TO PROGRAMMING, Section no. 52000",B,4,Computer Science
Spring 2023,52000,C S, 312,INTRODUCTION TO PROGRAMMING,"C S-312: INTRODUCTION TO PROGRAMMING, Section no. 52000",B+,2,Computer Science
Spring 2023,52000,C S, 312,INTRODUCTION TO PROGRAMMING,"C S-312: INTRODUCTION TO PROGRAMMING, Section no. 52000",A-,1,Computer Science
Spring 2023,52000,C S, 312,INTRODUCTION TO PROGRAMMING,"C S-312: INTRODUCTION TO PROGRAMMING, Section no. 52000",A,3,Computer Science
Spring 2023,52005,C S, 312,INTRODUCTION TO PROGRAMMING,"C S-312: INTRODUCTION TO PROGRAMMING, Section no. 52005",Other,3,Computer Science
Spring 2023,52005,C S, 312,INTRODUCTION TO PROGRAMMING,"C S-312: INTRODUCTION TO PROGRAMMING, Section no. 52005",F,1,Computer Science
Spring 2023,52005,C S, 312,INTRODUCTION TO PROGRAMMING,"C S-312: INTRODUCTION TO PROGRAMMING, Section no. 52005",D,1,Computer Science
Spring 2023,52005,C S, 312,INTRODUCTION TO PROGRAMMING,"C S-312: INTRODUCTION TO PROGRAMMING, Section no. 52005",C,1,Computer Science
Spring 2023,52005,C S, 312,INTRODUCTION TO PROGRAMMING,"C S-312: INTRODUCTION TO PROGRAMMING, Section no. 52005",C+,1,Computer Science
Spring 2023,52005,C S, 312,INTRODUCTION TO PROGRAMMING,"C S-312: INTRODUCTION TO PROGRAMMING, Section no. 52005",B-,3,Computer Science
Spring 2023,52005,C S, 312,INTRODUCTION TO PROGRAMMING,"C S-312: INTRODUCTION TO PROGRAMMING, Section no. 52005",B,5,Computer Science
Spring 2023,52005,C S, 312,INTRODUCTION TO PROGRAMMING,"C S-312: INTRODUCTION TO PROGRAMMING, Section no. 52005",B+,3,Computer Science
Spring 2023,52005,C S, 312,INTRODUCTION TO PROGRAMMING,"C S-312: INTRODUCTION TO PROGRAMMING, Section no. 52005",A-,1,Computer Science
Spring 2023,52005,C S, 312,INTRODUCTION TO PROGRAMMING,"C S-312: INTRODUCTION TO PROGRAMMING, Section no. 52005",A,3,Computer Science
Spring 2023,52010,C S, 312,INTRODUCTION TO PROGRAMMING,"C S-312: INTRODUCTION TO PROGRAMMING, Section no. 52010",Other,6,Computer Science
Spring 2023,52010,C S, 312,INTRODUCTION TO PROGRAMMING,"C S-312: INTRODUCTION TO PROGRAMMING, Section no. 52010",C-,1,Computer Science
Spring 2023,52010,C S, 312,INTRODUCTION TO PROGRAMMING,"C S-312: INTRODUCTION TO PROGRAMMING, Section no. 52010",C,1,Computer Science
Spring 2023,52010,C S, 312,INTRODUCTION TO PROGRAMMING,"C S-312: INTRODUCTION TO PROGRAMMING, Section no. 52010",C+,1,Computer Science
Spring 2023,52010,C S, 312,INTRODUCTION TO PROGRAMMING,"C S-312: INTRODUCTION TO PROGRAMMING, Section no. 52010",B-,2,Computer Science
Spring 2023,52010,C S, 312,INTRODUCTION TO PROGRAMMING,"C S-312: INTRODUCTION TO PROGRAMMING, Section no. 52010",B,4,Computer Science
Spring 2023,52010,C S, 312,INTRODUCTION TO PROGRAMMING,"C S-312: INTRODUCTION TO PROGRAMMING, Section no. 52010",A-,4,Computer Science
Spring 2023,52010,C S, 312,INTRODUCTION TO PROGRAMMING,"C S-312: INTRODUCTION TO PROGRAMMING, Section no. 52010",A,5,Computer Science
Spring 2023,52015,C S, 312,INTRODUCTION TO PROGRAMMING,"C S-312: INTRODUCTION TO PROGRAMMING, Section no. 52015",Other,5,Computer Science
Spring 2023,52015,C S, 312,INTRODUCTION TO PROGRAMMING,"C S-312: INTRODUCTION TO PROGRAMMING, Section no. 52015",F,2,Computer Science
Spring 2023,52015,C S, 312,INTRODUCTION TO PROGRAMMING,"C S-312: INTRODUCTION TO PROGRAMMING, Section no. 52015",D,1,Computer Science
Spring 2023,52015,C S, 312,INTRODUCTION TO PROGRAMMING,"C S-312: INTRODUCTION TO PROGRAMMING, Section no. 52015",D+,1,Computer Science
Spring 2023,52015,C S, 312,INTRODUCTION TO PROGRAMMING,"C S-312: INTRODUCTION TO PROGRAMMING, Section no. 52015",C,2,Computer Science
Spring 2023,52015,C S, 312,INTRODUCTION TO PROGRAMMING,"C S-312: INTRODUCTION TO PROGRAMMING, Section no. 52015",B-,3,Computer Science
Spring 2023,52015,C S, 312,INTRODUCTION TO PROGRAMMING,"C S-312: INTRODUCTION TO PROGRAMMING, Section no. 52015",B,2,Computer Science
Spring 2023,52015,C S, 312,INTRODUCTION TO PROGRAMMING,"C S-312: INTRODUCTION TO PROGRAMMING, Section no. 52015",B+,2,Computer Science
Spring 2023,52015,C S, 312,INTRODUCTION TO PROGRAMMING,"C S-312: INTRODUCTION TO PROGRAMMING, Section no. 52015",A-,2,Computer Science
Spring 2023,52015,C S, 312,INTRODUCTION TO PROGRAMMING,"C S-312: INTRODUCTION TO PROGRAMMING, Section no. 52015",A,5,Computer Science
Spring 2023,52017,C S, 312,INTRODUCTION TO PROGRAMMING,"C S-312: INTRODUCTION TO PROGRAMMING, Section no. 52017",Other,5,Computer Science
Spring 2023,52017,C S, 312,INTRODUCTION TO PROGRAMMING,"C S-312: INTRODUCTION TO PROGRAMMING, Section no. 52017",F,2,Computer Science
Spring 2023,52017,C S, 312,INTRODUCTION TO PROGRAMMING,"C S-312: INTRODUCTION TO PROGRAMMING, Section no. 52017",D,1,Computer Science
Spring 2023,52017,C S, 312,INTRODUCTION TO PROGRAMMING,"C S-312: INTRODUCTION TO PROGRAMMING, Section no. 52017",C-,2,Computer Science
Spring 2023,52017,C S, 312,INTRODUCTION TO PROGRAMMING,"C S-312: INTRODUCTION TO PROGRAMMING, Section no. 52017",B-,2,Computer Science
Spring 2023,52017,C S, 312,INTRODUCTION TO PROGRAMMING,"C S-312: INTRODUCTION TO PROGRAMMING, Section no. 52017",B,3,Computer Science
Spring 2023,52017,C S, 312,INTRODUCTION TO PROGRAMMING,"C S-312: INTRODUCTION TO PROGRAMMING, Section no. 52017",B+,3,Computer Science
Spring 2023,52017,C S, 312,INTRODUCTION TO PROGRAMMING,"C S-312: INTRODUCTION TO PROGRAMMING, Section no. 52017",A-,3,Computer Science
Spring 2023,52017,C S, 312,INTRODUCTION TO PROGRAMMING,"C S-312: INTRODUCTION TO PROGRAMMING, Section no. 52017",A,2,Computer Science
Spring 2023,52018,C S, 312,INTRODUCTION TO PROGRAMMING,"C S-312: INTRODUCTION TO PROGRAMMING, Section no. 52018",Other,16,Computer Science
Spring 2023,52018,C S, 312,INTRODUCTION TO PROGRAMMING,"C S-312: INTRODUCTION TO PROGRAMMING, Section no. 52018",F,2,Computer Science
Spring 2023,52018,C S, 312,INTRODUCTION TO PROGRAMMING,"C S-312: INTRODUCTION TO PROGRAMMING, Section no. 52018",C,1,Computer Science
Spring 2023,52018,C S, 312,INTRODUCTION TO PROGRAMMING,"C S-312: INTRODUCTION TO PROGRAMMING, Section no. 52018",C+,1,Computer Science
Spring 2023,52018,C S, 312,INTRODUCTION TO PROGRAMMING,"C S-312: INTRODUCTION TO PROGRAMMING, Section no. 52018",B-,3,Computer Science
Spring 2023,52018,C S, 312,INTRODUCTION TO PROGRAMMING,"C S-312: INTRODUCTION TO PROGRAMMING, Section no. 52018",B,1,Computer Science
Spring 2023,52018,C S, 312,INTRODUCTION TO PROGRAMMING,"C S-312: INTRODUCTION TO PROGRAMMING, Section no. 52018",A-,1,Computer Science
Spring 2023,52019,C S, 312,INTRODUCTION TO PROGRAMMING,"C S-312: INTRODUCTION TO PROGRAMMING, Section no. 52019",Other,10,Computer Science
Spring 2023,52019,C S, 312,INTRODUCTION TO PROGRAMMING,"C S-312: INTRODUCTION TO PROGRAMMING, Section no. 52019",F,2,Computer Science
Spring 2023,52019,C S, 312,INTRODUCTION TO PROGRAMMING,"C S-312: INTRODUCTION TO PROGRAMMING, Section no. 52019",C-,2,Computer Science
Spring 2023,52019,C S, 312,INTRODUCTION TO PROGRAMMING,"C S-312: INTRODUCTION TO PROGRAMMING, Section no. 52019",C,3,Computer Science
Spring 2023,52019,C S, 312,INTRODUCTION TO PROGRAMMING,"C S-312: INTRODUCTION TO PROGRAMMING, Section no. 52019",C+,1,Computer Science
Spring 2023,52019,C S, 312,INTRODUCTION TO PROGRAMMING,"C S-312: INTRODUCTION TO PROGRAMMING, Section no. 52019",B-,1,Computer Science
Spring 2023,52019,C S, 312,INTRODUCTION TO PROGRAMMING,"C S-312: INTRODUCTION TO PROGRAMMING, Section no. 52019",B,4,Computer Science
Spring 2023,52019,C S, 312,INTRODUCTION TO PROGRAMMING,"C S-312: INTRODUCTION TO PROGRAMMING, Section no. 52019",A-,1,Computer Science
Spring 2023,52019,C S, 312,INTRODUCTION TO PROGRAMMING,"C S-312: INTRODUCTION TO PROGRAMMING, Section no. 52019",A,1,Computer Science
Spring 2023,52020,C S, 313E,ELEMENTS OF SOFTWARE DESIGN,"C S-313E: ELEMENTS OF SOFTWARE DESIGN, Section no. 52020",Other,4,Computer Science
Spring 2023,52020,C S, 313E,ELEMENTS OF SOFTWARE DESIGN,"C S-313E: ELEMENTS OF SOFTWARE DESIGN, Section no. 52020",C,1,Computer Science
Spring 2023,52020,C S, 313E,ELEMENTS OF SOFTWARE DESIGN,"C S-313E: ELEMENTS OF SOFTWARE DESIGN, Section no. 52020",C+,3,Computer Science
Spring 2023,52020,C S, 313E,ELEMENTS OF SOFTWARE DESIGN,"C S-313E: ELEMENTS OF SOFTWARE DESIGN, Section no. 52020",B,1,Computer Science
Spring 2023,52020,C S, 313E,ELEMENTS OF SOFTWARE DESIGN,"C S-313E: ELEMENTS OF SOFTWARE DESIGN, Section no. 52020",B+,6,Computer Science
Spring 2023,52020,C S, 313E,ELEMENTS OF SOFTWARE DESIGN,"C S-313E: ELEMENTS OF SOFTWARE DESIGN, Section no. 52020",A-,13,Computer Science
Spring 2023,52020,C S, 313E,ELEMENTS OF SOFTWARE DESIGN,"C S-313E: ELEMENTS OF SOFTWARE DESIGN, Section no. 52020",A,79,Computer Science
Spring 2023,52025,C S, 313E,ELEMENTS OF SOFTWARE DESIGN,"C S-313E: ELEMENTS OF SOFTWARE DESIGN, Section no. 52025",Other,6,Computer Science
Spring 2023,52025,C S, 313E,ELEMENTS OF SOFTWARE DESIGN,"C S-313E: ELEMENTS OF SOFTWARE DESIGN, Section no. 52025",F,3,Computer Science
Spring 2023,52025,C S, 313E,ELEMENTS OF SOFTWARE DESIGN,"C S-313E: ELEMENTS OF SOFTWARE DESIGN, Section no. 52025",B-,2,Computer Science
Spring 2023,52025,C S, 313E,ELEMENTS OF SOFTWARE DESIGN,"C S-313E: ELEMENTS OF SOFTWARE DESIGN, Section no. 52025",B,2,Computer Science
Spring 2023,52025,C S, 313E,ELEMENTS OF SOFTWARE DESIGN,"C S-313E: ELEMENTS OF SOFTWARE DESIGN, Section no. 52025",B+,4,Computer Science
Spring 2023,52025,C S, 313E,ELEMENTS OF SOFTWARE DESIGN,"C S-313E: ELEMENTS OF SOFTWARE DESIGN, Section no. 52025",A-,7,Computer Science
Spring 2023,52025,C S, 313E,ELEMENTS OF SOFTWARE DESIGN,"C S-313E: ELEMENTS OF SOFTWARE DESIGN, Section no. 52025",A,91,Computer Science
Spring 2023,52038,C S, 313E,ELEMENTS OF SOFTWARE DESIGN,"C S-313E: ELEMENTS OF SOFTWARE DESIGN, Section no. 52038",Other,24,Computer Science
Spring 2023,52038,C S, 313E,ELEMENTS OF SOFTWARE DESIGN,"C S-313E: ELEMENTS OF SOFTWARE DESIGN, Section no. 52038",F,3,Computer Science
Spring 2023,52038,C S, 313E,ELEMENTS OF SOFTWARE DESIGN,"C S-313E: ELEMENTS OF SOFTWARE DESIGN, Section no. 52038",C-,3,Computer Science
Spring 2023,52038,C S, 313E,ELEMENTS OF SOFTWARE DESIGN,"C S-313E: ELEMENTS OF SOFTWARE DESIGN, Section no. 52038",C,1,Computer Science
Spring 2023,52038,C S, 313E,ELEMENTS OF SOFTWARE DESIGN,"C S-313E: ELEMENTS OF SOFTWARE DESIGN, Section no. 52038",C+,6,Computer Science
Spring 2023,52038,C S, 313E,ELEMENTS OF SOFTWARE DESIGN,"C S-313E: ELEMENTS OF SOFTWARE DESIGN, Section no. 52038",B-,8,Computer Science
Spring 2023,52038,C S, 313E,ELEMENTS OF SOFTWARE DESIGN,"C S-313E: ELEMENTS OF SOFTWARE DESIGN, Section no. 52038",B,13,Computer Science
Spring 2023,52038,C S, 313E,ELEMENTS OF SOFTWARE DESIGN,"C S-313E: ELEMENTS OF SOFTWARE DESIGN, Section no. 52038",B+,12,Computer Science
Spring 2023,52038,C S, 313E,ELEMENTS OF SOFTWARE DESIGN,"C S-313E: ELEMENTS OF SOFTWARE DESIGN, Section no. 52038",A-,11,Computer Science
Spring 2023,52038,C S, 313E,ELEMENTS OF SOFTWARE DESIGN,"C S-313E: ELEMENTS OF SOFTWARE DESIGN, Section no. 52038",A,30,Computer Science
Spring 2023,52039,C S, 313E,ELEMENTS OF SOFTWARE DESIGN,"C S-313E: ELEMENTS OF SOFTWARE DESIGN, Section no. 52039",Other,7,Computer Science
Spring 2023,52039,C S, 313E,ELEMENTS OF SOFTWARE DESIGN,"C S-313E: ELEMENTS OF SOFTWARE DESIGN, Section no. 52039",F,4,Computer Science
Spring 2023,52039,C S, 313E,ELEMENTS OF SOFTWARE DESIGN,"C S-313E: ELEMENTS OF SOFTWARE DESIGN, Section no. 52039",D,2,Computer Science
Spring 2023,52039,C S, 313E,ELEMENTS OF SOFTWARE DESIGN,"C S-313E: ELEMENTS OF SOFTWARE DESIGN, Section no. 52039",C-,2,Computer Science
Spring 2023,52039,C S, 313E,ELEMENTS OF SOFTWARE DESIGN,"C S-313E: ELEMENTS OF SOFTWARE DESIGN, Section no. 52039",C+,3,Computer Science
Spring 2023,52039,C S, 313E,ELEMENTS OF SOFTWARE DESIGN,"C S-313E: ELEMENTS OF SOFTWARE DESIGN, Section no. 52039",B-,1,Computer Science
Spring 2023,52039,C S, 313E,ELEMENTS OF SOFTWARE DESIGN,"C S-313E: ELEMENTS OF SOFTWARE DESIGN, Section no. 52039",B,5,Computer Science
Spring 2023,52039,C S, 313E,ELEMENTS OF SOFTWARE DESIGN,"C S-313E: ELEMENTS OF SOFTWARE DESIGN, Section no. 52039",B+,8,Computer Science
Spring 2023,52039,C S, 313E,ELEMENTS OF SOFTWARE DESIGN,"C S-313E: ELEMENTS OF SOFTWARE DESIGN, Section no. 52039",A-,8,Computer Science
Spring 2023,52039,C S, 313E,ELEMENTS OF SOFTWARE DESIGN,"C S-313E: ELEMENTS OF SOFTWARE DESIGN, Section no. 52039",A,35,Computer Science
Spring 2023,52045,C S, 314,DATA STRUCTURES,"C S-314: DATA STRUCTURES, Section no. 52045",Other,5,Computer Science
Spring 2023,52045,C S, 314,DATA STRUCTURES,"C S-314: DATA STRUCTURES, Section no. 52045",D-,1,Computer Science
Spring 2023,52045,C S, 314,DATA STRUCTURES,"C S-314: DATA STRUCTURES, Section no. 52045",C-,2,Computer Science
Spring 2023,52045,C S, 314,DATA STRUCTURES,"C S-314: DATA STRUCTURES, Section no. 52045",C,2,Computer Science
Spring 2023,52045,C S, 314,DATA STRUCTURES,"C S-314: DATA STRUCTURES, Section no. 52045",C+,1,Computer Science
Spring 2023,52045,C S, 314,DATA STRUCTURES,"C S-314: DATA STRUCTURES, Section no. 52045",B-,4,Computer Science
Spring 2023,52045,C S, 314,DATA STRUCTURES,"C S-314: DATA STRUCTURES, Section no. 52045",B,4,Computer Science
Spring 2023,52045,C S, 314,DATA STRUCTURES,"C S-314: DATA STRUCTURES, Section no. 52045",B+,1,Computer Science
Spring 2023,52045,C S, 314,DATA STRUCTURES,"C S-314: DATA STRUCTURES, Section no. 52045",A,2,Computer Science
Spring 2023,52050,C S, 314,DATA STRUCTURES,"C S-314: DATA STRUCTURES, Section no. 52050",Other,2,Computer Science
Spring 2023,52050,C S, 314,DATA STRUCTURES,"C S-314: DATA STRUCTURES, Section no. 52050",F,1,Computer Science
Spring 2023,52050,C S, 314,DATA STRUCTURES,"C S-314: DATA STRUCTURES, Section no. 52050",D,2,Computer Science
Spring 2023,52050,C S, 314,DATA STRUCTURES,"C S-314: DATA STRUCTURES, Section no. 52050",D+,1,Computer Science
Spring 2023,52050,C S, 314,DATA STRUCTURES,"C S-314: DATA STRUCTURES, Section no. 52050",C-,1,Computer Science
Spring 2023,52050,C S, 314,DATA STRUCTURES,"C S-314: DATA STRUCTURES, Section no. 52050",C,4,Computer Science
Spring 2023,52050,C S, 314,DATA STRUCTURES,"C S-314: DATA STRUCTURES, Section no. 52050",C+,2,Computer Science
Spring 2023,52050,C S, 314,DATA STRUCTURES,"C S-314: DATA STRUCTURES, Section no. 52050",B-,1,Computer Science
Spring 2023,52050,C S, 314,DATA STRUCTURES,"C S-314: DATA STRUCTURES, Section no. 52050",B,4,Computer Science
Spring 2023,52050,C S, 314,DATA STRUCTURES,"C S-314: DATA STRUCTURES, Section no. 52050",A-,2,Computer Science
Spring 2023,52050,C S, 314,DATA STRUCTURES,"C S-314: DATA STRUCTURES, Section no. 52050",A,2,Computer Science
Spring 2023,52055,C S, 314,DATA STRUCTURES,"C S-314: DATA STRUCTURES, Section no. 52055",Other,2,Computer Science
Spring 2023,52055,C S, 314,DATA STRUCTURES,"C S-314: DATA STRUCTURES, Section no. 52055",D-,1,Computer Science
Spring 2023,52055,C S, 314,DATA STRUCTURES,"C S-314: DATA STRUCTURES, Section no. 52055",D+,1,Computer Science
Spring 2023,52055,C S, 314,DATA STRUCTURES,"C S-314: DATA STRUCTURES, Section no. 52055",C-,1,Computer Science
Spring 2023,52055,C S, 314,DATA STRUCTURES,"C S-314: DATA STRUCTURES, Section no. 52055",C,1,Computer Science
Spring 2023,52055,C S, 314,DATA STRUCTURES,"C S-314: DATA STRUCTURES, Section no. 52055",C+,2,Computer Science
Spring 2023,52055,C S, 314,DATA STRUCTURES,"C S-314: DATA STRUCTURES, Section no. 52055",B-,3,Computer Science
Spring 2023,52055,C S, 314,DATA STRUCTURES,"C S-314: DATA STRUCTURES, Section no. 52055",B,2,Computer Science
Spring 2023,52055,C S, 314,DATA STRUCTURES,"C S-314: DATA STRUCTURES, Section no. 52055",B+,2,Computer Science
Spring 2023,52055,C S, 314,DATA STRUCTURES,"C S-314: DATA STRUCTURES, Section no. 52055",A-,3,Computer Science
Spring 2023,52055,C S, 314,DATA STRUCTURES,"C S-314: DATA STRUCTURES, Section no. 52055",A,4,Computer Science
Spring 2023,52060,C S, 314,DATA STRUCTURES,"C S-314: DATA STRUCTURES, Section no. 52060",Other,3,Computer Science
Spring 2023,52060,C S, 314,DATA STRUCTURES,"C S-314: DATA STRUCTURES, Section no. 52060",F,1,Computer Science
Spring 2023,52060,C S, 314,DATA STRUCTURES,"C S-314: DATA STRUCTURES, Section no. 52060",D,3,Computer Science
Spring 2023,52060,C S, 314,DATA STRUCTURES,"C S-314: DATA STRUCTURES, Section no. 52060",C,1,Computer Science
Spring 2023,52060,C S, 314,DATA STRUCTURES,"C S-314: DATA STRUCTURES, Section no. 52060",B-,1,Computer Science
Spring 2023,52060,C S, 314,DATA STRUCTURES,"C S-314: DATA STRUCTURES, Section no. 52060",B,5,Computer Science
Spring 2023,52060,C S, 314,DATA STRUCTURES,"C S-314: DATA STRUCTURES, Section no. 52060",B+,3,Computer Science
Spring 2023,52060,C S, 314,DATA STRUCTURES,"C S-314: DATA STRUCTURES, Section no. 52060",A-,3,Computer Science
Spring 2023,52060,C S, 314,DATA STRUCTURES,"C S-314: DATA STRUCTURES, Section no. 52060",A,2,Computer Science
Spring 2023,52065,C S, 314,DATA STRUCTURES,"C S-314: DATA STRUCTURES, Section no. 52065",F,1,Computer Science
Spring 2023,52065,C S, 314,DATA STRUCTURES,"C S-314: DATA STRUCTURES, Section no. 52065",D+,2,Computer Science
Spring 2023,52065,C S, 314,DATA STRUCTURES,"C S-314: DATA STRUCTURES, Section no. 52065",C,3,Computer Science
Spring 2023,52065,C S, 314,DATA STRUCTURES,"C S-314: DATA STRUCTURES, Section no. 52065",C+,2,Computer Science
Spring 2023,52065,C S, 314,DATA STRUCTURES,"C S-314: DATA STRUCTURES, Section no. 52065",B-,4,Computer Science
Spring 2023,52065,C S, 314,DATA STRUCTURES,"C S-314: DATA STRUCTURES, Section no. 52065",B,6,Computer Science
Spring 2023,52065,C S, 314,DATA STRUCTURES,"C S-314: DATA STRUCTURES, Section no. 52065",A-,2,Computer Science
Spring 2023,52065,C S, 314,DATA STRUCTURES,"C S-314: DATA STRUCTURES, Section no. 52065",A,2,Computer Science
Spring 2023,52075,C S, 314,DATA STRUCTURES,"C S-314: DATA STRUCTURES, Section no. 52075",F,1,Computer Science
Spring 2023,52075,C S, 314,DATA STRUCTURES,"C S-314: DATA STRUCTURES, Section no. 52075",C-,2,Computer Science
Spring 2023,52075,C S, 314,DATA STRUCTURES,"C S-314: DATA STRUCTURES, Section no. 52075",C,2,Computer Science
Spring 2023,52075,C S, 314,DATA STRUCTURES,"C S-314: DATA STRUCTURES, Section no. 52075",C+,4,Computer Science
Spring 2023,52075,C S, 314,DATA STRUCTURES,"C S-314: DATA STRUCTURES, Section no. 52075",B,4,Computer Science
Spring 2023,52075,C S, 314,DATA STRUCTURES,"C S-314: DATA STRUCTURES, Section no. 52075",B+,3,Computer Science
Spring 2023,52075,C S, 314,DATA STRUCTURES,"C S-314: DATA STRUCTURES, Section no. 52075",A-,2,Computer Science
Spring 2023,52075,C S, 314,DATA STRUCTURES,"C S-314: DATA STRUCTURES, Section no. 52075",A,4,Computer Science
Spring 2023,52080,C S, 314,DATA STRUCTURES,"C S-314: DATA STRUCTURES, Section no. 52080",Other,1,Computer Science
Spring 2023,52080,C S, 314,DATA STRUCTURES,"C S-314: DATA STRUCTURES, Section no. 52080",D-,1,Computer Science
Spring 2023,52080,C S, 314,DATA STRUCTURES,"C S-314: DATA STRUCTURES, Section no. 52080",C-,1,Computer Science
Spring 2023,52080,C S, 314,DATA STRUCTURES,"C S-314: DATA STRUCTURES, Section no. 52080",C+,3,Computer Science
Spring 2023,52080,C S, 314,DATA STRUCTURES,"C S-314: DATA STRUCTURES, Section no. 52080",B-,2,Computer Science
Spring 2023,52080,C S, 314,DATA STRUCTURES,"C S-314: DATA STRUCTURES, Section no. 52080",B,1,Computer Science
Spring 2023,52080,C S, 314,DATA STRUCTURES,"C S-314: DATA STRUCTURES, Section no. 52080",B+,1,Computer Science
Spring 2023,52080,C S, 314,DATA STRUCTURES,"C S-314: DATA STRUCTURES, Section no. 52080",A-,3,Computer Science
Spring 2023,52080,C S, 314,DATA STRUCTURES,"C S-314: DATA STRUCTURES, Section no. 52080",A,9,Computer Science
Spring 2023,52085,C S, 314,DATA STRUCTURES,"C S-314: DATA STRUCTURES, Section no. 52085",Other,2,Computer Science
Spring 2023,52085,C S, 314,DATA STRUCTURES,"C S-314: DATA STRUCTURES, Section no. 52085",D,1,Computer Science
Spring 2023,52085,C S, 314,DATA STRUCTURES,"C S-314: DATA STRUCTURES, Section no. 52085",C-,2,Computer Science
Spring 2023,52085,C S, 314,DATA STRUCTURES,"C S-314: DATA STRUCTURES, Section no. 52085",C,6,Computer Science
Spring 2023,52085,C S, 314,DATA STRUCTURES,"C S-314: DATA STRUCTURES, Section no. 52085",B-,2,Computer Science
Spring 2023,52085,C S, 314,DATA STRUCTURES,"C S-314: DATA STRUCTURES, Section no. 52085",B,5,Computer Science
Spring 2023,52085,C S, 314,DATA STRUCTURES,"C S-314: DATA STRUCTURES, Section no. 52085",B+,2,Computer Science
Spring 2023,52085,C S, 314,DATA STRUCTURES,"C S-314: DATA STRUCTURES, Section no. 52085",A,2,Computer Science
Spring 2023,52088,C S, 314,DATA STRUCTURES,"C S-314: DATA STRUCTURES, Section no. 52088",Other,3,Computer Science
Spring 2023,52088,C S, 314,DATA STRUCTURES,"C S-314: DATA STRUCTURES, Section no. 52088",F,1,Computer Science
Spring 2023,52088,C S, 314,DATA STRUCTURES,"C S-314: DATA STRUCTURES, Section no. 52088",D-,1,Computer Science
Spring 2023,52088,C S, 314,DATA STRUCTURES,"C S-314: DATA STRUCTURES, Section no. 52088",D+,1,Computer Science
Spring 2023,52088,C S, 314,DATA STRUCTURES,"C S-314: DATA STRUCTURES, Section no. 52088",C,5,Computer Science
Spring 2023,52088,C S, 314,DATA STRUCTURES,"C S-314: DATA STRUCTURES, Section no. 52088",C+,3,Computer Science
Spring 2023,52088,C S, 314,DATA STRUCTURES,"C S-314: DATA STRUCTURES, Section no. 52088",B-,1,Computer Science
Spring 2023,52088,C S, 314,DATA STRUCTURES,"C S-314: DATA STRUCTURES, Section no. 52088",B,2,Computer Science
Spring 2023,52088,C S, 314,DATA STRUCTURES,"C S-314: DATA STRUCTURES, Section no. 52088",A-,4,Computer Science
Spring 2023,52088,C S, 314,DATA STRUCTURES,"C S-314: DATA STRUCTURES, Section no. 52088",A,2,Computer Science
Spring 2023,52089,C S, 314,DATA STRUCTURES,"C S-314: DATA STRUCTURES, Section no. 52089",Other,4,Computer Science
Spring 2023,52089,C S, 314,DATA STRUCTURES,"C S-314: DATA STRUCTURES, Section no. 52089",D,1,Computer Science
Spring 2023,52089,C S, 314,DATA STRUCTURES,"C S-314: DATA STRUCTURES, Section no. 52089",C,2,Computer Science
Spring 2023,52089,C S, 314,DATA STRUCTURES,"C S-314: DATA STRUCTURES, Section no. 52089",C+,1,Computer Science
Spring 2023,52089,C S, 314,DATA STRUCTURES,"C S-314: DATA STRUCTURES, Section no. 52089",B-,1,Computer Science
Spring 2023,52089,C S, 314,DATA STRUCTURES,"C S-314: DATA STRUCTURES, Section no. 52089",B,6,Computer Science
Spring 2023,52089,C S, 314,DATA STRUCTURES,"C S-314: DATA STRUCTURES, Section no. 52089",B+,2,Computer Science
Spring 2023,52089,C S, 314,DATA STRUCTURES,"C S-314: DATA STRUCTURES, Section no. 52089",A-,1,Computer Science
Spring 2023,52089,C S, 314,DATA STRUCTURES,"C S-314: DATA STRUCTURES, Section no. 52089",A,3,Computer Science
Spring 2023,52095,C S, 324E,ELEM OF GRAPHICS/VISUALIZATN,"C S-324E: ELEM OF GRAPHICS/VISUALIZATN, Section no. 52095",Other,1,Computer Science
Spring 2023,52095,C S, 324E,ELEM OF GRAPHICS/VISUALIZATN,"C S-324E: ELEM OF GRAPHICS/VISUALIZATN, Section no. 52095",F,1,Computer Science
Spring 2023,52095,C S, 324E,ELEM OF GRAPHICS/VISUALIZATN,"C S-324E: ELEM OF GRAPHICS/VISUALIZATN, Section no. 52095",C,1,Computer Science
Spring 2023,52095,C S, 324E,ELEM OF GRAPHICS/VISUALIZATN,"C S-324E: ELEM OF GRAPHICS/VISUALIZATN, Section no. 52095",B,1,Computer Science
Spring 2023,52095,C S, 324E,ELEM OF GRAPHICS/VISUALIZATN,"C S-324E: ELEM OF GRAPHICS/VISUALIZATN, Section no. 52095",B+,4,Computer Science
Spring 2023,52095,C S, 324E,ELEM OF GRAPHICS/VISUALIZATN,"C S-324E: ELEM OF GRAPHICS/VISUALIZATN, Section no. 52095",A-,1,Computer Science
Spring 2023,52095,C S, 324E,ELEM OF GRAPHICS/VISUALIZATN,"C S-324E: ELEM OF GRAPHICS/VISUALIZATN, Section no. 52095",A,48,Computer Science
Spring 2023,52100,C S, 324E,ELEM OF GRAPHICS/VISUALIZATN,"C S-324E: ELEM OF GRAPHICS/VISUALIZATN, Section no. 52100",Other,2,Computer Science
Spring 2023,52100,C S, 324E,ELEM OF GRAPHICS/VISUALIZATN,"C S-324E: ELEM OF GRAPHICS/VISUALIZATN, Section no. 52100",D+,1,Computer Science
Spring 2023,52100,C S, 324E,ELEM OF GRAPHICS/VISUALIZATN,"C S-324E: ELEM OF GRAPHICS/VISUALIZATN, Section no. 52100",B,2,Computer Science
Spring 2023,52100,C S, 324E,ELEM OF GRAPHICS/VISUALIZATN,"C S-324E: ELEM OF GRAPHICS/VISUALIZATN, Section no. 52100",B+,4,Computer Science
Spring 2023,52100,C S, 324E,ELEM OF GRAPHICS/VISUALIZATN,"C S-324E: ELEM OF GRAPHICS/VISUALIZATN, Section no. 52100",A-,6,Computer Science
Spring 2023,52100,C S, 324E,ELEM OF GRAPHICS/VISUALIZATN,"C S-324E: ELEM OF GRAPHICS/VISUALIZATN, Section no. 52100",A,44,Computer Science
Spring 2023,52105,C S, 327E,ELEMENTS OF DATABASES,"C S-327E: ELEMENTS OF DATABASES, Section no. 52105",Other,1,Computer Science
Spring 2023,52105,C S, 327E,ELEMENTS OF DATABASES,"C S-327E: ELEMENTS OF DATABASES, Section no. 52105",C-,1,Computer Science
Spring 2023,52105,C S, 327E,ELEMENTS OF DATABASES,"C S-327E: ELEMENTS OF DATABASES, Section no. 52105",C,2,Computer Science
Spring 2023,52105,C S, 327E,ELEMENTS OF DATABASES,"C S-327E: ELEMENTS OF DATABASES, Section no. 52105",C+,2,Computer Science
Spring 2023,52105,C S, 327E,ELEMENTS OF DATABASES,"C S-327E: ELEMENTS OF DATABASES, Section no. 52105",B-,3,Computer Science
Spring 2023,52105,C S, 327E,ELEMENTS OF DATABASES,"C S-327E: ELEMENTS OF DATABASES, Section no. 52105",B,4,Computer Science
Spring 2023,52105,C S, 327E,ELEMENTS OF DATABASES,"C S-327E: ELEMENTS OF DATABASES, Section no. 52105",B+,2,Computer Science
Spring 2023,52105,C S, 327E,ELEMENTS OF DATABASES,"C S-327E: ELEMENTS OF DATABASES, Section no. 52105",A-,6,Computer Science
Spring 2023,52105,C S, 327E,ELEMENTS OF DATABASES,"C S-327E: ELEMENTS OF DATABASES, Section no. 52105",A,39,Computer Science
Spring 2023,52110,C S, 327E,ELEMENTS OF DATABASES,"C S-327E: ELEMENTS OF DATABASES, Section no. 52110",C+,1,Computer Science
Spring 2023,52110,C S, 327E,ELEMENTS OF DATABASES,"C S-327E: ELEMENTS OF DATABASES, Section no. 52110",B-,4,Computer Science
Spring 2023,52110,C S, 327E,ELEMENTS OF DATABASES,"C S-327E: ELEMENTS OF DATABASES, Section no. 52110",B,2,Computer Science
Spring 2023,52110,C S, 327E,ELEMENTS OF DATABASES,"C S-327E: ELEMENTS OF DATABASES, Section no. 52110",B+,4,Computer Science
Spring 2023,52110,C S, 327E,ELEMENTS OF DATABASES,"C S-327E: ELEMENTS OF DATABASES, Section no. 52110",A-,14,Computer Science
Spring 2023,52110,C S, 327E,ELEMENTS OF DATABASES,"C S-327E: ELEMENTS OF DATABASES, Section no. 52110",A,35,Computer Science
Spring 2023,52115,C S, 429,COMP ORGANIZATN AND ARCH,"C S-429: COMP ORGANIZATN AND ARCH, Section no. 52115",Other,5,Computer Science
Spring 2023,52115,C S, 429,COMP ORGANIZATN AND ARCH,"C S-429: COMP ORGANIZATN AND ARCH, Section no. 52115",D+,1,Computer Science
Spring 2023,52115,C S, 429,COMP ORGANIZATN AND ARCH,"C S-429: COMP ORGANIZATN AND ARCH, Section no. 52115",C-,1,Computer Science
Spring 2023,52115,C S, 429,COMP ORGANIZATN AND ARCH,"C S-429: COMP ORGANIZATN AND ARCH, Section no. 52115",C,4,Computer Science
Spring 2023,52115,C S, 429,COMP ORGANIZATN AND ARCH,"C S-429: COMP ORGANIZATN AND ARCH, Section no. 52115",C+,1,Computer Science
Spring 2023,52115,C S, 429,COMP ORGANIZATN AND ARCH,"C S-429: COMP ORGANIZATN AND ARCH, Section no. 52115",B,13,Computer Science
Spring 2023,52115,C S, 429,COMP ORGANIZATN AND ARCH,"C S-429: COMP ORGANIZATN AND ARCH, Section no. 52115",B+,6,Computer Science
Spring 2023,52115,C S, 429,COMP ORGANIZATN AND ARCH,"C S-429: COMP ORGANIZATN AND ARCH, Section no. 52115",A-,8,Computer Science
Spring 2023,52115,C S, 429,COMP ORGANIZATN AND ARCH,"C S-429: COMP ORGANIZATN AND ARCH, Section no. 52115",A,10,Computer Science
Spring 2023,52120,C S, 429,COMP ORGANIZATN AND ARCH,"C S-429: COMP ORGANIZATN AND ARCH, Section no. 52120",Other,5,Computer Science
Spring 2023,52120,C S, 429,COMP ORGANIZATN AND ARCH,"C S-429: COMP ORGANIZATN AND ARCH, Section no. 52120",D-,1,Computer Science
Spring 2023,52120,C S, 429,COMP ORGANIZATN AND ARCH,"C S-429: COMP ORGANIZATN AND ARCH, Section no. 52120",D,1,Computer Science
Spring 2023,52120,C S, 429,COMP ORGANIZATN AND ARCH,"C S-429: COMP ORGANIZATN AND ARCH, Section no. 52120",C-,1,Computer Science
Spring 2023,52120,C S, 429,COMP ORGANIZATN AND ARCH,"C S-429: COMP ORGANIZATN AND ARCH, Section no. 52120",C,6,Computer Science
Spring 2023,52120,C S, 429,COMP ORGANIZATN AND ARCH,"C S-429: COMP ORGANIZATN AND ARCH, Section no. 52120",C+,1,Computer Science
Spring 2023,52120,C S, 429,COMP ORGANIZATN AND ARCH,"C S-429: COMP ORGANIZATN AND ARCH, Section no. 52120",B,8,Computer Science
Spring 2023,52120,C S, 429,COMP ORGANIZATN AND ARCH,"C S-429: COMP ORGANIZATN AND ARCH, Section no. 52120",B+,9,Computer Science
Spring 2023,52120,C S, 429,COMP ORGANIZATN AND ARCH,"C S-429: COMP ORGANIZATN AND ARCH, Section no. 52120",A-,3,Computer Science
Spring 2023,52120,C S, 429,COMP ORGANIZATN AND ARCH,"C S-429: COMP ORGANIZATN AND ARCH, Section no. 52120",A,13,Computer Science
Spring 2023,52125,C S, 429,COMP ORGANIZATN AND ARCH,"C S-429: COMP ORGANIZATN AND ARCH, Section no. 52125",Other,3,Computer Science
Spring 2023,52125,C S, 429,COMP ORGANIZATN AND ARCH,"C S-429: COMP ORGANIZATN AND ARCH, Section no. 52125",F,1,Computer Science
Spring 2023,52125,C S, 429,COMP ORGANIZATN AND ARCH,"C S-429: COMP ORGANIZATN AND ARCH, Section no. 52125",D,2,Computer Science
Spring 2023,52125,C S, 429,COMP ORGANIZATN AND ARCH,"C S-429: COMP ORGANIZATN AND ARCH, Section no. 52125",D+,1,Computer Science
Spring 2023,52125,C S, 429,COMP ORGANIZATN AND ARCH,"C S-429: COMP ORGANIZATN AND ARCH, Section no. 52125",C-,2,Computer Science
Spring 2023,52125,C S, 429,COMP ORGANIZATN AND ARCH,"C S-429: COMP ORGANIZATN AND ARCH, Section no. 52125",C,5,Computer Science
Spring 2023,52125,C S, 429,COMP ORGANIZATN AND ARCH,"C S-429: COMP ORGANIZATN AND ARCH, Section no. 52125",B-,1,Computer Science
Spring 2023,52125,C S, 429,COMP ORGANIZATN AND ARCH,"C S-429: COMP ORGANIZATN AND ARCH, Section no. 52125",B,13,Computer Science
Spring 2023,52125,C S, 429,COMP ORGANIZATN AND ARCH,"C S-429: COMP ORGANIZATN AND ARCH, Section no. 52125",B+,2,Computer Science
Spring 2023,52125,C S, 429,COMP ORGANIZATN AND ARCH,"C S-429: COMP ORGANIZATN AND ARCH, Section no. 52125",A-,3,Computer Science
Spring 2023,52125,C S, 429,COMP ORGANIZATN AND ARCH,"C S-429: COMP ORGANIZATN AND ARCH, Section no. 52125",A,11,Computer Science
Spring 2023,52130,C S, 429,COMP ORGANIZATN AND ARCH,"C S-429: COMP ORGANIZATN AND ARCH, Section no. 52130",Other,1,Computer Science
Spring 2023,52130,C S, 429,COMP ORGANIZATN AND ARCH,"C S-429: COMP ORGANIZATN AND ARCH, Section no. 52130",F,1,Computer Science
Spring 2023,52130,C S, 429,COMP ORGANIZATN AND ARCH,"C S-429: COMP ORGANIZATN AND ARCH, Section no. 52130",D,1,Computer Science
Spring 2023,52130,C S, 429,COMP ORGANIZATN AND ARCH,"C S-429: COMP ORGANIZATN AND ARCH, Section no. 52130",C,3,Computer Science
Spring 2023,52130,C S, 429,COMP ORGANIZATN AND ARCH,"C S-429: COMP ORGANIZATN AND ARCH, Section no. 52130",C+,2,Computer Science
Spring 2023,52130,C S, 429,COMP ORGANIZATN AND ARCH,"C S-429: COMP ORGANIZATN AND ARCH, Section no. 52130",B-,3,Computer Science
Spring 2023,52130,C S, 429,COMP ORGANIZATN AND ARCH,"C S-429: COMP ORGANIZATN AND ARCH, Section no. 52130",B,8,Computer Science
Spring 2023,52130,C S, 429,COMP ORGANIZATN AND ARCH,"C S-429: COMP ORGANIZATN AND ARCH, Section no. 52130",B+,5,Computer Science
Spring 2023,52130,C S, 429,COMP ORGANIZATN AND ARCH,"C S-429: COMP ORGANIZATN AND ARCH, Section no. 52130",A-,10,Computer Science
Spring 2023,52130,C S, 429,COMP ORGANIZATN AND ARCH,"C S-429: COMP ORGANIZATN AND ARCH, Section no. 52130",A,3,Computer Science
Spring 2023,52135,C S, 429,COMP ORGANIZATN AND ARCH,"C S-429: COMP ORGANIZATN AND ARCH, Section no. 52135",Other,4,Computer Science
Spring 2023,52135,C S, 429,COMP ORGANIZATN AND ARCH,"C S-429: COMP ORGANIZATN AND ARCH, Section no. 52135",F,1,Computer Science
Spring 2023,52135,C S, 429,COMP ORGANIZATN AND ARCH,"C S-429: COMP ORGANIZATN AND ARCH, Section no. 52135",D+,1,Computer Science
Spring 2023,52135,C S, 429,COMP ORGANIZATN AND ARCH,"C S-429: COMP ORGANIZATN AND ARCH, Section no. 52135",C-,1,Computer Science
Spring 2023,52135,C S, 429,COMP ORGANIZATN AND ARCH,"C S-429: COMP ORGANIZATN AND ARCH, Section no. 52135",C,4,Computer Science
Spring 2023,52135,C S, 429,COMP ORGANIZATN AND ARCH,"C S-429: COMP ORGANIZATN AND ARCH, Section no. 52135",C+,3,Computer Science
Spring 2023,52135,C S, 429,COMP ORGANIZATN AND ARCH,"C S-429: COMP ORGANIZATN AND ARCH, Section no. 52135",B-,3,Computer Science
Spring 2023,52135,C S, 429,COMP ORGANIZATN AND ARCH,"C S-429: COMP ORGANIZATN AND ARCH, Section no. 52135",B,14,Computer Science
Spring 2023,52135,C S, 429,COMP ORGANIZATN AND ARCH,"C S-429: COMP ORGANIZATN AND ARCH, Section no. 52135",B+,5,Computer Science
Spring 2023,52135,C S, 429,COMP ORGANIZATN AND ARCH,"C S-429: COMP ORGANIZATN AND ARCH, Section no. 52135",A-,8,Computer Science
Spring 2023,52135,C S, 429,COMP ORGANIZATN AND ARCH,"C S-429: COMP ORGANIZATN AND ARCH, Section no. 52135",A,7,Computer Science
Spring 2023,52140,C S, 429,COMP ORGANIZATN AND ARCH,"C S-429: COMP ORGANIZATN AND ARCH, Section no. 52140",Other,2,Computer Science
Spring 2023,52140,C S, 429,COMP ORGANIZATN AND ARCH,"C S-429: COMP ORGANIZATN AND ARCH, Section no. 52140",F,1,Computer Science
Spring 2023,52140,C S, 429,COMP ORGANIZATN AND ARCH,"C S-429: COMP ORGANIZATN AND ARCH, Section no. 52140",D+,1,Computer Science
Spring 2023,52140,C S, 429,COMP ORGANIZATN AND ARCH,"C S-429: COMP ORGANIZATN AND ARCH, Section no. 52140",C-,3,Computer Science
Spring 2023,52140,C S, 429,COMP ORGANIZATN AND ARCH,"C S-429: COMP ORGANIZATN AND ARCH, Section no. 52140",B-,1,Computer Science
Spring 2023,52140,C S, 429,COMP ORGANIZATN AND ARCH,"C S-429: COMP ORGANIZATN AND ARCH, Section no. 52140",B,18,Computer Science
Spring 2023,52140,C S, 429,COMP ORGANIZATN AND ARCH,"C S-429: COMP ORGANIZATN AND ARCH, Section no. 52140",B+,6,Computer Science
Spring 2023,52140,C S, 429,COMP ORGANIZATN AND ARCH,"C S-429: COMP ORGANIZATN AND ARCH, Section no. 52140",A-,9,Computer Science
Spring 2023,52140,C S, 429,COMP ORGANIZATN AND ARCH,"C S-429: COMP ORGANIZATN AND ARCH, Section no. 52140",A,9,Computer Science
Spring 2023,52145,C S, 329E,ELEMENTS OF DATA ANALYTICS,"C S-329E: ELEMENTS OF DATA ANALYTICS, Section no. 52145",Other,2,Computer Science
Spring 2023,52145,C S, 329E,ELEMENTS OF DATA ANALYTICS,"C S-329E: ELEMENTS OF DATA ANALYTICS, Section no. 52145",F,1,Computer Science
Spring 2023,52145,C S, 329E,ELEMENTS OF DATA ANALYTICS,"C S-329E: ELEMENTS OF DATA ANALYTICS, Section no. 52145",C+,1,Computer Science
Spring 2023,52145,C S, 329E,ELEMENTS OF DATA ANALYTICS,"C S-329E: ELEMENTS OF DATA ANALYTICS, Section no. 52145",B+,1,Computer Science
Spring 2023,52145,C S, 329E,ELEMENTS OF DATA ANALYTICS,"C S-329E: ELEMENTS OF DATA ANALYTICS, Section no. 52145",A-,8,Computer Science
Spring 2023,52145,C S, 329E,ELEMENTS OF DATA ANALYTICS,"C S-329E: ELEMENTS OF DATA ANALYTICS, Section no. 52145",A,45,Computer Science
Spring 2023,52150,C S, 329E,ELEMENTS OF DATA ANALYTICS,"C S-329E: ELEMENTS OF DATA ANALYTICS, Section no. 52150",Other,3,Computer Science
Spring 2023,52150,C S, 329E,ELEMENTS OF DATA ANALYTICS,"C S-329E: ELEMENTS OF DATA ANALYTICS, Section no. 52150",F,3,Computer Science
Spring 2023,52150,C S, 329E,ELEMENTS OF DATA ANALYTICS,"C S-329E: ELEMENTS OF DATA ANALYTICS, Section no. 52150",C-,1,Computer Science
Spring 2023,52150,C S, 329E,ELEMENTS OF DATA ANALYTICS,"C S-329E: ELEMENTS OF DATA ANALYTICS, Section no. 52150",C,1,Computer Science
Spring 2023,52150,C S, 329E,ELEMENTS OF DATA ANALYTICS,"C S-329E: ELEMENTS OF DATA ANALYTICS, Section no. 52150",C+,1,Computer Science
Spring 2023,52150,C S, 329E,ELEMENTS OF DATA ANALYTICS,"C S-329E: ELEMENTS OF DATA ANALYTICS, Section no. 52150",B,2,Computer Science
Spring 2023,52150,C S, 329E,ELEMENTS OF DATA ANALYTICS,"C S-329E: ELEMENTS OF DATA ANALYTICS, Section no. 52150",B+,2,Computer Science
Spring 2023,52150,C S, 329E,ELEMENTS OF DATA ANALYTICS,"C S-329E: ELEMENTS OF DATA ANALYTICS, Section no. 52150",A-,17,Computer Science
Spring 2023,52150,C S, 329E,ELEMENTS OF DATA ANALYTICS,"C S-329E: ELEMENTS OF DATA ANALYTICS, Section no. 52150",A,29,Computer Science
Spring 2023,52160,C S, 329E,ELEMENTS OF GAME DEVELOPMENT,"C S-329E: ELEMENTS OF GAME DEVELOPMENT, Section no. 52160",Other,4,Computer Science
Spring 2023,52160,C S, 329E,ELEMENTS OF GAME DEVELOPMENT,"C S-329E: ELEMENTS OF GAME DEVELOPMENT, Section no. 52160",F,1,Computer Science
Spring 2023,52160,C S, 329E,ELEMENTS OF GAME DEVELOPMENT,"C S-329E: ELEMENTS OF GAME DEVELOPMENT, Section no. 52160",B-,1,Computer Science
Spring 2023,52160,C S, 329E,ELEMENTS OF GAME DEVELOPMENT,"C S-329E: ELEMENTS OF GAME DEVELOPMENT, Section no. 52160",B,1,Computer Science
Spring 2023,52160,C S, 329E,ELEMENTS OF GAME DEVELOPMENT,"C S-329E: ELEMENTS OF GAME DEVELOPMENT, Section no. 52160",B+,1,Computer Science
Spring 2023,52160,C S, 329E,ELEMENTS OF GAME DEVELOPMENT,"C S-329E: ELEMENTS OF GAME DEVELOPMENT, Section no. 52160",A-,6,Computer Science
Spring 2023,52160,C S, 329E,ELEMENTS OF GAME DEVELOPMENT,"C S-329E: ELEMENTS OF GAME DEVELOPMENT, Section no. 52160",A,26,Computer Science
Spring 2023,52165,C S, 329E,ELEMENTS OF DATA VISUALIZATION,"C S-329E: ELEMENTS OF DATA VISUALIZATION, Section no. 52165",B-,1,Computer Science
Spring 2023,52165,C S, 329E,ELEMENTS OF DATA VISUALIZATION,"C S-329E: ELEMENTS OF DATA VISUALIZATION, Section no. 52165",B,2,Computer Science
Spring 2023,52165,C S, 329E,ELEMENTS OF DATA VISUALIZATION,"C S-329E: ELEMENTS OF DATA VISUALIZATION, Section no. 52165",B+,5,Computer Science
Spring 2023,52165,C S, 329E,ELEMENTS OF DATA VISUALIZATION,"C S-329E: ELEMENTS OF DATA VISUALIZATION, Section no. 52165",A-,6,Computer Science
Spring 2023,52165,C S, 329E,ELEMENTS OF DATA VISUALIZATION,"C S-329E: ELEMENTS OF DATA VISUALIZATION, Section no. 52165",A,46,Computer Science
Spring 2023,52170,C S, 329E,ELEMENTS OF DATA VISUALIZATION,"C S-329E: ELEMENTS OF DATA VISUALIZATION, Section no. 52170",C,2,Computer Science
Spring 2023,52170,C S, 329E,ELEMENTS OF DATA VISUALIZATION,"C S-329E: ELEMENTS OF DATA VISUALIZATION, Section no. 52170",B+,4,Computer Science
Spring 2023,52170,C S, 329E,ELEMENTS OF DATA VISUALIZATION,"C S-329E: ELEMENTS OF DATA VISUALIZATION, Section no. 52170",A-,3,Computer Science
Spring 2023,52170,C S, 329E,ELEMENTS OF DATA VISUALIZATION,"C S-329E: ELEMENTS OF DATA VISUALIZATION, Section no. 52170",A,45,Computer Science
Spring 2023,52175,C S, 329E,ELEMENTS OF WEB PROGRAMMING,"C S-329E: ELEMENTS OF WEB PROGRAMMING, Section no. 52175",Other,2,Computer Science
Spring 2023,52175,C S, 329E,ELEMENTS OF WEB PROGRAMMING,"C S-329E: ELEMENTS OF WEB PROGRAMMING, Section no. 52175",F,1,Computer Science
Spring 2023,52175,C S, 329E,ELEMENTS OF WEB PROGRAMMING,"C S-329E: ELEMENTS OF WEB PROGRAMMING, Section no. 52175",C,2,Computer Science
Spring 2023,52175,C S, 329E,ELEMENTS OF WEB PROGRAMMING,"C S-329E: ELEMENTS OF WEB PROGRAMMING, Section no. 52175",B-,1,Computer Science
Spring 2023,52175,C S, 329E,ELEMENTS OF WEB PROGRAMMING,"C S-329E: ELEMENTS OF WEB PROGRAMMING, Section no. 52175",B,1,Computer Science
Spring 2023,52175,C S, 329E,ELEMENTS OF WEB PROGRAMMING,"C S-329E: ELEMENTS OF WEB PROGRAMMING, Section no. 52175",B+,2,Computer Science
Spring 2023,52175,C S, 329E,ELEMENTS OF WEB PROGRAMMING,"C S-329E: ELEMENTS OF WEB PROGRAMMING, Section no. 52175",A-,4,Computer Science
Spring 2023,52175,C S, 329E,ELEMENTS OF WEB PROGRAMMING,"C S-329E: ELEMENTS OF WEB PROGRAMMING, Section no. 52175",A,46,Computer Science
Spring 2023,52180,C S, 329E,ELEMENTS OF WEB PROGRAMMING,"C S-329E: ELEMENTS OF WEB PROGRAMMING, Section no. 52180",C,1,Computer Science
Spring 2023,52180,C S, 329E,ELEMENTS OF WEB PROGRAMMING,"C S-329E: ELEMENTS OF WEB PROGRAMMING, Section no. 52180",B-,1,Computer Science
Spring 2023,52180,C S, 329E,ELEMENTS OF WEB PROGRAMMING,"C S-329E: ELEMENTS OF WEB PROGRAMMING, Section no. 52180",B,1,Computer Science
Spring 2023,52180,C S, 329E,ELEMENTS OF WEB PROGRAMMING,"C S-329E: ELEMENTS OF WEB PROGRAMMING, Section no. 52180",B+,2,Computer Science
Spring 2023,52180,C S, 329E,ELEMENTS OF WEB PROGRAMMING,"C S-329E: ELEMENTS OF WEB PROGRAMMING, Section no. 52180",A-,7,Computer Science
Spring 2023,52180,C S, 329E,ELEMENTS OF WEB PROGRAMMING,"C S-329E: ELEMENTS OF WEB PROGRAMMING, Section no. 52180",A,47,Computer Science
Spring 2023,52185,C S, 429H,COMP ORGANIZATN & ARCH: HONORS,"C S-429H: COMP ORGANIZATN & ARCH: HONORS, Section no. 52185",C,1,Computer Science
Spring 2023,52185,C S, 429H,COMP ORGANIZATN & ARCH: HONORS,"C S-429H: COMP ORGANIZATN & ARCH: HONORS, Section no. 52185",C+,1,Computer Science
Spring 2023,52185,C S, 429H,COMP ORGANIZATN & ARCH: HONORS,"C S-429H: COMP ORGANIZATN & ARCH: HONORS, Section no. 52185",B-,3,Computer Science
Spring 2023,52185,C S, 429H,COMP ORGANIZATN & ARCH: HONORS,"C S-429H: COMP ORGANIZATN & ARCH: HONORS, Section no. 52185",B,8,Computer Science
Spring 2023,52185,C S, 429H,COMP ORGANIZATN & ARCH: HONORS,"C S-429H: COMP ORGANIZATN & ARCH: HONORS, Section no. 52185",B+,7,Computer Science
Spring 2023,52185,C S, 429H,COMP ORGANIZATN & ARCH: HONORS,"C S-429H: COMP ORGANIZATN & ARCH: HONORS, Section no. 52185",A-,6,Computer Science
Spring 2023,52185,C S, 429H,COMP ORGANIZATN & ARCH: HONORS,"C S-429H: COMP ORGANIZATN & ARCH: HONORS, Section no. 52185",A,5,Computer Science
Spring 2023,52190,C S, 429H,COMP ORGANIZATN & ARCH: HONORS,"C S-429H: COMP ORGANIZATN & ARCH: HONORS, Section no. 52190",Other,1,Computer Science
Spring 2023,52190,C S, 429H,COMP ORGANIZATN & ARCH: HONORS,"C S-429H: COMP ORGANIZATN & ARCH: HONORS, Section no. 52190",D-,2,Computer Science
Spring 2023,52190,C S, 429H,COMP ORGANIZATN & ARCH: HONORS,"C S-429H: COMP ORGANIZATN & ARCH: HONORS, Section no. 52190",D+,1,Computer Science
Spring 2023,52190,C S, 429H,COMP ORGANIZATN & ARCH: HONORS,"C S-429H: COMP ORGANIZATN & ARCH: HONORS, Section no. 52190",C-,4,Computer Science
Spring 2023,52190,C S, 429H,COMP ORGANIZATN & ARCH: HONORS,"C S-429H: COMP ORGANIZATN & ARCH: HONORS, Section no. 52190",C,3,Computer Science
Spring 2023,52190,C S, 429H,COMP ORGANIZATN & ARCH: HONORS,"C S-429H: COMP ORGANIZATN & ARCH: HONORS, Section no. 52190",B-,1,Computer Science
Spring 2023,52190,C S, 429H,COMP ORGANIZATN & ARCH: HONORS,"C S-429H: COMP ORGANIZATN & ARCH: HONORS, Section no. 52190",B,11,Computer Science
Spring 2023,52190,C S, 429H,COMP ORGANIZATN & ARCH: HONORS,"C S-429H: COMP ORGANIZATN & ARCH: HONORS, Section no. 52190",B+,13,Computer Science
Spring 2023,52190,C S, 429H,COMP ORGANIZATN & ARCH: HONORS,"C S-429H: COMP ORGANIZATN & ARCH: HONORS, Section no. 52190",A-,19,Computer Science
Spring 2023,52190,C S, 429H,COMP ORGANIZATN & ARCH: HONORS,"C S-429H: COMP ORGANIZATN & ARCH: HONORS, Section no. 52190",A,13,Computer Science
Spring 2023,52195,C S, 331,ALGORITHMS AND COMPLEXITY,"C S-331: ALGORITHMS AND COMPLEXITY, Section no. 52195",D+,1,Computer Science
Spring 2023,52195,C S, 331,ALGORITHMS AND COMPLEXITY,"C S-331: ALGORITHMS AND COMPLEXITY, Section no. 52195",C,3,Computer Science
Spring 2023,52195,C S, 331,ALGORITHMS AND COMPLEXITY,"C S-331: ALGORITHMS AND COMPLEXITY, Section no. 52195",C+,2,Computer Science
Spring 2023,52195,C S, 331,ALGORITHMS AND COMPLEXITY,"C S-331: ALGORITHMS AND COMPLEXITY, Section no. 52195",B-,6,Computer Science
Spring 2023,52195,C S, 331,ALGORITHMS AND COMPLEXITY,"C S-331: ALGORITHMS AND COMPLEXITY, Section no. 52195",B,8,Computer Science
Spring 2023,52195,C S, 331,ALGORITHMS AND COMPLEXITY,"C S-331: ALGORITHMS AND COMPLEXITY, Section no. 52195",B+,5,Computer Science
Spring 2023,52195,C S, 331,ALGORITHMS AND COMPLEXITY,"C S-331: ALGORITHMS AND COMPLEXITY, Section no. 52195",A-,2,Computer Science
Spring 2023,52195,C S, 331,ALGORITHMS AND COMPLEXITY,"C S-331: ALGORITHMS AND COMPLEXITY, Section no. 52195",A,9,Computer Science
Spring 2023,52200,C S, 331,ALGORITHMS AND COMPLEXITY,"C S-331: ALGORITHMS AND COMPLEXITY, Section no. 52200",Other,1,Computer Science
Spring 2023,52200,C S, 331,ALGORITHMS AND COMPLEXITY,"C S-331: ALGORITHMS AND COMPLEXITY, Section no. 52200",C+,4,Computer Science
Spring 2023,52200,C S, 331,ALGORITHMS AND COMPLEXITY,"C S-331: ALGORITHMS AND COMPLEXITY, Section no. 52200",B-,5,Computer Science
Spring 2023,52200,C S, 331,ALGORITHMS AND COMPLEXITY,"C S-331: ALGORITHMS AND COMPLEXITY, Section no. 52200",B,5,Computer Science
Spring 2023,52200,C S, 331,ALGORITHMS AND COMPLEXITY,"C S-331: ALGORITHMS AND COMPLEXITY, Section no. 52200",B+,6,Computer Science
Spring 2023,52200,C S, 331,ALGORITHMS AND COMPLEXITY,"C S-331: ALGORITHMS AND COMPLEXITY, Section no. 52200",A-,7,Computer Science
Spring 2023,52200,C S, 331,ALGORITHMS AND COMPLEXITY,"C S-331: ALGORITHMS AND COMPLEXITY, Section no. 52200",A,7,Computer Science
Spring 2023,52205,C S, 331,ALGORITHMS AND COMPLEXITY,"C S-331: ALGORITHMS AND COMPLEXITY, Section no. 52205",Other,2,Computer Science
Spring 2023,52205,C S, 331,ALGORITHMS AND COMPLEXITY,"C S-331: ALGORITHMS AND COMPLEXITY, Section no. 52205",C-,2,Computer Science
Spring 2023,52205,C S, 331,ALGORITHMS AND COMPLEXITY,"C S-331: ALGORITHMS AND COMPLEXITY, Section no. 52205",C,2,Computer Science
Spring 2023,52205,C S, 331,ALGORITHMS AND COMPLEXITY,"C S-331: ALGORITHMS AND COMPLEXITY, Section no. 52205",C+,3,Computer Science
Spring 2023,52205,C S, 331,ALGORITHMS AND COMPLEXITY,"C S-331: ALGORITHMS AND COMPLEXITY, Section no. 52205",B-,4,Computer Science
Spring 2023,52205,C S, 331,ALGORITHMS AND COMPLEXITY,"C S-331: ALGORITHMS AND COMPLEXITY, Section no. 52205",B,8,Computer Science
Spring 2023,52205,C S, 331,ALGORITHMS AND COMPLEXITY,"C S-331: ALGORITHMS AND COMPLEXITY, Section no. 52205",B+,3,Computer Science
Spring 2023,52205,C S, 331,ALGORITHMS AND COMPLEXITY,"C S-331: ALGORITHMS AND COMPLEXITY, Section no. 52205",A-,3,Computer Science
Spring 2023,52205,C S, 331,ALGORITHMS AND COMPLEXITY,"C S-331: ALGORITHMS AND COMPLEXITY, Section no. 52205",A,8,Computer Science
Spring 2023,52210,C S, 331,ALGORITHMS AND COMPLEXITY,"C S-331: ALGORITHMS AND COMPLEXITY, Section no. 52210",C,2,Computer Science
Spring 2023,52210,C S, 331,ALGORITHMS AND COMPLEXITY,"C S-331: ALGORITHMS AND COMPLEXITY, Section no. 52210",C+,2,Computer Science
Spring 2023,52210,C S, 331,ALGORITHMS AND COMPLEXITY,"C S-331: ALGORITHMS AND COMPLEXITY, Section no. 52210",B-,2,Computer Science
Spring 2023,52210,C S, 331,ALGORITHMS AND COMPLEXITY,"C S-331: ALGORITHMS AND COMPLEXITY, Section no. 52210",B,4,Computer Science
Spring 2023,52210,C S, 331,ALGORITHMS AND COMPLEXITY,"C S-331: ALGORITHMS AND COMPLEXITY, Section no. 52210",B+,8,Computer Science
Spring 2023,52210,C S, 331,ALGORITHMS AND COMPLEXITY,"C S-331: ALGORITHMS AND COMPLEXITY, Section no. 52210",A-,6,Computer Science
Spring 2023,52210,C S, 331,ALGORITHMS AND COMPLEXITY,"C S-331: ALGORITHMS AND COMPLEXITY, Section no. 52210",A,11,Computer Science
Spring 2023,52215,C S, 331,ALGORITHMS AND COMPLEXITY,"C S-331: ALGORITHMS AND COMPLEXITY, Section no. 52215",Other,5,Computer Science
Spring 2023,52215,C S, 331,ALGORITHMS AND COMPLEXITY,"C S-331: ALGORITHMS AND COMPLEXITY, Section no. 52215",B-,2,Computer Science
Spring 2023,52215,C S, 331,ALGORITHMS AND COMPLEXITY,"C S-331: ALGORITHMS AND COMPLEXITY, Section no. 52215",B+,4,Computer Science
Spring 2023,52215,C S, 331,ALGORITHMS AND COMPLEXITY,"C S-331: ALGORITHMS AND COMPLEXITY, Section no. 52215",A-,1,Computer Science
Spring 2023,52215,C S, 331,ALGORITHMS AND COMPLEXITY,"C S-331: ALGORITHMS AND COMPLEXITY, Section no. 52215",A,2,Computer Science
Spring 2023,52220,C S, 331,ALGORITHMS AND COMPLEXITY,"C S-331: ALGORITHMS AND COMPLEXITY, Section no. 52220",Other,3,Computer Science
Spring 2023,52220,C S, 331,ALGORITHMS AND COMPLEXITY,"C S-331: ALGORITHMS AND COMPLEXITY, Section no. 52220",C,1,Computer Science
Spring 2023,52220,C S, 331,ALGORITHMS AND COMPLEXITY,"C S-331: ALGORITHMS AND COMPLEXITY, Section no. 52220",C+,2,Computer Science
Spring 2023,52220,C S, 331,ALGORITHMS AND COMPLEXITY,"C S-331: ALGORITHMS AND COMPLEXITY, Section no. 52220",B-,3,Computer Science
Spring 2023,52220,C S, 331,ALGORITHMS AND COMPLEXITY,"C S-331: ALGORITHMS AND COMPLEXITY, Section no. 52220",B,3,Computer Science
Spring 2023,52220,C S, 331,ALGORITHMS AND COMPLEXITY,"C S-331: ALGORITHMS AND COMPLEXITY, Section no. 52220",B+,1,Computer Science
Spring 2023,52220,C S, 331,ALGORITHMS AND COMPLEXITY,"C S-331: ALGORITHMS AND COMPLEXITY, Section no. 52220",A-,2,Computer Science
Spring 2023,52220,C S, 331,ALGORITHMS AND COMPLEXITY,"C S-331: ALGORITHMS AND COMPLEXITY, Section no. 52220",A,4,Computer Science
Spring 2023,52225,C S, 331,ALGORITHMS AND COMPLEXITY,"C S-331: ALGORITHMS AND COMPLEXITY, Section no. 52225",Other,4,Computer Science
Spring 2023,52225,C S, 331,ALGORITHMS AND COMPLEXITY,"C S-331: ALGORITHMS AND COMPLEXITY, Section no. 52225",F,1,Computer Science
Spring 2023,52225,C S, 331,ALGORITHMS AND COMPLEXITY,"C S-331: ALGORITHMS AND COMPLEXITY, Section no. 52225",C,7,Computer Science
Spring 2023,52225,C S, 331,ALGORITHMS AND COMPLEXITY,"C S-331: ALGORITHMS AND COMPLEXITY, Section no. 52225",C+,1,Computer Science
Spring 2023,52225,C S, 331,ALGORITHMS AND COMPLEXITY,"C S-331: ALGORITHMS AND COMPLEXITY, Section no. 52225",B-,2,Computer Science
Spring 2023,52225,C S, 331,ALGORITHMS AND COMPLEXITY,"C S-331: ALGORITHMS AND COMPLEXITY, Section no. 52225",B,2,Computer Science
Spring 2023,52225,C S, 331,ALGORITHMS AND COMPLEXITY,"C S-331: ALGORITHMS AND COMPLEXITY, Section no. 52225",B+,4,Computer Science
Spring 2023,52225,C S, 331,ALGORITHMS AND COMPLEXITY,"C S-331: ALGORITHMS AND COMPLEXITY, Section no. 52225",A-,1,Computer Science
Spring 2023,52225,C S, 331,ALGORITHMS AND COMPLEXITY,"C S-331: ALGORITHMS AND COMPLEXITY, Section no. 52225",A,13,Computer Science
Spring 2023,52230,C S, 331,ALGORITHMS AND COMPLEXITY,"C S-331: ALGORITHMS AND COMPLEXITY, Section no. 52230",Other,3,Computer Science
Spring 2023,52230,C S, 331,ALGORITHMS AND COMPLEXITY,"C S-331: ALGORITHMS AND COMPLEXITY, Section no. 52230",C,4,Computer Science
Spring 2023,52230,C S, 331,ALGORITHMS AND COMPLEXITY,"C S-331: ALGORITHMS AND COMPLEXITY, Section no. 52230",C+,5,Computer Science
Spring 2023,52230,C S, 331,ALGORITHMS AND COMPLEXITY,"C S-331: ALGORITHMS AND COMPLEXITY, Section no. 52230",B-,4,Computer Science
Spring 2023,52230,C S, 331,ALGORITHMS AND COMPLEXITY,"C S-331: ALGORITHMS AND COMPLEXITY, Section no. 52230",B,3,Computer Science
Spring 2023,52230,C S, 331,ALGORITHMS AND COMPLEXITY,"C S-331: ALGORITHMS AND COMPLEXITY, Section no. 52230",B+,4,Computer Science
Spring 2023,52230,C S, 331,ALGORITHMS AND COMPLEXITY,"C S-331: ALGORITHMS AND COMPLEXITY, Section no. 52230",A-,1,Computer Science
Spring 2023,52230,C S, 331,ALGORITHMS AND COMPLEXITY,"C S-331: ALGORITHMS AND COMPLEXITY, Section no. 52230",A,11,Computer Science
Spring 2023,52235,C S, 331E,ELMNTS SOFTWARE ENGINEER II,"C S-331E: ELMNTS SOFTWARE ENGINEER II, Section no. 52235",Other,5,Computer Science
Spring 2023,52235,C S, 331E,ELMNTS SOFTWARE ENGINEER II,"C S-331E: ELMNTS SOFTWARE ENGINEER II, Section no. 52235",C,1,Computer Science
Spring 2023,52235,C S, 331E,ELMNTS SOFTWARE ENGINEER II,"C S-331E: ELMNTS SOFTWARE ENGINEER II, Section no. 52235",B-,4,Computer Science
Spring 2023,52235,C S, 331E,ELMNTS SOFTWARE ENGINEER II,"C S-331E: ELMNTS SOFTWARE ENGINEER II, Section no. 52235",B,2,Computer Science
Spring 2023,52235,C S, 331E,ELMNTS SOFTWARE ENGINEER II,"C S-331E: ELMNTS SOFTWARE ENGINEER II, Section no. 52235",B+,4,Computer Science
Spring 2023,52235,C S, 331E,ELMNTS SOFTWARE ENGINEER II,"C S-331E: ELMNTS SOFTWARE ENGINEER II, Section no. 52235",A-,11,Computer Science
Spring 2023,52235,C S, 331E,ELMNTS SOFTWARE ENGINEER II,"C S-331E: ELMNTS SOFTWARE ENGINEER II, Section no. 52235",A,45,Computer Science
Spring 2023,52240,C S, 331H,ALGORITHMS AND COMPLEXITY: HON,"C S-331H: ALGORITHMS AND COMPLEXITY: HON, Section no. 52240",F,2,Computer Science
Spring 2023,52240,C S, 331H,ALGORITHMS AND COMPLEXITY: HON,"C S-331H: ALGORITHMS AND COMPLEXITY: HON, Section no. 52240",C,1,Computer Science
Spring 2023,52240,C S, 331H,ALGORITHMS AND COMPLEXITY: HON,"C S-331H: ALGORITHMS AND COMPLEXITY: HON, Section no. 52240",C+,2,Computer Science
Spring 2023,52240,C S, 331H,ALGORITHMS AND COMPLEXITY: HON,"C S-331H: ALGORITHMS AND COMPLEXITY: HON, Section no. 52240",B-,5,Computer Science
Spring 2023,52240,C S, 331H,ALGORITHMS AND COMPLEXITY: HON,"C S-331H: ALGORITHMS AND COMPLEXITY: HON, Section no. 52240",B,7,Computer Science
Spring 2023,52240,C S, 331H,ALGORITHMS AND COMPLEXITY: HON,"C S-331H: ALGORITHMS AND COMPLEXITY: HON, Section no. 52240",B+,10,Computer Science
Spring 2023,52240,C S, 331H,ALGORITHMS AND COMPLEXITY: HON,"C S-331H: ALGORITHMS AND COMPLEXITY: HON, Section no. 52240",A-,9,Computer Science
Spring 2023,52240,C S, 331H,ALGORITHMS AND COMPLEXITY: HON,"C S-331H: ALGORITHMS AND COMPLEXITY: HON, Section no. 52240",A,9,Computer Science
Spring 2023,52245,C S, 331H,ALGORITHMS AND COMPLEXITY: HON,"C S-331H: ALGORITHMS AND COMPLEXITY: HON, Section no. 52245",D,1,Computer Science
Spring 2023,52245,C S, 331H,ALGORITHMS AND COMPLEXITY: HON,"C S-331H: ALGORITHMS AND COMPLEXITY: HON, Section no. 52245",B-,5,Computer Science
Spring 2023,52245,C S, 331H,ALGORITHMS AND COMPLEXITY: HON,"C S-331H: ALGORITHMS AND COMPLEXITY: HON, Section no. 52245",B,6,Computer Science
Spring 2023,52245,C S, 331H,ALGORITHMS AND COMPLEXITY: HON,"C S-331H: ALGORITHMS AND COMPLEXITY: HON, Section no. 52245",B+,7,Computer Science
Spring 2023,52245,C S, 331H,ALGORITHMS AND COMPLEXITY: HON,"C S-331H: ALGORITHMS AND COMPLEXITY: HON, Section no. 52245",A-,3,Computer Science
Spring 2023,52245,C S, 331H,ALGORITHMS AND COMPLEXITY: HON,"C S-331H: ALGORITHMS AND COMPLEXITY: HON, Section no. 52245",A,23,Computer Science
Spring 2023,52250,C S, 439,PRINCIPLES OF COMPUTER SYS-C S,"C S-439: PRINCIPLES OF COMPUTER SYS-C S, Section no. 52250",Other,3,Computer Science
Spring 2023,52250,C S, 439,PRINCIPLES OF COMPUTER SYS-C S,"C S-439: PRINCIPLES OF COMPUTER SYS-C S, Section no. 52250",C-,6,Computer Science
Spring 2023,52250,C S, 439,PRINCIPLES OF COMPUTER SYS-C S,"C S-439: PRINCIPLES OF COMPUTER SYS-C S, Section no. 52250",C,2,Computer Science
Spring 2023,52250,C S, 439,PRINCIPLES OF COMPUTER SYS-C S,"C S-439: PRINCIPLES OF COMPUTER SYS-C S, Section no. 52250",C+,6,Computer Science
Spring 2023,52250,C S, 439,PRINCIPLES OF COMPUTER SYS-C S,"C S-439: PRINCIPLES OF COMPUTER SYS-C S, Section no. 52250",B-,15,Computer Science
Spring 2023,52250,C S, 439,PRINCIPLES OF COMPUTER SYS-C S,"C S-439: PRINCIPLES OF COMPUTER SYS-C S, Section no. 52250",B,15,Computer Science
Spring 2023,52250,C S, 439,PRINCIPLES OF COMPUTER SYS-C S,"C S-439: PRINCIPLES OF COMPUTER SYS-C S, Section no. 52250",B+,18,Computer Science
Spring 2023,52250,C S, 439,PRINCIPLES OF COMPUTER SYS-C S,"C S-439: PRINCIPLES OF COMPUTER SYS-C S, Section no. 52250",A-,7,Computer Science
Spring 2023,52250,C S, 439,PRINCIPLES OF COMPUTER SYS-C S,"C S-439: PRINCIPLES OF COMPUTER SYS-C S, Section no. 52250",A,3,Computer Science
Spring 2023,52255,C S, 439,PRINCIPLES OF COMPUTER SYS-C S,"C S-439: PRINCIPLES OF COMPUTER SYS-C S, Section no. 52255",Other,1,Computer Science
Spring 2023,52255,C S, 439,PRINCIPLES OF COMPUTER SYS-C S,"C S-439: PRINCIPLES OF COMPUTER SYS-C S, Section no. 52255",D,1,Computer Science
Spring 2023,52255,C S, 439,PRINCIPLES OF COMPUTER SYS-C S,"C S-439: PRINCIPLES OF COMPUTER SYS-C S, Section no. 52255",C,1,Computer Science
Spring 2023,52255,C S, 439,PRINCIPLES OF COMPUTER SYS-C S,"C S-439: PRINCIPLES OF COMPUTER SYS-C S, Section no. 52255",C+,1,Computer Science
Spring 2023,52255,C S, 439,PRINCIPLES OF COMPUTER SYS-C S,"C S-439: PRINCIPLES OF COMPUTER SYS-C S, Section no. 52255",B-,2,Computer Science
Spring 2023,52255,C S, 439,PRINCIPLES OF COMPUTER SYS-C S,"C S-439: PRINCIPLES OF COMPUTER SYS-C S, Section no. 52255",B,4,Computer Science
Spring 2023,52255,C S, 439,PRINCIPLES OF COMPUTER SYS-C S,"C S-439: PRINCIPLES OF COMPUTER SYS-C S, Section no. 52255",B+,2,Computer Science
Spring 2023,52255,C S, 439,PRINCIPLES OF COMPUTER SYS-C S,"C S-439: PRINCIPLES OF COMPUTER SYS-C S, Section no. 52255",A-,3,Computer Science
Spring 2023,52255,C S, 439,PRINCIPLES OF COMPUTER SYS-C S,"C S-439: PRINCIPLES OF COMPUTER SYS-C S, Section no. 52255",A,5,Computer Science
Spring 2023,52260,C S, 439,PRINCIPLES OF COMPUTER SYS-C S,"C S-439: PRINCIPLES OF COMPUTER SYS-C S, Section no. 52260",B-,3,Computer Science
Spring 2023,52260,C S, 439,PRINCIPLES OF COMPUTER SYS-C S,"C S-439: PRINCIPLES OF COMPUTER SYS-C S, Section no. 52260",B,3,Computer Science
Spring 2023,52260,C S, 439,PRINCIPLES OF COMPUTER SYS-C S,"C S-439: PRINCIPLES OF COMPUTER SYS-C S, Section no. 52260",B+,2,Computer Science
Spring 2023,52260,C S, 439,PRINCIPLES OF COMPUTER SYS-C S,"C S-439: PRINCIPLES OF COMPUTER SYS-C S, Section no. 52260",A-,2,Computer Science
Spring 2023,52260,C S, 439,PRINCIPLES OF COMPUTER SYS-C S,"C S-439: PRINCIPLES OF COMPUTER SYS-C S, Section no. 52260",A,9,Computer Science
Spring 2023,52265,C S, 439,PRINCIPLES OF COMPUTER SYS-C S,"C S-439: PRINCIPLES OF COMPUTER SYS-C S, Section no. 52265",Other,1,Computer Science
Spring 2023,52265,C S, 439,PRINCIPLES OF COMPUTER SYS-C S,"C S-439: PRINCIPLES OF COMPUTER SYS-C S, Section no. 52265",F,1,Computer Science
Spring 2023,52265,C S, 439,PRINCIPLES OF COMPUTER SYS-C S,"C S-439: PRINCIPLES OF COMPUTER SYS-C S, Section no. 52265",C,2,Computer Science
Spring 2023,52265,C S, 439,PRINCIPLES OF COMPUTER SYS-C S,"C S-439: PRINCIPLES OF COMPUTER SYS-C S, Section no. 52265",C+,4,Computer Science
Spring 2023,52265,C S, 439,PRINCIPLES OF COMPUTER SYS-C S,"C S-439: PRINCIPLES OF COMPUTER SYS-C S, Section no. 52265",B-,1,Computer Science
Spring 2023,52265,C S, 439,PRINCIPLES OF COMPUTER SYS-C S,"C S-439: PRINCIPLES OF COMPUTER SYS-C S, Section no. 52265",B,3,Computer Science
Spring 2023,52265,C S, 439,PRINCIPLES OF COMPUTER SYS-C S,"C S-439: PRINCIPLES OF COMPUTER SYS-C S, Section no. 52265",B+,2,Computer Science
Spring 2023,52265,C S, 439,PRINCIPLES OF COMPUTER SYS-C S,"C S-439: PRINCIPLES OF COMPUTER SYS-C S, Section no. 52265",A-,1,Computer Science
Spring 2023,52265,C S, 439,PRINCIPLES OF COMPUTER SYS-C S,"C S-439: PRINCIPLES OF COMPUTER SYS-C S, Section no. 52265",A,1,Computer Science
Spring 2023,52270,C S, 439,PRINCIPLES OF COMPUTER SYS-C S,"C S-439: PRINCIPLES OF COMPUTER SYS-C S, Section no. 52270",Other,1,Computer Science
Spring 2023,52270,C S, 439,PRINCIPLES OF COMPUTER SYS-C S,"C S-439: PRINCIPLES OF COMPUTER SYS-C S, Section no. 52270",C,1,Computer Science
Spring 2023,52270,C S, 439,PRINCIPLES OF COMPUTER SYS-C S,"C S-439: PRINCIPLES OF COMPUTER SYS-C S, Section no. 52270",C+,4,Computer Science
Spring 2023,52270,C S, 439,PRINCIPLES OF COMPUTER SYS-C S,"C S-439: PRINCIPLES OF COMPUTER SYS-C S, Section no. 52270",B-,1,Computer Science
Spring 2023,52270,C S, 439,PRINCIPLES OF COMPUTER SYS-C S,"C S-439: PRINCIPLES OF COMPUTER SYS-C S, Section no. 52270",B,5,Computer Science
Spring 2023,52270,C S, 439,PRINCIPLES OF COMPUTER SYS-C S,"C S-439: PRINCIPLES OF COMPUTER SYS-C S, Section no. 52270",B+,4,Computer Science
Spring 2023,52270,C S, 439,PRINCIPLES OF COMPUTER SYS-C S,"C S-439: PRINCIPLES OF COMPUTER SYS-C S, Section no. 52270",A-,1,Computer Science
Spring 2023,52270,C S, 439,PRINCIPLES OF COMPUTER SYS-C S,"C S-439: PRINCIPLES OF COMPUTER SYS-C S, Section no. 52270",A,3,Computer Science
Spring 2023,52275,C S, 439,PRINCIPLES OF COMPUTER SYS-C S,"C S-439: PRINCIPLES OF COMPUTER SYS-C S, Section no. 52275",C,2,Computer Science
Spring 2023,52275,C S, 439,PRINCIPLES OF COMPUTER SYS-C S,"C S-439: PRINCIPLES OF COMPUTER SYS-C S, Section no. 52275",C+,1,Computer Science
Spring 2023,52275,C S, 439,PRINCIPLES OF COMPUTER SYS-C S,"C S-439: PRINCIPLES OF COMPUTER SYS-C S, Section no. 52275",B-,1,Computer Science
Spring 2023,52275,C S, 439,PRINCIPLES OF COMPUTER SYS-C S,"C S-439: PRINCIPLES OF COMPUTER SYS-C S, Section no. 52275",B,9,Computer Science
Spring 2023,52275,C S, 439,PRINCIPLES OF COMPUTER SYS-C S,"C S-439: PRINCIPLES OF COMPUTER SYS-C S, Section no. 52275",B+,3,Computer Science
Spring 2023,52275,C S, 439,PRINCIPLES OF COMPUTER SYS-C S,"C S-439: PRINCIPLES OF COMPUTER SYS-C S, Section no. 52275",A-,2,Computer Science
Spring 2023,52275,C S, 439,PRINCIPLES OF COMPUTER SYS-C S,"C S-439: PRINCIPLES OF COMPUTER SYS-C S, Section no. 52275",A,5,Computer Science
Spring 2023,52280,C S, 439,PRINCIPLES OF COMPUTER SYS-C S,"C S-439: PRINCIPLES OF COMPUTER SYS-C S, Section no. 52280",Other,1,Computer Science
Spring 2023,52280,C S, 439,PRINCIPLES OF COMPUTER SYS-C S,"C S-439: PRINCIPLES OF COMPUTER SYS-C S, Section no. 52280",C+,1,Computer Science
Spring 2023,52280,C S, 439,PRINCIPLES OF COMPUTER SYS-C S,"C S-439: PRINCIPLES OF COMPUTER SYS-C S, Section no. 52280",B-,3,Computer Science
Spring 2023,52280,C S, 439,PRINCIPLES OF COMPUTER SYS-C S,"C S-439: PRINCIPLES OF COMPUTER SYS-C S, Section no. 52280",B,6,Computer Science
Spring 2023,52280,C S, 439,PRINCIPLES OF COMPUTER SYS-C S,"C S-439: PRINCIPLES OF COMPUTER SYS-C S, Section no. 52280",B+,4,Computer Science
Spring 2023,52280,C S, 439,PRINCIPLES OF COMPUTER SYS-C S,"C S-439: PRINCIPLES OF COMPUTER SYS-C S, Section no. 52280",A-,5,Computer Science
Spring 2023,52280,C S, 439,PRINCIPLES OF COMPUTER SYS-C S,"C S-439: PRINCIPLES OF COMPUTER SYS-C S, Section no. 52280",A,3,Computer Science
Spring 2023,52285,C S, 340D,DEBUGGING & VERIFYING PROGRAMS,"C S-340D: DEBUGGING & VERIFYING PROGRAMS, Section no. 52285",Other,2,Computer Science
Spring 2023,52285,C S, 340D,DEBUGGING & VERIFYING PROGRAMS,"C S-340D: DEBUGGING & VERIFYING PROGRAMS, Section no. 52285",F,1,Computer Science
Spring 2023,52285,C S, 340D,DEBUGGING & VERIFYING PROGRAMS,"C S-340D: DEBUGGING & VERIFYING PROGRAMS, Section no. 52285",D+,1,Computer Science
Spring 2023,52285,C S, 340D,DEBUGGING & VERIFYING PROGRAMS,"C S-340D: DEBUGGING & VERIFYING PROGRAMS, Section no. 52285",C,1,Computer Science
Spring 2023,52285,C S, 340D,DEBUGGING & VERIFYING PROGRAMS,"C S-340D: DEBUGGING & VERIFYING PROGRAMS, Section no. 52285",B,1,Computer Science
Spring 2023,52285,C S, 340D,DEBUGGING & VERIFYING PROGRAMS,"C S-340D: DEBUGGING & VERIFYING PROGRAMS, Section no. 52285",B+,2,Computer Science
Spring 2023,52285,C S, 340D,DEBUGGING & VERIFYING PROGRAMS,"C S-340D: DEBUGGING & VERIFYING PROGRAMS, Section no. 52285",A-,4,Computer Science
Spring 2023,52285,C S, 340D,DEBUGGING & VERIFYING PROGRAMS,"C S-340D: DEBUGGING & VERIFYING PROGRAMS, Section no. 52285",A,16,Computer Science
Spring 2023,52290,C S, 342,NEURAL NETWORKS,"C S-342: NEURAL NETWORKS, Section no. 52290",Other,1,Computer Science
Spring 2023,52290,C S, 342,NEURAL NETWORKS,"C S-342: NEURAL NETWORKS, Section no. 52290",F,2,Computer Science
Spring 2023,52290,C S, 342,NEURAL NETWORKS,"C S-342: NEURAL NETWORKS, Section no. 52290",D-,1,Computer Science
Spring 2023,52290,C S, 342,NEURAL NETWORKS,"C S-342: NEURAL NETWORKS, Section no. 52290",D,1,Computer Science
Spring 2023,52290,C S, 342,NEURAL NETWORKS,"C S-342: NEURAL NETWORKS, Section no. 52290",C+,1,Computer Science
Spring 2023,52290,C S, 342,NEURAL NETWORKS,"C S-342: NEURAL NETWORKS, Section no. 52290",B,3,Computer Science
Spring 2023,52290,C S, 342,NEURAL NETWORKS,"C S-342: NEURAL NETWORKS, Section no. 52290",B+,6,Computer Science
Spring 2023,52290,C S, 342,NEURAL NETWORKS,"C S-342: NEURAL NETWORKS, Section no. 52290",A-,11,Computer Science
Spring 2023,52290,C S, 342,NEURAL NETWORKS,"C S-342: NEURAL NETWORKS, Section no. 52290",A,42,Computer Science
Spring 2023,52295,C S, 343,ARTIFICIAL INTELLIGENCE,"C S-343: ARTIFICIAL INTELLIGENCE, Section no. 52295",Other,3,Computer Science
Spring 2023,52295,C S, 343,ARTIFICIAL INTELLIGENCE,"C S-343: ARTIFICIAL INTELLIGENCE, Section no. 52295",F,2,Computer Science
Spring 2023,52295,C S, 343,ARTIFICIAL INTELLIGENCE,"C S-343: ARTIFICIAL INTELLIGENCE, Section no. 52295",C-,3,Computer Science
Spring 2023,52295,C S, 343,ARTIFICIAL INTELLIGENCE,"C S-343: ARTIFICIAL INTELLIGENCE, Section no. 52295",C,2,Computer Science
Spring 2023,52295,C S, 343,ARTIFICIAL INTELLIGENCE,"C S-343: ARTIFICIAL INTELLIGENCE, Section no. 52295",C+,4,Computer Science
Spring 2023,52295,C S, 343,ARTIFICIAL INTELLIGENCE,"C S-343: ARTIFICIAL INTELLIGENCE, Section no. 52295",B-,12,Computer Science
Spring 2023,52295,C S, 343,ARTIFICIAL INTELLIGENCE,"C S-343: ARTIFICIAL INTELLIGENCE, Section no. 52295",B,1,Computer Science
Spring 2023,52295,C S, 343,ARTIFICIAL INTELLIGENCE,"C S-343: ARTIFICIAL INTELLIGENCE, Section no. 52295",B+,13,Computer Science
Spring 2023,52295,C S, 343,ARTIFICIAL INTELLIGENCE,"C S-343: ARTIFICIAL INTELLIGENCE, Section no. 52295",A-,13,Computer Science
Spring 2023,52295,C S, 343,ARTIFICIAL INTELLIGENCE,"C S-343: ARTIFICIAL INTELLIGENCE, Section no. 52295",A,16,Computer Science
Spring 2023,52300,C S, 346,CRYPTOGRAPHY,"C S-346: CRYPTOGRAPHY, Section no. 52300",Other,9,Computer Science
Spring 2023,52300,C S, 346,CRYPTOGRAPHY,"C S-346: CRYPTOGRAPHY, Section no. 52300",F,2,Computer Science
Spring 2023,52300,C S, 346,CRYPTOGRAPHY,"C S-346: CRYPTOGRAPHY, Section no. 52300",C-,1,Computer Science
Spring 2023,52300,C S, 346,CRYPTOGRAPHY,"C S-346: CRYPTOGRAPHY, Section no. 52300",C,2,Computer Science
Spring 2023,52300,C S, 346,CRYPTOGRAPHY,"C S-346: CRYPTOGRAPHY, Section no. 52300",C+,1,Computer Science
Spring 2023,52300,C S, 346,CRYPTOGRAPHY,"C S-346: CRYPTOGRAPHY, Section no. 52300",B-,2,Computer Science
Spring 2023,52300,C S, 346,CRYPTOGRAPHY,"C S-346: CRYPTOGRAPHY, Section no. 52300",B,4,Computer Science
Spring 2023,52300,C S, 346,CRYPTOGRAPHY,"C S-346: CRYPTOGRAPHY, Section no. 52300",B+,2,Computer Science
Spring 2023,52300,C S, 346,CRYPTOGRAPHY,"C S-346: CRYPTOGRAPHY, Section no. 52300",A-,2,Computer Science
Spring 2023,52300,C S, 346,CRYPTOGRAPHY,"C S-346: CRYPTOGRAPHY, Section no. 52300",A,11,Computer Science
Spring 2023,52305,C S, 347,DATA MANAGEMENT,"C S-347: DATA MANAGEMENT, Section no. 52305",Other,2,Computer Science
Spring 2023,52305,C S, 347,DATA MANAGEMENT,"C S-347: DATA MANAGEMENT, Section no. 52305",B-,3,Computer Science
Spring 2023,52305,C S, 347,DATA MANAGEMENT,"C S-347: DATA MANAGEMENT, Section no. 52305",B,2,Computer Science
Spring 2023,52305,C S, 347,DATA MANAGEMENT,"C S-347: DATA MANAGEMENT, Section no. 52305",B+,4,Computer Science
Spring 2023,52305,C S, 347,DATA MANAGEMENT,"C S-347: DATA MANAGEMENT, Section no. 52305",A-,15,Computer Science
Spring 2023,52305,C S, 347,DATA MANAGEMENT,"C S-347: DATA MANAGEMENT, Section no. 52305",A,32,Computer Science
Spring 2023,52310,C S, 349,CONTEMP ISSUES IN COMPUTER SCI,"C S-349: CONTEMP ISSUES IN COMPUTER SCI, Section no. 52310",Other,1,Computer Science
Spring 2023,52310,C S, 349,CONTEMP ISSUES IN COMPUTER SCI,"C S-349: CONTEMP ISSUES IN COMPUTER SCI, Section no. 52310",C-,1,Computer Science
Spring 2023,52310,C S, 349,CONTEMP ISSUES IN COMPUTER SCI,"C S-349: CONTEMP ISSUES IN COMPUTER SCI, Section no. 52310",C,1,Computer Science
Spring 2023,52310,C S, 349,CONTEMP ISSUES IN COMPUTER SCI,"C S-349: CONTEMP ISSUES IN COMPUTER SCI, Section no. 52310",B-,1,Computer Science
Spring 2023,52310,C S, 349,CONTEMP ISSUES IN COMPUTER SCI,"C S-349: CONTEMP ISSUES IN COMPUTER SCI, Section no. 52310",B,1,Computer Science
Spring 2023,52310,C S, 349,CONTEMP ISSUES IN COMPUTER SCI,"C S-349: CONTEMP ISSUES IN COMPUTER SCI, Section no. 52310",B+,1,Computer Science
Spring 2023,52310,C S, 349,CONTEMP ISSUES IN COMPUTER SCI,"C S-349: CONTEMP ISSUES IN COMPUTER SCI, Section no. 52310",A-,16,Computer Science
Spring 2023,52310,C S, 349,CONTEMP ISSUES IN COMPUTER SCI,"C S-349: CONTEMP ISSUES IN COMPUTER SCI, Section no. 52310",A,18,Computer Science
Spring 2023,52315,C S, 349,CONTEMP ISSUES IN COMPUTER SCI,"C S-349: CONTEMP ISSUES IN COMPUTER SCI, Section no. 52315",C-,2,Computer Science
Spring 2023,52315,C S, 349,CONTEMP ISSUES IN COMPUTER SCI,"C S-349: CONTEMP ISSUES IN COMPUTER SCI, Section no. 52315",B-,1,Computer Science
Spring 2023,52315,C S, 349,CONTEMP ISSUES IN COMPUTER SCI,"C S-349: CONTEMP ISSUES IN COMPUTER SCI, Section no. 52315",B,2,Computer Science
Spring 2023,52315,C S, 349,CONTEMP ISSUES IN COMPUTER SCI,"C S-349: CONTEMP ISSUES IN COMPUTER SCI, Section no. 52315",B+,2,Computer Science
Spring 2023,52315,C S, 349,CONTEMP ISSUES IN COMPUTER SCI,"C S-349: CONTEMP ISSUES IN COMPUTER SCI, Section no. 52315",A-,9,Computer Science
Spring 2023,52315,C S, 349,CONTEMP ISSUES IN COMPUTER SCI,"C S-349: CONTEMP ISSUES IN COMPUTER SCI, Section no. 52315",A,24,Computer Science
Spring 2023,52325,C S, 354,COMPUTER GRAPHICS,"C S-354: COMPUTER GRAPHICS, Section no. 52325",Other,9,Computer Science
Spring 2023,52325,C S, 354,COMPUTER GRAPHICS,"C S-354: COMPUTER GRAPHICS, Section no. 52325",F,1,Computer Science
Spring 2023,52325,C S, 354,COMPUTER GRAPHICS,"C S-354: COMPUTER GRAPHICS, Section no. 52325",B-,1,Computer Science
Spring 2023,52325,C S, 354,COMPUTER GRAPHICS,"C S-354: COMPUTER GRAPHICS, Section no. 52325",B,2,Computer Science
Spring 2023,52325,C S, 354,COMPUTER GRAPHICS,"C S-354: COMPUTER GRAPHICS, Section no. 52325",A-,5,Computer Science
Spring 2023,52325,C S, 354,COMPUTER GRAPHICS,"C S-354: COMPUTER GRAPHICS, Section no. 52325",A,37,Computer Science
Spring 2023,52330,C S, 354H,COMPUTER GRAPHICS: HONORS,"C S-354H: COMPUTER GRAPHICS: HONORS, Section no. 52330",Other,3,Computer Science
Spring 2023,52330,C S, 354H,COMPUTER GRAPHICS: HONORS,"C S-354H: COMPUTER GRAPHICS: HONORS, Section no. 52330",F,2,Computer Science
Spring 2023,52330,C S, 354H,COMPUTER GRAPHICS: HONORS,"C S-354H: COMPUTER GRAPHICS: HONORS, Section no. 52330",B-,1,Computer Science
Spring 2023,52330,C S, 354H,COMPUTER GRAPHICS: HONORS,"C S-354H: COMPUTER GRAPHICS: HONORS, Section no. 52330",B,1,Computer Science
Spring 2023,52330,C S, 354H,COMPUTER GRAPHICS: HONORS,"C S-354H: COMPUTER GRAPHICS: HONORS, Section no. 52330",B+,1,Computer Science
Spring 2023,52330,C S, 354H,COMPUTER GRAPHICS: HONORS,"C S-354H: COMPUTER GRAPHICS: HONORS, Section no. 52330",A-,6,Computer Science
Spring 2023,52330,C S, 354H,COMPUTER GRAPHICS: HONORS,"C S-354H: COMPUTER GRAPHICS: HONORS, Section no. 52330",A,42,Computer Science
Spring 2023,52340,C S, 356,COMPUTER NETWORKS,"C S-356: COMPUTER NETWORKS, Section no. 52340",Other,2,Computer Science
Spring 2023,52340,C S, 356,COMPUTER NETWORKS,"C S-356: COMPUTER NETWORKS, Section no. 52340",B,1,Computer Science
Spring 2023,52340,C S, 356,COMPUTER NETWORKS,"C S-356: COMPUTER NETWORKS, Section no. 52340",B+,2,Computer Science
Spring 2023,52340,C S, 356,COMPUTER NETWORKS,"C S-356: COMPUTER NETWORKS, Section no. 52340",A-,2,Computer Science
Spring 2023,52340,C S, 356,COMPUTER NETWORKS,"C S-356: COMPUTER NETWORKS, Section no. 52340",A,28,Computer Science
Spring 2023,52345,C S, 356,COMPUTER NETWORKS,"C S-356: COMPUTER NETWORKS, Section no. 52345",Other,4,Computer Science
Spring 2023,52345,C S, 356,COMPUTER NETWORKS,"C S-356: COMPUTER NETWORKS, Section no. 52345",D+,1,Computer Science
Spring 2023,52345,C S, 356,COMPUTER NETWORKS,"C S-356: COMPUTER NETWORKS, Section no. 52345",C,1,Computer Science
Spring 2023,52345,C S, 356,COMPUTER NETWORKS,"C S-356: COMPUTER NETWORKS, Section no. 52345",B+,1,Computer Science
Spring 2023,52345,C S, 356,COMPUTER NETWORKS,"C S-356: COMPUTER NETWORKS, Section no. 52345",A,30,Computer Science
Spring 2023,52350,C S, 356R,INTRO TO WIRELESS NETWORKS,"C S-356R: INTRO TO WIRELESS NETWORKS, Section no. 52350",Other,2,Computer Science
Spring 2023,52350,C S, 356R,INTRO TO WIRELESS NETWORKS,"C S-356R: INTRO TO WIRELESS NETWORKS, Section no. 52350",F,3,Computer Science
Spring 2023,52350,C S, 356R,INTRO TO WIRELESS NETWORKS,"C S-356R: INTRO TO WIRELESS NETWORKS, Section no. 52350",D-,1,Computer Science
Spring 2023,52350,C S, 356R,INTRO TO WIRELESS NETWORKS,"C S-356R: INTRO TO WIRELESS NETWORKS, Section no. 52350",D+,2,Computer Science
Spring 2023,52350,C S, 356R,INTRO TO WIRELESS NETWORKS,"C S-356R: INTRO TO WIRELESS NETWORKS, Section no. 52350",C-,2,Computer Science
Spring 2023,52350,C S, 356R,INTRO TO WIRELESS NETWORKS,"C S-356R: INTRO TO WIRELESS NETWORKS, Section no. 52350",C,1,Computer Science
Spring 2023,52350,C S, 356R,INTRO TO WIRELESS NETWORKS,"C S-356R: INTRO TO WIRELESS NETWORKS, Section no. 52350",C+,3,Computer Science
Spring 2023,52350,C S, 356R,INTRO TO WIRELESS NETWORKS,"C S-356R: INTRO TO WIRELESS NETWORKS, Section no. 52350",B-,3,Computer Science
Spring 2023,52350,C S, 356R,INTRO TO WIRELESS NETWORKS,"C S-356R: INTRO TO WIRELESS NETWORKS, Section no. 52350",B,6,Computer Science
Spring 2023,52350,C S, 356R,INTRO TO WIRELESS NETWORKS,"C S-356R: INTRO TO WIRELESS NETWORKS, Section no. 52350",B+,6,Computer Science
Spring 2023,52350,C S, 356R,INTRO TO WIRELESS NETWORKS,"C S-356R: INTRO TO WIRELESS NETWORKS, Section no. 52350",A-,5,Computer Science
Spring 2023,52350,C S, 356R,INTRO TO WIRELESS NETWORKS,"C S-356R: INTRO TO WIRELESS NETWORKS, Section no. 52350",A,11,Computer Science
Spring 2023,52354,C S, 360V,VIRTUALIZATION,"C S-360V: VIRTUALIZATION, Section no. 52354",Other,7,Computer Science
Spring 2023,52354,C S, 360V,VIRTUALIZATION,"C S-360V: VIRTUALIZATION, Section no. 52354",B-,1,Computer Science
Spring 2023,52354,C S, 360V,VIRTUALIZATION,"C S-360V: VIRTUALIZATION, Section no. 52354",B,1,Computer Science
Spring 2023,52354,C S, 360V,VIRTUALIZATION,"C S-360V: VIRTUALIZATION, Section no. 52354",A-,9,Computer Science
Spring 2023,52354,C S, 360V,VIRTUALIZATION,"C S-360V: VIRTUALIZATION, Section no. 52354",A,41,Computer Science
Spring 2023,52355,C S, 363H,PRINCIP OF MACHIN LEARN I: HON,"C S-363H: PRINCIP OF MACHIN LEARN I: HON, Section no. 52355",Other,1,Computer Science
Spring 2023,52355,C S, 363H,PRINCIP OF MACHIN LEARN I: HON,"C S-363H: PRINCIP OF MACHIN LEARN I: HON, Section no. 52355",C,3,Computer Science
Spring 2023,52355,C S, 363H,PRINCIP OF MACHIN LEARN I: HON,"C S-363H: PRINCIP OF MACHIN LEARN I: HON, Section no. 52355",B-,4,Computer Science
Spring 2023,52355,C S, 363H,PRINCIP OF MACHIN LEARN I: HON,"C S-363H: PRINCIP OF MACHIN LEARN I: HON, Section no. 52355",B,11,Computer Science
Spring 2023,52355,C S, 363H,PRINCIP OF MACHIN LEARN I: HON,"C S-363H: PRINCIP OF MACHIN LEARN I: HON, Section no. 52355",A-,6,Computer Science
Spring 2023,52355,C S, 363H,PRINCIP OF MACHIN LEARN I: HON,"C S-363H: PRINCIP OF MACHIN LEARN I: HON, Section no. 52355",A,20,Computer Science
Spring 2023,52360,C S, 363M,PRINCIPLES OF MACHINE LEARN I,"C S-363M: PRINCIPLES OF MACHINE LEARN I, Section no. 52360",Other,2,Computer Science
Spring 2023,52360,C S, 363M,PRINCIPLES OF MACHINE LEARN I,"C S-363M: PRINCIPLES OF MACHINE LEARN I, Section no. 52360",C,1,Computer Science
Spring 2023,52360,C S, 363M,PRINCIPLES OF MACHINE LEARN I,"C S-363M: PRINCIPLES OF MACHINE LEARN I, Section no. 52360",C+,2,Computer Science
Spring 2023,52360,C S, 363M,PRINCIPLES OF MACHINE LEARN I,"C S-363M: PRINCIPLES OF MACHINE LEARN I, Section no. 52360",B-,5,Computer Science
Spring 2023,52360,C S, 363M,PRINCIPLES OF MACHINE LEARN I,"C S-363M: PRINCIPLES OF MACHINE LEARN I, Section no. 52360",B,4,Computer Science
Spring 2023,52360,C S, 363M,PRINCIPLES OF MACHINE LEARN I,"C S-363M: PRINCIPLES OF MACHINE LEARN I, Section no. 52360",B+,7,Computer Science
Spring 2023,52360,C S, 363M,PRINCIPLES OF MACHINE LEARN I,"C S-363M: PRINCIPLES OF MACHINE LEARN I, Section no. 52360",A-,10,Computer Science
Spring 2023,52360,C S, 363M,PRINCIPLES OF MACHINE LEARN I,"C S-363M: PRINCIPLES OF MACHINE LEARN I, Section no. 52360",A,35,Computer Science
Spring 2023,52365,C S, 363M,PRINCIPLES OF MACHINE LEARN I,"C S-363M: PRINCIPLES OF MACHINE LEARN I, Section no. 52365",D-,1,Computer Science
Spring 2023,52365,C S, 363M,PRINCIPLES OF MACHINE LEARN I,"C S-363M: PRINCIPLES OF MACHINE LEARN I, Section no. 52365",C-,1,Computer Science
Spring 2023,52365,C S, 363M,PRINCIPLES OF MACHINE LEARN I,"C S-363M: PRINCIPLES OF MACHINE LEARN I, Section no. 52365",C,3,Computer Science
Spring 2023,52365,C S, 363M,PRINCIPLES OF MACHINE LEARN I,"C S-363M: PRINCIPLES OF MACHINE LEARN I, Section no. 52365",C+,3,Computer Science
Spring 2023,52365,C S, 363M,PRINCIPLES OF MACHINE LEARN I,"C S-363M: PRINCIPLES OF MACHINE LEARN I, Section no. 52365",B-,4,Computer Science
Spring 2023,52365,C S, 363M,PRINCIPLES OF MACHINE LEARN I,"C S-363M: PRINCIPLES OF MACHINE LEARN I, Section no. 52365",B,14,Computer Science
Spring 2023,52365,C S, 363M,PRINCIPLES OF MACHINE LEARN I,"C S-363M: PRINCIPLES OF MACHINE LEARN I, Section no. 52365",B+,11,Computer Science
Spring 2023,52365,C S, 363M,PRINCIPLES OF MACHINE LEARN I,"C S-363M: PRINCIPLES OF MACHINE LEARN I, Section no. 52365",A-,8,Computer Science
Spring 2023,52365,C S, 363M,PRINCIPLES OF MACHINE LEARN I,"C S-363M: PRINCIPLES OF MACHINE LEARN I, Section no. 52365",A,22,Computer Science
Spring 2023,52370,C S, 363M,PRINCIPLES OF MACHINE LEARN I,"C S-363M: PRINCIPLES OF MACHINE LEARN I, Section no. 52370",C,1,Computer Science
Spring 2023,52370,C S, 363M,PRINCIPLES OF MACHINE LEARN I,"C S-363M: PRINCIPLES OF MACHINE LEARN I, Section no. 52370",B-,2,Computer Science
Spring 2023,52370,C S, 363M,PRINCIPLES OF MACHINE LEARN I,"C S-363M: PRINCIPLES OF MACHINE LEARN I, Section no. 52370",B,12,Computer Science
Spring 2023,52370,C S, 363M,PRINCIPLES OF MACHINE LEARN I,"C S-363M: PRINCIPLES OF MACHINE LEARN I, Section no. 52370",B+,9,Computer Science
Spring 2023,52370,C S, 363M,PRINCIPLES OF MACHINE LEARN I,"C S-363M: PRINCIPLES OF MACHINE LEARN I, Section no. 52370",A-,16,Computer Science
Spring 2023,52370,C S, 363M,PRINCIPLES OF MACHINE LEARN I,"C S-363M: PRINCIPLES OF MACHINE LEARN I, Section no. 52370",A,29,Computer Science
Spring 2023,52375,C S, 364M,PRINCIPL OF MACHINE LEARN II,"C S-364M: PRINCIPL OF MACHINE LEARN II, Section no. 52375",Other,2,Computer Science
Spring 2023,52375,C S, 364M,PRINCIPL OF MACHINE LEARN II,"C S-364M: PRINCIPL OF MACHINE LEARN II, Section no. 52375",F,1,Computer Science
Spring 2023,52375,C S, 364M,PRINCIPL OF MACHINE LEARN II,"C S-364M: PRINCIPL OF MACHINE LEARN II, Section no. 52375",B-,1,Computer Science
Spring 2023,52375,C S, 364M,PRINCIPL OF MACHINE LEARN II,"C S-364M: PRINCIPL OF MACHINE LEARN II, Section no. 52375",B,2,Computer Science
Spring 2023,52375,C S, 364M,PRINCIPL OF MACHINE LEARN II,"C S-364M: PRINCIPL OF MACHINE LEARN II, Section no. 52375",A-,2,Computer Science
Spring 2023,52375,C S, 364M,PRINCIPL OF MACHINE LEARN II,"C S-364M: PRINCIPL OF MACHINE LEARN II, Section no. 52375",A,15,Computer Science
Spring 2023,52390,C S, 371D,DISTRIBUTED COMPUTING,"C S-371D: DISTRIBUTED COMPUTING, Section no. 52390",Other,18,Computer Science
Spring 2023,52390,C S, 371D,DISTRIBUTED COMPUTING,"C S-371D: DISTRIBUTED COMPUTING, Section no. 52390",F,1,Computer Science
Spring 2023,52390,C S, 371D,DISTRIBUTED COMPUTING,"C S-371D: DISTRIBUTED COMPUTING, Section no. 52390",B-,4,Computer Science
Spring 2023,52390,C S, 371D,DISTRIBUTED COMPUTING,"C S-371D: DISTRIBUTED COMPUTING, Section no. 52390",B,5,Computer Science
Spring 2023,52390,C S, 371D,DISTRIBUTED COMPUTING,"C S-371D: DISTRIBUTED COMPUTING, Section no. 52390",B+,4,Computer Science
Spring 2023,52390,C S, 371D,DISTRIBUTED COMPUTING,"C S-371D: DISTRIBUTED COMPUTING, Section no. 52390",A-,3,Computer Science
Spring 2023,52390,C S, 371D,DISTRIBUTED COMPUTING,"C S-371D: DISTRIBUTED COMPUTING, Section no. 52390",A,23,Computer Science
Spring 2023,52395,C S, 371L,IOS MOBILE COMPUTING,"C S-371L: IOS MOBILE COMPUTING, Section no. 52395",F,1,Computer Science
Spring 2023,52395,C S, 371L,IOS MOBILE COMPUTING,"C S-371L: IOS MOBILE COMPUTING, Section no. 52395",C-,1,Computer Science
Spring 2023,52395,C S, 371L,IOS MOBILE COMPUTING,"C S-371L: IOS MOBILE COMPUTING, Section no. 52395",C,1,Computer Science
Spring 2023,52395,C S, 371L,IOS MOBILE COMPUTING,"C S-371L: IOS MOBILE COMPUTING, Section no. 52395",B,1,Computer Science
Spring 2023,52395,C S, 371L,IOS MOBILE COMPUTING,"C S-371L: IOS MOBILE COMPUTING, Section no. 52395",B+,3,Computer Science
Spring 2023,52395,C S, 371L,IOS MOBILE COMPUTING,"C S-371L: IOS MOBILE COMPUTING, Section no. 52395",A-,11,Computer Science
Spring 2023,52395,C S, 371L,IOS MOBILE COMPUTING,"C S-371L: IOS MOBILE COMPUTING, Section no. 52395",A,42,Computer Science
Spring 2023,52400,C S, 371P,OBJECT-ORIENTED PROGRAMMING,"C S-371P: OBJECT-ORIENTED PROGRAMMING, Section no. 52400",Other,8,Computer Science
Spring 2023,52400,C S, 371P,OBJECT-ORIENTED PROGRAMMING,"C S-371P: OBJECT-ORIENTED PROGRAMMING, Section no. 52400",C-,1,Computer Science
Spring 2023,52400,C S, 371P,OBJECT-ORIENTED PROGRAMMING,"C S-371P: OBJECT-ORIENTED PROGRAMMING, Section no. 52400",C+,3,Computer Science
Spring 2023,52400,C S, 371P,OBJECT-ORIENTED PROGRAMMING,"C S-371P: OBJECT-ORIENTED PROGRAMMING, Section no. 52400",B-,3,Computer Science
Spring 2023,52400,C S, 371P,OBJECT-ORIENTED PROGRAMMING,"C S-371P: OBJECT-ORIENTED PROGRAMMING, Section no. 52400",B,3,Computer Science
Spring 2023,52400,C S, 371P,OBJECT-ORIENTED PROGRAMMING,"C S-371P: OBJECT-ORIENTED PROGRAMMING, Section no. 52400",B+,11,Computer Science
Spring 2023,52400,C S, 371P,OBJECT-ORIENTED PROGRAMMING,"C S-371P: OBJECT-ORIENTED PROGRAMMING, Section no. 52400",A-,10,Computer Science
Spring 2023,52400,C S, 371P,OBJECT-ORIENTED PROGRAMMING,"C S-371P: OBJECT-ORIENTED PROGRAMMING, Section no. 52400",A,38,Computer Science
Spring 2023,52405,C S, 373,SOFTWARE ENGINEERING,"C S-373: SOFTWARE ENGINEERING, Section no. 52405",Other,2,Computer Science
Spring 2023,52405,C S, 373,SOFTWARE ENGINEERING,"C S-373: SOFTWARE ENGINEERING, Section no. 52405",F,1,Computer Science
Spring 2023,52405,C S, 373,SOFTWARE ENGINEERING,"C S-373: SOFTWARE ENGINEERING, Section no. 52405",C,4,Computer Science
Spring 2023,52405,C S, 373,SOFTWARE ENGINEERING,"C S-373: SOFTWARE ENGINEERING, Section no. 52405",B-,6,Computer Science
Spring 2023,52405,C S, 373,SOFTWARE ENGINEERING,"C S-373: SOFTWARE ENGINEERING, Section no. 52405",B,1,Computer Science
Spring 2023,52405,C S, 373,SOFTWARE ENGINEERING,"C S-373: SOFTWARE ENGINEERING, Section no. 52405",B+,10,Computer Science
Spring 2023,52405,C S, 373,SOFTWARE ENGINEERING,"C S-373: SOFTWARE ENGINEERING, Section no. 52405",A-,6,Computer Science
Spring 2023,52405,C S, 373,SOFTWARE ENGINEERING,"C S-373: SOFTWARE ENGINEERING, Section no. 52405",A,30,Computer Science
Spring 2023,52410,C S, 373,SOFTWARE ENGINEERING,"C S-373: SOFTWARE ENGINEERING, Section no. 52410",Other,1,Computer Science
Spring 2023,52410,C S, 373,SOFTWARE ENGINEERING,"C S-373: SOFTWARE ENGINEERING, Section no. 52410",C-,3,Computer Science
Spring 2023,52410,C S, 373,SOFTWARE ENGINEERING,"C S-373: SOFTWARE ENGINEERING, Section no. 52410",C,3,Computer Science
Spring 2023,52410,C S, 373,SOFTWARE ENGINEERING,"C S-373: SOFTWARE ENGINEERING, Section no. 52410",C+,8,Computer Science
Spring 2023,52410,C S, 373,SOFTWARE ENGINEERING,"C S-373: SOFTWARE ENGINEERING, Section no. 52410",B-,3,Computer Science
Spring 2023,52410,C S, 373,SOFTWARE ENGINEERING,"C S-373: SOFTWARE ENGINEERING, Section no. 52410",B,6,Computer Science
Spring 2023,52410,C S, 373,SOFTWARE ENGINEERING,"C S-373: SOFTWARE ENGINEERING, Section no. 52410",B+,7,Computer Science
Spring 2023,52410,C S, 373,SOFTWARE ENGINEERING,"C S-373: SOFTWARE ENGINEERING, Section no. 52410",A-,5,Computer Science
Spring 2023,52410,C S, 373,SOFTWARE ENGINEERING,"C S-373: SOFTWARE ENGINEERING, Section no. 52410",A,24,Computer Science
Spring 2023,52415,C S, 374L,LONGHORN STARTUP,"C S-374L: LONGHORN STARTUP, Section no. 52415",B-,1,Computer Science
Spring 2023,52415,C S, 374L,LONGHORN STARTUP,"C S-374L: LONGHORN STARTUP, Section no. 52415",B,1,Computer Science
Spring 2023,52415,C S, 374L,LONGHORN STARTUP,"C S-374L: LONGHORN STARTUP, Section no. 52415",B+,2,Computer Science
Spring 2023,52415,C S, 374L,LONGHORN STARTUP,"C S-374L: LONGHORN STARTUP, Section no. 52415",A-,5,Computer Science
Spring 2023,52415,C S, 374L,LONGHORN STARTUP,"C S-374L: LONGHORN STARTUP, Section no. 52415",A,8,Computer Science
Spring 2023,52420,C S, 375,COMPILERS,"C S-375: COMPILERS, Section no. 52420",Other,1,Computer Science
Spring 2023,52420,C S, 375,COMPILERS,"C S-375: COMPILERS, Section no. 52420",C-,3,Computer Science
Spring 2023,52420,C S, 375,COMPILERS,"C S-375: COMPILERS, Section no. 52420",C+,2,Computer Science
Spring 2023,52420,C S, 375,COMPILERS,"C S-375: COMPILERS, Section no. 52420",B-,5,Computer Science
Spring 2023,52420,C S, 375,COMPILERS,"C S-375: COMPILERS, Section no. 52420",B,8,Computer Science
Spring 2023,52420,C S, 375,COMPILERS,"C S-375: COMPILERS, Section no. 52420",B+,3,Computer Science
Spring 2023,52420,C S, 375,COMPILERS,"C S-375: COMPILERS, Section no. 52420",A-,7,Computer Science
Spring 2023,52420,C S, 375,COMPILERS,"C S-375: COMPILERS, Section no. 52420",A,28,Computer Science
Spring 2023,52424,C S, 376,COMPUTER VISION,"C S-376: COMPUTER VISION, Section no. 52424",Other,4,Computer Science
Spring 2023,52424,C S, 376,COMPUTER VISION,"C S-376: COMPUTER VISION, Section no. 52424",B,2,Computer Science
Spring 2023,52424,C S, 376,COMPUTER VISION,"C S-376: COMPUTER VISION, Section no. 52424",A-,3,Computer Science
Spring 2023,52424,C S, 376,COMPUTER VISION,"C S-376: COMPUTER VISION, Section no. 52424",A,23,Computer Science
Spring 2023,52430,C S, 378,BEHAVIORAL ETHICS: DIGITAL AGE,"C S-378: BEHAVIORAL ETHICS: DIGITAL AGE, Section no. 52430",B+,1,Computer Science
Spring 2023,52430,C S, 378,BEHAVIORAL ETHICS: DIGITAL AGE,"C S-378: BEHAVIORAL ETHICS: DIGITAL AGE, Section no. 52430",A-,6,Computer Science
Spring 2023,52430,C S, 378,BEHAVIORAL ETHICS: DIGITAL AGE,"C S-378: BEHAVIORAL ETHICS: DIGITAL AGE, Section no. 52430",A,43,Computer Science
Spring 2023,52434,C S, 378,CLOUD COMPUTING-WB,"C S-378: CLOUD COMPUTING-WB, Section no. 52434",Other,1,Computer Science
Spring 2023,52434,C S, 378,CLOUD COMPUTING-WB,"C S-378: CLOUD COMPUTING-WB, Section no. 52434",C-,2,Computer Science
Spring 2023,52434,C S, 378,CLOUD COMPUTING-WB,"C S-378: CLOUD COMPUTING-WB, Section no. 52434",C+,1,Computer Science
Spring 2023,52434,C S, 378,CLOUD COMPUTING-WB,"C S-378: CLOUD COMPUTING-WB, Section no. 52434",B-,1,Computer Science
Spring 2023,52434,C S, 378,CLOUD COMPUTING-WB,"C S-378: CLOUD COMPUTING-WB, Section no. 52434",B,4,Computer Science
Spring 2023,52434,C S, 378,CLOUD COMPUTING-WB,"C S-378: CLOUD COMPUTING-WB, Section no. 52434",B+,7,Computer Science
Spring 2023,52434,C S, 378,CLOUD COMPUTING-WB,"C S-378: CLOUD COMPUTING-WB, Section no. 52434",A-,17,Computer Science
Spring 2023,52434,C S, 378,CLOUD COMPUTING-WB,"C S-378: CLOUD COMPUTING-WB, Section no. 52434",A,26,Computer Science
Spring 2023,52435,C S, 378,CYBERPHYSICAL SYSTEMS,"C S-378: CYBERPHYSICAL SYSTEMS, Section no. 52435",B,1,Computer Science
Spring 2023,52435,C S, 378,CYBERPHYSICAL SYSTEMS,"C S-378: CYBERPHYSICAL SYSTEMS, Section no. 52435",B+,8,Computer Science
Spring 2023,52435,C S, 378,CYBERPHYSICAL SYSTEMS,"C S-378: CYBERPHYSICAL SYSTEMS, Section no. 52435",A-,2,Computer Science
Spring 2023,52435,C S, 378,CYBERPHYSICAL SYSTEMS,"C S-378: CYBERPHYSICAL SYSTEMS, Section no. 52435",A,5,Computer Science
Spring 2023,52438,C S, 378,ETHICAL HACKING,"C S-378: ETHICAL HACKING, Section no. 52438",Other,1,Computer Science
Spring 2023,52438,C S, 378,ETHICAL HACKING,"C S-378: ETHICAL HACKING, Section no. 52438",B-,1,Computer Science
Spring 2023,52438,C S, 378,ETHICAL HACKING,"C S-378: ETHICAL HACKING, Section no. 52438",A-,2,Computer Science
Spring 2023,52438,C S, 378,ETHICAL HACKING,"C S-378: ETHICAL HACKING, Section no. 52438",A,55,Computer Science
Spring 2023,52439,C S, 378,ETHICAL HACKING,"C S-378: ETHICAL HACKING, Section no. 52439",Other,6,Computer Science
Spring 2023,52439,C S, 378,ETHICAL HACKING,"C S-378: ETHICAL HACKING, Section no. 52439",B-,1,Computer Science
Spring 2023,52439,C S, 378,ETHICAL HACKING,"C S-378: ETHICAL HACKING, Section no. 52439",B+,2,Computer Science
Spring 2023,52439,C S, 378,ETHICAL HACKING,"C S-378: ETHICAL HACKING, Section no. 52439",A-,5,Computer Science
Spring 2023,52439,C S, 378,ETHICAL HACKING,"C S-378: ETHICAL HACKING, Section no. 52439",A,43,Computer Science
Spring 2023,52445,C S, 378,INTRO TO HUMAN/COMP INTERACT,"C S-378: INTRO TO HUMAN/COMP INTERACT, Section no. 52445",Other,3,Computer Science
Spring 2023,52445,C S, 378,INTRO TO HUMAN/COMP INTERACT,"C S-378: INTRO TO HUMAN/COMP INTERACT, Section no. 52445",C+,1,Computer Science
Spring 2023,52445,C S, 378,INTRO TO HUMAN/COMP INTERACT,"C S-378: INTRO TO HUMAN/COMP INTERACT, Section no. 52445",B-,2,Computer Science
Spring 2023,52445,C S, 378,INTRO TO HUMAN/COMP INTERACT,"C S-378: INTRO TO HUMAN/COMP INTERACT, Section no. 52445",B,7,Computer Science
Spring 2023,52445,C S, 378,INTRO TO HUMAN/COMP INTERACT,"C S-378: INTRO TO HUMAN/COMP INTERACT, Section no. 52445",B+,9,Computer Science
Spring 2023,52445,C S, 378,INTRO TO HUMAN/COMP INTERACT,"C S-378: INTRO TO HUMAN/COMP INTERACT, Section no. 52445",A-,16,Computer Science
Spring 2023,52445,C S, 378,INTRO TO HUMAN/COMP INTERACT,"C S-378: INTRO TO HUMAN/COMP INTERACT, Section no. 52445",A,17,Computer Science
Spring 2023,52450,C S, 378,INTRO TO SPEECH & AUDIO PROCES,"C S-378: INTRO TO SPEECH & AUDIO PROCES, Section no. 52450",Other,6,Computer Science
Spring 2023,52450,C S, 378,INTRO TO SPEECH & AUDIO PROCES,"C S-378: INTRO TO SPEECH & AUDIO PROCES, Section no. 52450",F,3,Computer Science
Spring 2023,52450,C S, 378,INTRO TO SPEECH & AUDIO PROCES,"C S-378: INTRO TO SPEECH & AUDIO PROCES, Section no. 52450",C-,3,Computer Science
Spring 2023,52450,C S, 378,INTRO TO SPEECH & AUDIO PROCES,"C S-378: INTRO TO SPEECH & AUDIO PROCES, Section no. 52450",C,5,Computer Science
Spring 2023,52450,C S, 378,INTRO TO SPEECH & AUDIO PROCES,"C S-378: INTRO TO SPEECH & AUDIO PROCES, Section no. 52450",C+,1,Computer Science
Spring 2023,52450,C S, 378,INTRO TO SPEECH & AUDIO PROCES,"C S-378: INTRO TO SPEECH & AUDIO PROCES, Section no. 52450",B-,2,Computer Science
Spring 2023,52450,C S, 378,INTRO TO SPEECH & AUDIO PROCES,"C S-378: INTRO TO SPEECH & AUDIO PROCES, Section no. 52450",B,6,Computer Science
Spring 2023,52450,C S, 378,INTRO TO SPEECH & AUDIO PROCES,"C S-378: INTRO TO SPEECH & AUDIO PROCES, Section no. 52450",B+,4,Computer Science
Spring 2023,52450,C S, 378,INTRO TO SPEECH & AUDIO PROCES,"C S-378: INTRO TO SPEECH & AUDIO PROCES, Section no. 52450",A-,4,Computer Science
Spring 2023,52450,C S, 378,INTRO TO SPEECH & AUDIO PROCES,"C S-378: INTRO TO SPEECH & AUDIO PROCES, Section no. 52450",A,21,Computer Science
Spring 2023,52454,C S, 378,INTRODUCTORY GAME THEORY,"C S-378: INTRODUCTORY GAME THEORY, Section no. 52454",Other,1,Computer Science
Spring 2023,52454,C S, 378,INTRODUCTORY GAME THEORY,"C S-378: INTRODUCTORY GAME THEORY, Section no. 52454",C,1,Computer Science
Spring 2023,52454,C S, 378,INTRODUCTORY GAME THEORY,"C S-378: INTRODUCTORY GAME THEORY, Section no. 52454",B,1,Computer Science
Spring 2023,52454,C S, 378,INTRODUCTORY GAME THEORY,"C S-378: INTRODUCTORY GAME THEORY, Section no. 52454",B+,1,Computer Science
Spring 2023,52454,C S, 378,INTRODUCTORY GAME THEORY,"C S-378: INTRODUCTORY GAME THEORY, Section no. 52454",A,6,Computer Science
Spring 2023,52460,C S, 378,NATURAL LANGUAGE PROCESSING,"C S-378: NATURAL LANGUAGE PROCESSING, Section no. 52460",Other,9,Computer Science
Spring 2023,52460,C S, 378,NATURAL LANGUAGE PROCESSING,"C S-378: NATURAL LANGUAGE PROCESSING, Section no. 52460",F,1,Computer Science
Spring 2023,52460,C S, 378,NATURAL LANGUAGE PROCESSING,"C S-378: NATURAL LANGUAGE PROCESSING, Section no. 52460",C-,2,Computer Science
Spring 2023,52460,C S, 378,NATURAL LANGUAGE PROCESSING,"C S-378: NATURAL LANGUAGE PROCESSING, Section no. 52460",B,3,Computer Science
Spring 2023,52460,C S, 378,NATURAL LANGUAGE PROCESSING,"C S-378: NATURAL LANGUAGE PROCESSING, Section no. 52460",B+,10,Computer Science
Spring 2023,52460,C S, 378,NATURAL LANGUAGE PROCESSING,"C S-378: NATURAL LANGUAGE PROCESSING, Section no. 52460",A-,11,Computer Science
Spring 2023,52460,C S, 378,NATURAL LANGUAGE PROCESSING,"C S-378: NATURAL LANGUAGE PROCESSING, Section no. 52460",A,14,Computer Science
Spring 2023,52465,C S, 378,PROG CORRECTNESS/PERFORMNC,"C S-378: PROG CORRECTNESS/PERFORMNC, Section no. 52465",Other,8,Computer Science
Spring 2023,52465,C S, 378,PROG CORRECTNESS/PERFORMNC,"C S-378: PROG CORRECTNESS/PERFORMNC, Section no. 52465",F,2,Computer Science
Spring 2023,52465,C S, 378,PROG CORRECTNESS/PERFORMNC,"C S-378: PROG CORRECTNESS/PERFORMNC, Section no. 52465",C+,2,Computer Science
Spring 2023,52465,C S, 378,PROG CORRECTNESS/PERFORMNC,"C S-378: PROG CORRECTNESS/PERFORMNC, Section no. 52465",B-,1,Computer Science
Spring 2023,52465,C S, 378,PROG CORRECTNESS/PERFORMNC,"C S-378: PROG CORRECTNESS/PERFORMNC, Section no. 52465",B,1,Computer Science
Spring 2023,52465,C S, 378,PROG CORRECTNESS/PERFORMNC,"C S-378: PROG CORRECTNESS/PERFORMNC, Section no. 52465",B+,3,Computer Science
Spring 2023,52465,C S, 378,PROG CORRECTNESS/PERFORMNC,"C S-378: PROG CORRECTNESS/PERFORMNC, Section no. 52465",A-,2,Computer Science
Spring 2023,52465,C S, 378,PROG CORRECTNESS/PERFORMNC,"C S-378: PROG CORRECTNESS/PERFORMNC, Section no. 52465",A,38,Computer Science
Spring 2023,52470,C S, 378,SYMBOLIC PROGRAMMING,"C S-378: SYMBOLIC PROGRAMMING, Section no. 52470",Other,2,Computer Science
Spring 2023,52470,C S, 378,SYMBOLIC PROGRAMMING,"C S-378: SYMBOLIC PROGRAMMING, Section no. 52470",F,1,Computer Science
Spring 2023,52470,C S, 378,SYMBOLIC PROGRAMMING,"C S-378: SYMBOLIC PROGRAMMING, Section no. 52470",C+,3,Computer Science
Spring 2023,52470,C S, 378,SYMBOLIC PROGRAMMING,"C S-378: SYMBOLIC PROGRAMMING, Section no. 52470",B-,2,Computer Science
Spring 2023,52470,C S, 378,SYMBOLIC PROGRAMMING,"C S-378: SYMBOLIC PROGRAMMING, Section no. 52470",B,5,Computer Science
Spring 2023,52470,C S, 378,SYMBOLIC PROGRAMMING,"C S-378: SYMBOLIC PROGRAMMING, Section no. 52470",B+,4,Computer Science
Spring 2023,52470,C S, 378,SYMBOLIC PROGRAMMING,"C S-378: SYMBOLIC PROGRAMMING, Section no. 52470",A-,4,Computer Science
Spring 2023,52470,C S, 378,SYMBOLIC PROGRAMMING,"C S-378: SYMBOLIC PROGRAMMING, Section no. 52470",A,38,Computer Science
Spring 2023,52475,C S, 378,VR DEVELOPMENT FOR GAMES,"C S-378: VR DEVELOPMENT FOR GAMES, Section no. 52475",Other,1,Computer Science
Spring 2023,52475,C S, 378,VR DEVELOPMENT FOR GAMES,"C S-378: VR DEVELOPMENT FOR GAMES, Section no. 52475",B,1,Computer Science
Spring 2023,52475,C S, 378,VR DEVELOPMENT FOR GAMES,"C S-378: VR DEVELOPMENT FOR GAMES, Section no. 52475",A-,1,Computer Science
Spring 2023,52475,C S, 378,VR DEVELOPMENT FOR GAMES,"C S-378: VR DEVELOPMENT FOR GAMES, Section no. 52475",A,32,Computer Science
Spring 2023,52485,C S, 378H,CONCURRENCY: HONORS,"C S-378H: CONCURRENCY: HONORS, Section no. 52485",Other,3,Computer Science
Spring 2023,52485,C S, 378H,CONCURRENCY: HONORS,"C S-378H: CONCURRENCY: HONORS, Section no. 52485",B,12,Computer Science
Spring 2023,52485,C S, 378H,CONCURRENCY: HONORS,"C S-378H: CONCURRENCY: HONORS, Section no. 52485",B+,10,Computer Science
Spring 2023,52485,C S, 378H,CONCURRENCY: HONORS,"C S-378H: CONCURRENCY: HONORS, Section no. 52485",A-,10,Computer Science
Spring 2023,52485,C S, 378H,CONCURRENCY: HONORS,"C S-378H: CONCURRENCY: HONORS, Section no. 52485",A,22,Computer Science
Spring 2023,52495,C S, 380C,COMPILERS,"C S-380C: COMPILERS, Section no. 52495",Other,3,Computer Science
Spring 2023,52495,C S, 380C,COMPILERS,"C S-380C: COMPILERS, Section no. 52495",B-,7,Computer Science
Spring 2023,52495,C S, 380C,COMPILERS,"C S-380C: COMPILERS, Section no. 52495",B,3,Computer Science
Spring 2023,52495,C S, 380C,COMPILERS,"C S-380C: COMPILERS, Section no. 52495",B+,3,Computer Science
Spring 2023,52495,C S, 380C,COMPILERS,"C S-380C: COMPILERS, Section no. 52495",A-,8,Computer Science
Spring 2023,52495,C S, 380C,COMPILERS,"C S-380C: COMPILERS, Section no. 52495",A,11,Computer Science
Spring 2023,52500,C S, 380L,ADVANCED OPERATING SYSTEMS,"C S-380L: ADVANCED OPERATING SYSTEMS, Section no. 52500",Other,2,Computer Science
Spring 2023,52500,C S, 380L,ADVANCED OPERATING SYSTEMS,"C S-380L: ADVANCED OPERATING SYSTEMS, Section no. 52500",C,1,Computer Science
Spring 2023,52500,C S, 380L,ADVANCED OPERATING SYSTEMS,"C S-380L: ADVANCED OPERATING SYSTEMS, Section no. 52500",B-,3,Computer Science
Spring 2023,52500,C S, 380L,ADVANCED OPERATING SYSTEMS,"C S-380L: ADVANCED OPERATING SYSTEMS, Section no. 52500",B,1,Computer Science
Spring 2023,52500,C S, 380L,ADVANCED OPERATING SYSTEMS,"C S-380L: ADVANCED OPERATING SYSTEMS, Section no. 52500",A-,2,Computer Science
Spring 2023,52500,C S, 380L,ADVANCED OPERATING SYSTEMS,"C S-380L: ADVANCED OPERATING SYSTEMS, Section no. 52500",A,3,Computer Science
Spring 2023,52505,C S, 380L,ADVANCED OPERATING SYSTEMS-WB,"C S-380L: ADVANCED OPERATING SYSTEMS-WB, Section no. 52505",Other,45,Computer Science
Spring 2023,52505,C S, 380L,ADVANCED OPERATING SYSTEMS-WB,"C S-380L: ADVANCED OPERATING SYSTEMS-WB, Section no. 52505",D+,5,Computer Science
Spring 2023,52505,C S, 380L,ADVANCED OPERATING SYSTEMS-WB,"C S-380L: ADVANCED OPERATING SYSTEMS-WB, Section no. 52505",C-,1,Computer Science
Spring 2023,52505,C S, 380L,ADVANCED OPERATING SYSTEMS-WB,"C S-380L: ADVANCED OPERATING SYSTEMS-WB, Section no. 52505",C+,2,Computer Science
Spring 2023,52505,C S, 380L,ADVANCED OPERATING SYSTEMS-WB,"C S-380L: ADVANCED OPERATING SYSTEMS-WB, Section no. 52505",B-,8,Computer Science
Spring 2023,52505,C S, 380L,ADVANCED OPERATING SYSTEMS-WB,"C S-380L: ADVANCED OPERATING SYSTEMS-WB, Section no. 52505",B,8,Computer Science
Spring 2023,52505,C S, 380L,ADVANCED OPERATING SYSTEMS-WB,"C S-380L: ADVANCED OPERATING SYSTEMS-WB, Section no. 52505",B+,14,Computer Science
Spring 2023,52505,C S, 380L,ADVANCED OPERATING SYSTEMS-WB,"C S-380L: ADVANCED OPERATING SYSTEMS-WB, Section no. 52505",A-,22,Computer Science
Spring 2023,52505,C S, 380L,ADVANCED OPERATING SYSTEMS-WB,"C S-380L: ADVANCED OPERATING SYSTEMS-WB, Section no. 52505",A,106,Computer Science
Spring 2023,52510,C S, 380S,THRY & PRAC OF SECURE SYS-WB,"C S-380S: THRY & PRAC OF SECURE SYS-WB, Section no. 52510",Other,2,Computer Science
Spring 2023,52510,C S, 380S,THRY & PRAC OF SECURE SYS-WB,"C S-380S: THRY & PRAC OF SECURE SYS-WB, Section no. 52510",B+,3,Computer Science
Spring 2023,52510,C S, 380S,THRY & PRAC OF SECURE SYS-WB,"C S-380S: THRY & PRAC OF SECURE SYS-WB, Section no. 52510",A-,2,Computer Science
Spring 2023,52510,C S, 380S,THRY & PRAC OF SECURE SYS-WB,"C S-380S: THRY & PRAC OF SECURE SYS-WB, Section no. 52510",A,7,Computer Science
Spring 2023,52514,C S, 383C,NUMRCL ANLY: LINEAR ALGEBRA-WB,"C S-383C: NUMRCL ANLY: LINEAR ALGEBRA-WB, Section no. 52514",Other,61,Computer Science
Spring 2023,52514,C S, 383C,NUMRCL ANLY: LINEAR ALGEBRA-WB,"C S-383C: NUMRCL ANLY: LINEAR ALGEBRA-WB, Section no. 52514",F,7,Computer Science
Spring 2023,52514,C S, 383C,NUMRCL ANLY: LINEAR ALGEBRA-WB,"C S-383C: NUMRCL ANLY: LINEAR ALGEBRA-WB, Section no. 52514",C,4,Computer Science
Spring 2023,52514,C S, 383C,NUMRCL ANLY: LINEAR ALGEBRA-WB,"C S-383C: NUMRCL ANLY: LINEAR ALGEBRA-WB, Section no. 52514",C+,1,Computer Science
Spring 2023,52514,C S, 383C,NUMRCL ANLY: LINEAR ALGEBRA-WB,"C S-383C: NUMRCL ANLY: LINEAR ALGEBRA-WB, Section no. 52514",B-,3,Computer Science
Spring 2023,52514,C S, 383C,NUMRCL ANLY: LINEAR ALGEBRA-WB,"C S-383C: NUMRCL ANLY: LINEAR ALGEBRA-WB, Section no. 52514",B,15,Computer Science
Spring 2023,52514,C S, 383C,NUMRCL ANLY: LINEAR ALGEBRA-WB,"C S-383C: NUMRCL ANLY: LINEAR ALGEBRA-WB, Section no. 52514",B+,6,Computer Science
Spring 2023,52514,C S, 383C,NUMRCL ANLY: LINEAR ALGEBRA-WB,"C S-383C: NUMRCL ANLY: LINEAR ALGEBRA-WB, Section no. 52514",A-,6,Computer Science
Spring 2023,52514,C S, 383C,NUMRCL ANLY: LINEAR ALGEBRA-WB,"C S-383C: NUMRCL ANLY: LINEAR ALGEBRA-WB, Section no. 52514",A,241,Computer Science
Spring 2023,52515,C S, 384G,COMPUTER GRAPHICS,"C S-384G: COMPUTER GRAPHICS, Section no. 52515",Other,3,Computer Science
Spring 2023,52515,C S, 384G,COMPUTER GRAPHICS,"C S-384G: COMPUTER GRAPHICS, Section no. 52515",C-,1,Computer Science
Spring 2023,52515,C S, 384G,COMPUTER GRAPHICS,"C S-384G: COMPUTER GRAPHICS, Section no. 52515",B,1,Computer Science
Spring 2023,52515,C S, 384G,COMPUTER GRAPHICS,"C S-384G: COMPUTER GRAPHICS, Section no. 52515",B+,2,Computer Science
Spring 2023,52515,C S, 384G,COMPUTER GRAPHICS,"C S-384G: COMPUTER GRAPHICS, Section no. 52515",A-,2,Computer Science
Spring 2023,52515,C S, 384G,COMPUTER GRAPHICS,"C S-384G: COMPUTER GRAPHICS, Section no. 52515",A,16,Computer Science
Spring 2023,52520,C S, 386D,DATABASE SYSTEMS,"C S-386D: DATABASE SYSTEMS, Section no. 52520",Other,2,Computer Science
Spring 2023,52520,C S, 386D,DATABASE SYSTEMS,"C S-386D: DATABASE SYSTEMS, Section no. 52520",A-,1,Computer Science
Spring 2023,52520,C S, 386D,DATABASE SYSTEMS,"C S-386D: DATABASE SYSTEMS, Section no. 52520",A,6,Computer Science
Spring 2023,52525,C S, 388,NATURAL LANGUAGE PROCESSING,"C S-388: NATURAL LANGUAGE PROCESSING, Section no. 52525",Other,3,Computer Science
Spring 2023,52525,C S, 388,NATURAL LANGUAGE PROCESSING,"C S-388: NATURAL LANGUAGE PROCESSING, Section no. 52525",A-,11,Computer Science
Spring 2023,52525,C S, 388,NATURAL LANGUAGE PROCESSING,"C S-388: NATURAL LANGUAGE PROCESSING, Section no. 52525",A,52,Computer Science
Spring 2023,52530,C S, 388C,COMBINATORICS AND GRAPH THEORY,"C S-388C: COMBINATORICS AND GRAPH THEORY, Section no. 52530",Other,10,Computer Science
Spring 2023,52530,C S, 388C,COMBINATORICS AND GRAPH THEORY,"C S-388C: COMBINATORICS AND GRAPH THEORY, Section no. 52530",C,1,Computer Science
Spring 2023,52530,C S, 388C,COMBINATORICS AND GRAPH THEORY,"C S-388C: COMBINATORICS AND GRAPH THEORY, Section no. 52530",B,5,Computer Science
Spring 2023,52530,C S, 388C,COMBINATORICS AND GRAPH THEORY,"C S-388C: COMBINATORICS AND GRAPH THEORY, Section no. 52530",B+,3,Computer Science
Spring 2023,52530,C S, 388C,COMBINATORICS AND GRAPH THEORY,"C S-388C: COMBINATORICS AND GRAPH THEORY, Section no. 52530",A-,2,Computer Science
Spring 2023,52530,C S, 388C,COMBINATORICS AND GRAPH THEORY,"C S-388C: COMBINATORICS AND GRAPH THEORY, Section no. 52530",A,8,Computer Science
Spring 2023,52534,C S, 388E,APPROX ALGORITHMS/COMPLEXITY,"C S-388E: APPROX ALGORITHMS/COMPLEXITY, Section no. 52534",Other,1,Computer Science
Spring 2023,52534,C S, 388E,APPROX ALGORITHMS/COMPLEXITY,"C S-388E: APPROX ALGORITHMS/COMPLEXITY, Section no. 52534",C,1,Computer Science
Spring 2023,52534,C S, 388E,APPROX ALGORITHMS/COMPLEXITY,"C S-388E: APPROX ALGORITHMS/COMPLEXITY, Section no. 52534",B,1,Computer Science
Spring 2023,52534,C S, 388E,APPROX ALGORITHMS/COMPLEXITY,"C S-388E: APPROX ALGORITHMS/COMPLEXITY, Section no. 52534",B+,2,Computer Science
Spring 2023,52534,C S, 388E,APPROX ALGORITHMS/COMPLEXITY,"C S-388E: APPROX ALGORITHMS/COMPLEXITY, Section no. 52534",A-,2,Computer Science
Spring 2023,52534,C S, 388E,APPROX ALGORITHMS/COMPLEXITY,"C S-388E: APPROX ALGORITHMS/COMPLEXITY, Section no. 52534",A,3,Computer Science
Spring 2023,52535,C S, 388G,ALGORITHMS: TECHNIQUES & THRY,"C S-388G: ALGORITHMS: TECHNIQUES & THRY, Section no. 52535",C,1,Computer Science
Spring 2023,52535,C S, 388G,ALGORITHMS: TECHNIQUES & THRY,"C S-388G: ALGORITHMS: TECHNIQUES & THRY, Section no. 52535",B-,4,Computer Science
Spring 2023,52535,C S, 388G,ALGORITHMS: TECHNIQUES & THRY,"C S-388G: ALGORITHMS: TECHNIQUES & THRY, Section no. 52535",B,2,Computer Science
Spring 2023,52535,C S, 388G,ALGORITHMS: TECHNIQUES & THRY,"C S-388G: ALGORITHMS: TECHNIQUES & THRY, Section no. 52535",B+,6,Computer Science
Spring 2023,52535,C S, 388G,ALGORITHMS: TECHNIQUES & THRY,"C S-388G: ALGORITHMS: TECHNIQUES & THRY, Section no. 52535",A-,14,Computer Science
Spring 2023,52535,C S, 388G,ALGORITHMS: TECHNIQUES & THRY,"C S-388G: ALGORITHMS: TECHNIQUES & THRY, Section no. 52535",A,11,Computer Science
Spring 2023,52540,C S, 388G,ALGORITHMS: TECHNQS & THRY-WB,"C S-388G: ALGORITHMS: TECHNQS & THRY-WB, Section no. 52540",Other,34,Computer Science
Spring 2023,52540,C S, 388G,ALGORITHMS: TECHNQS & THRY-WB,"C S-388G: ALGORITHMS: TECHNQS & THRY-WB, Section no. 52540",F,6,Computer Science
Spring 2023,52540,C S, 388G,ALGORITHMS: TECHNQS & THRY-WB,"C S-388G: ALGORITHMS: TECHNQS & THRY-WB, Section no. 52540",C,4,Computer Science
Spring 2023,52540,C S, 388G,ALGORITHMS: TECHNQS & THRY-WB,"C S-388G: ALGORITHMS: TECHNQS & THRY-WB, Section no. 52540",C+,3,Computer Science
Spring 2023,52540,C S, 388G,ALGORITHMS: TECHNQS & THRY-WB,"C S-388G: ALGORITHMS: TECHNQS & THRY-WB, Section no. 52540",B-,6,Computer Science
Spring 2023,52540,C S, 388G,ALGORITHMS: TECHNQS & THRY-WB,"C S-388G: ALGORITHMS: TECHNQS & THRY-WB, Section no. 52540",B,11,Computer Science
Spring 2023,52540,C S, 388G,ALGORITHMS: TECHNQS & THRY-WB,"C S-388G: ALGORITHMS: TECHNQS & THRY-WB, Section no. 52540",B+,22,Computer Science
Spring 2023,52540,C S, 388G,ALGORITHMS: TECHNQS & THRY-WB,"C S-388G: ALGORITHMS: TECHNQS & THRY-WB, Section no. 52540",A-,30,Computer Science
Spring 2023,52540,C S, 388G,ALGORITHMS: TECHNQS & THRY-WB,"C S-388G: ALGORITHMS: TECHNQS & THRY-WB, Section no. 52540",A,23,Computer Science
Spring 2023,52543,C S, 388K,ONLINE LEARN/OPTIMIZATION-WB,"C S-388K: ONLINE LEARN/OPTIMIZATION-WB, Section no. 52543",Other,15,Computer Science
Spring 2023,52543,C S, 388K,ONLINE LEARN/OPTIMIZATION-WB,"C S-388K: ONLINE LEARN/OPTIMIZATION-WB, Section no. 52543",F,2,Computer Science
Spring 2023,52543,C S, 388K,ONLINE LEARN/OPTIMIZATION-WB,"C S-388K: ONLINE LEARN/OPTIMIZATION-WB, Section no. 52543",B-,1,Computer Science
Spring 2023,52543,C S, 388K,ONLINE LEARN/OPTIMIZATION-WB,"C S-388K: ONLINE LEARN/OPTIMIZATION-WB, Section no. 52543",B,4,Computer Science
Spring 2023,52543,C S, 388K,ONLINE LEARN/OPTIMIZATION-WB,"C S-388K: ONLINE LEARN/OPTIMIZATION-WB, Section no. 52543",B+,41,Computer Science
Spring 2023,52543,C S, 388K,ONLINE LEARN/OPTIMIZATION-WB,"C S-388K: ONLINE LEARN/OPTIMIZATION-WB, Section no. 52543",A-,6,Computer Science
Spring 2023,52543,C S, 388K,ONLINE LEARN/OPTIMIZATION-WB,"C S-388K: ONLINE LEARN/OPTIMIZATION-WB, Section no. 52543",A,75,Computer Science
Spring 2023,52544,C S, 388J,OPTIMIZATION-WB,"C S-388J: OPTIMIZATION-WB, Section no. 52544",Other,2,Computer Science
Spring 2023,52544,C S, 388J,OPTIMIZATION-WB,"C S-388J: OPTIMIZATION-WB, Section no. 52544",F,2,Computer Science
Spring 2023,52544,C S, 388J,OPTIMIZATION-WB,"C S-388J: OPTIMIZATION-WB, Section no. 52544",B-,5,Computer Science
Spring 2023,52544,C S, 388J,OPTIMIZATION-WB,"C S-388J: OPTIMIZATION-WB, Section no. 52544",B,4,Computer Science
Spring 2023,52544,C S, 388J,OPTIMIZATION-WB,"C S-388J: OPTIMIZATION-WB, Section no. 52544",B+,7,Computer Science
Spring 2023,52544,C S, 388J,OPTIMIZATION-WB,"C S-388J: OPTIMIZATION-WB, Section no. 52544",A-,14,Computer Science
Spring 2023,52544,C S, 388J,OPTIMIZATION-WB,"C S-388J: OPTIMIZATION-WB, Section no. 52544",A,13,Computer Science
Spring 2023,52550,C S, 391L,MACHINE LEARNING-WB,"C S-391L: MACHINE LEARNING-WB, Section no. 52550",Other,11,Computer Science
Spring 2023,52550,C S, 391L,MACHINE LEARNING-WB,"C S-391L: MACHINE LEARNING-WB, Section no. 52550",F,2,Computer Science
Spring 2023,52550,C S, 391L,MACHINE LEARNING-WB,"C S-391L: MACHINE LEARNING-WB, Section no. 52550",D,1,Computer Science
Spring 2023,52550,C S, 391L,MACHINE LEARNING-WB,"C S-391L: MACHINE LEARNING-WB, Section no. 52550",C,1,Computer Science
Spring 2023,52550,C S, 391L,MACHINE LEARNING-WB,"C S-391L: MACHINE LEARNING-WB, Section no. 52550",C+,1,Computer Science
Spring 2023,52550,C S, 391L,MACHINE LEARNING-WB,"C S-391L: MACHINE LEARNING-WB, Section no. 52550",B-,6,Computer Science
Spring 2023,52550,C S, 391L,MACHINE LEARNING-WB,"C S-391L: MACHINE LEARNING-WB, Section no. 52550",B,10,Computer Science
Spring 2023,52550,C S, 391L,MACHINE LEARNING-WB,"C S-391L: MACHINE LEARNING-WB, Section no. 52550",B+,9,Computer Science
Spring 2023,52550,C S, 391L,MACHINE LEARNING-WB,"C S-391L: MACHINE LEARNING-WB, Section no. 52550",A-,12,Computer Science
Spring 2023,52550,C S, 391L,MACHINE LEARNING-WB,"C S-391L: MACHINE LEARNING-WB, Section no. 52550",A,14,Computer Science
Spring 2023,52555,C S, 391L,MACHINE LEARNING-WB,"C S-391L: MACHINE LEARNING-WB, Section no. 52555",Other,5,Computer Science
Spring 2023,52555,C S, 391L,MACHINE LEARNING-WB,"C S-391L: MACHINE LEARNING-WB, Section no. 52555",A-,7,Computer Science
Spring 2023,52555,C S, 391L,MACHINE LEARNING-WB,"C S-391L: MACHINE LEARNING-WB, Section no. 52555",A,24,Computer Science
Spring 2023,52560,C S, 393P,PROGRAM SYNTHESIS,"C S-393P: PROGRAM SYNTHESIS, Section no. 52560",Other,4,Computer Science
Spring 2023,52560,C S, 393P,PROGRAM SYNTHESIS,"C S-393P: PROGRAM SYNTHESIS, Section no. 52560",B,2,Computer Science
Spring 2023,52560,C S, 393P,PROGRAM SYNTHESIS,"C S-393P: PROGRAM SYNTHESIS, Section no. 52560",A,20,Computer Science
Spring 2023,52565,C S, 394D,DEEP LEARNING-WB,"C S-394D: DEEP LEARNING-WB, Section no. 52565",Other,33,Computer Science
Spring 2023,52565,C S, 394D,DEEP LEARNING-WB,"C S-394D: DEEP LEARNING-WB, Section no. 52565",F,4,Computer Science
Spring 2023,52565,C S, 394D,DEEP LEARNING-WB,"C S-394D: DEEP LEARNING-WB, Section no. 52565",D-,1,Computer Science
Spring 2023,52565,C S, 394D,DEEP LEARNING-WB,"C S-394D: DEEP LEARNING-WB, Section no. 52565",C+,8,Computer Science
Spring 2023,52565,C S, 394D,DEEP LEARNING-WB,"C S-394D: DEEP LEARNING-WB, Section no. 52565",B,15,Computer Science
Spring 2023,52565,C S, 394D,DEEP LEARNING-WB,"C S-394D: DEEP LEARNING-WB, Section no. 52565",B+,16,Computer Science
Spring 2023,52565,C S, 394D,DEEP LEARNING-WB,"C S-394D: DEEP LEARNING-WB, Section no. 52565",A-,34,Computer Science
Spring 2023,52565,C S, 394D,DEEP LEARNING-WB,"C S-394D: DEEP LEARNING-WB, Section no. 52565",A,37,Computer Science
Spring 2023,52589,C S, 395T,ADV TOPICS IN COMP VISION,"C S-395T: ADV TOPICS IN COMP VISION, Section no. 52589",B+,2,Computer Science
Spring 2023,52589,C S, 395T,ADV TOPICS IN COMP VISION,"C S-395T: ADV TOPICS IN COMP VISION, Section no. 52589",A-,1,Computer Science
Spring 2023,52589,C S, 395T,ADV TOPICS IN COMP VISION,"C S-395T: ADV TOPICS IN COMP VISION, Section no. 52589",A,13,Computer Science
Spring 2023,52610,C S, 395T,ELCT DSCVRY & DGTL EVIDENCE,"C S-395T: ELCT DSCVRY & DGTL EVIDENCE, Section no. 52610",Other,1,Computer Science
Spring 2023,52610,C S, 395T,ELCT DSCVRY & DGTL EVIDENCE,"C S-395T: ELCT DSCVRY & DGTL EVIDENCE, Section no. 52610",B-,1,Computer Science
Spring 2023,52610,C S, 395T,ELCT DSCVRY & DGTL EVIDENCE,"C S-395T: ELCT DSCVRY & DGTL EVIDENCE, Section no. 52610",B+,2,Computer Science
Spring 2023,52610,C S, 395T,ELCT DSCVRY & DGTL EVIDENCE,"C S-395T: ELCT DSCVRY & DGTL EVIDENCE, Section no. 52610",A-,4,Computer Science
Spring 2023,52610,C S, 395T,ELCT DSCVRY & DGTL EVIDENCE,"C S-395T: ELCT DSCVRY & DGTL EVIDENCE, Section no. 52610",A,4,Computer Science
Spring 2023,52620,C S, 395T,GROUNDED NAT LANG PROCESSING,"C S-395T: GROUNDED NAT LANG PROCESSING, Section no. 52620",B,1,Computer Science
Spring 2023,52620,C S, 395T,GROUNDED NAT LANG PROCESSING,"C S-395T: GROUNDED NAT LANG PROCESSING, Section no. 52620",B+,3,Computer Science
Spring 2023,52620,C S, 395T,GROUNDED NAT LANG PROCESSING,"C S-395T: GROUNDED NAT LANG PROCESSING, Section no. 52620",A-,5,Computer Science
Spring 2023,52620,C S, 395T,GROUNDED NAT LANG PROCESSING,"C S-395T: GROUNDED NAT LANG PROCESSING, Section no. 52620",A,11,Computer Science
Spring 2023,52625,C S, 395T,NUMER OPTIMIZ: GRAPHICS/AI,"C S-395T: NUMER OPTIMIZ: GRAPHICS/AI, Section no. 52625",Other,2,Computer Science
Spring 2023,52625,C S, 395T,NUMER OPTIMIZ: GRAPHICS/AI,"C S-395T: NUMER OPTIMIZ: GRAPHICS/AI, Section no. 52625",A-,2,Computer Science
Spring 2023,52625,C S, 395T,NUMER OPTIMIZ: GRAPHICS/AI,"C S-395T: NUMER OPTIMIZ: GRAPHICS/AI, Section no. 52625",A,14,Computer Science
Spring 2023,52640,C S, 395T,PARALLEL ALGORS SCIENTFC COMP,"C S-395T: PARALLEL ALGORS SCIENTFC COMP, Section no. 52640",Other,2,Computer Science
Spring 2023,52640,C S, 395T,PARALLEL ALGORS SCIENTFC COMP,"C S-395T: PARALLEL ALGORS SCIENTFC COMP, Section no. 52640",A,5,Computer Science
Spring 2023,52645,C S, 395T,PLANNING SEARCH AND REASONING,"C S-395T: PLANNING SEARCH AND REASONING, Section no. 52645",Other,5,Computer Science
Spring 2023,52645,C S, 395T,PLANNING SEARCH AND REASONING,"C S-395T: PLANNING SEARCH AND REASONING, Section no. 52645",B+,2,Computer Science
Spring 2023,52645,C S, 395T,PLANNING SEARCH AND REASONING,"C S-395T: PLANNING SEARCH AND REASONING, Section no. 52645",A-,6,Computer Science
Spring 2023,52645,C S, 395T,PLANNING SEARCH AND REASONING,"C S-395T: PLANNING SEARCH AND REASONING, Section no. 52645",A,11,Computer Science
Spring 2023,52650,C S, 395T,PREDICTION MECHANISMS COMP ARC,"C S-395T: PREDICTION MECHANISMS COMP ARC, Section no. 52650",Other,1,Computer Science
Spring 2023,52650,C S, 395T,PREDICTION MECHANISMS COMP ARC,"C S-395T: PREDICTION MECHANISMS COMP ARC, Section no. 52650",B,1,Computer Science
Spring 2023,52650,C S, 395T,PREDICTION MECHANISMS COMP ARC,"C S-395T: PREDICTION MECHANISMS COMP ARC, Section no. 52650",B+,4,Computer Science
Spring 2023,52650,C S, 395T,PREDICTION MECHANISMS COMP ARC,"C S-395T: PREDICTION MECHANISMS COMP ARC, Section no. 52650",A-,6,Computer Science
Spring 2023,52650,C S, 395T,PREDICTION MECHANISMS COMP ARC,"C S-395T: PREDICTION MECHANISMS COMP ARC, Section no. 52650",A,5,Computer Science
Spring 2023,52655,C S, 395T,QUANTUM INFORMATION SCIENCE-WB,"C S-395T: QUANTUM INFORMATION SCIENCE-WB, Section no. 52655",Other,9,Computer Science
Spring 2023,52655,C S, 395T,QUANTUM INFORMATION SCIENCE-WB,"C S-395T: QUANTUM INFORMATION SCIENCE-WB, Section no. 52655",F,1,Computer Science
Spring 2023,52655,C S, 395T,QUANTUM INFORMATION SCIENCE-WB,"C S-395T: QUANTUM INFORMATION SCIENCE-WB, Section no. 52655",D+,1,Computer Science
Spring 2023,52655,C S, 395T,QUANTUM INFORMATION SCIENCE-WB,"C S-395T: QUANTUM INFORMATION SCIENCE-WB, Section no. 52655",C-,1,Computer Science
Spring 2023,52655,C S, 395T,QUANTUM INFORMATION SCIENCE-WB,"C S-395T: QUANTUM INFORMATION SCIENCE-WB, Section no. 52655",C,2,Computer Science
Spring 2023,52655,C S, 395T,QUANTUM INFORMATION SCIENCE-WB,"C S-395T: QUANTUM INFORMATION SCIENCE-WB, Section no. 52655",C+,1,Computer Science
Spring 2023,52655,C S, 395T,QUANTUM INFORMATION SCIENCE-WB,"C S-395T: QUANTUM INFORMATION SCIENCE-WB, Section no. 52655",B-,2,Computer Science
Spring 2023,52655,C S, 395T,QUANTUM INFORMATION SCIENCE-WB,"C S-395T: QUANTUM INFORMATION SCIENCE-WB, Section no. 52655",B,9,Computer Science
Spring 2023,52655,C S, 395T,QUANTUM INFORMATION SCIENCE-WB,"C S-395T: QUANTUM INFORMATION SCIENCE-WB, Section no. 52655",B+,11,Computer Science
Spring 2023,52655,C S, 395T,QUANTUM INFORMATION SCIENCE-WB,"C S-395T: QUANTUM INFORMATION SCIENCE-WB, Section no. 52655",A-,5,Computer Science
Spring 2023,52655,C S, 395T,QUANTUM INFORMATION SCIENCE-WB,"C S-395T: QUANTUM INFORMATION SCIENCE-WB, Section no. 52655",A,7,Computer Science
Spring 2023,52660,C S, 395T,SYSTEMS VERIFICATION/SYNTHESIS,"C S-395T: SYSTEMS VERIFICATION/SYNTHESIS, Section no. 52660",Other,1,Computer Science
Spring 2023,52660,C S, 395T,SYSTEMS VERIFICATION/SYNTHESIS,"C S-395T: SYSTEMS VERIFICATION/SYNTHESIS, Section no. 52660",B,2,Computer Science
Spring 2023,52660,C S, 395T,SYSTEMS VERIFICATION/SYNTHESIS,"C S-395T: SYSTEMS VERIFICATION/SYNTHESIS, Section no. 52660",B+,4,Computer Science
Spring 2023,52660,C S, 395T,SYSTEMS VERIFICATION/SYNTHESIS,"C S-395T: SYSTEMS VERIFICATION/SYNTHESIS, Section no. 52660",A-,4,Computer Science
Spring 2023,52660,C S, 395T,SYSTEMS VERIFICATION/SYNTHESIS,"C S-395T: SYSTEMS VERIFICATION/SYNTHESIS, Section no. 52660",A,11,Computer Science
Spring 2023,52665,C S, 395T,THE MODEL CHECKING PARADIGM,"C S-395T: THE MODEL CHECKING PARADIGM, Section no. 52665",Other,1,Computer Science
Spring 2023,52665,C S, 395T,THE MODEL CHECKING PARADIGM,"C S-395T: THE MODEL CHECKING PARADIGM, Section no. 52665",B+,2,Computer Science
Spring 2023,52665,C S, 395T,THE MODEL CHECKING PARADIGM,"C S-395T: THE MODEL CHECKING PARADIGM, Section no. 52665",A-,9,Computer Science
Spring 2023,52665,C S, 395T,THE MODEL CHECKING PARADIGM,"C S-395T: THE MODEL CHECKING PARADIGM, Section no. 52665",A,17,Computer Science
Spring 2023,52668,C S, 395T,THEORETICAL STATISTICS,"C S-395T: THEORETICAL STATISTICS, Section no. 52668",Other,2,Computer Science
Spring 2023,52668,C S, 395T,THEORETICAL STATISTICS,"C S-395T: THEORETICAL STATISTICS, Section no. 52668",A,3,Computer Science
Spring 2023,52669,C S, 395T,THRY BLOCKCHNS/SMRT CNTRCTS-WB,"C S-395T: THRY BLOCKCHNS/SMRT CNTRCTS-WB, Section no. 52669",Other,1,Computer Science
Spring 2023,52669,C S, 395T,THRY BLOCKCHNS/SMRT CNTRCTS-WB,"C S-395T: THRY BLOCKCHNS/SMRT CNTRCTS-WB, Section no. 52669",A-,1,Computer Science
Spring 2023,52669,C S, 395T,THRY BLOCKCHNS/SMRT CNTRCTS-WB,"C S-395T: THRY BLOCKCHNS/SMRT CNTRCTS-WB, Section no. 52669",A,13,Computer Science
Spring 2023,57235,DSC, 381,PROB/SIM-BASD INFR DATA SCI-WB,"DSC-381: PROB/SIM-BASD INFR DATA SCI-WB, Section no. 57235",Other,28,Data Science
Spring 2023,57235,DSC, 381,PROB/SIM-BASD INFR DATA SCI-WB,"DSC-381: PROB/SIM-BASD INFR DATA SCI-WB, Section no. 57235",F,10,Data Science
Spring 2023,57235,DSC, 381,PROB/SIM-BASD INFR DATA SCI-WB,"DSC-381: PROB/SIM-BASD INFR DATA SCI-WB, Section no. 57235",D,1,Data Science
Spring 2023,57235,DSC, 381,PROB/SIM-BASD INFR DATA SCI-WB,"DSC-381: PROB/SIM-BASD INFR DATA SCI-WB, Section no. 57235",D+,2,Data Science
Spring 2023,57235,DSC, 381,PROB/SIM-BASD INFR DATA SCI-WB,"DSC-381: PROB/SIM-BASD INFR DATA SCI-WB, Section no. 57235",C-,1,Data Science
Spring 2023,57235,DSC, 381,PROB/SIM-BASD INFR DATA SCI-WB,"DSC-381: PROB/SIM-BASD INFR DATA SCI-WB, Section no. 57235",C,7,Data Science
Spring 2023,57235,DSC, 381,PROB/SIM-BASD INFR DATA SCI-WB,"DSC-381: PROB/SIM-BASD INFR DATA SCI-WB, Section no. 57235",C+,3,Data Science
Spring 2023,57235,DSC, 381,PROB/SIM-BASD INFR DATA SCI-WB,"DSC-381: PROB/SIM-BASD INFR DATA SCI-WB, Section no. 57235",B-,20,Data Science
Spring 2023,57235,DSC, 381,PROB/SIM-BASD INFR DATA SCI-WB,"DSC-381: PROB/SIM-BASD INFR DATA SCI-WB, Section no. 57235",B,17,Data Science
Spring 2023,57235,DSC, 381,PROB/SIM-BASD INFR DATA SCI-WB,"DSC-381: PROB/SIM-BASD INFR DATA SCI-WB, Section no. 57235",B+,25,Data Science
Spring 2023,57235,DSC, 381,PROB/SIM-BASD INFR DATA SCI-WB,"DSC-381: PROB/SIM-BASD INFR DATA SCI-WB, Section no. 57235",A-,18,Data Science
Spring 2023,57235,DSC, 381,PROB/SIM-BASD INFR DATA SCI-WB,"DSC-381: PROB/SIM-BASD INFR DATA SCI-WB, Section no. 57235",A,62,Data Science
Spring 2023,57240,DSC, 382,FNDTNS REGRSSION/PRED MODEL-WB,"DSC-382: FNDTNS REGRSSION/PRED MODEL-WB, Section no. 57240",Other,14,Data Science
Spring 2023,57240,DSC, 382,FNDTNS REGRSSION/PRED MODEL-WB,"DSC-382: FNDTNS REGRSSION/PRED MODEL-WB, Section no. 57240",F,8,Data Science
Spring 2023,57240,DSC, 382,FNDTNS REGRSSION/PRED MODEL-WB,"DSC-382: FNDTNS REGRSSION/PRED MODEL-WB, Section no. 57240",D-,1,Data Science
Spring 2023,57240,DSC, 382,FNDTNS REGRSSION/PRED MODEL-WB,"DSC-382: FNDTNS REGRSSION/PRED MODEL-WB, Section no. 57240",C+,2,Data Science
Spring 2023,57240,DSC, 382,FNDTNS REGRSSION/PRED MODEL-WB,"DSC-382: FNDTNS REGRSSION/PRED MODEL-WB, Section no. 57240",B-,1,Data Science
Spring 2023,57240,DSC, 382,FNDTNS REGRSSION/PRED MODEL-WB,"DSC-382: FNDTNS REGRSSION/PRED MODEL-WB, Section no. 57240",B,7,Data Science
Spring 2023,57240,DSC, 382,FNDTNS REGRSSION/PRED MODEL-WB,"DSC-382: FNDTNS REGRSSION/PRED MODEL-WB, Section no. 57240",B+,6,Data Science
Spring 2023,57240,DSC, 382,FNDTNS REGRSSION/PRED MODEL-WB,"DSC-382: FNDTNS REGRSSION/PRED MODEL-WB, Section no. 57240",A-,16,Data Science
Spring 2023,57240,DSC, 382,FNDTNS REGRSSION/PRED MODEL-WB,"DSC-382: FNDTNS REGRSSION/PRED MODEL-WB, Section no. 57240",A,175,Data Science
Spring 2023,57245,DSC, 383,ADV PREDCTV MDLS COMPLX DAT-WB,"DSC-383: ADV PREDCTV MDLS COMPLX DAT-WB, Section no. 57245",Other,14,Data Science
Spring 2023,57245,DSC, 383,ADV PREDCTV MDLS COMPLX DAT-WB,"DSC-383: ADV PREDCTV MDLS COMPLX DAT-WB, Section no. 57245",F,1,Data Science
Spring 2023,57245,DSC, 383,ADV PREDCTV MDLS COMPLX DAT-WB,"DSC-383: ADV PREDCTV MDLS COMPLX DAT-WB, Section no. 57245",B,7,Data Science
Spring 2023,57245,DSC, 383,ADV PREDCTV MDLS COMPLX DAT-WB,"DSC-383: ADV PREDCTV MDLS COMPLX DAT-WB, Section no. 57245",B+,5,Data Science
Spring 2023,57245,DSC, 383,ADV PREDCTV MDLS COMPLX DAT-WB,"DSC-383: ADV PREDCTV MDLS COMPLX DAT-WB, Section no. 57245",A-,18,Data Science
Spring 2023,57245,DSC, 383,ADV PREDCTV MDLS COMPLX DAT-WB,"DSC-383: ADV PREDCTV MDLS COMPLX DAT-WB, Section no. 57245",A,111,Data Science
Spring 2023,57250,DSC, 385,DATA EXPLR/VISUALIZATN-WB,"DSC-385: DATA EXPLR/VISUALIZATN-WB, Section no. 57250",Other,7,Data Science
Spring 2023,57250,DSC, 385,DATA EXPLR/VISUALIZATN-WB,"DSC-385: DATA EXPLR/VISUALIZATN-WB, Section no. 57250",F,2,Data Science
Spring 2023,57250,DSC, 385,DATA EXPLR/VISUALIZATN-WB,"DSC-385: DATA EXPLR/VISUALIZATN-WB, Section no. 57250",D,4,Data Science
Spring 2023,57250,DSC, 385,DATA EXPLR/VISUALIZATN-WB,"DSC-385: DATA EXPLR/VISUALIZATN-WB, Section no. 57250",C,2,Data Science
Spring 2023,57250,DSC, 385,DATA EXPLR/VISUALIZATN-WB,"DSC-385: DATA EXPLR/VISUALIZATN-WB, Section no. 57250",B,11,Data Science
Spring 2023,57250,DSC, 385,DATA EXPLR/VISUALIZATN-WB,"DSC-385: DATA EXPLR/VISUALIZATN-WB, Section no. 57250",A,182,Data Science
Spring 2023,57255,DSC, 388G,ALGORITHMS: TECHNQS/THEORY-WB,"DSC-388G: ALGORITHMS: TECHNQS/THEORY-WB, Section no. 57255",Other,1,Data Science
Spring 2023,57255,DSC, 388G,ALGORITHMS: TECHNQS/THEORY-WB,"DSC-388G: ALGORITHMS: TECHNQS/THEORY-WB, Section no. 57255",C+,1,Data Science
Spring 2023,57255,DSC, 388G,ALGORITHMS: TECHNQS/THEORY-WB,"DSC-388G: ALGORITHMS: TECHNQS/THEORY-WB, Section no. 57255",B-,1,Data Science
Spring 2023,57255,DSC, 388G,ALGORITHMS: TECHNQS/THEORY-WB,"DSC-388G: ALGORITHMS: TECHNQS/THEORY-WB, Section no. 57255",A-,1,Data Science
Spring 2023,57255,DSC, 388G,ALGORITHMS: TECHNQS/THEORY-WB,"DSC-388G: ALGORITHMS: TECHNQS/THEORY-WB, Section no. 57255",A,2,Data Science
Spring 2023,57260,DSC, 388J,OPTIMIZATION-WB,"DSC-388J: OPTIMIZATION-WB, Section no. 57260",Other,2,Data Science
Spring 2023,57260,DSC, 388J,OPTIMIZATION-WB,"DSC-388J: OPTIMIZATION-WB, Section no. 57260",F,1,Data Science
Spring 2023,57260,DSC, 388J,OPTIMIZATION-WB,"DSC-388J: OPTIMIZATION-WB, Section no. 57260",B-,11,Data Science
Spring 2023,57260,DSC, 388J,OPTIMIZATION-WB,"DSC-388J: OPTIMIZATION-WB, Section no. 57260",B,7,Data Science
Spring 2023,57260,DSC, 388J,OPTIMIZATION-WB,"DSC-388J: OPTIMIZATION-WB, Section no. 57260",B+,10,Data Science
Spring 2023,57260,DSC, 388J,OPTIMIZATION-WB,"DSC-388J: OPTIMIZATION-WB, Section no. 57260",A-,21,Data Science
Spring 2023,57260,DSC, 388J,OPTIMIZATION-WB,"DSC-388J: OPTIMIZATION-WB, Section no. 57260",A,13,Data Science
Spring 2023,57265,DSC, 391L,PRINCIPLES MACHINE LEARNING-WB,"DSC-391L: PRINCIPLES MACHINE LEARNING-WB, Section no. 57265",Other,13,Data Science
Spring 2023,57265,DSC, 391L,PRINCIPLES MACHINE LEARNING-WB,"DSC-391L: PRINCIPLES MACHINE LEARNING-WB, Section no. 57265",F,1,Data Science
Spring 2023,57265,DSC, 391L,PRINCIPLES MACHINE LEARNING-WB,"DSC-391L: PRINCIPLES MACHINE LEARNING-WB, Section no. 57265",D,1,Data Science
Spring 2023,57265,DSC, 391L,PRINCIPLES MACHINE LEARNING-WB,"DSC-391L: PRINCIPLES MACHINE LEARNING-WB, Section no. 57265",C+,8,Data Science
Spring 2023,57265,DSC, 391L,PRINCIPLES MACHINE LEARNING-WB,"DSC-391L: PRINCIPLES MACHINE LEARNING-WB, Section no. 57265",B-,7,Data Science
Spring 2023,57265,DSC, 391L,PRINCIPLES MACHINE LEARNING-WB,"DSC-391L: PRINCIPLES MACHINE LEARNING-WB, Section no. 57265",B,12,Data Science
Spring 2023,57265,DSC, 391L,PRINCIPLES MACHINE LEARNING-WB,"DSC-391L: PRINCIPLES MACHINE LEARNING-WB, Section no. 57265",B+,26,Data Science
Spring 2023,57265,DSC, 391L,PRINCIPLES MACHINE LEARNING-WB,"DSC-391L: PRINCIPLES MACHINE LEARNING-WB, Section no. 57265",A-,29,Data Science
Spring 2023,57265,DSC, 391L,PRINCIPLES MACHINE LEARNING-WB,"DSC-391L: PRINCIPLES MACHINE LEARNING-WB, Section no. 57265",A,31,Data Science
Spring 2023,57270,DSC, 394D,DEEP LEARNING-WB,"DSC-394D: DEEP LEARNING-WB, Section no. 57270",Other,14,Data Science
Spring 2023,57270,DSC, 394D,DEEP LEARNING-WB,"DSC-394D: DEEP LEARNING-WB, Section no. 57270",F,4,Data Science
Spring 2023,57270,DSC, 394D,DEEP LEARNING-WB,"DSC-394D: DEEP LEARNING-WB, Section no. 57270",D+,1,Data Science
Spring 2023,57270,DSC, 394D,DEEP LEARNING-WB,"DSC-394D: DEEP LEARNING-WB, Section no. 57270",C-,3,Data Science
Spring 2023,57270,DSC, 394D,DEEP LEARNING-WB,"DSC-394D: DEEP LEARNING-WB, Section no. 57270",C,2,Data Science
Spring 2023,57270,DSC, 394D,DEEP LEARNING-WB,"DSC-394D: DEEP LEARNING-WB, Section no. 57270",C+,5,Data Science
Spring 2023,57270,DSC, 394D,DEEP LEARNING-WB,"DSC-394D: DEEP LEARNING-WB, Section no. 57270",B-,1,Data Science
Spring 2023,57270,DSC, 394D,DEEP LEARNING-WB,"DSC-394D: DEEP LEARNING-WB, Section no. 57270",B,30,Data Science
Spring 2023,57270,DSC, 394D,DEEP LEARNING-WB,"DSC-394D: DEEP LEARNING-WB, Section no. 57270",B+,26,Data Science
Spring 2023,57270,DSC, 394D,DEEP LEARNING-WB,"DSC-394D: DEEP LEARNING-WB, Section no. 57270",A-,33,Data Science
Spring 2023,57270,DSC, 394D,DEEP LEARNING-WB,"DSC-394D: DEEP LEARNING-WB, Section no. 57270",A,41,Data Science
Spring 2023,57275,DSC, 395T,DATA STRUCTURES & ALGORITHM-WB,"DSC-395T: DATA STRUCTURES & ALGORITHM-WB, Section no. 57275",Other,37,Data Science
Spring 2023,57275,DSC, 395T,DATA STRUCTURES & ALGORITHM-WB,"DSC-395T: DATA STRUCTURES & ALGORITHM-WB, Section no. 57275",C,13,Data Science
Spring 2023,57275,DSC, 395T,DATA STRUCTURES & ALGORITHM-WB,"DSC-395T: DATA STRUCTURES & ALGORITHM-WB, Section no. 57275",C+,7,Data Science
Spring 2023,57275,DSC, 395T,DATA STRUCTURES & ALGORITHM-WB,"DSC-395T: DATA STRUCTURES & ALGORITHM-WB, Section no. 57275",B-,10,Data Science
Spring 2023,57275,DSC, 395T,DATA STRUCTURES & ALGORITHM-WB,"DSC-395T: DATA STRUCTURES & ALGORITHM-WB, Section no. 57275",B,36,Data Science
Spring 2023,57275,DSC, 395T,DATA STRUCTURES & ALGORITHM-WB,"DSC-395T: DATA STRUCTURES & ALGORITHM-WB, Section no. 57275",B+,28,Data Science
Spring 2023,57275,DSC, 395T,DATA STRUCTURES & ALGORITHM-WB,"DSC-395T: DATA STRUCTURES & ALGORITHM-WB, Section no. 57275",A-,31,Data Science
Spring 2023,57275,DSC, 395T,DATA STRUCTURES & ALGORITHM-WB,"DSC-395T: DATA STRUCTURES & ALGORITHM-WB, Section no. 57275",A,44,Data Science
Summer 2023,85780,C S,N303E,ELEMS OF COMPUTERS/PROGRAMMING,"C S-N303E: ELEMS OF COMPUTERS/PROGRAMMING, Section no. 85780",Other,12,Computer Science
Summer 2023,85780,C S,N303E,ELEMS OF COMPUTERS/PROGRAMMING,"C S-N303E: ELEMS OF COMPUTERS/PROGRAMMING, Section no. 85780",F,5,Computer Science
Summer 2023,85780,C S,N303E,ELEMS OF COMPUTERS/PROGRAMMING,"C S-N303E: ELEMS OF COMPUTERS/PROGRAMMING, Section no. 85780",D-,2,Computer Science
Summer 2023,85780,C S,N303E,ELEMS OF COMPUTERS/PROGRAMMING,"C S-N303E: ELEMS OF COMPUTERS/PROGRAMMING, Section no. 85780",D,3,Computer Science
Summer 2023,85780,C S,N303E,ELEMS OF COMPUTERS/PROGRAMMING,"C S-N303E: ELEMS OF COMPUTERS/PROGRAMMING, Section no. 85780",C,7,Computer Science
Summer 2023,85780,C S,N303E,ELEMS OF COMPUTERS/PROGRAMMING,"C S-N303E: ELEMS OF COMPUTERS/PROGRAMMING, Section no. 85780",C+,8,Computer Science
Summer 2023,85780,C S,N303E,ELEMS OF COMPUTERS/PROGRAMMING,"C S-N303E: ELEMS OF COMPUTERS/PROGRAMMING, Section no. 85780",B-,4,Computer Science
Summer 2023,85780,C S,N303E,ELEMS OF COMPUTERS/PROGRAMMING,"C S-N303E: ELEMS OF COMPUTERS/PROGRAMMING, Section no. 85780",B,3,Computer Science
Summer 2023,85780,C S,N303E,ELEMS OF COMPUTERS/PROGRAMMING,"C S-N303E: ELEMS OF COMPUTERS/PROGRAMMING, Section no. 85780",B+,9,Computer Science
Summer 2023,85780,C S,N303E,ELEMS OF COMPUTERS/PROGRAMMING,"C S-N303E: ELEMS OF COMPUTERS/PROGRAMMING, Section no. 85780",A-,3,Computer Science
Summer 2023,85780,C S,N303E,ELEMS OF COMPUTERS/PROGRAMMING,"C S-N303E: ELEMS OF COMPUTERS/PROGRAMMING, Section no. 85780",A,17,Computer Science
Summer 2023,85785,C S,N313E,ELEMENTS OF SOFTWARE DESIGN,"C S-N313E: ELEMENTS OF SOFTWARE DESIGN, Section no. 85785",Other,6,Computer Science
Summer 2023,85785,C S,N313E,ELEMENTS OF SOFTWARE DESIGN,"C S-N313E: ELEMENTS OF SOFTWARE DESIGN, Section no. 85785",F,3,Computer Science
Summer 2023,85785,C S,N313E,ELEMENTS OF SOFTWARE DESIGN,"C S-N313E: ELEMENTS OF SOFTWARE DESIGN, Section no. 85785",D,1,Computer Science
Summer 2023,85785,C S,N313E,ELEMENTS OF SOFTWARE DESIGN,"C S-N313E: ELEMENTS OF SOFTWARE DESIGN, Section no. 85785",C,1,Computer Science
Summer 2023,85785,C S,N313E,ELEMENTS OF SOFTWARE DESIGN,"C S-N313E: ELEMENTS OF SOFTWARE DESIGN, Section no. 85785",C+,4,Computer Science
Summer 2023,85785,C S,N313E,ELEMENTS OF SOFTWARE DESIGN,"C S-N313E: ELEMENTS OF SOFTWARE DESIGN, Section no. 85785",B-,2,Computer Science
Summer 2023,85785,C S,N313E,ELEMENTS OF SOFTWARE DESIGN,"C S-N313E: ELEMENTS OF SOFTWARE DESIGN, Section no. 85785",B,7,Computer Science
Summer 2023,85785,C S,N313E,ELEMENTS OF SOFTWARE DESIGN,"C S-N313E: ELEMENTS OF SOFTWARE DESIGN, Section no. 85785",B+,8,Computer Science
Summer 2023,85785,C S,N313E,ELEMENTS OF SOFTWARE DESIGN,"C S-N313E: ELEMENTS OF SOFTWARE DESIGN, Section no. 85785",A-,5,Computer Science
Summer 2023,85785,C S,N313E,ELEMENTS OF SOFTWARE DESIGN,"C S-N313E: ELEMENTS OF SOFTWARE DESIGN, Section no. 85785",A,22,Computer Science
Summer 2023,85790,C S,F327E,ELEMENTS OF DATABASES,"C S-F327E: ELEMENTS OF DATABASES, Section no. 85790",Other,3,Computer Science
Summer 2023,85790,C S,F327E,ELEMENTS OF DATABASES,"C S-F327E: ELEMENTS OF DATABASES, Section no. 85790",D+,1,Computer Science
Summer 2023,85790,C S,F327E,ELEMENTS OF DATABASES,"C S-F327E: ELEMENTS OF DATABASES, Section no. 85790",B-,1,Computer Science
Summer 2023,85790,C S,F327E,ELEMENTS OF DATABASES,"C S-F327E: ELEMENTS OF DATABASES, Section no. 85790",B,4,Computer Science
Summer 2023,85790,C S,F327E,ELEMENTS OF DATABASES,"C S-F327E: ELEMENTS OF DATABASES, Section no. 85790",B+,3,Computer Science
Summer 2023,85790,C S,F327E,ELEMENTS OF DATABASES,"C S-F327E: ELEMENTS OF DATABASES, Section no. 85790",A-,10,Computer Science
Summer 2023,85790,C S,F327E,ELEMENTS OF DATABASES,"C S-F327E: ELEMENTS OF DATABASES, Section no. 85790",A,18,Computer Science
Summer 2023,85795,C S,F329E,ELEMENTS OF DATA ANALYTICS-WB,"C S-F329E: ELEMENTS OF DATA ANALYTICS-WB, Section no. 85795",Other,8,Computer Science
Summer 2023,85795,C S,F329E,ELEMENTS OF DATA ANALYTICS-WB,"C S-F329E: ELEMENTS OF DATA ANALYTICS-WB, Section no. 85795",B,2,Computer Science
Summer 2023,85795,C S,F329E,ELEMENTS OF DATA ANALYTICS-WB,"C S-F329E: ELEMENTS OF DATA ANALYTICS-WB, Section no. 85795",B+,1,Computer Science
Summer 2023,85795,C S,F329E,ELEMENTS OF DATA ANALYTICS-WB,"C S-F329E: ELEMENTS OF DATA ANALYTICS-WB, Section no. 85795",A-,7,Computer Science
Summer 2023,85795,C S,F329E,ELEMENTS OF DATA ANALYTICS-WB,"C S-F329E: ELEMENTS OF DATA ANALYTICS-WB, Section no. 85795",A,39,Computer Science
Summer 2023,85799,C S,F349,CONTEMP ISSUES IN COMPUTER SCI,"C S-F349: CONTEMP ISSUES IN COMPUTER SCI, Section no. 85799",Other,3,Computer Science
Summer 2023,85799,C S,F349,CONTEMP ISSUES IN COMPUTER SCI,"C S-F349: CONTEMP ISSUES IN COMPUTER SCI, Section no. 85799",C-,1,Computer Science
Summer 2023,85799,C S,F349,CONTEMP ISSUES IN COMPUTER SCI,"C S-F349: CONTEMP ISSUES IN COMPUTER SCI, Section no. 85799",C+,3,Computer Science
Summer 2023,85799,C S,F349,CONTEMP ISSUES IN COMPUTER SCI,"C S-F349: CONTEMP ISSUES IN COMPUTER SCI, Section no. 85799",B-,2,Computer Science
Summer 2023,85799,C S,F349,CONTEMP ISSUES IN COMPUTER SCI,"C S-F349: CONTEMP ISSUES IN COMPUTER SCI, Section no. 85799",B,1,Computer Science
Summer 2023,85799,C S,F349,CONTEMP ISSUES IN COMPUTER SCI,"C S-F349: CONTEMP ISSUES IN COMPUTER SCI, Section no. 85799",B+,3,Computer Science
Summer 2023,85799,C S,F349,CONTEMP ISSUES IN COMPUTER SCI,"C S-F349: CONTEMP ISSUES IN COMPUTER SCI, Section no. 85799",A-,5,Computer Science
Summer 2023,85799,C S,F349,CONTEMP ISSUES IN COMPUTER SCI,"C S-F349: CONTEMP ISSUES IN COMPUTER SCI, Section no. 85799",A,18,Computer Science
Summer 2023,85800,C S,N363M,PRIN OF MACHINE LEARN I-WB,"C S-N363M: PRIN OF MACHINE LEARN I-WB, Section no. 85800",Other,7,Computer Science
Summer 2023,85800,C S,N363M,PRIN OF MACHINE LEARN I-WB,"C S-N363M: PRIN OF MACHINE LEARN I-WB, Section no. 85800",F,1,Computer Science
Summer 2023,85800,C S,N363M,PRIN OF MACHINE LEARN I-WB,"C S-N363M: PRIN OF MACHINE LEARN I-WB, Section no. 85800",C-,2,Computer Science
Summer 2023,85800,C S,N363M,PRIN OF MACHINE LEARN I-WB,"C S-N363M: PRIN OF MACHINE LEARN I-WB, Section no. 85800",C+,1,Computer Science
Summer 2023,85800,C S,N363M,PRIN OF MACHINE LEARN I-WB,"C S-N363M: PRIN OF MACHINE LEARN I-WB, Section no. 85800",B-,4,Computer Science
Summer 2023,85800,C S,N363M,PRIN OF MACHINE LEARN I-WB,"C S-N363M: PRIN OF MACHINE LEARN I-WB, Section no. 85800",B,9,Computer Science
Summer 2023,85800,C S,N363M,PRIN OF MACHINE LEARN I-WB,"C S-N363M: PRIN OF MACHINE LEARN I-WB, Section no. 85800",B+,10,Computer Science
Summer 2023,85800,C S,N363M,PRIN OF MACHINE LEARN I-WB,"C S-N363M: PRIN OF MACHINE LEARN I-WB, Section no. 85800",A-,5,Computer Science
Summer 2023,85800,C S,N363M,PRIN OF MACHINE LEARN I-WB,"C S-N363M: PRIN OF MACHINE LEARN I-WB, Section no. 85800",A,21,Computer Science
Summer 2023,85815,C S,F371L,IOS MOBILE COMPUTING,"C S-F371L: IOS MOBILE COMPUTING, Section no. 85815",Other,3,Computer Science
Summer 2023,85815,C S,F371L,IOS MOBILE COMPUTING,"C S-F371L: IOS MOBILE COMPUTING, Section no. 85815",D,1,Computer Science
Summer 2023,85815,C S,F371L,IOS MOBILE COMPUTING,"C S-F371L: IOS MOBILE COMPUTING, Section no. 85815",C,1,Computer Science
Summer 2023,85815,C S,F371L,IOS MOBILE COMPUTING,"C S-F371L: IOS MOBILE COMPUTING, Section no. 85815",C+,1,Computer Science
Summer 2023,85815,C S,F371L,IOS MOBILE COMPUTING,"C S-F371L: IOS MOBILE COMPUTING, Section no. 85815",B+,2,Computer Science
Summer 2023,85815,C S,F371L,IOS MOBILE COMPUTING,"C S-F371L: IOS MOBILE COMPUTING, Section no. 85815",A,33,Computer Science
Summer 2023,85820,C S,N373,SOFTWARE ENGINEERING,"C S-N373: SOFTWARE ENGINEERING, Section no. 85820",Other,2,Computer Science
Summer 2023,85820,C S,N373,SOFTWARE ENGINEERING,"C S-N373: SOFTWARE ENGINEERING, Section no. 85820",B-,1,Computer Science
Summer 2023,85820,C S,N373,SOFTWARE ENGINEERING,"C S-N373: SOFTWARE ENGINEERING, Section no. 85820",B,1,Computer Science
Summer 2023,85820,C S,N373,SOFTWARE ENGINEERING,"C S-N373: SOFTWARE ENGINEERING, Section no. 85820",B+,1,Computer Science
Summer 2023,85820,C S,N373,SOFTWARE ENGINEERING,"C S-N373: SOFTWARE ENGINEERING, Section no. 85820",A-,2,Computer Science
Summer 2023,85820,C S,N373,SOFTWARE ENGINEERING,"C S-N373: SOFTWARE ENGINEERING, Section no. 85820",A,19,Computer Science
Summer 2023,85829,C S,W383C,NUMRCL ANLY: LINEAR ALGEBRA-WB,"C S-W383C: NUMRCL ANLY: LINEAR ALGEBRA-WB, Section no. 85829",Other,18,Computer Science
Summer 2023,85829,C S,W383C,NUMRCL ANLY: LINEAR ALGEBRA-WB,"C S-W383C: NUMRCL ANLY: LINEAR ALGEBRA-WB, Section no. 85829",F,1,Computer Science
Summer 2023,85829,C S,W383C,NUMRCL ANLY: LINEAR ALGEBRA-WB,"C S-W383C: NUMRCL ANLY: LINEAR ALGEBRA-WB, Section no. 85829",C,2,Computer Science
Summer 2023,85829,C S,W383C,NUMRCL ANLY: LINEAR ALGEBRA-WB,"C S-W383C: NUMRCL ANLY: LINEAR ALGEBRA-WB, Section no. 85829",B-,2,Computer Science
Summer 2023,85829,C S,W383C,NUMRCL ANLY: LINEAR ALGEBRA-WB,"C S-W383C: NUMRCL ANLY: LINEAR ALGEBRA-WB, Section no. 85829",B,17,Computer Science
Summer 2023,85829,C S,W383C,NUMRCL ANLY: LINEAR ALGEBRA-WB,"C S-W383C: NUMRCL ANLY: LINEAR ALGEBRA-WB, Section no. 85829",B+,4,Computer Science
Summer 2023,85829,C S,W383C,NUMRCL ANLY: LINEAR ALGEBRA-WB,"C S-W383C: NUMRCL ANLY: LINEAR ALGEBRA-WB, Section no. 85829",A-,5,Computer Science
Summer 2023,85829,C S,W383C,NUMRCL ANLY: LINEAR ALGEBRA-WB,"C S-W383C: NUMRCL ANLY: LINEAR ALGEBRA-WB, Section no. 85829",A,50,Computer Science
Summer 2023,85830,C S,W391L,MACHINE LEARNING-WB,"C S-W391L: MACHINE LEARNING-WB, Section no. 85830",Other,11,Computer Science
Summer 2023,85830,C S,W391L,MACHINE LEARNING-WB,"C S-W391L: MACHINE LEARNING-WB, Section no. 85830",D+,2,Computer Science
Summer 2023,85830,C S,W391L,MACHINE LEARNING-WB,"C S-W391L: MACHINE LEARNING-WB, Section no. 85830",B-,2,Computer Science
Summer 2023,85830,C S,W391L,MACHINE LEARNING-WB,"C S-W391L: MACHINE LEARNING-WB, Section no. 85830",B,5,Computer Science
Summer 2023,85830,C S,W391L,MACHINE LEARNING-WB,"C S-W391L: MACHINE LEARNING-WB, Section no. 85830",B+,18,Computer Science
Summer 2023,85830,C S,W391L,MACHINE LEARNING-WB,"C S-W391L: MACHINE LEARNING-WB, Section no. 85830",A-,15,Computer Science
Summer 2023,85830,C S,W391L,MACHINE LEARNING-WB,"C S-W391L: MACHINE LEARNING-WB, Section no. 85830",A,26,Computer Science
Summer 2023,85834,C S,W394D,DEEP LEARNING-WB,"C S-W394D: DEEP LEARNING-WB, Section no. 85834",Other,19,Computer Science
Summer 2023,85834,C S,W394D,DEEP LEARNING-WB,"C S-W394D: DEEP LEARNING-WB, Section no. 85834",F,1,Computer Science
Summer 2023,85834,C S,W394D,DEEP LEARNING-WB,"C S-W394D: DEEP LEARNING-WB, Section no. 85834",C,1,Computer Science
Summer 2023,85834,C S,W394D,DEEP LEARNING-WB,"C S-W394D: DEEP LEARNING-WB, Section no. 85834",C+,3,Computer Science
Summer 2023,85834,C S,W394D,DEEP LEARNING-WB,"C S-W394D: DEEP LEARNING-WB, Section no. 85834",B,14,Computer Science
Summer 2023,85834,C S,W394D,DEEP LEARNING-WB,"C S-W394D: DEEP LEARNING-WB, Section no. 85834",B+,15,Computer Science
Summer 2023,85834,C S,W394D,DEEP LEARNING-WB,"C S-W394D: DEEP LEARNING-WB, Section no. 85834",A-,22,Computer Science
Summer 2023,85834,C S,W394D,DEEP LEARNING-WB,"C S-W394D: DEEP LEARNING-WB, Section no. 85834",A,33,Computer Science
Summer 2023,85883,C S,S324E,ELEM OF GRAPHICS/VISUALIZATN,"C S-S324E: ELEM OF GRAPHICS/VISUALIZATN, Section no. 85883",Other,2,Computer Science
Summer 2023,85883,C S,S324E,ELEM OF GRAPHICS/VISUALIZATN,"C S-S324E: ELEM OF GRAPHICS/VISUALIZATN, Section no. 85883",F,1,Computer Science
Summer 2023,85883,C S,S324E,ELEM OF GRAPHICS/VISUALIZATN,"C S-S324E: ELEM OF GRAPHICS/VISUALIZATN, Section no. 85883",C-,1,Computer Science
Summer 2023,85883,C S,S324E,ELEM OF GRAPHICS/VISUALIZATN,"C S-S324E: ELEM OF GRAPHICS/VISUALIZATN, Section no. 85883",C+,1,Computer Science
Summer 2023,85883,C S,S324E,ELEM OF GRAPHICS/VISUALIZATN,"C S-S324E: ELEM OF GRAPHICS/VISUALIZATN, Section no. 85883",B-,3,Computer Science
Summer 2023,85883,C S,S324E,ELEM OF GRAPHICS/VISUALIZATN,"C S-S324E: ELEM OF GRAPHICS/VISUALIZATN, Section no. 85883",B,1,Computer Science
Summer 2023,85883,C S,S324E,ELEM OF GRAPHICS/VISUALIZATN,"C S-S324E: ELEM OF GRAPHICS/VISUALIZATN, Section no. 85883",B+,3,Computer Science
Summer 2023,85883,C S,S324E,ELEM OF GRAPHICS/VISUALIZATN,"C S-S324E: ELEM OF GRAPHICS/VISUALIZATN, Section no. 85883",A-,2,Computer Science
Summer 2023,85883,C S,S324E,ELEM OF GRAPHICS/VISUALIZATN,"C S-S324E: ELEM OF GRAPHICS/VISUALIZATN, Section no. 85883",A,16,Computer Science
Summer 2023,85885,C S,S375,COMPILERS,"C S-S375: COMPILERS, Section no. 85885",Other,4,Computer Science
Summer 2023,85885,C S,S375,COMPILERS,"C S-S375: COMPILERS, Section no. 85885",F,1,Computer Science
Summer 2023,85885,C S,S375,COMPILERS,"C S-S375: COMPILERS, Section no. 85885",D,6,Computer Science
Summer 2023,85885,C S,S375,COMPILERS,"C S-S375: COMPILERS, Section no. 85885",C-,1,Computer Science
Summer 2023,85885,C S,S375,COMPILERS,"C S-S375: COMPILERS, Section no. 85885",C,2,Computer Science
Summer 2023,85885,C S,S375,COMPILERS,"C S-S375: COMPILERS, Section no. 85885",B-,1,Computer Science
Summer 2023,85885,C S,S375,COMPILERS,"C S-S375: COMPILERS, Section no. 85885",B,1,Computer Science
Summer 2023,85885,C S,S375,COMPILERS,"C S-S375: COMPILERS, Section no. 85885",B+,3,Computer Science
Summer 2023,85885,C S,S375,COMPILERS,"C S-S375: COMPILERS, Section no. 85885",A-,5,Computer Science
Summer 2023,85885,C S,S375,COMPILERS,"C S-S375: COMPILERS, Section no. 85885",A,13,Computer Science
Summer 2023,87185,DSC,W382,FNDTNS REGRSSION/PRED MODEL-WB,"DSC-W382: FNDTNS REGRSSION/PRED MODEL-WB, Section no. 87185",Other,13,Data Science
Summer 2023,87185,DSC,W382,FNDTNS REGRSSION/PRED MODEL-WB,"DSC-W382: FNDTNS REGRSSION/PRED MODEL-WB, Section no. 87185",C,1,Data Science
Summer 2023,87185,DSC,W382,FNDTNS REGRSSION/PRED MODEL-WB,"DSC-W382: FNDTNS REGRSSION/PRED MODEL-WB, Section no. 87185",C+,1,Data Science
Summer 2023,87185,DSC,W382,FNDTNS REGRSSION/PRED MODEL-WB,"DSC-W382: FNDTNS REGRSSION/PRED MODEL-WB, Section no. 87185",B-,4,Data Science
Summer 2023,87185,DSC,W382,FNDTNS REGRSSION/PRED MODEL-WB,"DSC-W382: FNDTNS REGRSSION/PRED MODEL-WB, Section no. 87185",B,3,Data Science
Summer 2023,87185,DSC,W382,FNDTNS REGRSSION/PRED MODEL-WB,"DSC-W382: FNDTNS REGRSSION/PRED MODEL-WB, Section no. 87185",B+,4,Data Science
Summer 2023,87185,DSC,W382,FNDTNS REGRSSION/PRED MODEL-WB,"DSC-W382: FNDTNS REGRSSION/PRED MODEL-WB, Section no. 87185",A-,11,Data Science
Summer 2023,87185,DSC,W382,FNDTNS REGRSSION/PRED MODEL-WB,"DSC-W382: FNDTNS REGRSSION/PRED MODEL-WB, Section no. 87185",A,111,Data Science
Summer 2023,87190,DSC,W383,ADV PREDCTV MDLS COMPLX DAT-WB,"DSC-W383: ADV PREDCTV MDLS COMPLX DAT-WB, Section no. 87190",Other,17,Data Science
Summer 2023,87190,DSC,W383,ADV PREDCTV MDLS COMPLX DAT-WB,"DSC-W383: ADV PREDCTV MDLS COMPLX DAT-WB, Section no. 87190",C+,1,Data Science
Summer 2023,87190,DSC,W383,ADV PREDCTV MDLS COMPLX DAT-WB,"DSC-W383: ADV PREDCTV MDLS COMPLX DAT-WB, Section no. 87190",B,7,Data Science
Summer 2023,87190,DSC,W383,ADV PREDCTV MDLS COMPLX DAT-WB,"DSC-W383: ADV PREDCTV MDLS COMPLX DAT-WB, Section no. 87190",B+,12,Data Science
Summer 2023,87190,DSC,W383,ADV PREDCTV MDLS COMPLX DAT-WB,"DSC-W383: ADV PREDCTV MDLS COMPLX DAT-WB, Section no. 87190",A-,42,Data Science
Summer 2023,87190,DSC,W383,ADV PREDCTV MDLS COMPLX DAT-WB,"DSC-W383: ADV PREDCTV MDLS COMPLX DAT-WB, Section no. 87190",A,125,Data Science
Summer 2023,87200,DSC,W391L,PRINCIPLES MACHINE LEARNING-WB,"DSC-W391L: PRINCIPLES MACHINE LEARNING-WB, Section no. 87200",Other,11,Data Science
Summer 2023,87200,DSC,W391L,PRINCIPLES MACHINE LEARNING-WB,"DSC-W391L: PRINCIPLES MACHINE LEARNING-WB, Section no. 87200",D+,1,Data Science
Summer 2023,87200,DSC,W391L,PRINCIPLES MACHINE LEARNING-WB,"DSC-W391L: PRINCIPLES MACHINE LEARNING-WB, Section no. 87200",C-,1,Data Science
Summer 2023,87200,DSC,W391L,PRINCIPLES MACHINE LEARNING-WB,"DSC-W391L: PRINCIPLES MACHINE LEARNING-WB, Section no. 87200",C+,2,Data Science
Summer 2023,87200,DSC,W391L,PRINCIPLES MACHINE LEARNING-WB,"DSC-W391L: PRINCIPLES MACHINE LEARNING-WB, Section no. 87200",B-,6,Data Science
Summer 2023,87200,DSC,W391L,PRINCIPLES MACHINE LEARNING-WB,"DSC-W391L: PRINCIPLES MACHINE LEARNING-WB, Section no. 87200",B,12,Data Science
Summer 2023,87200,DSC,W391L,PRINCIPLES MACHINE LEARNING-WB,"DSC-W391L: PRINCIPLES MACHINE LEARNING-WB, Section no. 87200",B+,14,Data Science
Summer 2023,87200,DSC,W391L,PRINCIPLES MACHINE LEARNING-WB,"DSC-W391L: PRINCIPLES MACHINE LEARNING-WB, Section no. 87200",A-,27,Data Science
Summer 2023,87200,DSC,W391L,PRINCIPLES MACHINE LEARNING-WB,"DSC-W391L: PRINCIPLES MACHINE LEARNING-WB, Section no. 87200",A,17,Data Science
Summer 2023,87201,DSC,W394D,DEEP LEARNING-WB,"DSC-W394D: DEEP LEARNING-WB, Section no. 87201",Other,13,Data Science
Summer 2023,87201,DSC,W394D,DEEP LEARNING-WB,"DSC-W394D: DEEP LEARNING-WB, Section no. 87201",D-,1,Data Science
Summer 2023,87201,DSC,W394D,DEEP LEARNING-WB,"DSC-W394D: DEEP LEARNING-WB, Section no. 87201",C,6,Data Science
Summer 2023,87201,DSC,W394D,DEEP LEARNING-WB,"DSC-W394D: DEEP LEARNING-WB, Section no. 87201",C+,5,Data Science
Summer 2023,87201,DSC,W394D,DEEP LEARNING-WB,"DSC-W394D: DEEP LEARNING-WB, Section no. 87201",B,16,Data Science
Summer 2023,87201,DSC,W394D,DEEP LEARNING-WB,"DSC-W394D: DEEP LEARNING-WB, Section no. 87201",B+,9,Data Science
Summer 2023,87201,DSC,W394D,DEEP LEARNING-WB,"DSC-W394D: DEEP LEARNING-WB, Section no. 87201",A-,17,Data Science
Summer 2023,87201,DSC,W394D,DEEP LEARNING-WB,"DSC-W394D: DEEP LEARNING-WB, Section no. 87201",A,38,Data Science
