Semester,Section Number,Course Prefix,Course Number,Course Title,Course,Letter Grade,Count of letter grade,Department/Program
Fall 2023,52410,C S, 303E,ELEMS OF COMPTRS/PROGRAMMNG-WB,"C S-303E: ELEMS OF COMPTRS/PROGRAMMNG-WB, Section no. 52410",Other,34,Computer Science
Fall 2023,52410,C S, 303E,ELEMS OF COMPTRS/PROGRAMMNG-WB,"C S-303E: ELEMS OF COMPTRS/PROGRAMMNG-WB, Section no. 52410",F,1,Computer Science
Fall 2023,52410,C S, 303E,ELEMS OF COMPTRS/PROGRAMMNG-WB,"C S-303E: ELEMS OF COMPTRS/PROGRAMMNG-WB, Section no. 52410",D,7,Computer Science
Fall 2023,52410,C S, 303E,ELEMS OF COMPTRS/PROGRAMMNG-WB,"C S-303E: ELEMS OF COMPTRS/PROGRAMMNG-WB, Section no. 52410",D+,3,Computer Science
Fall 2023,52410,C S, 303E,ELEMS OF COMPTRS/PROGRAMMNG-WB,"C S-303E: ELEMS OF COMPTRS/PROGRAMMNG-WB, Section no. 52410",C-,3,Computer Science
Fall 2023,52410,C S, 303E,ELEMS OF COMPTRS/PROGRAMMNG-WB,"C S-303E: ELEMS OF COMPTRS/PROGRAMMNG-WB, Section no. 52410",C,7,Computer Science
Fall 2023,52410,C S, 303E,ELEMS OF COMPTRS/PROGRAMMNG-WB,"C S-303E: ELEMS OF COMPTRS/PROGRAMMNG-WB, Section no. 52410",C+,12,Computer Science
Fall 2023,52410,C S, 303E,ELEMS OF COMPTRS/PROGRAMMNG-WB,"C S-303E: ELEMS OF COMPTRS/PROGRAMMNG-WB, Section no. 52410",B-,15,Computer Science
Fall 2023,52410,C S, 303E,ELEMS OF COMPTRS/PROGRAMMNG-WB,"C S-303E: ELEMS OF COMPTRS/PROGRAMMNG-WB, Section no. 52410",B,9,Computer Science
Fall 2023,52410,C S, 303E,ELEMS OF COMPTRS/PROGRAMMNG-WB,"C S-303E: ELEMS OF COMPTRS/PROGRAMMNG-WB, Section no. 52410",B+,9,Computer Science
Fall 2023,52410,C S, 303E,ELEMS OF COMPTRS/PROGRAMMNG-WB,"C S-303E: ELEMS OF COMPTRS/PROGRAMMNG-WB, Section no. 52410",A-,20,Computer Science
Fall 2023,52410,C S, 303E,ELEMS OF COMPTRS/PROGRAMMNG-WB,"C S-303E: ELEMS OF COMPTRS/PROGRAMMNG-WB, Section no. 52410",A,75,Computer Science
Fall 2023,52415,C S, 303E,ELEMS OF COMPTRS/PROGRAMMNG-WB,"C S-303E: ELEMS OF COMPTRS/PROGRAMMNG-WB, Section no. 52415",Other,46,Computer Science
Fall 2023,52415,C S, 303E,ELEMS OF COMPTRS/PROGRAMMNG-WB,"C S-303E: ELEMS OF COMPTRS/PROGRAMMNG-WB, Section no. 52415",F,8,Computer Science
Fall 2023,52415,C S, 303E,ELEMS OF COMPTRS/PROGRAMMNG-WB,"C S-303E: ELEMS OF COMPTRS/PROGRAMMNG-WB, Section no. 52415",D,5,Computer Science
Fall 2023,52415,C S, 303E,ELEMS OF COMPTRS/PROGRAMMNG-WB,"C S-303E: ELEMS OF COMPTRS/PROGRAMMNG-WB, Section no. 52415",D+,7,Computer Science
Fall 2023,52415,C S, 303E,ELEMS OF COMPTRS/PROGRAMMNG-WB,"C S-303E: ELEMS OF COMPTRS/PROGRAMMNG-WB, Section no. 52415",C-,6,Computer Science
Fall 2023,52415,C S, 303E,ELEMS OF COMPTRS/PROGRAMMNG-WB,"C S-303E: ELEMS OF COMPTRS/PROGRAMMNG-WB, Section no. 52415",C,10,Computer Science
Fall 2023,52415,C S, 303E,ELEMS OF COMPTRS/PROGRAMMNG-WB,"C S-303E: ELEMS OF COMPTRS/PROGRAMMNG-WB, Section no. 52415",C+,6,Computer Science
Fall 2023,52415,C S, 303E,ELEMS OF COMPTRS/PROGRAMMNG-WB,"C S-303E: ELEMS OF COMPTRS/PROGRAMMNG-WB, Section no. 52415",B-,9,Computer Science
Fall 2023,52415,C S, 303E,ELEMS OF COMPTRS/PROGRAMMNG-WB,"C S-303E: ELEMS OF COMPTRS/PROGRAMMNG-WB, Section no. 52415",B,8,Computer Science
Fall 2023,52415,C S, 303E,ELEMS OF COMPTRS/PROGRAMMNG-WB,"C S-303E: ELEMS OF COMPTRS/PROGRAMMNG-WB, Section no. 52415",B+,14,Computer Science
Fall 2023,52415,C S, 303E,ELEMS OF COMPTRS/PROGRAMMNG-WB,"C S-303E: ELEMS OF COMPTRS/PROGRAMMNG-WB, Section no. 52415",A-,15,Computer Science
Fall 2023,52415,C S, 303E,ELEMS OF COMPTRS/PROGRAMMNG-WB,"C S-303E: ELEMS OF COMPTRS/PROGRAMMNG-WB, Section no. 52415",A,60,Computer Science
Fall 2023,52420,C S, 303E,ELEMS OF COMPTRS/PROGRAMMNG-WB,"C S-303E: ELEMS OF COMPTRS/PROGRAMMNG-WB, Section no. 52420",Other,38,Computer Science
Fall 2023,52420,C S, 303E,ELEMS OF COMPTRS/PROGRAMMNG-WB,"C S-303E: ELEMS OF COMPTRS/PROGRAMMNG-WB, Section no. 52420",F,8,Computer Science
Fall 2023,52420,C S, 303E,ELEMS OF COMPTRS/PROGRAMMNG-WB,"C S-303E: ELEMS OF COMPTRS/PROGRAMMNG-WB, Section no. 52420",D,4,Computer Science
Fall 2023,52420,C S, 303E,ELEMS OF COMPTRS/PROGRAMMNG-WB,"C S-303E: ELEMS OF COMPTRS/PROGRAMMNG-WB, Section no. 52420",D+,2,Computer Science
Fall 2023,52420,C S, 303E,ELEMS OF COMPTRS/PROGRAMMNG-WB,"C S-303E: ELEMS OF COMPTRS/PROGRAMMNG-WB, Section no. 52420",C-,4,Computer Science
Fall 2023,52420,C S, 303E,ELEMS OF COMPTRS/PROGRAMMNG-WB,"C S-303E: ELEMS OF COMPTRS/PROGRAMMNG-WB, Section no. 52420",C,6,Computer Science
Fall 2023,52420,C S, 303E,ELEMS OF COMPTRS/PROGRAMMNG-WB,"C S-303E: ELEMS OF COMPTRS/PROGRAMMNG-WB, Section no. 52420",C+,7,Computer Science
Fall 2023,52420,C S, 303E,ELEMS OF COMPTRS/PROGRAMMNG-WB,"C S-303E: ELEMS OF COMPTRS/PROGRAMMNG-WB, Section no. 52420",B-,9,Computer Science
Fall 2023,52420,C S, 303E,ELEMS OF COMPTRS/PROGRAMMNG-WB,"C S-303E: ELEMS OF COMPTRS/PROGRAMMNG-WB, Section no. 52420",B,20,Computer Science
Fall 2023,52420,C S, 303E,ELEMS OF COMPTRS/PROGRAMMNG-WB,"C S-303E: ELEMS OF COMPTRS/PROGRAMMNG-WB, Section no. 52420",B+,16,Computer Science
Fall 2023,52420,C S, 303E,ELEMS OF COMPTRS/PROGRAMMNG-WB,"C S-303E: ELEMS OF COMPTRS/PROGRAMMNG-WB, Section no. 52420",A-,17,Computer Science
Fall 2023,52420,C S, 303E,ELEMS OF COMPTRS/PROGRAMMNG-WB,"C S-303E: ELEMS OF COMPTRS/PROGRAMMNG-WB, Section no. 52420",A,64,Computer Science
Fall 2023,52433,C S, 303E,ELEMS OF COMPUTERS/PROGRAMMING,"C S-303E: ELEMS OF COMPUTERS/PROGRAMMING, Section no. 52433",Other,23,Computer Science
Fall 2023,52433,C S, 303E,ELEMS OF COMPUTERS/PROGRAMMING,"C S-303E: ELEMS OF COMPUTERS/PROGRAMMING, Section no. 52433",F,4,Computer Science
Fall 2023,52433,C S, 303E,ELEMS OF COMPUTERS/PROGRAMMING,"C S-303E: ELEMS OF COMPUTERS/PROGRAMMING, Section no. 52433",D-,2,Computer Science
Fall 2023,52433,C S, 303E,ELEMS OF COMPUTERS/PROGRAMMING,"C S-303E: ELEMS OF COMPUTERS/PROGRAMMING, Section no. 52433",D,3,Computer Science
Fall 2023,52433,C S, 303E,ELEMS OF COMPUTERS/PROGRAMMING,"C S-303E: ELEMS OF COMPUTERS/PROGRAMMING, Section no. 52433",D+,1,Computer Science
Fall 2023,52433,C S, 303E,ELEMS OF COMPUTERS/PROGRAMMING,"C S-303E: ELEMS OF COMPUTERS/PROGRAMMING, Section no. 52433",C-,4,Computer Science
Fall 2023,52433,C S, 303E,ELEMS OF COMPUTERS/PROGRAMMING,"C S-303E: ELEMS OF COMPUTERS/PROGRAMMING, Section no. 52433",C,3,Computer Science
Fall 2023,52433,C S, 303E,ELEMS OF COMPUTERS/PROGRAMMING,"C S-303E: ELEMS OF COMPUTERS/PROGRAMMING, Section no. 52433",C+,3,Computer Science
Fall 2023,52433,C S, 303E,ELEMS OF COMPUTERS/PROGRAMMING,"C S-303E: ELEMS OF COMPUTERS/PROGRAMMING, Section no. 52433",B-,12,Computer Science
Fall 2023,52433,C S, 303E,ELEMS OF COMPUTERS/PROGRAMMING,"C S-303E: ELEMS OF COMPUTERS/PROGRAMMING, Section no. 52433",B,9,Computer Science
Fall 2023,52433,C S, 303E,ELEMS OF COMPUTERS/PROGRAMMING,"C S-303E: ELEMS OF COMPUTERS/PROGRAMMING, Section no. 52433",B+,14,Computer Science
Fall 2023,52433,C S, 303E,ELEMS OF COMPUTERS/PROGRAMMING,"C S-303E: ELEMS OF COMPUTERS/PROGRAMMING, Section no. 52433",A-,38,Computer Science
Fall 2023,52433,C S, 303E,ELEMS OF COMPUTERS/PROGRAMMING,"C S-303E: ELEMS OF COMPUTERS/PROGRAMMING, Section no. 52433",A,37,Computer Science
Fall 2023,52434,C S, 303E,ELEMS OF COMPUTERS/PROGRAMMING,"C S-303E: ELEMS OF COMPUTERS/PROGRAMMING, Section no. 52434",Other,21,Computer Science
Fall 2023,52434,C S, 303E,ELEMS OF COMPUTERS/PROGRAMMING,"C S-303E: ELEMS OF COMPUTERS/PROGRAMMING, Section no. 52434",F,4,Computer Science
Fall 2023,52434,C S, 303E,ELEMS OF COMPUTERS/PROGRAMMING,"C S-303E: ELEMS OF COMPUTERS/PROGRAMMING, Section no. 52434",D-,1,Computer Science
Fall 2023,52434,C S, 303E,ELEMS OF COMPUTERS/PROGRAMMING,"C S-303E: ELEMS OF COMPUTERS/PROGRAMMING, Section no. 52434",D+,2,Computer Science
Fall 2023,52434,C S, 303E,ELEMS OF COMPUTERS/PROGRAMMING,"C S-303E: ELEMS OF COMPUTERS/PROGRAMMING, Section no. 52434",C-,1,Computer Science
Fall 2023,52434,C S, 303E,ELEMS OF COMPUTERS/PROGRAMMING,"C S-303E: ELEMS OF COMPUTERS/PROGRAMMING, Section no. 52434",C,4,Computer Science
Fall 2023,52434,C S, 303E,ELEMS OF COMPUTERS/PROGRAMMING,"C S-303E: ELEMS OF COMPUTERS/PROGRAMMING, Section no. 52434",C+,3,Computer Science
Fall 2023,52434,C S, 303E,ELEMS OF COMPUTERS/PROGRAMMING,"C S-303E: ELEMS OF COMPUTERS/PROGRAMMING, Section no. 52434",B-,6,Computer Science
Fall 2023,52434,C S, 303E,ELEMS OF COMPUTERS/PROGRAMMING,"C S-303E: ELEMS OF COMPUTERS/PROGRAMMING, Section no. 52434",B,9,Computer Science
Fall 2023,52434,C S, 303E,ELEMS OF COMPUTERS/PROGRAMMING,"C S-303E: ELEMS OF COMPUTERS/PROGRAMMING, Section no. 52434",B+,27,Computer Science
Fall 2023,52434,C S, 303E,ELEMS OF COMPUTERS/PROGRAMMING,"C S-303E: ELEMS OF COMPUTERS/PROGRAMMING, Section no. 52434",A-,30,Computer Science
Fall 2023,52434,C S, 303E,ELEMS OF COMPUTERS/PROGRAMMING,"C S-303E: ELEMS OF COMPUTERS/PROGRAMMING, Section no. 52434",A,43,Computer Science
Fall 2023,52435,C S, 104C,COMPETITIVE PROGRAMMING,"C S-104C: COMPETITIVE PROGRAMMING, Section no. 52435",Other,10,Computer Science
Fall 2023,52435,C S, 104C,COMPETITIVE PROGRAMMING,"C S-104C: COMPETITIVE PROGRAMMING, Section no. 52435",D,1,Computer Science
Fall 2023,52435,C S, 104C,COMPETITIVE PROGRAMMING,"C S-104C: COMPETITIVE PROGRAMMING, Section no. 52435",C,2,Computer Science
Fall 2023,52435,C S, 104C,COMPETITIVE PROGRAMMING,"C S-104C: COMPETITIVE PROGRAMMING, Section no. 52435",B,4,Computer Science
Fall 2023,52435,C S, 104C,COMPETITIVE PROGRAMMING,"C S-104C: COMPETITIVE PROGRAMMING, Section no. 52435",A,52,Computer Science
Fall 2023,52440,C S, 105C,COMPUTER PROGRAMMING: C++,"C S-105C: COMPUTER PROGRAMMING: C++, Section no. 52440",Other,5,Computer Science
Fall 2023,52440,C S, 105C,COMPUTER PROGRAMMING: C++,"C S-105C: COMPUTER PROGRAMMING: C++, Section no. 52440",C+,1,Computer Science
Fall 2023,52440,C S, 105C,COMPUTER PROGRAMMING: C++,"C S-105C: COMPUTER PROGRAMMING: C++, Section no. 52440",B,1,Computer Science
Fall 2023,52440,C S, 105C,COMPUTER PROGRAMMING: C++,"C S-105C: COMPUTER PROGRAMMING: C++, Section no. 52440",A-,6,Computer Science
Fall 2023,52440,C S, 105C,COMPUTER PROGRAMMING: C++,"C S-105C: COMPUTER PROGRAMMING: C++, Section no. 52440",A,8,Computer Science
Fall 2023,52443,C S, 109,ESSENTIALS OF AI: LIFE/SOC-WB,"C S-109: ESSENTIALS OF AI: LIFE/SOC-WB, Section no. 52443",Other,13,Computer Science
Fall 2023,52443,C S, 109,ESSENTIALS OF AI: LIFE/SOC-WB,"C S-109: ESSENTIALS OF AI: LIFE/SOC-WB, Section no. 52443",F,4,Computer Science
Fall 2023,52443,C S, 109,ESSENTIALS OF AI: LIFE/SOC-WB,"C S-109: ESSENTIALS OF AI: LIFE/SOC-WB, Section no. 52443",D,2,Computer Science
Fall 2023,52443,C S, 109,ESSENTIALS OF AI: LIFE/SOC-WB,"C S-109: ESSENTIALS OF AI: LIFE/SOC-WB, Section no. 52443",C,1,Computer Science
Fall 2023,52443,C S, 109,ESSENTIALS OF AI: LIFE/SOC-WB,"C S-109: ESSENTIALS OF AI: LIFE/SOC-WB, Section no. 52443",C+,2,Computer Science
Fall 2023,52443,C S, 109,ESSENTIALS OF AI: LIFE/SOC-WB,"C S-109: ESSENTIALS OF AI: LIFE/SOC-WB, Section no. 52443",B-,1,Computer Science
Fall 2023,52443,C S, 109,ESSENTIALS OF AI: LIFE/SOC-WB,"C S-109: ESSENTIALS OF AI: LIFE/SOC-WB, Section no. 52443",B,6,Computer Science
Fall 2023,52443,C S, 109,ESSENTIALS OF AI: LIFE/SOC-WB,"C S-109: ESSENTIALS OF AI: LIFE/SOC-WB, Section no. 52443",B+,4,Computer Science
Fall 2023,52443,C S, 109,ESSENTIALS OF AI: LIFE/SOC-WB,"C S-109: ESSENTIALS OF AI: LIFE/SOC-WB, Section no. 52443",A-,7,Computer Science
Fall 2023,52443,C S, 109,ESSENTIALS OF AI: LIFE/SOC-WB,"C S-109: ESSENTIALS OF AI: LIFE/SOC-WB, Section no. 52443",A,95,Computer Science
Fall 2023,52445,C S, 311,DISCRETE MATH FOR COMPUTER SCI,"C S-311: DISCRETE MATH FOR COMPUTER SCI, Section no. 52445",C+,2,Computer Science
Fall 2023,52445,C S, 311,DISCRETE MATH FOR COMPUTER SCI,"C S-311: DISCRETE MATH FOR COMPUTER SCI, Section no. 52445",B-,1,Computer Science
Fall 2023,52445,C S, 311,DISCRETE MATH FOR COMPUTER SCI,"C S-311: DISCRETE MATH FOR COMPUTER SCI, Section no. 52445",B,1,Computer Science
Fall 2023,52445,C S, 311,DISCRETE MATH FOR COMPUTER SCI,"C S-311: DISCRETE MATH FOR COMPUTER SCI, Section no. 52445",A-,5,Computer Science
Fall 2023,52445,C S, 311,DISCRETE MATH FOR COMPUTER SCI,"C S-311: DISCRETE MATH FOR COMPUTER SCI, Section no. 52445",A,11,Computer Science
Fall 2023,52450,C S, 311,DISCRETE MATH FOR COMPUTER SCI,"C S-311: DISCRETE MATH FOR COMPUTER SCI, Section no. 52450",C+,1,Computer Science
Fall 2023,52450,C S, 311,DISCRETE MATH FOR COMPUTER SCI,"C S-311: DISCRETE MATH FOR COMPUTER SCI, Section no. 52450",B-,5,Computer Science
Fall 2023,52450,C S, 311,DISCRETE MATH FOR COMPUTER SCI,"C S-311: DISCRETE MATH FOR COMPUTER SCI, Section no. 52450",B,4,Computer Science
Fall 2023,52450,C S, 311,DISCRETE MATH FOR COMPUTER SCI,"C S-311: DISCRETE MATH FOR COMPUTER SCI, Section no. 52450",B+,5,Computer Science
Fall 2023,52450,C S, 311,DISCRETE MATH FOR COMPUTER SCI,"C S-311: DISCRETE MATH FOR COMPUTER SCI, Section no. 52450",A-,6,Computer Science
Fall 2023,52450,C S, 311,DISCRETE MATH FOR COMPUTER SCI,"C S-311: DISCRETE MATH FOR COMPUTER SCI, Section no. 52450",A,5,Computer Science
Fall 2023,52455,C S, 311,DISCRETE MATH FOR COMPUTER SCI,"C S-311: DISCRETE MATH FOR COMPUTER SCI, Section no. 52455",Other,1,Computer Science
Fall 2023,52455,C S, 311,DISCRETE MATH FOR COMPUTER SCI,"C S-311: DISCRETE MATH FOR COMPUTER SCI, Section no. 52455",F,1,Computer Science
Fall 2023,52455,C S, 311,DISCRETE MATH FOR COMPUTER SCI,"C S-311: DISCRETE MATH FOR COMPUTER SCI, Section no. 52455",C,1,Computer Science
Fall 2023,52455,C S, 311,DISCRETE MATH FOR COMPUTER SCI,"C S-311: DISCRETE MATH FOR COMPUTER SCI, Section no. 52455",B-,3,Computer Science
Fall 2023,52455,C S, 311,DISCRETE MATH FOR COMPUTER SCI,"C S-311: DISCRETE MATH FOR COMPUTER SCI, Section no. 52455",B,2,Computer Science
Fall 2023,52455,C S, 311,DISCRETE MATH FOR COMPUTER SCI,"C S-311: DISCRETE MATH FOR COMPUTER SCI, Section no. 52455",B+,3,Computer Science
Fall 2023,52455,C S, 311,DISCRETE MATH FOR COMPUTER SCI,"C S-311: DISCRETE MATH FOR COMPUTER SCI, Section no. 52455",A-,1,Computer Science
Fall 2023,52455,C S, 311,DISCRETE MATH FOR COMPUTER SCI,"C S-311: DISCRETE MATH FOR COMPUTER SCI, Section no. 52455",A,13,Computer Science
Fall 2023,52460,C S, 311,DISCRETE MATH FOR COMPUTER SCI,"C S-311: DISCRETE MATH FOR COMPUTER SCI, Section no. 52460",F,1,Computer Science
Fall 2023,52460,C S, 311,DISCRETE MATH FOR COMPUTER SCI,"C S-311: DISCRETE MATH FOR COMPUTER SCI, Section no. 52460",C,2,Computer Science
Fall 2023,52460,C S, 311,DISCRETE MATH FOR COMPUTER SCI,"C S-311: DISCRETE MATH FOR COMPUTER SCI, Section no. 52460",B-,1,Computer Science
Fall 2023,52460,C S, 311,DISCRETE MATH FOR COMPUTER SCI,"C S-311: DISCRETE MATH FOR COMPUTER SCI, Section no. 52460",B,1,Computer Science
Fall 2023,52460,C S, 311,DISCRETE MATH FOR COMPUTER SCI,"C S-311: DISCRETE MATH FOR COMPUTER SCI, Section no. 52460",B+,5,Computer Science
Fall 2023,52460,C S, 311,DISCRETE MATH FOR COMPUTER SCI,"C S-311: DISCRETE MATH FOR COMPUTER SCI, Section no. 52460",A-,5,Computer Science
Fall 2023,52460,C S, 311,DISCRETE MATH FOR COMPUTER SCI,"C S-311: DISCRETE MATH FOR COMPUTER SCI, Section no. 52460",A,11,Computer Science
Fall 2023,52465,C S, 311,DISCRETE MATH FOR COMPUTER SCI,"C S-311: DISCRETE MATH FOR COMPUTER SCI, Section no. 52465",F,2,Computer Science
Fall 2023,52465,C S, 311,DISCRETE MATH FOR COMPUTER SCI,"C S-311: DISCRETE MATH FOR COMPUTER SCI, Section no. 52465",D,1,Computer Science
Fall 2023,52465,C S, 311,DISCRETE MATH FOR COMPUTER SCI,"C S-311: DISCRETE MATH FOR COMPUTER SCI, Section no. 52465",C,2,Computer Science
Fall 2023,52465,C S, 311,DISCRETE MATH FOR COMPUTER SCI,"C S-311: DISCRETE MATH FOR COMPUTER SCI, Section no. 52465",C+,3,Computer Science
Fall 2023,52465,C S, 311,DISCRETE MATH FOR COMPUTER SCI,"C S-311: DISCRETE MATH FOR COMPUTER SCI, Section no. 52465",B-,1,Computer Science
Fall 2023,52465,C S, 311,DISCRETE MATH FOR COMPUTER SCI,"C S-311: DISCRETE MATH FOR COMPUTER SCI, Section no. 52465",B,3,Computer Science
Fall 2023,52465,C S, 311,DISCRETE MATH FOR COMPUTER SCI,"C S-311: DISCRETE MATH FOR COMPUTER SCI, Section no. 52465",A-,4,Computer Science
Fall 2023,52465,C S, 311,DISCRETE MATH FOR COMPUTER SCI,"C S-311: DISCRETE MATH FOR COMPUTER SCI, Section no. 52465",A,14,Computer Science
Fall 2023,52470,C S, 311,DISCRETE MATH FOR COMPUTER SCI,"C S-311: DISCRETE MATH FOR COMPUTER SCI, Section no. 52470",D,1,Computer Science
Fall 2023,52470,C S, 311,DISCRETE MATH FOR COMPUTER SCI,"C S-311: DISCRETE MATH FOR COMPUTER SCI, Section no. 52470",C,5,Computer Science
Fall 2023,52470,C S, 311,DISCRETE MATH FOR COMPUTER SCI,"C S-311: DISCRETE MATH FOR COMPUTER SCI, Section no. 52470",C+,1,Computer Science
Fall 2023,52470,C S, 311,DISCRETE MATH FOR COMPUTER SCI,"C S-311: DISCRETE MATH FOR COMPUTER SCI, Section no. 52470",B-,1,Computer Science
Fall 2023,52470,C S, 311,DISCRETE MATH FOR COMPUTER SCI,"C S-311: DISCRETE MATH FOR COMPUTER SCI, Section no. 52470",B,1,Computer Science
Fall 2023,52470,C S, 311,DISCRETE MATH FOR COMPUTER SCI,"C S-311: DISCRETE MATH FOR COMPUTER SCI, Section no. 52470",B+,1,Computer Science
Fall 2023,52470,C S, 311,DISCRETE MATH FOR COMPUTER SCI,"C S-311: DISCRETE MATH FOR COMPUTER SCI, Section no. 52470",A-,2,Computer Science
Fall 2023,52470,C S, 311,DISCRETE MATH FOR COMPUTER SCI,"C S-311: DISCRETE MATH FOR COMPUTER SCI, Section no. 52470",A,14,Computer Science
Fall 2023,52475,C S, 311,DISCRETE MATH FOR COMPUTER SCI,"C S-311: DISCRETE MATH FOR COMPUTER SCI, Section no. 52475",B-,1,Computer Science
Fall 2023,52475,C S, 311,DISCRETE MATH FOR COMPUTER SCI,"C S-311: DISCRETE MATH FOR COMPUTER SCI, Section no. 52475",B,1,Computer Science
Fall 2023,52475,C S, 311,DISCRETE MATH FOR COMPUTER SCI,"C S-311: DISCRETE MATH FOR COMPUTER SCI, Section no. 52475",B+,2,Computer Science
Fall 2023,52475,C S, 311,DISCRETE MATH FOR COMPUTER SCI,"C S-311: DISCRETE MATH FOR COMPUTER SCI, Section no. 52475",A-,3,Computer Science
Fall 2023,52475,C S, 311,DISCRETE MATH FOR COMPUTER SCI,"C S-311: DISCRETE MATH FOR COMPUTER SCI, Section no. 52475",A,16,Computer Science
Fall 2023,52480,C S, 311,DISCRETE MATH FOR COMPUTER SCI,"C S-311: DISCRETE MATH FOR COMPUTER SCI, Section no. 52480",D,1,Computer Science
Fall 2023,52480,C S, 311,DISCRETE MATH FOR COMPUTER SCI,"C S-311: DISCRETE MATH FOR COMPUTER SCI, Section no. 52480",C,1,Computer Science
Fall 2023,52480,C S, 311,DISCRETE MATH FOR COMPUTER SCI,"C S-311: DISCRETE MATH FOR COMPUTER SCI, Section no. 52480",B-,1,Computer Science
Fall 2023,52480,C S, 311,DISCRETE MATH FOR COMPUTER SCI,"C S-311: DISCRETE MATH FOR COMPUTER SCI, Section no. 52480",B,2,Computer Science
Fall 2023,52480,C S, 311,DISCRETE MATH FOR COMPUTER SCI,"C S-311: DISCRETE MATH FOR COMPUTER SCI, Section no. 52480",B+,1,Computer Science
Fall 2023,52480,C S, 311,DISCRETE MATH FOR COMPUTER SCI,"C S-311: DISCRETE MATH FOR COMPUTER SCI, Section no. 52480",A-,8,Computer Science
Fall 2023,52480,C S, 311,DISCRETE MATH FOR COMPUTER SCI,"C S-311: DISCRETE MATH FOR COMPUTER SCI, Section no. 52480",A,11,Computer Science
Fall 2023,52485,C S, 311,DISCRETE MATH FOR COMPUTER SCI,"C S-311: DISCRETE MATH FOR COMPUTER SCI, Section no. 52485",C,2,Computer Science
Fall 2023,52485,C S, 311,DISCRETE MATH FOR COMPUTER SCI,"C S-311: DISCRETE MATH FOR COMPUTER SCI, Section no. 52485",B-,2,Computer Science
Fall 2023,52485,C S, 311,DISCRETE MATH FOR COMPUTER SCI,"C S-311: DISCRETE MATH FOR COMPUTER SCI, Section no. 52485",B,1,Computer Science
Fall 2023,52485,C S, 311,DISCRETE MATH FOR COMPUTER SCI,"C S-311: DISCRETE MATH FOR COMPUTER SCI, Section no. 52485",B+,3,Computer Science
Fall 2023,52485,C S, 311,DISCRETE MATH FOR COMPUTER SCI,"C S-311: DISCRETE MATH FOR COMPUTER SCI, Section no. 52485",A-,6,Computer Science
Fall 2023,52485,C S, 311,DISCRETE MATH FOR COMPUTER SCI,"C S-311: DISCRETE MATH FOR COMPUTER SCI, Section no. 52485",A,9,Computer Science
Fall 2023,52490,C S, 311,DISCRETE MATH FOR COMPUTER SCI,"C S-311: DISCRETE MATH FOR COMPUTER SCI, Section no. 52490",F,1,Computer Science
Fall 2023,52490,C S, 311,DISCRETE MATH FOR COMPUTER SCI,"C S-311: DISCRETE MATH FOR COMPUTER SCI, Section no. 52490",D,1,Computer Science
Fall 2023,52490,C S, 311,DISCRETE MATH FOR COMPUTER SCI,"C S-311: DISCRETE MATH FOR COMPUTER SCI, Section no. 52490",C,1,Computer Science
Fall 2023,52490,C S, 311,DISCRETE MATH FOR COMPUTER SCI,"C S-311: DISCRETE MATH FOR COMPUTER SCI, Section no. 52490",B-,1,Computer Science
Fall 2023,52490,C S, 311,DISCRETE MATH FOR COMPUTER SCI,"C S-311: DISCRETE MATH FOR COMPUTER SCI, Section no. 52490",B,4,Computer Science
Fall 2023,52490,C S, 311,DISCRETE MATH FOR COMPUTER SCI,"C S-311: DISCRETE MATH FOR COMPUTER SCI, Section no. 52490",B+,2,Computer Science
Fall 2023,52490,C S, 311,DISCRETE MATH FOR COMPUTER SCI,"C S-311: DISCRETE MATH FOR COMPUTER SCI, Section no. 52490",A-,3,Computer Science
Fall 2023,52490,C S, 311,DISCRETE MATH FOR COMPUTER SCI,"C S-311: DISCRETE MATH FOR COMPUTER SCI, Section no. 52490",A,9,Computer Science
Fall 2023,52495,C S, 311,DISCRETE MATH FOR COMPUTER SCI,"C S-311: DISCRETE MATH FOR COMPUTER SCI, Section no. 52495",C,1,Computer Science
Fall 2023,52495,C S, 311,DISCRETE MATH FOR COMPUTER SCI,"C S-311: DISCRETE MATH FOR COMPUTER SCI, Section no. 52495",B-,1,Computer Science
Fall 2023,52495,C S, 311,DISCRETE MATH FOR COMPUTER SCI,"C S-311: DISCRETE MATH FOR COMPUTER SCI, Section no. 52495",B,2,Computer Science
Fall 2023,52495,C S, 311,DISCRETE MATH FOR COMPUTER SCI,"C S-311: DISCRETE MATH FOR COMPUTER SCI, Section no. 52495",B+,5,Computer Science
Fall 2023,52495,C S, 311,DISCRETE MATH FOR COMPUTER SCI,"C S-311: DISCRETE MATH FOR COMPUTER SCI, Section no. 52495",A-,2,Computer Science
Fall 2023,52495,C S, 311,DISCRETE MATH FOR COMPUTER SCI,"C S-311: DISCRETE MATH FOR COMPUTER SCI, Section no. 52495",A,9,Computer Science
Fall 2023,52500,C S, 311,DISCRETE MATH FOR COMPUTER SCI,"C S-311: DISCRETE MATH FOR COMPUTER SCI, Section no. 52500",C,1,Computer Science
Fall 2023,52500,C S, 311,DISCRETE MATH FOR COMPUTER SCI,"C S-311: DISCRETE MATH FOR COMPUTER SCI, Section no. 52500",B-,2,Computer Science
Fall 2023,52500,C S, 311,DISCRETE MATH FOR COMPUTER SCI,"C S-311: DISCRETE MATH FOR COMPUTER SCI, Section no. 52500",B,3,Computer Science
Fall 2023,52500,C S, 311,DISCRETE MATH FOR COMPUTER SCI,"C S-311: DISCRETE MATH FOR COMPUTER SCI, Section no. 52500",B+,3,Computer Science
Fall 2023,52500,C S, 311,DISCRETE MATH FOR COMPUTER SCI,"C S-311: DISCRETE MATH FOR COMPUTER SCI, Section no. 52500",A-,7,Computer Science
Fall 2023,52500,C S, 311,DISCRETE MATH FOR COMPUTER SCI,"C S-311: DISCRETE MATH FOR COMPUTER SCI, Section no. 52500",A,12,Computer Science
Fall 2023,52505,C S, 311,DISCRETE MATH FOR COMPUTER SCI,"C S-311: DISCRETE MATH FOR COMPUTER SCI, Section no. 52505",C,1,Computer Science
Fall 2023,52505,C S, 311,DISCRETE MATH FOR COMPUTER SCI,"C S-311: DISCRETE MATH FOR COMPUTER SCI, Section no. 52505",C+,1,Computer Science
Fall 2023,52505,C S, 311,DISCRETE MATH FOR COMPUTER SCI,"C S-311: DISCRETE MATH FOR COMPUTER SCI, Section no. 52505",B-,4,Computer Science
Fall 2023,52505,C S, 311,DISCRETE MATH FOR COMPUTER SCI,"C S-311: DISCRETE MATH FOR COMPUTER SCI, Section no. 52505",B,5,Computer Science
Fall 2023,52505,C S, 311,DISCRETE MATH FOR COMPUTER SCI,"C S-311: DISCRETE MATH FOR COMPUTER SCI, Section no. 52505",B+,6,Computer Science
Fall 2023,52505,C S, 311,DISCRETE MATH FOR COMPUTER SCI,"C S-311: DISCRETE MATH FOR COMPUTER SCI, Section no. 52505",A-,2,Computer Science
Fall 2023,52505,C S, 311,DISCRETE MATH FOR COMPUTER SCI,"C S-311: DISCRETE MATH FOR COMPUTER SCI, Section no. 52505",A,6,Computer Science
Fall 2023,52510,C S, 311H,DISCRETE MATH COMP SCI: HONORS,"C S-311H: DISCRETE MATH COMP SCI: HONORS, Section no. 52510",C+,2,Computer Science
Fall 2023,52510,C S, 311H,DISCRETE MATH COMP SCI: HONORS,"C S-311H: DISCRETE MATH COMP SCI: HONORS, Section no. 52510",B-,4,Computer Science
Fall 2023,52510,C S, 311H,DISCRETE MATH COMP SCI: HONORS,"C S-311H: DISCRETE MATH COMP SCI: HONORS, Section no. 52510",B,7,Computer Science
Fall 2023,52510,C S, 311H,DISCRETE MATH COMP SCI: HONORS,"C S-311H: DISCRETE MATH COMP SCI: HONORS, Section no. 52510",B+,6,Computer Science
Fall 2023,52510,C S, 311H,DISCRETE MATH COMP SCI: HONORS,"C S-311H: DISCRETE MATH COMP SCI: HONORS, Section no. 52510",A-,8,Computer Science
Fall 2023,52510,C S, 311H,DISCRETE MATH COMP SCI: HONORS,"C S-311H: DISCRETE MATH COMP SCI: HONORS, Section no. 52510",A,7,Computer Science
Fall 2023,52520,C S, 311H,DISCRETE MATH COMP SCI: HONORS,"C S-311H: DISCRETE MATH COMP SCI: HONORS, Section no. 52520",C+,2,Computer Science
Fall 2023,52520,C S, 311H,DISCRETE MATH COMP SCI: HONORS,"C S-311H: DISCRETE MATH COMP SCI: HONORS, Section no. 52520",B,1,Computer Science
Fall 2023,52520,C S, 311H,DISCRETE MATH COMP SCI: HONORS,"C S-311H: DISCRETE MATH COMP SCI: HONORS, Section no. 52520",B+,5,Computer Science
Fall 2023,52520,C S, 311H,DISCRETE MATH COMP SCI: HONORS,"C S-311H: DISCRETE MATH COMP SCI: HONORS, Section no. 52520",A-,5,Computer Science
Fall 2023,52520,C S, 311H,DISCRETE MATH COMP SCI: HONORS,"C S-311H: DISCRETE MATH COMP SCI: HONORS, Section no. 52520",A,13,Computer Science
Fall 2023,52525,C S, 311H,DISCRETE MATH COMP SCI: HONORS,"C S-311H: DISCRETE MATH COMP SCI: HONORS, Section no. 52525",C+,1,Computer Science
Fall 2023,52525,C S, 311H,DISCRETE MATH COMP SCI: HONORS,"C S-311H: DISCRETE MATH COMP SCI: HONORS, Section no. 52525",B-,2,Computer Science
Fall 2023,52525,C S, 311H,DISCRETE MATH COMP SCI: HONORS,"C S-311H: DISCRETE MATH COMP SCI: HONORS, Section no. 52525",B,5,Computer Science
Fall 2023,52525,C S, 311H,DISCRETE MATH COMP SCI: HONORS,"C S-311H: DISCRETE MATH COMP SCI: HONORS, Section no. 52525",B+,3,Computer Science
Fall 2023,52525,C S, 311H,DISCRETE MATH COMP SCI: HONORS,"C S-311H: DISCRETE MATH COMP SCI: HONORS, Section no. 52525",A-,3,Computer Science
Fall 2023,52525,C S, 311H,DISCRETE MATH COMP SCI: HONORS,"C S-311H: DISCRETE MATH COMP SCI: HONORS, Section no. 52525",A,12,Computer Science
Fall 2023,52530,C S, 312,INTRODUCTION TO PROGRAMMING,"C S-312: INTRODUCTION TO PROGRAMMING, Section no. 52530",Other,1,Computer Science
Fall 2023,52530,C S, 312,INTRODUCTION TO PROGRAMMING,"C S-312: INTRODUCTION TO PROGRAMMING, Section no. 52530",C-,1,Computer Science
Fall 2023,52530,C S, 312,INTRODUCTION TO PROGRAMMING,"C S-312: INTRODUCTION TO PROGRAMMING, Section no. 52530",B,3,Computer Science
Fall 2023,52530,C S, 312,INTRODUCTION TO PROGRAMMING,"C S-312: INTRODUCTION TO PROGRAMMING, Section no. 52530",B+,2,Computer Science
Fall 2023,52530,C S, 312,INTRODUCTION TO PROGRAMMING,"C S-312: INTRODUCTION TO PROGRAMMING, Section no. 52530",A-,6,Computer Science
Fall 2023,52530,C S, 312,INTRODUCTION TO PROGRAMMING,"C S-312: INTRODUCTION TO PROGRAMMING, Section no. 52530",A,9,Computer Science
Fall 2023,52535,C S, 312,INTRODUCTION TO PROGRAMMING,"C S-312: INTRODUCTION TO PROGRAMMING, Section no. 52535",Other,1,Computer Science
Fall 2023,52535,C S, 312,INTRODUCTION TO PROGRAMMING,"C S-312: INTRODUCTION TO PROGRAMMING, Section no. 52535",C,1,Computer Science
Fall 2023,52535,C S, 312,INTRODUCTION TO PROGRAMMING,"C S-312: INTRODUCTION TO PROGRAMMING, Section no. 52535",C+,2,Computer Science
Fall 2023,52535,C S, 312,INTRODUCTION TO PROGRAMMING,"C S-312: INTRODUCTION TO PROGRAMMING, Section no. 52535",B,3,Computer Science
Fall 2023,52535,C S, 312,INTRODUCTION TO PROGRAMMING,"C S-312: INTRODUCTION TO PROGRAMMING, Section no. 52535",B+,4,Computer Science
Fall 2023,52535,C S, 312,INTRODUCTION TO PROGRAMMING,"C S-312: INTRODUCTION TO PROGRAMMING, Section no. 52535",A-,3,Computer Science
Fall 2023,52535,C S, 312,INTRODUCTION TO PROGRAMMING,"C S-312: INTRODUCTION TO PROGRAMMING, Section no. 52535",A,6,Computer Science
Fall 2023,52540,C S, 312,INTRODUCTION TO PROGRAMMING,"C S-312: INTRODUCTION TO PROGRAMMING, Section no. 52540",Other,3,Computer Science
Fall 2023,52540,C S, 312,INTRODUCTION TO PROGRAMMING,"C S-312: INTRODUCTION TO PROGRAMMING, Section no. 52540",F,1,Computer Science
Fall 2023,52540,C S, 312,INTRODUCTION TO PROGRAMMING,"C S-312: INTRODUCTION TO PROGRAMMING, Section no. 52540",D,1,Computer Science
Fall 2023,52540,C S, 312,INTRODUCTION TO PROGRAMMING,"C S-312: INTRODUCTION TO PROGRAMMING, Section no. 52540",D+,1,Computer Science
Fall 2023,52540,C S, 312,INTRODUCTION TO PROGRAMMING,"C S-312: INTRODUCTION TO PROGRAMMING, Section no. 52540",C,2,Computer Science
Fall 2023,52540,C S, 312,INTRODUCTION TO PROGRAMMING,"C S-312: INTRODUCTION TO PROGRAMMING, Section no. 52540",C+,1,Computer Science
Fall 2023,52540,C S, 312,INTRODUCTION TO PROGRAMMING,"C S-312: INTRODUCTION TO PROGRAMMING, Section no. 52540",B-,3,Computer Science
Fall 2023,52540,C S, 312,INTRODUCTION TO PROGRAMMING,"C S-312: INTRODUCTION TO PROGRAMMING, Section no. 52540",B,2,Computer Science
Fall 2023,52540,C S, 312,INTRODUCTION TO PROGRAMMING,"C S-312: INTRODUCTION TO PROGRAMMING, Section no. 52540",B+,2,Computer Science
Fall 2023,52540,C S, 312,INTRODUCTION TO PROGRAMMING,"C S-312: INTRODUCTION TO PROGRAMMING, Section no. 52540",A-,4,Computer Science
Fall 2023,52540,C S, 312,INTRODUCTION TO PROGRAMMING,"C S-312: INTRODUCTION TO PROGRAMMING, Section no. 52540",A,1,Computer Science
Fall 2023,52545,C S, 312,INTRODUCTION TO PROGRAMMING,"C S-312: INTRODUCTION TO PROGRAMMING, Section no. 52545",Other,2,Computer Science
Fall 2023,52545,C S, 312,INTRODUCTION TO PROGRAMMING,"C S-312: INTRODUCTION TO PROGRAMMING, Section no. 52545",D,1,Computer Science
Fall 2023,52545,C S, 312,INTRODUCTION TO PROGRAMMING,"C S-312: INTRODUCTION TO PROGRAMMING, Section no. 52545",C+,1,Computer Science
Fall 2023,52545,C S, 312,INTRODUCTION TO PROGRAMMING,"C S-312: INTRODUCTION TO PROGRAMMING, Section no. 52545",B-,4,Computer Science
Fall 2023,52545,C S, 312,INTRODUCTION TO PROGRAMMING,"C S-312: INTRODUCTION TO PROGRAMMING, Section no. 52545",B,4,Computer Science
Fall 2023,52545,C S, 312,INTRODUCTION TO PROGRAMMING,"C S-312: INTRODUCTION TO PROGRAMMING, Section no. 52545",B+,2,Computer Science
Fall 2023,52545,C S, 312,INTRODUCTION TO PROGRAMMING,"C S-312: INTRODUCTION TO PROGRAMMING, Section no. 52545",A-,2,Computer Science
Fall 2023,52545,C S, 312,INTRODUCTION TO PROGRAMMING,"C S-312: INTRODUCTION TO PROGRAMMING, Section no. 52545",A,3,Computer Science
Fall 2023,52550,C S, 312,INTRODUCTION TO PROGRAMMING,"C S-312: INTRODUCTION TO PROGRAMMING, Section no. 52550",Other,1,Computer Science
Fall 2023,52550,C S, 312,INTRODUCTION TO PROGRAMMING,"C S-312: INTRODUCTION TO PROGRAMMING, Section no. 52550",C-,2,Computer Science
Fall 2023,52550,C S, 312,INTRODUCTION TO PROGRAMMING,"C S-312: INTRODUCTION TO PROGRAMMING, Section no. 52550",C,1,Computer Science
Fall 2023,52550,C S, 312,INTRODUCTION TO PROGRAMMING,"C S-312: INTRODUCTION TO PROGRAMMING, Section no. 52550",C+,1,Computer Science
Fall 2023,52550,C S, 312,INTRODUCTION TO PROGRAMMING,"C S-312: INTRODUCTION TO PROGRAMMING, Section no. 52550",B-,2,Computer Science
Fall 2023,52550,C S, 312,INTRODUCTION TO PROGRAMMING,"C S-312: INTRODUCTION TO PROGRAMMING, Section no. 52550",B,2,Computer Science
Fall 2023,52550,C S, 312,INTRODUCTION TO PROGRAMMING,"C S-312: INTRODUCTION TO PROGRAMMING, Section no. 52550",B+,2,Computer Science
Fall 2023,52550,C S, 312,INTRODUCTION TO PROGRAMMING,"C S-312: INTRODUCTION TO PROGRAMMING, Section no. 52550",A-,1,Computer Science
Fall 2023,52550,C S, 312,INTRODUCTION TO PROGRAMMING,"C S-312: INTRODUCTION TO PROGRAMMING, Section no. 52550",A,5,Computer Science
Fall 2023,52560,C S, 312,INTRODUCTION TO PROGRAMMING,"C S-312: INTRODUCTION TO PROGRAMMING, Section no. 52560",Other,2,Computer Science
Fall 2023,52560,C S, 312,INTRODUCTION TO PROGRAMMING,"C S-312: INTRODUCTION TO PROGRAMMING, Section no. 52560",C,2,Computer Science
Fall 2023,52560,C S, 312,INTRODUCTION TO PROGRAMMING,"C S-312: INTRODUCTION TO PROGRAMMING, Section no. 52560",C+,1,Computer Science
Fall 2023,52560,C S, 312,INTRODUCTION TO PROGRAMMING,"C S-312: INTRODUCTION TO PROGRAMMING, Section no. 52560",B-,2,Computer Science
Fall 2023,52560,C S, 312,INTRODUCTION TO PROGRAMMING,"C S-312: INTRODUCTION TO PROGRAMMING, Section no. 52560",B,6,Computer Science
Fall 2023,52560,C S, 312,INTRODUCTION TO PROGRAMMING,"C S-312: INTRODUCTION TO PROGRAMMING, Section no. 52560",B+,2,Computer Science
Fall 2023,52560,C S, 312,INTRODUCTION TO PROGRAMMING,"C S-312: INTRODUCTION TO PROGRAMMING, Section no. 52560",A-,1,Computer Science
Fall 2023,52560,C S, 312,INTRODUCTION TO PROGRAMMING,"C S-312: INTRODUCTION TO PROGRAMMING, Section no. 52560",A,4,Computer Science
Fall 2023,52565,C S, 312,INTRODUCTION TO PROGRAMMING,"C S-312: INTRODUCTION TO PROGRAMMING, Section no. 52565",Other,3,Computer Science
Fall 2023,52565,C S, 312,INTRODUCTION TO PROGRAMMING,"C S-312: INTRODUCTION TO PROGRAMMING, Section no. 52565",F,1,Computer Science
Fall 2023,52565,C S, 312,INTRODUCTION TO PROGRAMMING,"C S-312: INTRODUCTION TO PROGRAMMING, Section no. 52565",C,1,Computer Science
Fall 2023,52565,C S, 312,INTRODUCTION TO PROGRAMMING,"C S-312: INTRODUCTION TO PROGRAMMING, Section no. 52565",B-,1,Computer Science
Fall 2023,52565,C S, 312,INTRODUCTION TO PROGRAMMING,"C S-312: INTRODUCTION TO PROGRAMMING, Section no. 52565",B,5,Computer Science
Fall 2023,52565,C S, 312,INTRODUCTION TO PROGRAMMING,"C S-312: INTRODUCTION TO PROGRAMMING, Section no. 52565",B+,4,Computer Science
Fall 2023,52565,C S, 312,INTRODUCTION TO PROGRAMMING,"C S-312: INTRODUCTION TO PROGRAMMING, Section no. 52565",A-,5,Computer Science
Fall 2023,52565,C S, 312,INTRODUCTION TO PROGRAMMING,"C S-312: INTRODUCTION TO PROGRAMMING, Section no. 52565",A,4,Computer Science
Fall 2023,52570,C S, 312,INTRODUCTION TO PROGRAMMING,"C S-312: INTRODUCTION TO PROGRAMMING, Section no. 52570",Other,2,Computer Science
Fall 2023,52570,C S, 312,INTRODUCTION TO PROGRAMMING,"C S-312: INTRODUCTION TO PROGRAMMING, Section no. 52570",F,1,Computer Science
Fall 2023,52570,C S, 312,INTRODUCTION TO PROGRAMMING,"C S-312: INTRODUCTION TO PROGRAMMING, Section no. 52570",C-,4,Computer Science
Fall 2023,52570,C S, 312,INTRODUCTION TO PROGRAMMING,"C S-312: INTRODUCTION TO PROGRAMMING, Section no. 52570",C,2,Computer Science
Fall 2023,52570,C S, 312,INTRODUCTION TO PROGRAMMING,"C S-312: INTRODUCTION TO PROGRAMMING, Section no. 52570",C+,1,Computer Science
Fall 2023,52570,C S, 312,INTRODUCTION TO PROGRAMMING,"C S-312: INTRODUCTION TO PROGRAMMING, Section no. 52570",B-,1,Computer Science
Fall 2023,52570,C S, 312,INTRODUCTION TO PROGRAMMING,"C S-312: INTRODUCTION TO PROGRAMMING, Section no. 52570",B,1,Computer Science
Fall 2023,52570,C S, 312,INTRODUCTION TO PROGRAMMING,"C S-312: INTRODUCTION TO PROGRAMMING, Section no. 52570",B+,2,Computer Science
Fall 2023,52570,C S, 312,INTRODUCTION TO PROGRAMMING,"C S-312: INTRODUCTION TO PROGRAMMING, Section no. 52570",A-,5,Computer Science
Fall 2023,52570,C S, 312,INTRODUCTION TO PROGRAMMING,"C S-312: INTRODUCTION TO PROGRAMMING, Section no. 52570",A,8,Computer Science
Fall 2023,52575,C S, 312,INTRODUCTION TO PROGRAMMING,"C S-312: INTRODUCTION TO PROGRAMMING, Section no. 52575",Other,3,Computer Science
Fall 2023,52575,C S, 312,INTRODUCTION TO PROGRAMMING,"C S-312: INTRODUCTION TO PROGRAMMING, Section no. 52575",C+,2,Computer Science
Fall 2023,52575,C S, 312,INTRODUCTION TO PROGRAMMING,"C S-312: INTRODUCTION TO PROGRAMMING, Section no. 52575",B-,1,Computer Science
Fall 2023,52575,C S, 312,INTRODUCTION TO PROGRAMMING,"C S-312: INTRODUCTION TO PROGRAMMING, Section no. 52575",B,2,Computer Science
Fall 2023,52575,C S, 312,INTRODUCTION TO PROGRAMMING,"C S-312: INTRODUCTION TO PROGRAMMING, Section no. 52575",B+,4,Computer Science
Fall 2023,52575,C S, 312,INTRODUCTION TO PROGRAMMING,"C S-312: INTRODUCTION TO PROGRAMMING, Section no. 52575",A-,3,Computer Science
Fall 2023,52575,C S, 312,INTRODUCTION TO PROGRAMMING,"C S-312: INTRODUCTION TO PROGRAMMING, Section no. 52575",A,7,Computer Science
Fall 2023,52580,C S, 312,INTRODUCTION TO PROGRAMMING,"C S-312: INTRODUCTION TO PROGRAMMING, Section no. 52580",Other,4,Computer Science
Fall 2023,52580,C S, 312,INTRODUCTION TO PROGRAMMING,"C S-312: INTRODUCTION TO PROGRAMMING, Section no. 52580",F,1,Computer Science
Fall 2023,52580,C S, 312,INTRODUCTION TO PROGRAMMING,"C S-312: INTRODUCTION TO PROGRAMMING, Section no. 52580",C,3,Computer Science
Fall 2023,52580,C S, 312,INTRODUCTION TO PROGRAMMING,"C S-312: INTRODUCTION TO PROGRAMMING, Section no. 52580",C+,1,Computer Science
Fall 2023,52580,C S, 312,INTRODUCTION TO PROGRAMMING,"C S-312: INTRODUCTION TO PROGRAMMING, Section no. 52580",B-,1,Computer Science
Fall 2023,52580,C S, 312,INTRODUCTION TO PROGRAMMING,"C S-312: INTRODUCTION TO PROGRAMMING, Section no. 52580",B,2,Computer Science
Fall 2023,52580,C S, 312,INTRODUCTION TO PROGRAMMING,"C S-312: INTRODUCTION TO PROGRAMMING, Section no. 52580",B+,4,Computer Science
Fall 2023,52580,C S, 312,INTRODUCTION TO PROGRAMMING,"C S-312: INTRODUCTION TO PROGRAMMING, Section no. 52580",A-,2,Computer Science
Fall 2023,52580,C S, 312,INTRODUCTION TO PROGRAMMING,"C S-312: INTRODUCTION TO PROGRAMMING, Section no. 52580",A,7,Computer Science
Fall 2023,52585,C S, 312,INTRODUCTION TO PROGRAMMING,"C S-312: INTRODUCTION TO PROGRAMMING, Section no. 52585",Other,3,Computer Science
Fall 2023,52585,C S, 312,INTRODUCTION TO PROGRAMMING,"C S-312: INTRODUCTION TO PROGRAMMING, Section no. 52585",C-,1,Computer Science
Fall 2023,52585,C S, 312,INTRODUCTION TO PROGRAMMING,"C S-312: INTRODUCTION TO PROGRAMMING, Section no. 52585",C,1,Computer Science
Fall 2023,52585,C S, 312,INTRODUCTION TO PROGRAMMING,"C S-312: INTRODUCTION TO PROGRAMMING, Section no. 52585",B-,3,Computer Science
Fall 2023,52585,C S, 312,INTRODUCTION TO PROGRAMMING,"C S-312: INTRODUCTION TO PROGRAMMING, Section no. 52585",B,4,Computer Science
Fall 2023,52585,C S, 312,INTRODUCTION TO PROGRAMMING,"C S-312: INTRODUCTION TO PROGRAMMING, Section no. 52585",B+,4,Computer Science
Fall 2023,52585,C S, 312,INTRODUCTION TO PROGRAMMING,"C S-312: INTRODUCTION TO PROGRAMMING, Section no. 52585",A-,5,Computer Science
Fall 2023,52585,C S, 312,INTRODUCTION TO PROGRAMMING,"C S-312: INTRODUCTION TO PROGRAMMING, Section no. 52585",A,3,Computer Science
Fall 2023,52590,C S, 313E,ELEMENTS OF SOFTWARE DESIGN,"C S-313E: ELEMENTS OF SOFTWARE DESIGN, Section no. 52590",Other,12,Computer Science
Fall 2023,52590,C S, 313E,ELEMENTS OF SOFTWARE DESIGN,"C S-313E: ELEMENTS OF SOFTWARE DESIGN, Section no. 52590",B-,1,Computer Science
Fall 2023,52590,C S, 313E,ELEMENTS OF SOFTWARE DESIGN,"C S-313E: ELEMENTS OF SOFTWARE DESIGN, Section no. 52590",B,1,Computer Science
Fall 2023,52590,C S, 313E,ELEMENTS OF SOFTWARE DESIGN,"C S-313E: ELEMENTS OF SOFTWARE DESIGN, Section no. 52590",B+,3,Computer Science
Fall 2023,52590,C S, 313E,ELEMENTS OF SOFTWARE DESIGN,"C S-313E: ELEMENTS OF SOFTWARE DESIGN, Section no. 52590",A-,9,Computer Science
Fall 2023,52590,C S, 313E,ELEMENTS OF SOFTWARE DESIGN,"C S-313E: ELEMENTS OF SOFTWARE DESIGN, Section no. 52590",A,90,Computer Science
Fall 2023,52595,C S, 313E,ELEMENTS OF SOFTWARE DESIGN,"C S-313E: ELEMENTS OF SOFTWARE DESIGN, Section no. 52595",Other,8,Computer Science
Fall 2023,52595,C S, 313E,ELEMENTS OF SOFTWARE DESIGN,"C S-313E: ELEMENTS OF SOFTWARE DESIGN, Section no. 52595",C+,2,Computer Science
Fall 2023,52595,C S, 313E,ELEMENTS OF SOFTWARE DESIGN,"C S-313E: ELEMENTS OF SOFTWARE DESIGN, Section no. 52595",B-,2,Computer Science
Fall 2023,52595,C S, 313E,ELEMENTS OF SOFTWARE DESIGN,"C S-313E: ELEMENTS OF SOFTWARE DESIGN, Section no. 52595",B,1,Computer Science
Fall 2023,52595,C S, 313E,ELEMENTS OF SOFTWARE DESIGN,"C S-313E: ELEMENTS OF SOFTWARE DESIGN, Section no. 52595",B+,5,Computer Science
Fall 2023,52595,C S, 313E,ELEMENTS OF SOFTWARE DESIGN,"C S-313E: ELEMENTS OF SOFTWARE DESIGN, Section no. 52595",A-,7,Computer Science
Fall 2023,52595,C S, 313E,ELEMENTS OF SOFTWARE DESIGN,"C S-313E: ELEMENTS OF SOFTWARE DESIGN, Section no. 52595",A,69,Computer Science
Fall 2023,52600,C S, 313E,ELEMENTS OF SOFTWARE DESIGN,"C S-313E: ELEMENTS OF SOFTWARE DESIGN, Section no. 52600",Other,13,Computer Science
Fall 2023,52600,C S, 313E,ELEMENTS OF SOFTWARE DESIGN,"C S-313E: ELEMENTS OF SOFTWARE DESIGN, Section no. 52600",F,2,Computer Science
Fall 2023,52600,C S, 313E,ELEMENTS OF SOFTWARE DESIGN,"C S-313E: ELEMENTS OF SOFTWARE DESIGN, Section no. 52600",D+,1,Computer Science
Fall 2023,52600,C S, 313E,ELEMENTS OF SOFTWARE DESIGN,"C S-313E: ELEMENTS OF SOFTWARE DESIGN, Section no. 52600",C-,1,Computer Science
Fall 2023,52600,C S, 313E,ELEMENTS OF SOFTWARE DESIGN,"C S-313E: ELEMENTS OF SOFTWARE DESIGN, Section no. 52600",C,3,Computer Science
Fall 2023,52600,C S, 313E,ELEMENTS OF SOFTWARE DESIGN,"C S-313E: ELEMENTS OF SOFTWARE DESIGN, Section no. 52600",C+,3,Computer Science
Fall 2023,52600,C S, 313E,ELEMENTS OF SOFTWARE DESIGN,"C S-313E: ELEMENTS OF SOFTWARE DESIGN, Section no. 52600",B-,6,Computer Science
Fall 2023,52600,C S, 313E,ELEMENTS OF SOFTWARE DESIGN,"C S-313E: ELEMENTS OF SOFTWARE DESIGN, Section no. 52600",B,7,Computer Science
Fall 2023,52600,C S, 313E,ELEMENTS OF SOFTWARE DESIGN,"C S-313E: ELEMENTS OF SOFTWARE DESIGN, Section no. 52600",B+,14,Computer Science
Fall 2023,52600,C S, 313E,ELEMENTS OF SOFTWARE DESIGN,"C S-313E: ELEMENTS OF SOFTWARE DESIGN, Section no. 52600",A-,22,Computer Science
Fall 2023,52600,C S, 313E,ELEMENTS OF SOFTWARE DESIGN,"C S-313E: ELEMENTS OF SOFTWARE DESIGN, Section no. 52600",A,48,Computer Science
Fall 2023,52605,C S, 313E,ELEMENTS OF SOFTWARE DESIGN,"C S-313E: ELEMENTS OF SOFTWARE DESIGN, Section no. 52605",Other,20,Computer Science
Fall 2023,52605,C S, 313E,ELEMENTS OF SOFTWARE DESIGN,"C S-313E: ELEMENTS OF SOFTWARE DESIGN, Section no. 52605",F,5,Computer Science
Fall 2023,52605,C S, 313E,ELEMENTS OF SOFTWARE DESIGN,"C S-313E: ELEMENTS OF SOFTWARE DESIGN, Section no. 52605",D-,1,Computer Science
Fall 2023,52605,C S, 313E,ELEMENTS OF SOFTWARE DESIGN,"C S-313E: ELEMENTS OF SOFTWARE DESIGN, Section no. 52605",D+,1,Computer Science
Fall 2023,52605,C S, 313E,ELEMENTS OF SOFTWARE DESIGN,"C S-313E: ELEMENTS OF SOFTWARE DESIGN, Section no. 52605",C-,1,Computer Science
Fall 2023,52605,C S, 313E,ELEMENTS OF SOFTWARE DESIGN,"C S-313E: ELEMENTS OF SOFTWARE DESIGN, Section no. 52605",C,6,Computer Science
Fall 2023,52605,C S, 313E,ELEMENTS OF SOFTWARE DESIGN,"C S-313E: ELEMENTS OF SOFTWARE DESIGN, Section no. 52605",C+,6,Computer Science
Fall 2023,52605,C S, 313E,ELEMENTS OF SOFTWARE DESIGN,"C S-313E: ELEMENTS OF SOFTWARE DESIGN, Section no. 52605",B-,6,Computer Science
Fall 2023,52605,C S, 313E,ELEMENTS OF SOFTWARE DESIGN,"C S-313E: ELEMENTS OF SOFTWARE DESIGN, Section no. 52605",B,14,Computer Science
Fall 2023,52605,C S, 313E,ELEMENTS OF SOFTWARE DESIGN,"C S-313E: ELEMENTS OF SOFTWARE DESIGN, Section no. 52605",B+,10,Computer Science
Fall 2023,52605,C S, 313E,ELEMENTS OF SOFTWARE DESIGN,"C S-313E: ELEMENTS OF SOFTWARE DESIGN, Section no. 52605",A-,11,Computer Science
Fall 2023,52605,C S, 313E,ELEMENTS OF SOFTWARE DESIGN,"C S-313E: ELEMENTS OF SOFTWARE DESIGN, Section no. 52605",A,39,Computer Science
Fall 2023,52610,C S, 314,DATA STRUCTURES,"C S-314: DATA STRUCTURES, Section no. 52610",Other,3,Computer Science
Fall 2023,52610,C S, 314,DATA STRUCTURES,"C S-314: DATA STRUCTURES, Section no. 52610",F,2,Computer Science
Fall 2023,52610,C S, 314,DATA STRUCTURES,"C S-314: DATA STRUCTURES, Section no. 52610",D,1,Computer Science
Fall 2023,52610,C S, 314,DATA STRUCTURES,"C S-314: DATA STRUCTURES, Section no. 52610",D+,2,Computer Science
Fall 2023,52610,C S, 314,DATA STRUCTURES,"C S-314: DATA STRUCTURES, Section no. 52610",C-,1,Computer Science
Fall 2023,52610,C S, 314,DATA STRUCTURES,"C S-314: DATA STRUCTURES, Section no. 52610",C,6,Computer Science
Fall 2023,52610,C S, 314,DATA STRUCTURES,"C S-314: DATA STRUCTURES, Section no. 52610",C+,2,Computer Science
Fall 2023,52610,C S, 314,DATA STRUCTURES,"C S-314: DATA STRUCTURES, Section no. 52610",B-,2,Computer Science
Fall 2023,52610,C S, 314,DATA STRUCTURES,"C S-314: DATA STRUCTURES, Section no. 52610",B,4,Computer Science
Fall 2023,52615,C S, 314,DATA STRUCTURES,"C S-314: DATA STRUCTURES, Section no. 52615",F,1,Computer Science
Fall 2023,52615,C S, 314,DATA STRUCTURES,"C S-314: DATA STRUCTURES, Section no. 52615",C-,1,Computer Science
Fall 2023,52615,C S, 314,DATA STRUCTURES,"C S-314: DATA STRUCTURES, Section no. 52615",C,2,Computer Science
Fall 2023,52615,C S, 314,DATA STRUCTURES,"C S-314: DATA STRUCTURES, Section no. 52615",B-,2,Computer Science
Fall 2023,52615,C S, 314,DATA STRUCTURES,"C S-314: DATA STRUCTURES, Section no. 52615",B,4,Computer Science
Fall 2023,52615,C S, 314,DATA STRUCTURES,"C S-314: DATA STRUCTURES, Section no. 52615",B+,2,Computer Science
Fall 2023,52615,C S, 314,DATA STRUCTURES,"C S-314: DATA STRUCTURES, Section no. 52615",A-,4,Computer Science
Fall 2023,52615,C S, 314,DATA STRUCTURES,"C S-314: DATA STRUCTURES, Section no. 52615",A,5,Computer Science
Fall 2023,52620,C S, 314,DATA STRUCTURES,"C S-314: DATA STRUCTURES, Section no. 52620",C-,2,Computer Science
Fall 2023,52620,C S, 314,DATA STRUCTURES,"C S-314: DATA STRUCTURES, Section no. 52620",C,3,Computer Science
Fall 2023,52620,C S, 314,DATA STRUCTURES,"C S-314: DATA STRUCTURES, Section no. 52620",B-,3,Computer Science
Fall 2023,52620,C S, 314,DATA STRUCTURES,"C S-314: DATA STRUCTURES, Section no. 52620",B,7,Computer Science
Fall 2023,52620,C S, 314,DATA STRUCTURES,"C S-314: DATA STRUCTURES, Section no. 52620",B+,5,Computer Science
Fall 2023,52620,C S, 314,DATA STRUCTURES,"C S-314: DATA STRUCTURES, Section no. 52620",A-,2,Computer Science
Fall 2023,52620,C S, 314,DATA STRUCTURES,"C S-314: DATA STRUCTURES, Section no. 52620",A,3,Computer Science
Fall 2023,52625,C S, 314,DATA STRUCTURES,"C S-314: DATA STRUCTURES, Section no. 52625",C,3,Computer Science
Fall 2023,52625,C S, 314,DATA STRUCTURES,"C S-314: DATA STRUCTURES, Section no. 52625",B-,1,Computer Science
Fall 2023,52625,C S, 314,DATA STRUCTURES,"C S-314: DATA STRUCTURES, Section no. 52625",B,1,Computer Science
Fall 2023,52625,C S, 314,DATA STRUCTURES,"C S-314: DATA STRUCTURES, Section no. 52625",B+,5,Computer Science
Fall 2023,52625,C S, 314,DATA STRUCTURES,"C S-314: DATA STRUCTURES, Section no. 52625",A-,3,Computer Science
Fall 2023,52625,C S, 314,DATA STRUCTURES,"C S-314: DATA STRUCTURES, Section no. 52625",A,10,Computer Science
Fall 2023,52630,C S, 314,DATA STRUCTURES,"C S-314: DATA STRUCTURES, Section no. 52630",D+,2,Computer Science
Fall 2023,52630,C S, 314,DATA STRUCTURES,"C S-314: DATA STRUCTURES, Section no. 52630",C-,1,Computer Science
Fall 2023,52630,C S, 314,DATA STRUCTURES,"C S-314: DATA STRUCTURES, Section no. 52630",C+,1,Computer Science
Fall 2023,52630,C S, 314,DATA STRUCTURES,"C S-314: DATA STRUCTURES, Section no. 52630",B-,1,Computer Science
Fall 2023,52630,C S, 314,DATA STRUCTURES,"C S-314: DATA STRUCTURES, Section no. 52630",B,2,Computer Science
Fall 2023,52630,C S, 314,DATA STRUCTURES,"C S-314: DATA STRUCTURES, Section no. 52630",B+,5,Computer Science
Fall 2023,52630,C S, 314,DATA STRUCTURES,"C S-314: DATA STRUCTURES, Section no. 52630",A-,1,Computer Science
Fall 2023,52630,C S, 314,DATA STRUCTURES,"C S-314: DATA STRUCTURES, Section no. 52630",A,11,Computer Science
Fall 2023,52635,C S, 314,DATA STRUCTURES,"C S-314: DATA STRUCTURES, Section no. 52635",Other,1,Computer Science
Fall 2023,52635,C S, 314,DATA STRUCTURES,"C S-314: DATA STRUCTURES, Section no. 52635",C+,1,Computer Science
Fall 2023,52635,C S, 314,DATA STRUCTURES,"C S-314: DATA STRUCTURES, Section no. 52635",B-,1,Computer Science
Fall 2023,52635,C S, 314,DATA STRUCTURES,"C S-314: DATA STRUCTURES, Section no. 52635",B,3,Computer Science
Fall 2023,52635,C S, 314,DATA STRUCTURES,"C S-314: DATA STRUCTURES, Section no. 52635",B+,2,Computer Science
Fall 2023,52635,C S, 314,DATA STRUCTURES,"C S-314: DATA STRUCTURES, Section no. 52635",A-,4,Computer Science
Fall 2023,52635,C S, 314,DATA STRUCTURES,"C S-314: DATA STRUCTURES, Section no. 52635",A,9,Computer Science
Fall 2023,52640,C S, 314,DATA STRUCTURES,"C S-314: DATA STRUCTURES, Section no. 52640",C-,3,Computer Science
Fall 2023,52640,C S, 314,DATA STRUCTURES,"C S-314: DATA STRUCTURES, Section no. 52640",C,3,Computer Science
Fall 2023,52640,C S, 314,DATA STRUCTURES,"C S-314: DATA STRUCTURES, Section no. 52640",C+,2,Computer Science
Fall 2023,52640,C S, 314,DATA STRUCTURES,"C S-314: DATA STRUCTURES, Section no. 52640",B-,1,Computer Science
Fall 2023,52640,C S, 314,DATA STRUCTURES,"C S-314: DATA STRUCTURES, Section no. 52640",B,5,Computer Science
Fall 2023,52640,C S, 314,DATA STRUCTURES,"C S-314: DATA STRUCTURES, Section no. 52640",B+,5,Computer Science
Fall 2023,52640,C S, 314,DATA STRUCTURES,"C S-314: DATA STRUCTURES, Section no. 52640",A-,4,Computer Science
Fall 2023,52640,C S, 314,DATA STRUCTURES,"C S-314: DATA STRUCTURES, Section no. 52640",A,2,Computer Science
Fall 2023,52645,C S, 314,DATA STRUCTURES,"C S-314: DATA STRUCTURES, Section no. 52645",D+,1,Computer Science
Fall 2023,52645,C S, 314,DATA STRUCTURES,"C S-314: DATA STRUCTURES, Section no. 52645",C-,1,Computer Science
Fall 2023,52645,C S, 314,DATA STRUCTURES,"C S-314: DATA STRUCTURES, Section no. 52645",C,3,Computer Science
Fall 2023,52645,C S, 314,DATA STRUCTURES,"C S-314: DATA STRUCTURES, Section no. 52645",B-,1,Computer Science
Fall 2023,52645,C S, 314,DATA STRUCTURES,"C S-314: DATA STRUCTURES, Section no. 52645",B,8,Computer Science
Fall 2023,52645,C S, 314,DATA STRUCTURES,"C S-314: DATA STRUCTURES, Section no. 52645",B+,1,Computer Science
Fall 2023,52645,C S, 314,DATA STRUCTURES,"C S-314: DATA STRUCTURES, Section no. 52645",A-,3,Computer Science
Fall 2023,52645,C S, 314,DATA STRUCTURES,"C S-314: DATA STRUCTURES, Section no. 52645",A,4,Computer Science
Fall 2023,52650,C S, 314,DATA STRUCTURES,"C S-314: DATA STRUCTURES, Section no. 52650",Other,1,Computer Science
Fall 2023,52650,C S, 314,DATA STRUCTURES,"C S-314: DATA STRUCTURES, Section no. 52650",F,1,Computer Science
Fall 2023,52650,C S, 314,DATA STRUCTURES,"C S-314: DATA STRUCTURES, Section no. 52650",C,2,Computer Science
Fall 2023,52650,C S, 314,DATA STRUCTURES,"C S-314: DATA STRUCTURES, Section no. 52650",C+,1,Computer Science
Fall 2023,52650,C S, 314,DATA STRUCTURES,"C S-314: DATA STRUCTURES, Section no. 52650",B-,1,Computer Science
Fall 2023,52650,C S, 314,DATA STRUCTURES,"C S-314: DATA STRUCTURES, Section no. 52650",B,3,Computer Science
Fall 2023,52650,C S, 314,DATA STRUCTURES,"C S-314: DATA STRUCTURES, Section no. 52650",A-,6,Computer Science
Fall 2023,52650,C S, 314,DATA STRUCTURES,"C S-314: DATA STRUCTURES, Section no. 52650",A,7,Computer Science
Fall 2023,52655,C S, 314,DATA STRUCTURES,"C S-314: DATA STRUCTURES, Section no. 52655",F,1,Computer Science
Fall 2023,52655,C S, 314,DATA STRUCTURES,"C S-314: DATA STRUCTURES, Section no. 52655",D+,2,Computer Science
Fall 2023,52655,C S, 314,DATA STRUCTURES,"C S-314: DATA STRUCTURES, Section no. 52655",C,3,Computer Science
Fall 2023,52655,C S, 314,DATA STRUCTURES,"C S-314: DATA STRUCTURES, Section no. 52655",B-,2,Computer Science
Fall 2023,52655,C S, 314,DATA STRUCTURES,"C S-314: DATA STRUCTURES, Section no. 52655",B,3,Computer Science
Fall 2023,52655,C S, 314,DATA STRUCTURES,"C S-314: DATA STRUCTURES, Section no. 52655",B+,4,Computer Science
Fall 2023,52655,C S, 314,DATA STRUCTURES,"C S-314: DATA STRUCTURES, Section no. 52655",A-,1,Computer Science
Fall 2023,52655,C S, 314,DATA STRUCTURES,"C S-314: DATA STRUCTURES, Section no. 52655",A,6,Computer Science
Fall 2023,52660,C S, 314,DATA STRUCTURES,"C S-314: DATA STRUCTURES, Section no. 52660",Other,2,Computer Science
Fall 2023,52660,C S, 314,DATA STRUCTURES,"C S-314: DATA STRUCTURES, Section no. 52660",C-,2,Computer Science
Fall 2023,52660,C S, 314,DATA STRUCTURES,"C S-314: DATA STRUCTURES, Section no. 52660",C,1,Computer Science
Fall 2023,52660,C S, 314,DATA STRUCTURES,"C S-314: DATA STRUCTURES, Section no. 52660",C+,1,Computer Science
Fall 2023,52660,C S, 314,DATA STRUCTURES,"C S-314: DATA STRUCTURES, Section no. 52660",B-,1,Computer Science
Fall 2023,52660,C S, 314,DATA STRUCTURES,"C S-314: DATA STRUCTURES, Section no. 52660",B,3,Computer Science
Fall 2023,52660,C S, 314,DATA STRUCTURES,"C S-314: DATA STRUCTURES, Section no. 52660",B+,1,Computer Science
Fall 2023,52660,C S, 314,DATA STRUCTURES,"C S-314: DATA STRUCTURES, Section no. 52660",A-,4,Computer Science
Fall 2023,52660,C S, 314,DATA STRUCTURES,"C S-314: DATA STRUCTURES, Section no. 52660",A,9,Computer Science
Fall 2023,52665,C S, 314,DATA STRUCTURES,"C S-314: DATA STRUCTURES, Section no. 52665",Other,2,Computer Science
Fall 2023,52665,C S, 314,DATA STRUCTURES,"C S-314: DATA STRUCTURES, Section no. 52665",C-,1,Computer Science
Fall 2023,52665,C S, 314,DATA STRUCTURES,"C S-314: DATA STRUCTURES, Section no. 52665",C,1,Computer Science
Fall 2023,52665,C S, 314,DATA STRUCTURES,"C S-314: DATA STRUCTURES, Section no. 52665",B-,2,Computer Science
Fall 2023,52665,C S, 314,DATA STRUCTURES,"C S-314: DATA STRUCTURES, Section no. 52665",B,6,Computer Science
Fall 2023,52665,C S, 314,DATA STRUCTURES,"C S-314: DATA STRUCTURES, Section no. 52665",B+,1,Computer Science
Fall 2023,52665,C S, 314,DATA STRUCTURES,"C S-314: DATA STRUCTURES, Section no. 52665",A-,3,Computer Science
Fall 2023,52665,C S, 314,DATA STRUCTURES,"C S-314: DATA STRUCTURES, Section no. 52665",A,5,Computer Science
Fall 2023,52670,C S, 314,DATA STRUCTURES,"C S-314: DATA STRUCTURES, Section no. 52670",Other,1,Computer Science
Fall 2023,52670,C S, 314,DATA STRUCTURES,"C S-314: DATA STRUCTURES, Section no. 52670",F,1,Computer Science
Fall 2023,52670,C S, 314,DATA STRUCTURES,"C S-314: DATA STRUCTURES, Section no. 52670",D+,2,Computer Science
Fall 2023,52670,C S, 314,DATA STRUCTURES,"C S-314: DATA STRUCTURES, Section no. 52670",C-,1,Computer Science
Fall 2023,52670,C S, 314,DATA STRUCTURES,"C S-314: DATA STRUCTURES, Section no. 52670",C,1,Computer Science
Fall 2023,52670,C S, 314,DATA STRUCTURES,"C S-314: DATA STRUCTURES, Section no. 52670",C+,1,Computer Science
Fall 2023,52670,C S, 314,DATA STRUCTURES,"C S-314: DATA STRUCTURES, Section no. 52670",B-,1,Computer Science
Fall 2023,52670,C S, 314,DATA STRUCTURES,"C S-314: DATA STRUCTURES, Section no. 52670",B,3,Computer Science
Fall 2023,52670,C S, 314,DATA STRUCTURES,"C S-314: DATA STRUCTURES, Section no. 52670",B+,2,Computer Science
Fall 2023,52670,C S, 314,DATA STRUCTURES,"C S-314: DATA STRUCTURES, Section no. 52670",A-,2,Computer Science
Fall 2023,52670,C S, 314,DATA STRUCTURES,"C S-314: DATA STRUCTURES, Section no. 52670",A,10,Computer Science
Fall 2023,52675,C S, 314,DATA STRUCTURES,"C S-314: DATA STRUCTURES, Section no. 52675",Other,3,Computer Science
Fall 2023,52675,C S, 314,DATA STRUCTURES,"C S-314: DATA STRUCTURES, Section no. 52675",F,2,Computer Science
Fall 2023,52675,C S, 314,DATA STRUCTURES,"C S-314: DATA STRUCTURES, Section no. 52675",D-,3,Computer Science
Fall 2023,52675,C S, 314,DATA STRUCTURES,"C S-314: DATA STRUCTURES, Section no. 52675",D,2,Computer Science
Fall 2023,52675,C S, 314,DATA STRUCTURES,"C S-314: DATA STRUCTURES, Section no. 52675",D+,1,Computer Science
Fall 2023,52675,C S, 314,DATA STRUCTURES,"C S-314: DATA STRUCTURES, Section no. 52675",C,9,Computer Science
Fall 2023,52675,C S, 314,DATA STRUCTURES,"C S-314: DATA STRUCTURES, Section no. 52675",C+,1,Computer Science
Fall 2023,52675,C S, 314,DATA STRUCTURES,"C S-314: DATA STRUCTURES, Section no. 52675",B,2,Computer Science
Fall 2023,52679,C S, 314,DATA STRUCTURES,"C S-314: DATA STRUCTURES, Section no. 52679",D,1,Computer Science
Fall 2023,52679,C S, 314,DATA STRUCTURES,"C S-314: DATA STRUCTURES, Section no. 52679",C,1,Computer Science
Fall 2023,52679,C S, 314,DATA STRUCTURES,"C S-314: DATA STRUCTURES, Section no. 52679",C+,1,Computer Science
Fall 2023,52679,C S, 314,DATA STRUCTURES,"C S-314: DATA STRUCTURES, Section no. 52679",B-,2,Computer Science
Fall 2023,52679,C S, 314,DATA STRUCTURES,"C S-314: DATA STRUCTURES, Section no. 52679",B,4,Computer Science
Fall 2023,52679,C S, 314,DATA STRUCTURES,"C S-314: DATA STRUCTURES, Section no. 52679",B+,5,Computer Science
Fall 2023,52679,C S, 314,DATA STRUCTURES,"C S-314: DATA STRUCTURES, Section no. 52679",A-,4,Computer Science
Fall 2023,52679,C S, 314,DATA STRUCTURES,"C S-314: DATA STRUCTURES, Section no. 52679",A,5,Computer Science
Fall 2023,52680,C S, 314H,DATA STRUCTURES: HONORS,"C S-314H: DATA STRUCTURES: HONORS, Section no. 52680",B,1,Computer Science
Fall 2023,52680,C S, 314H,DATA STRUCTURES: HONORS,"C S-314H: DATA STRUCTURES: HONORS, Section no. 52680",B+,8,Computer Science
Fall 2023,52680,C S, 314H,DATA STRUCTURES: HONORS,"C S-314H: DATA STRUCTURES: HONORS, Section no. 52680",A-,6,Computer Science
Fall 2023,52680,C S, 314H,DATA STRUCTURES: HONORS,"C S-314H: DATA STRUCTURES: HONORS, Section no. 52680",A,12,Computer Science
Fall 2023,52685,C S, 314H,DATA STRUCTURES: HONORS,"C S-314H: DATA STRUCTURES: HONORS, Section no. 52685",Other,3,Computer Science
Fall 2023,52685,C S, 314H,DATA STRUCTURES: HONORS,"C S-314H: DATA STRUCTURES: HONORS, Section no. 52685",B-,1,Computer Science
Fall 2023,52685,C S, 314H,DATA STRUCTURES: HONORS,"C S-314H: DATA STRUCTURES: HONORS, Section no. 52685",B+,6,Computer Science
Fall 2023,52685,C S, 314H,DATA STRUCTURES: HONORS,"C S-314H: DATA STRUCTURES: HONORS, Section no. 52685",A-,4,Computer Science
Fall 2023,52685,C S, 314H,DATA STRUCTURES: HONORS,"C S-314H: DATA STRUCTURES: HONORS, Section no. 52685",A,11,Computer Science
Fall 2023,52695,C S, 314H,DATA STRUCTURES: HONORS,"C S-314H: DATA STRUCTURES: HONORS, Section no. 52695",Other,1,Computer Science
Fall 2023,52695,C S, 314H,DATA STRUCTURES: HONORS,"C S-314H: DATA STRUCTURES: HONORS, Section no. 52695",C-,1,Computer Science
Fall 2023,52695,C S, 314H,DATA STRUCTURES: HONORS,"C S-314H: DATA STRUCTURES: HONORS, Section no. 52695",C,1,Computer Science
Fall 2023,52695,C S, 314H,DATA STRUCTURES: HONORS,"C S-314H: DATA STRUCTURES: HONORS, Section no. 52695",C+,4,Computer Science
Fall 2023,52695,C S, 314H,DATA STRUCTURES: HONORS,"C S-314H: DATA STRUCTURES: HONORS, Section no. 52695",B-,1,Computer Science
Fall 2023,52695,C S, 314H,DATA STRUCTURES: HONORS,"C S-314H: DATA STRUCTURES: HONORS, Section no. 52695",B,8,Computer Science
Fall 2023,52695,C S, 314H,DATA STRUCTURES: HONORS,"C S-314H: DATA STRUCTURES: HONORS, Section no. 52695",B+,3,Computer Science
Fall 2023,52695,C S, 314H,DATA STRUCTURES: HONORS,"C S-314H: DATA STRUCTURES: HONORS, Section no. 52695",A-,3,Computer Science
Fall 2023,52695,C S, 314H,DATA STRUCTURES: HONORS,"C S-314H: DATA STRUCTURES: HONORS, Section no. 52695",A,12,Computer Science
Fall 2023,52700,C S, 324E,ELEM OF GRAPHICS/VISUALIZATN,"C S-324E: ELEM OF GRAPHICS/VISUALIZATN, Section no. 52700",Other,2,Computer Science
Fall 2023,52700,C S, 324E,ELEM OF GRAPHICS/VISUALIZATN,"C S-324E: ELEM OF GRAPHICS/VISUALIZATN, Section no. 52700",D+,1,Computer Science
Fall 2023,52700,C S, 324E,ELEM OF GRAPHICS/VISUALIZATN,"C S-324E: ELEM OF GRAPHICS/VISUALIZATN, Section no. 52700",B-,1,Computer Science
Fall 2023,52700,C S, 324E,ELEM OF GRAPHICS/VISUALIZATN,"C S-324E: ELEM OF GRAPHICS/VISUALIZATN, Section no. 52700",B+,2,Computer Science
Fall 2023,52700,C S, 324E,ELEM OF GRAPHICS/VISUALIZATN,"C S-324E: ELEM OF GRAPHICS/VISUALIZATN, Section no. 52700",A-,2,Computer Science
Fall 2023,52700,C S, 324E,ELEM OF GRAPHICS/VISUALIZATN,"C S-324E: ELEM OF GRAPHICS/VISUALIZATN, Section no. 52700",A,52,Computer Science
Fall 2023,52703,C S, 326E,ELEMENTS OF NETWORKING,"C S-326E: ELEMENTS OF NETWORKING, Section no. 52703",Other,3,Computer Science
Fall 2023,52703,C S, 326E,ELEMENTS OF NETWORKING,"C S-326E: ELEMENTS OF NETWORKING, Section no. 52703",F,3,Computer Science
Fall 2023,52703,C S, 326E,ELEMENTS OF NETWORKING,"C S-326E: ELEMENTS OF NETWORKING, Section no. 52703",D-,1,Computer Science
Fall 2023,52703,C S, 326E,ELEMENTS OF NETWORKING,"C S-326E: ELEMENTS OF NETWORKING, Section no. 52703",D+,1,Computer Science
Fall 2023,52703,C S, 326E,ELEMENTS OF NETWORKING,"C S-326E: ELEMENTS OF NETWORKING, Section no. 52703",C,1,Computer Science
Fall 2023,52703,C S, 326E,ELEMENTS OF NETWORKING,"C S-326E: ELEMENTS OF NETWORKING, Section no. 52703",C+,6,Computer Science
Fall 2023,52703,C S, 326E,ELEMENTS OF NETWORKING,"C S-326E: ELEMENTS OF NETWORKING, Section no. 52703",B,4,Computer Science
Fall 2023,52703,C S, 326E,ELEMENTS OF NETWORKING,"C S-326E: ELEMENTS OF NETWORKING, Section no. 52703",B+,10,Computer Science
Fall 2023,52703,C S, 326E,ELEMENTS OF NETWORKING,"C S-326E: ELEMENTS OF NETWORKING, Section no. 52703",A-,3,Computer Science
Fall 2023,52703,C S, 326E,ELEMENTS OF NETWORKING,"C S-326E: ELEMENTS OF NETWORKING, Section no. 52703",A,25,Computer Science
Fall 2023,52704,C S, 326E,ELEMENTS OF NETWORKING,"C S-326E: ELEMENTS OF NETWORKING, Section no. 52704",Other,3,Computer Science
Fall 2023,52704,C S, 326E,ELEMENTS OF NETWORKING,"C S-326E: ELEMENTS OF NETWORKING, Section no. 52704",F,1,Computer Science
Fall 2023,52704,C S, 326E,ELEMENTS OF NETWORKING,"C S-326E: ELEMENTS OF NETWORKING, Section no. 52704",D+,2,Computer Science
Fall 2023,52704,C S, 326E,ELEMENTS OF NETWORKING,"C S-326E: ELEMENTS OF NETWORKING, Section no. 52704",C,3,Computer Science
Fall 2023,52704,C S, 326E,ELEMENTS OF NETWORKING,"C S-326E: ELEMENTS OF NETWORKING, Section no. 52704",C+,5,Computer Science
Fall 2023,52704,C S, 326E,ELEMENTS OF NETWORKING,"C S-326E: ELEMENTS OF NETWORKING, Section no. 52704",B-,3,Computer Science
Fall 2023,52704,C S, 326E,ELEMENTS OF NETWORKING,"C S-326E: ELEMENTS OF NETWORKING, Section no. 52704",B,6,Computer Science
Fall 2023,52704,C S, 326E,ELEMENTS OF NETWORKING,"C S-326E: ELEMENTS OF NETWORKING, Section no. 52704",B+,9,Computer Science
Fall 2023,52704,C S, 326E,ELEMENTS OF NETWORKING,"C S-326E: ELEMENTS OF NETWORKING, Section no. 52704",A-,3,Computer Science
Fall 2023,52704,C S, 326E,ELEMENTS OF NETWORKING,"C S-326E: ELEMENTS OF NETWORKING, Section no. 52704",A,21,Computer Science
Fall 2023,52705,C S, 327E,ELEMENTS OF DATABASES,"C S-327E: ELEMENTS OF DATABASES, Section no. 52705",Other,1,Computer Science
Fall 2023,52705,C S, 327E,ELEMENTS OF DATABASES,"C S-327E: ELEMENTS OF DATABASES, Section no. 52705",F,1,Computer Science
Fall 2023,52705,C S, 327E,ELEMENTS OF DATABASES,"C S-327E: ELEMENTS OF DATABASES, Section no. 52705",C-,2,Computer Science
Fall 2023,52705,C S, 327E,ELEMENTS OF DATABASES,"C S-327E: ELEMENTS OF DATABASES, Section no. 52705",C+,4,Computer Science
Fall 2023,52705,C S, 327E,ELEMENTS OF DATABASES,"C S-327E: ELEMENTS OF DATABASES, Section no. 52705",B-,7,Computer Science
Fall 2023,52705,C S, 327E,ELEMENTS OF DATABASES,"C S-327E: ELEMENTS OF DATABASES, Section no. 52705",B,4,Computer Science
Fall 2023,52705,C S, 327E,ELEMENTS OF DATABASES,"C S-327E: ELEMENTS OF DATABASES, Section no. 52705",B+,12,Computer Science
Fall 2023,52705,C S, 327E,ELEMENTS OF DATABASES,"C S-327E: ELEMENTS OF DATABASES, Section no. 52705",A-,10,Computer Science
Fall 2023,52705,C S, 327E,ELEMENTS OF DATABASES,"C S-327E: ELEMENTS OF DATABASES, Section no. 52705",A,36,Computer Science
Fall 2023,52710,C S, 429,COMP ORGANIZATN AND ARCH,"C S-429: COMP ORGANIZATN AND ARCH, Section no. 52710",Other,4,Computer Science
Fall 2023,52710,C S, 429,COMP ORGANIZATN AND ARCH,"C S-429: COMP ORGANIZATN AND ARCH, Section no. 52710",D,1,Computer Science
Fall 2023,52710,C S, 429,COMP ORGANIZATN AND ARCH,"C S-429: COMP ORGANIZATN AND ARCH, Section no. 52710",D+,2,Computer Science
Fall 2023,52710,C S, 429,COMP ORGANIZATN AND ARCH,"C S-429: COMP ORGANIZATN AND ARCH, Section no. 52710",C-,2,Computer Science
Fall 2023,52710,C S, 429,COMP ORGANIZATN AND ARCH,"C S-429: COMP ORGANIZATN AND ARCH, Section no. 52710",C,16,Computer Science
Fall 2023,52710,C S, 429,COMP ORGANIZATN AND ARCH,"C S-429: COMP ORGANIZATN AND ARCH, Section no. 52710",C+,5,Computer Science
Fall 2023,52710,C S, 429,COMP ORGANIZATN AND ARCH,"C S-429: COMP ORGANIZATN AND ARCH, Section no. 52710",B,9,Computer Science
Fall 2023,52715,C S, 429,COMP ORGANIZATN AND ARCH,"C S-429: COMP ORGANIZATN AND ARCH, Section no. 52715",Other,2,Computer Science
Fall 2023,52715,C S, 429,COMP ORGANIZATN AND ARCH,"C S-429: COMP ORGANIZATN AND ARCH, Section no. 52715",D,1,Computer Science
Fall 2023,52715,C S, 429,COMP ORGANIZATN AND ARCH,"C S-429: COMP ORGANIZATN AND ARCH, Section no. 52715",D+,1,Computer Science
Fall 2023,52715,C S, 429,COMP ORGANIZATN AND ARCH,"C S-429: COMP ORGANIZATN AND ARCH, Section no. 52715",C-,2,Computer Science
Fall 2023,52715,C S, 429,COMP ORGANIZATN AND ARCH,"C S-429: COMP ORGANIZATN AND ARCH, Section no. 52715",C,9,Computer Science
Fall 2023,52715,C S, 429,COMP ORGANIZATN AND ARCH,"C S-429: COMP ORGANIZATN AND ARCH, Section no. 52715",C+,9,Computer Science
Fall 2023,52715,C S, 429,COMP ORGANIZATN AND ARCH,"C S-429: COMP ORGANIZATN AND ARCH, Section no. 52715",B-,2,Computer Science
Fall 2023,52715,C S, 429,COMP ORGANIZATN AND ARCH,"C S-429: COMP ORGANIZATN AND ARCH, Section no. 52715",B,13,Computer Science
Fall 2023,52715,C S, 429,COMP ORGANIZATN AND ARCH,"C S-429: COMP ORGANIZATN AND ARCH, Section no. 52715",A-,1,Computer Science
Fall 2023,52715,C S, 429,COMP ORGANIZATN AND ARCH,"C S-429: COMP ORGANIZATN AND ARCH, Section no. 52715",A,2,Computer Science
Fall 2023,52720,C S, 429,COMP ORGANIZATN AND ARCH,"C S-429: COMP ORGANIZATN AND ARCH, Section no. 52720",Other,5,Computer Science
Fall 2023,52720,C S, 429,COMP ORGANIZATN AND ARCH,"C S-429: COMP ORGANIZATN AND ARCH, Section no. 52720",F,3,Computer Science
Fall 2023,52720,C S, 429,COMP ORGANIZATN AND ARCH,"C S-429: COMP ORGANIZATN AND ARCH, Section no. 52720",D,3,Computer Science
Fall 2023,52720,C S, 429,COMP ORGANIZATN AND ARCH,"C S-429: COMP ORGANIZATN AND ARCH, Section no. 52720",D+,2,Computer Science
Fall 2023,52720,C S, 429,COMP ORGANIZATN AND ARCH,"C S-429: COMP ORGANIZATN AND ARCH, Section no. 52720",C-,1,Computer Science
Fall 2023,52720,C S, 429,COMP ORGANIZATN AND ARCH,"C S-429: COMP ORGANIZATN AND ARCH, Section no. 52720",C,6,Computer Science
Fall 2023,52720,C S, 429,COMP ORGANIZATN AND ARCH,"C S-429: COMP ORGANIZATN AND ARCH, Section no. 52720",C+,2,Computer Science
Fall 2023,52720,C S, 429,COMP ORGANIZATN AND ARCH,"C S-429: COMP ORGANIZATN AND ARCH, Section no. 52720",B-,3,Computer Science
Fall 2023,52720,C S, 429,COMP ORGANIZATN AND ARCH,"C S-429: COMP ORGANIZATN AND ARCH, Section no. 52720",B,8,Computer Science
Fall 2023,52725,C S, 429,COMP ORGANIZATN AND ARCH,"C S-429: COMP ORGANIZATN AND ARCH, Section no. 52725",C-,1,Computer Science
Fall 2023,52725,C S, 429,COMP ORGANIZATN AND ARCH,"C S-429: COMP ORGANIZATN AND ARCH, Section no. 52725",C,7,Computer Science
Fall 2023,52725,C S, 429,COMP ORGANIZATN AND ARCH,"C S-429: COMP ORGANIZATN AND ARCH, Section no. 52725",C+,2,Computer Science
Fall 2023,52725,C S, 429,COMP ORGANIZATN AND ARCH,"C S-429: COMP ORGANIZATN AND ARCH, Section no. 52725",B-,5,Computer Science
Fall 2023,52725,C S, 429,COMP ORGANIZATN AND ARCH,"C S-429: COMP ORGANIZATN AND ARCH, Section no. 52725",B,8,Computer Science
Fall 2023,52725,C S, 429,COMP ORGANIZATN AND ARCH,"C S-429: COMP ORGANIZATN AND ARCH, Section no. 52725",B+,1,Computer Science
Fall 2023,52725,C S, 429,COMP ORGANIZATN AND ARCH,"C S-429: COMP ORGANIZATN AND ARCH, Section no. 52725",A-,1,Computer Science
Fall 2023,52730,C S, 429,COMP ORGANIZATN AND ARCH,"C S-429: COMP ORGANIZATN AND ARCH, Section no. 52730",Other,2,Computer Science
Fall 2023,52730,C S, 429,COMP ORGANIZATN AND ARCH,"C S-429: COMP ORGANIZATN AND ARCH, Section no. 52730",F,2,Computer Science
Fall 2023,52730,C S, 429,COMP ORGANIZATN AND ARCH,"C S-429: COMP ORGANIZATN AND ARCH, Section no. 52730",D,2,Computer Science
Fall 2023,52730,C S, 429,COMP ORGANIZATN AND ARCH,"C S-429: COMP ORGANIZATN AND ARCH, Section no. 52730",C,7,Computer Science
Fall 2023,52730,C S, 429,COMP ORGANIZATN AND ARCH,"C S-429: COMP ORGANIZATN AND ARCH, Section no. 52730",C+,4,Computer Science
Fall 2023,52730,C S, 429,COMP ORGANIZATN AND ARCH,"C S-429: COMP ORGANIZATN AND ARCH, Section no. 52730",B-,4,Computer Science
Fall 2023,52730,C S, 429,COMP ORGANIZATN AND ARCH,"C S-429: COMP ORGANIZATN AND ARCH, Section no. 52730",B,13,Computer Science
Fall 2023,52730,C S, 429,COMP ORGANIZATN AND ARCH,"C S-429: COMP ORGANIZATN AND ARCH, Section no. 52730",B+,3,Computer Science
Fall 2023,52730,C S, 429,COMP ORGANIZATN AND ARCH,"C S-429: COMP ORGANIZATN AND ARCH, Section no. 52730",A-,1,Computer Science
Fall 2023,52730,C S, 429,COMP ORGANIZATN AND ARCH,"C S-429: COMP ORGANIZATN AND ARCH, Section no. 52730",A,2,Computer Science
Fall 2023,52735,C S, 429,COMP ORGANIZATN AND ARCH,"C S-429: COMP ORGANIZATN AND ARCH, Section no. 52735",Other,3,Computer Science
Fall 2023,52735,C S, 429,COMP ORGANIZATN AND ARCH,"C S-429: COMP ORGANIZATN AND ARCH, Section no. 52735",F,2,Computer Science
Fall 2023,52735,C S, 429,COMP ORGANIZATN AND ARCH,"C S-429: COMP ORGANIZATN AND ARCH, Section no. 52735",D+,1,Computer Science
Fall 2023,52735,C S, 429,COMP ORGANIZATN AND ARCH,"C S-429: COMP ORGANIZATN AND ARCH, Section no. 52735",C-,4,Computer Science
Fall 2023,52735,C S, 429,COMP ORGANIZATN AND ARCH,"C S-429: COMP ORGANIZATN AND ARCH, Section no. 52735",C,8,Computer Science
Fall 2023,52735,C S, 429,COMP ORGANIZATN AND ARCH,"C S-429: COMP ORGANIZATN AND ARCH, Section no. 52735",C+,2,Computer Science
Fall 2023,52735,C S, 429,COMP ORGANIZATN AND ARCH,"C S-429: COMP ORGANIZATN AND ARCH, Section no. 52735",B-,3,Computer Science
Fall 2023,52735,C S, 429,COMP ORGANIZATN AND ARCH,"C S-429: COMP ORGANIZATN AND ARCH, Section no. 52735",B,12,Computer Science
Fall 2023,52735,C S, 429,COMP ORGANIZATN AND ARCH,"C S-429: COMP ORGANIZATN AND ARCH, Section no. 52735",B+,2,Computer Science
Fall 2023,52735,C S, 429,COMP ORGANIZATN AND ARCH,"C S-429: COMP ORGANIZATN AND ARCH, Section no. 52735",A-,2,Computer Science
Fall 2023,52735,C S, 429,COMP ORGANIZATN AND ARCH,"C S-429: COMP ORGANIZATN AND ARCH, Section no. 52735",A,1,Computer Science
Fall 2023,52739,C S, 329E,ELEMENTS OF DATA ANALYTICS,"C S-329E: ELEMENTS OF DATA ANALYTICS, Section no. 52739",Other,5,Computer Science
Fall 2023,52739,C S, 329E,ELEMENTS OF DATA ANALYTICS,"C S-329E: ELEMENTS OF DATA ANALYTICS, Section no. 52739",F,1,Computer Science
Fall 2023,52739,C S, 329E,ELEMENTS OF DATA ANALYTICS,"C S-329E: ELEMENTS OF DATA ANALYTICS, Section no. 52739",D+,1,Computer Science
Fall 2023,52739,C S, 329E,ELEMENTS OF DATA ANALYTICS,"C S-329E: ELEMENTS OF DATA ANALYTICS, Section no. 52739",C-,1,Computer Science
Fall 2023,52739,C S, 329E,ELEMENTS OF DATA ANALYTICS,"C S-329E: ELEMENTS OF DATA ANALYTICS, Section no. 52739",C+,2,Computer Science
Fall 2023,52739,C S, 329E,ELEMENTS OF DATA ANALYTICS,"C S-329E: ELEMENTS OF DATA ANALYTICS, Section no. 52739",B-,8,Computer Science
Fall 2023,52739,C S, 329E,ELEMENTS OF DATA ANALYTICS,"C S-329E: ELEMENTS OF DATA ANALYTICS, Section no. 52739",B,5,Computer Science
Fall 2023,52739,C S, 329E,ELEMENTS OF DATA ANALYTICS,"C S-329E: ELEMENTS OF DATA ANALYTICS, Section no. 52739",B+,5,Computer Science
Fall 2023,52739,C S, 329E,ELEMENTS OF DATA ANALYTICS,"C S-329E: ELEMENTS OF DATA ANALYTICS, Section no. 52739",A-,10,Computer Science
Fall 2023,52739,C S, 329E,ELEMENTS OF DATA ANALYTICS,"C S-329E: ELEMENTS OF DATA ANALYTICS, Section no. 52739",A,14,Computer Science
Fall 2023,52740,C S, 329E,ELEMENTS OF DATA VISUALIZATION,"C S-329E: ELEMENTS OF DATA VISUALIZATION, Section no. 52740",Other,3,Computer Science
Fall 2023,52740,C S, 329E,ELEMENTS OF DATA VISUALIZATION,"C S-329E: ELEMENTS OF DATA VISUALIZATION, Section no. 52740",F,1,Computer Science
Fall 2023,52740,C S, 329E,ELEMENTS OF DATA VISUALIZATION,"C S-329E: ELEMENTS OF DATA VISUALIZATION, Section no. 52740",B,2,Computer Science
Fall 2023,52740,C S, 329E,ELEMENTS OF DATA VISUALIZATION,"C S-329E: ELEMENTS OF DATA VISUALIZATION, Section no. 52740",B+,3,Computer Science
Fall 2023,52740,C S, 329E,ELEMENTS OF DATA VISUALIZATION,"C S-329E: ELEMENTS OF DATA VISUALIZATION, Section no. 52740",A-,3,Computer Science
Fall 2023,52740,C S, 329E,ELEMENTS OF DATA VISUALIZATION,"C S-329E: ELEMENTS OF DATA VISUALIZATION, Section no. 52740",A,46,Computer Science
Fall 2023,52745,C S, 329E,ELEMENTS OF DATA VISUALIZATION,"C S-329E: ELEMENTS OF DATA VISUALIZATION, Section no. 52745",Other,1,Computer Science
Fall 2023,52745,C S, 329E,ELEMENTS OF DATA VISUALIZATION,"C S-329E: ELEMENTS OF DATA VISUALIZATION, Section no. 52745",B+,2,Computer Science
Fall 2023,52745,C S, 329E,ELEMENTS OF DATA VISUALIZATION,"C S-329E: ELEMENTS OF DATA VISUALIZATION, Section no. 52745",A-,6,Computer Science
Fall 2023,52745,C S, 329E,ELEMENTS OF DATA VISUALIZATION,"C S-329E: ELEMENTS OF DATA VISUALIZATION, Section no. 52745",A,49,Computer Science
Fall 2023,52750,C S, 329E,ELEMENTS OF GAME DEVELOPMENT,"C S-329E: ELEMENTS OF GAME DEVELOPMENT, Section no. 52750",Other,3,Computer Science
Fall 2023,52750,C S, 329E,ELEMENTS OF GAME DEVELOPMENT,"C S-329E: ELEMENTS OF GAME DEVELOPMENT, Section no. 52750",F,1,Computer Science
Fall 2023,52750,C S, 329E,ELEMENTS OF GAME DEVELOPMENT,"C S-329E: ELEMENTS OF GAME DEVELOPMENT, Section no. 52750",C+,1,Computer Science
Fall 2023,52750,C S, 329E,ELEMENTS OF GAME DEVELOPMENT,"C S-329E: ELEMENTS OF GAME DEVELOPMENT, Section no. 52750",B-,2,Computer Science
Fall 2023,52750,C S, 329E,ELEMENTS OF GAME DEVELOPMENT,"C S-329E: ELEMENTS OF GAME DEVELOPMENT, Section no. 52750",B,1,Computer Science
Fall 2023,52750,C S, 329E,ELEMENTS OF GAME DEVELOPMENT,"C S-329E: ELEMENTS OF GAME DEVELOPMENT, Section no. 52750",B+,3,Computer Science
Fall 2023,52750,C S, 329E,ELEMENTS OF GAME DEVELOPMENT,"C S-329E: ELEMENTS OF GAME DEVELOPMENT, Section no. 52750",A-,6,Computer Science
Fall 2023,52750,C S, 329E,ELEMENTS OF GAME DEVELOPMENT,"C S-329E: ELEMENTS OF GAME DEVELOPMENT, Section no. 52750",A,37,Computer Science
Fall 2023,52755,C S, 329E,ELEMENTS OF MOBILE COMPUTING,"C S-329E: ELEMENTS OF MOBILE COMPUTING, Section no. 52755",Other,3,Computer Science
Fall 2023,52755,C S, 329E,ELEMENTS OF MOBILE COMPUTING,"C S-329E: ELEMENTS OF MOBILE COMPUTING, Section no. 52755",F,3,Computer Science
Fall 2023,52755,C S, 329E,ELEMENTS OF MOBILE COMPUTING,"C S-329E: ELEMENTS OF MOBILE COMPUTING, Section no. 52755",B-,2,Computer Science
Fall 2023,52755,C S, 329E,ELEMENTS OF MOBILE COMPUTING,"C S-329E: ELEMENTS OF MOBILE COMPUTING, Section no. 52755",B,2,Computer Science
Fall 2023,52755,C S, 329E,ELEMENTS OF MOBILE COMPUTING,"C S-329E: ELEMENTS OF MOBILE COMPUTING, Section no. 52755",A-,3,Computer Science
Fall 2023,52755,C S, 329E,ELEMENTS OF MOBILE COMPUTING,"C S-329E: ELEMENTS OF MOBILE COMPUTING, Section no. 52755",A,42,Computer Science
Fall 2023,52760,C S, 329E,ELEMENTS OF MOBILE COMPUTING,"C S-329E: ELEMENTS OF MOBILE COMPUTING, Section no. 52760",Other,2,Computer Science
Fall 2023,52760,C S, 329E,ELEMENTS OF MOBILE COMPUTING,"C S-329E: ELEMENTS OF MOBILE COMPUTING, Section no. 52760",F,1,Computer Science
Fall 2023,52760,C S, 329E,ELEMENTS OF MOBILE COMPUTING,"C S-329E: ELEMENTS OF MOBILE COMPUTING, Section no. 52760",D-,1,Computer Science
Fall 2023,52760,C S, 329E,ELEMENTS OF MOBILE COMPUTING,"C S-329E: ELEMENTS OF MOBILE COMPUTING, Section no. 52760",D,1,Computer Science
Fall 2023,52760,C S, 329E,ELEMENTS OF MOBILE COMPUTING,"C S-329E: ELEMENTS OF MOBILE COMPUTING, Section no. 52760",D+,1,Computer Science
Fall 2023,52760,C S, 329E,ELEMENTS OF MOBILE COMPUTING,"C S-329E: ELEMENTS OF MOBILE COMPUTING, Section no. 52760",C+,3,Computer Science
Fall 2023,52760,C S, 329E,ELEMENTS OF MOBILE COMPUTING,"C S-329E: ELEMENTS OF MOBILE COMPUTING, Section no. 52760",B-,1,Computer Science
Fall 2023,52760,C S, 329E,ELEMENTS OF MOBILE COMPUTING,"C S-329E: ELEMENTS OF MOBILE COMPUTING, Section no. 52760",B,1,Computer Science
Fall 2023,52760,C S, 329E,ELEMENTS OF MOBILE COMPUTING,"C S-329E: ELEMENTS OF MOBILE COMPUTING, Section no. 52760",A-,6,Computer Science
Fall 2023,52760,C S, 329E,ELEMENTS OF MOBILE COMPUTING,"C S-329E: ELEMENTS OF MOBILE COMPUTING, Section no. 52760",A,41,Computer Science
Fall 2023,52765,C S, 330E,ELMNTS SOFTWARE ENGINEER I,"C S-330E: ELMNTS SOFTWARE ENGINEER I, Section no. 52765",F,1,Computer Science
Fall 2023,52765,C S, 330E,ELMNTS SOFTWARE ENGINEER I,"C S-330E: ELMNTS SOFTWARE ENGINEER I, Section no. 52765",C-,1,Computer Science
Fall 2023,52765,C S, 330E,ELMNTS SOFTWARE ENGINEER I,"C S-330E: ELMNTS SOFTWARE ENGINEER I, Section no. 52765",B-,3,Computer Science
Fall 2023,52765,C S, 330E,ELMNTS SOFTWARE ENGINEER I,"C S-330E: ELMNTS SOFTWARE ENGINEER I, Section no. 52765",B,3,Computer Science
Fall 2023,52765,C S, 330E,ELMNTS SOFTWARE ENGINEER I,"C S-330E: ELMNTS SOFTWARE ENGINEER I, Section no. 52765",B+,6,Computer Science
Fall 2023,52765,C S, 330E,ELMNTS SOFTWARE ENGINEER I,"C S-330E: ELMNTS SOFTWARE ENGINEER I, Section no. 52765",A-,15,Computer Science
Fall 2023,52765,C S, 330E,ELMNTS SOFTWARE ENGINEER I,"C S-330E: ELMNTS SOFTWARE ENGINEER I, Section no. 52765",A,40,Computer Science
Fall 2023,52770,C S, 330E,ELMNTS SOFTWARE ENGINEER I,"C S-330E: ELMNTS SOFTWARE ENGINEER I, Section no. 52770",Other,1,Computer Science
Fall 2023,52770,C S, 330E,ELMNTS SOFTWARE ENGINEER I,"C S-330E: ELMNTS SOFTWARE ENGINEER I, Section no. 52770",D,1,Computer Science
Fall 2023,52770,C S, 330E,ELMNTS SOFTWARE ENGINEER I,"C S-330E: ELMNTS SOFTWARE ENGINEER I, Section no. 52770",B-,3,Computer Science
Fall 2023,52770,C S, 330E,ELMNTS SOFTWARE ENGINEER I,"C S-330E: ELMNTS SOFTWARE ENGINEER I, Section no. 52770",B,2,Computer Science
Fall 2023,52770,C S, 330E,ELMNTS SOFTWARE ENGINEER I,"C S-330E: ELMNTS SOFTWARE ENGINEER I, Section no. 52770",B+,5,Computer Science
Fall 2023,52770,C S, 330E,ELMNTS SOFTWARE ENGINEER I,"C S-330E: ELMNTS SOFTWARE ENGINEER I, Section no. 52770",A-,12,Computer Science
Fall 2023,52770,C S, 330E,ELMNTS SOFTWARE ENGINEER I,"C S-330E: ELMNTS SOFTWARE ENGINEER I, Section no. 52770",A,44,Computer Science
Fall 2023,52775,C S, 331,ALGORITHMS AND COMPLEXITY,"C S-331: ALGORITHMS AND COMPLEXITY, Section no. 52775",C,2,Computer Science
Fall 2023,52775,C S, 331,ALGORITHMS AND COMPLEXITY,"C S-331: ALGORITHMS AND COMPLEXITY, Section no. 52775",C+,2,Computer Science
Fall 2023,52775,C S, 331,ALGORITHMS AND COMPLEXITY,"C S-331: ALGORITHMS AND COMPLEXITY, Section no. 52775",B-,3,Computer Science
Fall 2023,52775,C S, 331,ALGORITHMS AND COMPLEXITY,"C S-331: ALGORITHMS AND COMPLEXITY, Section no. 52775",B,6,Computer Science
Fall 2023,52775,C S, 331,ALGORITHMS AND COMPLEXITY,"C S-331: ALGORITHMS AND COMPLEXITY, Section no. 52775",B+,4,Computer Science
Fall 2023,52775,C S, 331,ALGORITHMS AND COMPLEXITY,"C S-331: ALGORITHMS AND COMPLEXITY, Section no. 52775",A-,9,Computer Science
Fall 2023,52775,C S, 331,ALGORITHMS AND COMPLEXITY,"C S-331: ALGORITHMS AND COMPLEXITY, Section no. 52775",A,11,Computer Science
Fall 2023,52780,C S, 331,ALGORITHMS AND COMPLEXITY,"C S-331: ALGORITHMS AND COMPLEXITY, Section no. 52780",Other,1,Computer Science
Fall 2023,52780,C S, 331,ALGORITHMS AND COMPLEXITY,"C S-331: ALGORITHMS AND COMPLEXITY, Section no. 52780",C,1,Computer Science
Fall 2023,52780,C S, 331,ALGORITHMS AND COMPLEXITY,"C S-331: ALGORITHMS AND COMPLEXITY, Section no. 52780",C+,1,Computer Science
Fall 2023,52780,C S, 331,ALGORITHMS AND COMPLEXITY,"C S-331: ALGORITHMS AND COMPLEXITY, Section no. 52780",B-,4,Computer Science
Fall 2023,52780,C S, 331,ALGORITHMS AND COMPLEXITY,"C S-331: ALGORITHMS AND COMPLEXITY, Section no. 52780",B,5,Computer Science
Fall 2023,52780,C S, 331,ALGORITHMS AND COMPLEXITY,"C S-331: ALGORITHMS AND COMPLEXITY, Section no. 52780",B+,9,Computer Science
Fall 2023,52780,C S, 331,ALGORITHMS AND COMPLEXITY,"C S-331: ALGORITHMS AND COMPLEXITY, Section no. 52780",A-,3,Computer Science
Fall 2023,52780,C S, 331,ALGORITHMS AND COMPLEXITY,"C S-331: ALGORITHMS AND COMPLEXITY, Section no. 52780",A,10,Computer Science
Fall 2023,52785,C S, 331,ALGORITHMS AND COMPLEXITY,"C S-331: ALGORITHMS AND COMPLEXITY, Section no. 52785",Other,4,Computer Science
Fall 2023,52785,C S, 331,ALGORITHMS AND COMPLEXITY,"C S-331: ALGORITHMS AND COMPLEXITY, Section no. 52785",C+,5,Computer Science
Fall 2023,52785,C S, 331,ALGORITHMS AND COMPLEXITY,"C S-331: ALGORITHMS AND COMPLEXITY, Section no. 52785",B-,4,Computer Science
Fall 2023,52785,C S, 331,ALGORITHMS AND COMPLEXITY,"C S-331: ALGORITHMS AND COMPLEXITY, Section no. 52785",B,2,Computer Science
Fall 2023,52785,C S, 331,ALGORITHMS AND COMPLEXITY,"C S-331: ALGORITHMS AND COMPLEXITY, Section no. 52785",B+,3,Computer Science
Fall 2023,52785,C S, 331,ALGORITHMS AND COMPLEXITY,"C S-331: ALGORITHMS AND COMPLEXITY, Section no. 52785",A-,2,Computer Science
Fall 2023,52785,C S, 331,ALGORITHMS AND COMPLEXITY,"C S-331: ALGORITHMS AND COMPLEXITY, Section no. 52785",A,9,Computer Science
Fall 2023,52790,C S, 331,ALGORITHMS AND COMPLEXITY,"C S-331: ALGORITHMS AND COMPLEXITY, Section no. 52790",Other,1,Computer Science
Fall 2023,52790,C S, 331,ALGORITHMS AND COMPLEXITY,"C S-331: ALGORITHMS AND COMPLEXITY, Section no. 52790",F,1,Computer Science
Fall 2023,52790,C S, 331,ALGORITHMS AND COMPLEXITY,"C S-331: ALGORITHMS AND COMPLEXITY, Section no. 52790",C+,1,Computer Science
Fall 2023,52790,C S, 331,ALGORITHMS AND COMPLEXITY,"C S-331: ALGORITHMS AND COMPLEXITY, Section no. 52790",B,1,Computer Science
Fall 2023,52790,C S, 331,ALGORITHMS AND COMPLEXITY,"C S-331: ALGORITHMS AND COMPLEXITY, Section no. 52790",B+,3,Computer Science
Fall 2023,52790,C S, 331,ALGORITHMS AND COMPLEXITY,"C S-331: ALGORITHMS AND COMPLEXITY, Section no. 52790",A-,3,Computer Science
Fall 2023,52790,C S, 331,ALGORITHMS AND COMPLEXITY,"C S-331: ALGORITHMS AND COMPLEXITY, Section no. 52790",A,3,Computer Science
Fall 2023,52795,C S, 331,ALGORITHMS AND COMPLEXITY,"C S-331: ALGORITHMS AND COMPLEXITY, Section no. 52795",Other,1,Computer Science
Fall 2023,52795,C S, 331,ALGORITHMS AND COMPLEXITY,"C S-331: ALGORITHMS AND COMPLEXITY, Section no. 52795",C,1,Computer Science
Fall 2023,52795,C S, 331,ALGORITHMS AND COMPLEXITY,"C S-331: ALGORITHMS AND COMPLEXITY, Section no. 52795",C+,6,Computer Science
Fall 2023,52795,C S, 331,ALGORITHMS AND COMPLEXITY,"C S-331: ALGORITHMS AND COMPLEXITY, Section no. 52795",B-,4,Computer Science
Fall 2023,52795,C S, 331,ALGORITHMS AND COMPLEXITY,"C S-331: ALGORITHMS AND COMPLEXITY, Section no. 52795",B,10,Computer Science
Fall 2023,52795,C S, 331,ALGORITHMS AND COMPLEXITY,"C S-331: ALGORITHMS AND COMPLEXITY, Section no. 52795",B+,3,Computer Science
Fall 2023,52795,C S, 331,ALGORITHMS AND COMPLEXITY,"C S-331: ALGORITHMS AND COMPLEXITY, Section no. 52795",A-,4,Computer Science
Fall 2023,52795,C S, 331,ALGORITHMS AND COMPLEXITY,"C S-331: ALGORITHMS AND COMPLEXITY, Section no. 52795",A,6,Computer Science
Fall 2023,52800,C S, 331,ALGORITHMS AND COMPLEXITY,"C S-331: ALGORITHMS AND COMPLEXITY, Section no. 52800",Other,3,Computer Science
Fall 2023,52800,C S, 331,ALGORITHMS AND COMPLEXITY,"C S-331: ALGORITHMS AND COMPLEXITY, Section no. 52800",C,2,Computer Science
Fall 2023,52800,C S, 331,ALGORITHMS AND COMPLEXITY,"C S-331: ALGORITHMS AND COMPLEXITY, Section no. 52800",C+,4,Computer Science
Fall 2023,52800,C S, 331,ALGORITHMS AND COMPLEXITY,"C S-331: ALGORITHMS AND COMPLEXITY, Section no. 52800",B-,2,Computer Science
Fall 2023,52800,C S, 331,ALGORITHMS AND COMPLEXITY,"C S-331: ALGORITHMS AND COMPLEXITY, Section no. 52800",B,12,Computer Science
Fall 2023,52800,C S, 331,ALGORITHMS AND COMPLEXITY,"C S-331: ALGORITHMS AND COMPLEXITY, Section no. 52800",B+,3,Computer Science
Fall 2023,52800,C S, 331,ALGORITHMS AND COMPLEXITY,"C S-331: ALGORITHMS AND COMPLEXITY, Section no. 52800",A-,1,Computer Science
Fall 2023,52800,C S, 331,ALGORITHMS AND COMPLEXITY,"C S-331: ALGORITHMS AND COMPLEXITY, Section no. 52800",A,8,Computer Science
Fall 2023,52805,C S, 439,PRINCIPLES OF COMPUTER SYS-C S,"C S-439: PRINCIPLES OF COMPUTER SYS-C S, Section no. 52805",C+,2,Computer Science
Fall 2023,52805,C S, 439,PRINCIPLES OF COMPUTER SYS-C S,"C S-439: PRINCIPLES OF COMPUTER SYS-C S, Section no. 52805",B-,5,Computer Science
Fall 2023,52805,C S, 439,PRINCIPLES OF COMPUTER SYS-C S,"C S-439: PRINCIPLES OF COMPUTER SYS-C S, Section no. 52805",B,7,Computer Science
Fall 2023,52805,C S, 439,PRINCIPLES OF COMPUTER SYS-C S,"C S-439: PRINCIPLES OF COMPUTER SYS-C S, Section no. 52805",B+,4,Computer Science
Fall 2023,52805,C S, 439,PRINCIPLES OF COMPUTER SYS-C S,"C S-439: PRINCIPLES OF COMPUTER SYS-C S, Section no. 52805",A-,4,Computer Science
Fall 2023,52805,C S, 439,PRINCIPLES OF COMPUTER SYS-C S,"C S-439: PRINCIPLES OF COMPUTER SYS-C S, Section no. 52805",A,2,Computer Science
Fall 2023,52810,C S, 439,PRINCIPLES OF COMPUTER SYS-C S,"C S-439: PRINCIPLES OF COMPUTER SYS-C S, Section no. 52810",C+,1,Computer Science
Fall 2023,52810,C S, 439,PRINCIPLES OF COMPUTER SYS-C S,"C S-439: PRINCIPLES OF COMPUTER SYS-C S, Section no. 52810",B-,1,Computer Science
Fall 2023,52810,C S, 439,PRINCIPLES OF COMPUTER SYS-C S,"C S-439: PRINCIPLES OF COMPUTER SYS-C S, Section no. 52810",B,6,Computer Science
Fall 2023,52810,C S, 439,PRINCIPLES OF COMPUTER SYS-C S,"C S-439: PRINCIPLES OF COMPUTER SYS-C S, Section no. 52810",B+,3,Computer Science
Fall 2023,52810,C S, 439,PRINCIPLES OF COMPUTER SYS-C S,"C S-439: PRINCIPLES OF COMPUTER SYS-C S, Section no. 52810",A-,9,Computer Science
Fall 2023,52810,C S, 439,PRINCIPLES OF COMPUTER SYS-C S,"C S-439: PRINCIPLES OF COMPUTER SYS-C S, Section no. 52810",A,3,Computer Science
Fall 2023,52815,C S, 439,PRINCIPLES OF COMPUTER SYS-C S,"C S-439: PRINCIPLES OF COMPUTER SYS-C S, Section no. 52815",C+,1,Computer Science
Fall 2023,52815,C S, 439,PRINCIPLES OF COMPUTER SYS-C S,"C S-439: PRINCIPLES OF COMPUTER SYS-C S, Section no. 52815",B-,5,Computer Science
Fall 2023,52815,C S, 439,PRINCIPLES OF COMPUTER SYS-C S,"C S-439: PRINCIPLES OF COMPUTER SYS-C S, Section no. 52815",B,10,Computer Science
Fall 2023,52815,C S, 439,PRINCIPLES OF COMPUTER SYS-C S,"C S-439: PRINCIPLES OF COMPUTER SYS-C S, Section no. 52815",B+,2,Computer Science
Fall 2023,52815,C S, 439,PRINCIPLES OF COMPUTER SYS-C S,"C S-439: PRINCIPLES OF COMPUTER SYS-C S, Section no. 52815",A-,3,Computer Science
Fall 2023,52815,C S, 439,PRINCIPLES OF COMPUTER SYS-C S,"C S-439: PRINCIPLES OF COMPUTER SYS-C S, Section no. 52815",A,2,Computer Science
Fall 2023,52820,C S, 439,PRINCIPLES OF COMPUTER SYS-C S,"C S-439: PRINCIPLES OF COMPUTER SYS-C S, Section no. 52820",F,1,Computer Science
Fall 2023,52820,C S, 439,PRINCIPLES OF COMPUTER SYS-C S,"C S-439: PRINCIPLES OF COMPUTER SYS-C S, Section no. 52820",C,1,Computer Science
Fall 2023,52820,C S, 439,PRINCIPLES OF COMPUTER SYS-C S,"C S-439: PRINCIPLES OF COMPUTER SYS-C S, Section no. 52820",C+,2,Computer Science
Fall 2023,52820,C S, 439,PRINCIPLES OF COMPUTER SYS-C S,"C S-439: PRINCIPLES OF COMPUTER SYS-C S, Section no. 52820",B-,3,Computer Science
Fall 2023,52820,C S, 439,PRINCIPLES OF COMPUTER SYS-C S,"C S-439: PRINCIPLES OF COMPUTER SYS-C S, Section no. 52820",B,4,Computer Science
Fall 2023,52820,C S, 439,PRINCIPLES OF COMPUTER SYS-C S,"C S-439: PRINCIPLES OF COMPUTER SYS-C S, Section no. 52820",B+,2,Computer Science
Fall 2023,52820,C S, 439,PRINCIPLES OF COMPUTER SYS-C S,"C S-439: PRINCIPLES OF COMPUTER SYS-C S, Section no. 52820",A-,1,Computer Science
Fall 2023,52820,C S, 439,PRINCIPLES OF COMPUTER SYS-C S,"C S-439: PRINCIPLES OF COMPUTER SYS-C S, Section no. 52820",A,1,Computer Science
Fall 2023,52825,C S, 439,PRINCIPLES OF COMPUTER SYS-C S,"C S-439: PRINCIPLES OF COMPUTER SYS-C S, Section no. 52825",C,1,Computer Science
Fall 2023,52825,C S, 439,PRINCIPLES OF COMPUTER SYS-C S,"C S-439: PRINCIPLES OF COMPUTER SYS-C S, Section no. 52825",C+,4,Computer Science
Fall 2023,52825,C S, 439,PRINCIPLES OF COMPUTER SYS-C S,"C S-439: PRINCIPLES OF COMPUTER SYS-C S, Section no. 52825",B-,2,Computer Science
Fall 2023,52825,C S, 439,PRINCIPLES OF COMPUTER SYS-C S,"C S-439: PRINCIPLES OF COMPUTER SYS-C S, Section no. 52825",B,7,Computer Science
Fall 2023,52825,C S, 439,PRINCIPLES OF COMPUTER SYS-C S,"C S-439: PRINCIPLES OF COMPUTER SYS-C S, Section no. 52825",B+,1,Computer Science
Fall 2023,52825,C S, 439,PRINCIPLES OF COMPUTER SYS-C S,"C S-439: PRINCIPLES OF COMPUTER SYS-C S, Section no. 52825",A-,6,Computer Science
Fall 2023,52825,C S, 439,PRINCIPLES OF COMPUTER SYS-C S,"C S-439: PRINCIPLES OF COMPUTER SYS-C S, Section no. 52825",A,1,Computer Science
Fall 2023,52830,C S, 439,PRINCIPLES OF COMPUTER SYS-C S,"C S-439: PRINCIPLES OF COMPUTER SYS-C S, Section no. 52830",C,1,Computer Science
Fall 2023,52830,C S, 439,PRINCIPLES OF COMPUTER SYS-C S,"C S-439: PRINCIPLES OF COMPUTER SYS-C S, Section no. 52830",C+,2,Computer Science
Fall 2023,52830,C S, 439,PRINCIPLES OF COMPUTER SYS-C S,"C S-439: PRINCIPLES OF COMPUTER SYS-C S, Section no. 52830",B-,4,Computer Science
Fall 2023,52830,C S, 439,PRINCIPLES OF COMPUTER SYS-C S,"C S-439: PRINCIPLES OF COMPUTER SYS-C S, Section no. 52830",B,8,Computer Science
Fall 2023,52830,C S, 439,PRINCIPLES OF COMPUTER SYS-C S,"C S-439: PRINCIPLES OF COMPUTER SYS-C S, Section no. 52830",B+,1,Computer Science
Fall 2023,52830,C S, 439,PRINCIPLES OF COMPUTER SYS-C S,"C S-439: PRINCIPLES OF COMPUTER SYS-C S, Section no. 52830",A-,3,Computer Science
Fall 2023,52830,C S, 439,PRINCIPLES OF COMPUTER SYS-C S,"C S-439: PRINCIPLES OF COMPUTER SYS-C S, Section no. 52830",A,2,Computer Science
Fall 2023,52835,C S, 439,PRINCIPLES OF COMPUTER SYS-C S,"C S-439: PRINCIPLES OF COMPUTER SYS-C S, Section no. 52835",Other,3,Computer Science
Fall 2023,52835,C S, 439,PRINCIPLES OF COMPUTER SYS-C S,"C S-439: PRINCIPLES OF COMPUTER SYS-C S, Section no. 52835",C+,1,Computer Science
Fall 2023,52835,C S, 439,PRINCIPLES OF COMPUTER SYS-C S,"C S-439: PRINCIPLES OF COMPUTER SYS-C S, Section no. 52835",B-,2,Computer Science
Fall 2023,52835,C S, 439,PRINCIPLES OF COMPUTER SYS-C S,"C S-439: PRINCIPLES OF COMPUTER SYS-C S, Section no. 52835",B,4,Computer Science
Fall 2023,52835,C S, 439,PRINCIPLES OF COMPUTER SYS-C S,"C S-439: PRINCIPLES OF COMPUTER SYS-C S, Section no. 52835",B+,6,Computer Science
Fall 2023,52835,C S, 439,PRINCIPLES OF COMPUTER SYS-C S,"C S-439: PRINCIPLES OF COMPUTER SYS-C S, Section no. 52835",A-,4,Computer Science
Fall 2023,52835,C S, 439,PRINCIPLES OF COMPUTER SYS-C S,"C S-439: PRINCIPLES OF COMPUTER SYS-C S, Section no. 52835",A,2,Computer Science
Fall 2023,52840,C S, 439,PRINCIPLES OF COMPUTER SYS-C S,"C S-439: PRINCIPLES OF COMPUTER SYS-C S, Section no. 52840",Other,1,Computer Science
Fall 2023,52840,C S, 439,PRINCIPLES OF COMPUTER SYS-C S,"C S-439: PRINCIPLES OF COMPUTER SYS-C S, Section no. 52840",C+,1,Computer Science
Fall 2023,52840,C S, 439,PRINCIPLES OF COMPUTER SYS-C S,"C S-439: PRINCIPLES OF COMPUTER SYS-C S, Section no. 52840",B-,6,Computer Science
Fall 2023,52840,C S, 439,PRINCIPLES OF COMPUTER SYS-C S,"C S-439: PRINCIPLES OF COMPUTER SYS-C S, Section no. 52840",B,3,Computer Science
Fall 2023,52840,C S, 439,PRINCIPLES OF COMPUTER SYS-C S,"C S-439: PRINCIPLES OF COMPUTER SYS-C S, Section no. 52840",B+,3,Computer Science
Fall 2023,52840,C S, 439,PRINCIPLES OF COMPUTER SYS-C S,"C S-439: PRINCIPLES OF COMPUTER SYS-C S, Section no. 52840",A-,3,Computer Science
Fall 2023,52840,C S, 439,PRINCIPLES OF COMPUTER SYS-C S,"C S-439: PRINCIPLES OF COMPUTER SYS-C S, Section no. 52840",A,5,Computer Science
Fall 2023,52845,C S, 439,PRINCIPLES OF COMPUTER SYS-C S,"C S-439: PRINCIPLES OF COMPUTER SYS-C S, Section no. 52845",C+,4,Computer Science
Fall 2023,52845,C S, 439,PRINCIPLES OF COMPUTER SYS-C S,"C S-439: PRINCIPLES OF COMPUTER SYS-C S, Section no. 52845",B-,1,Computer Science
Fall 2023,52845,C S, 439,PRINCIPLES OF COMPUTER SYS-C S,"C S-439: PRINCIPLES OF COMPUTER SYS-C S, Section no. 52845",B,2,Computer Science
Fall 2023,52845,C S, 439,PRINCIPLES OF COMPUTER SYS-C S,"C S-439: PRINCIPLES OF COMPUTER SYS-C S, Section no. 52845",B+,1,Computer Science
Fall 2023,52845,C S, 439,PRINCIPLES OF COMPUTER SYS-C S,"C S-439: PRINCIPLES OF COMPUTER SYS-C S, Section no. 52845",A-,6,Computer Science
Fall 2023,52845,C S, 439,PRINCIPLES OF COMPUTER SYS-C S,"C S-439: PRINCIPLES OF COMPUTER SYS-C S, Section no. 52845",A,4,Computer Science
Fall 2023,52850,C S, 439,PRINCIPLES OF COMPUTER SYS-C S,"C S-439: PRINCIPLES OF COMPUTER SYS-C S, Section no. 52850",Other,2,Computer Science
Fall 2023,52850,C S, 439,PRINCIPLES OF COMPUTER SYS-C S,"C S-439: PRINCIPLES OF COMPUTER SYS-C S, Section no. 52850",C+,1,Computer Science
Fall 2023,52850,C S, 439,PRINCIPLES OF COMPUTER SYS-C S,"C S-439: PRINCIPLES OF COMPUTER SYS-C S, Section no. 52850",B-,1,Computer Science
Fall 2023,52850,C S, 439,PRINCIPLES OF COMPUTER SYS-C S,"C S-439: PRINCIPLES OF COMPUTER SYS-C S, Section no. 52850",B,6,Computer Science
Fall 2023,52850,C S, 439,PRINCIPLES OF COMPUTER SYS-C S,"C S-439: PRINCIPLES OF COMPUTER SYS-C S, Section no. 52850",B+,1,Computer Science
Fall 2023,52850,C S, 439,PRINCIPLES OF COMPUTER SYS-C S,"C S-439: PRINCIPLES OF COMPUTER SYS-C S, Section no. 52850",A-,6,Computer Science
Fall 2023,52850,C S, 439,PRINCIPLES OF COMPUTER SYS-C S,"C S-439: PRINCIPLES OF COMPUTER SYS-C S, Section no. 52850",A,5,Computer Science
Fall 2023,52855,C S, 439,PRINCIPLES OF COMPUTER SYS-C S,"C S-439: PRINCIPLES OF COMPUTER SYS-C S, Section no. 52855",Other,3,Computer Science
Fall 2023,52855,C S, 439,PRINCIPLES OF COMPUTER SYS-C S,"C S-439: PRINCIPLES OF COMPUTER SYS-C S, Section no. 52855",C,3,Computer Science
Fall 2023,52855,C S, 439,PRINCIPLES OF COMPUTER SYS-C S,"C S-439: PRINCIPLES OF COMPUTER SYS-C S, Section no. 52855",C+,1,Computer Science
Fall 2023,52855,C S, 439,PRINCIPLES OF COMPUTER SYS-C S,"C S-439: PRINCIPLES OF COMPUTER SYS-C S, Section no. 52855",B-,1,Computer Science
Fall 2023,52855,C S, 439,PRINCIPLES OF COMPUTER SYS-C S,"C S-439: PRINCIPLES OF COMPUTER SYS-C S, Section no. 52855",B,2,Computer Science
Fall 2023,52855,C S, 439,PRINCIPLES OF COMPUTER SYS-C S,"C S-439: PRINCIPLES OF COMPUTER SYS-C S, Section no. 52855",B+,5,Computer Science
Fall 2023,52855,C S, 439,PRINCIPLES OF COMPUTER SYS-C S,"C S-439: PRINCIPLES OF COMPUTER SYS-C S, Section no. 52855",A-,5,Computer Science
Fall 2023,52855,C S, 439,PRINCIPLES OF COMPUTER SYS-C S,"C S-439: PRINCIPLES OF COMPUTER SYS-C S, Section no. 52855",A,3,Computer Science
Fall 2023,52860,C S, 439,PRINCIPLES OF COMPUTER SYS-C S,"C S-439: PRINCIPLES OF COMPUTER SYS-C S, Section no. 52860",Other,3,Computer Science
Fall 2023,52860,C S, 439,PRINCIPLES OF COMPUTER SYS-C S,"C S-439: PRINCIPLES OF COMPUTER SYS-C S, Section no. 52860",B-,2,Computer Science
Fall 2023,52860,C S, 439,PRINCIPLES OF COMPUTER SYS-C S,"C S-439: PRINCIPLES OF COMPUTER SYS-C S, Section no. 52860",B,3,Computer Science
Fall 2023,52860,C S, 439,PRINCIPLES OF COMPUTER SYS-C S,"C S-439: PRINCIPLES OF COMPUTER SYS-C S, Section no. 52860",B+,3,Computer Science
Fall 2023,52860,C S, 439,PRINCIPLES OF COMPUTER SYS-C S,"C S-439: PRINCIPLES OF COMPUTER SYS-C S, Section no. 52860",A-,4,Computer Science
Fall 2023,52860,C S, 439,PRINCIPLES OF COMPUTER SYS-C S,"C S-439: PRINCIPLES OF COMPUTER SYS-C S, Section no. 52860",A,8,Computer Science
Fall 2023,52865,C S, 439H,PRINS OF COMPUTER SYS: HONORS,"C S-439H: PRINS OF COMPUTER SYS: HONORS, Section no. 52865",Other,3,Computer Science
Fall 2023,52865,C S, 439H,PRINS OF COMPUTER SYS: HONORS,"C S-439H: PRINS OF COMPUTER SYS: HONORS, Section no. 52865",F,1,Computer Science
Fall 2023,52865,C S, 439H,PRINS OF COMPUTER SYS: HONORS,"C S-439H: PRINS OF COMPUTER SYS: HONORS, Section no. 52865",C,1,Computer Science
Fall 2023,52865,C S, 439H,PRINS OF COMPUTER SYS: HONORS,"C S-439H: PRINS OF COMPUTER SYS: HONORS, Section no. 52865",C+,2,Computer Science
Fall 2023,52865,C S, 439H,PRINS OF COMPUTER SYS: HONORS,"C S-439H: PRINS OF COMPUTER SYS: HONORS, Section no. 52865",B-,7,Computer Science
Fall 2023,52865,C S, 439H,PRINS OF COMPUTER SYS: HONORS,"C S-439H: PRINS OF COMPUTER SYS: HONORS, Section no. 52865",B,3,Computer Science
Fall 2023,52865,C S, 439H,PRINS OF COMPUTER SYS: HONORS,"C S-439H: PRINS OF COMPUTER SYS: HONORS, Section no. 52865",B+,16,Computer Science
Fall 2023,52865,C S, 439H,PRINS OF COMPUTER SYS: HONORS,"C S-439H: PRINS OF COMPUTER SYS: HONORS, Section no. 52865",A-,18,Computer Science
Fall 2023,52865,C S, 439H,PRINS OF COMPUTER SYS: HONORS,"C S-439H: PRINS OF COMPUTER SYS: HONORS, Section no. 52865",A,13,Computer Science
Fall 2023,52870,C S, 439H,PRINS OF COMPUTER SYS: HONORS,"C S-439H: PRINS OF COMPUTER SYS: HONORS, Section no. 52870",Other,1,Computer Science
Fall 2023,52870,C S, 439H,PRINS OF COMPUTER SYS: HONORS,"C S-439H: PRINS OF COMPUTER SYS: HONORS, Section no. 52870",C,2,Computer Science
Fall 2023,52870,C S, 439H,PRINS OF COMPUTER SYS: HONORS,"C S-439H: PRINS OF COMPUTER SYS: HONORS, Section no. 52870",B-,5,Computer Science
Fall 2023,52870,C S, 439H,PRINS OF COMPUTER SYS: HONORS,"C S-439H: PRINS OF COMPUTER SYS: HONORS, Section no. 52870",B,8,Computer Science
Fall 2023,52870,C S, 439H,PRINS OF COMPUTER SYS: HONORS,"C S-439H: PRINS OF COMPUTER SYS: HONORS, Section no. 52870",B+,1,Computer Science
Fall 2023,52870,C S, 439H,PRINS OF COMPUTER SYS: HONORS,"C S-439H: PRINS OF COMPUTER SYS: HONORS, Section no. 52870",A-,10,Computer Science
Fall 2023,52870,C S, 439H,PRINS OF COMPUTER SYS: HONORS,"C S-439H: PRINS OF COMPUTER SYS: HONORS, Section no. 52870",A,7,Computer Science
Fall 2023,52880,C S, 343,ARTIFICIAL INTELLIGENCE,"C S-343: ARTIFICIAL INTELLIGENCE, Section no. 52880",Other,2,Computer Science
Fall 2023,52880,C S, 343,ARTIFICIAL INTELLIGENCE,"C S-343: ARTIFICIAL INTELLIGENCE, Section no. 52880",F,2,Computer Science
Fall 2023,52880,C S, 343,ARTIFICIAL INTELLIGENCE,"C S-343: ARTIFICIAL INTELLIGENCE, Section no. 52880",C-,1,Computer Science
Fall 2023,52880,C S, 343,ARTIFICIAL INTELLIGENCE,"C S-343: ARTIFICIAL INTELLIGENCE, Section no. 52880",C,2,Computer Science
Fall 2023,52880,C S, 343,ARTIFICIAL INTELLIGENCE,"C S-343: ARTIFICIAL INTELLIGENCE, Section no. 52880",C+,1,Computer Science
Fall 2023,52880,C S, 343,ARTIFICIAL INTELLIGENCE,"C S-343: ARTIFICIAL INTELLIGENCE, Section no. 52880",B-,1,Computer Science
Fall 2023,52880,C S, 343,ARTIFICIAL INTELLIGENCE,"C S-343: ARTIFICIAL INTELLIGENCE, Section no. 52880",B,7,Computer Science
Fall 2023,52880,C S, 343,ARTIFICIAL INTELLIGENCE,"C S-343: ARTIFICIAL INTELLIGENCE, Section no. 52880",B+,9,Computer Science
Fall 2023,52880,C S, 343,ARTIFICIAL INTELLIGENCE,"C S-343: ARTIFICIAL INTELLIGENCE, Section no. 52880",A-,9,Computer Science
Fall 2023,52880,C S, 343,ARTIFICIAL INTELLIGENCE,"C S-343: ARTIFICIAL INTELLIGENCE, Section no. 52880",A,25,Computer Science
Fall 2023,52885,C S, 346,CRYPTOGRAPHY,"C S-346: CRYPTOGRAPHY, Section no. 52885",Other,11,Computer Science
Fall 2023,52885,C S, 346,CRYPTOGRAPHY,"C S-346: CRYPTOGRAPHY, Section no. 52885",F,2,Computer Science
Fall 2023,52885,C S, 346,CRYPTOGRAPHY,"C S-346: CRYPTOGRAPHY, Section no. 52885",C,2,Computer Science
Fall 2023,52885,C S, 346,CRYPTOGRAPHY,"C S-346: CRYPTOGRAPHY, Section no. 52885",B-,4,Computer Science
Fall 2023,52885,C S, 346,CRYPTOGRAPHY,"C S-346: CRYPTOGRAPHY, Section no. 52885",B,5,Computer Science
Fall 2023,52885,C S, 346,CRYPTOGRAPHY,"C S-346: CRYPTOGRAPHY, Section no. 52885",B+,5,Computer Science
Fall 2023,52885,C S, 346,CRYPTOGRAPHY,"C S-346: CRYPTOGRAPHY, Section no. 52885",A-,5,Computer Science
Fall 2023,52885,C S, 346,CRYPTOGRAPHY,"C S-346: CRYPTOGRAPHY, Section no. 52885",A,11,Computer Science
Fall 2023,52890,C S, 347,DATA MANAGEMENT,"C S-347: DATA MANAGEMENT, Section no. 52890",Other,8,Computer Science
Fall 2023,52890,C S, 347,DATA MANAGEMENT,"C S-347: DATA MANAGEMENT, Section no. 52890",F,5,Computer Science
Fall 2023,52890,C S, 347,DATA MANAGEMENT,"C S-347: DATA MANAGEMENT, Section no. 52890",D,1,Computer Science
Fall 2023,52890,C S, 347,DATA MANAGEMENT,"C S-347: DATA MANAGEMENT, Section no. 52890",C,4,Computer Science
Fall 2023,52890,C S, 347,DATA MANAGEMENT,"C S-347: DATA MANAGEMENT, Section no. 52890",B-,2,Computer Science
Fall 2023,52890,C S, 347,DATA MANAGEMENT,"C S-347: DATA MANAGEMENT, Section no. 52890",B,2,Computer Science
Fall 2023,52890,C S, 347,DATA MANAGEMENT,"C S-347: DATA MANAGEMENT, Section no. 52890",B+,3,Computer Science
Fall 2023,52890,C S, 347,DATA MANAGEMENT,"C S-347: DATA MANAGEMENT, Section no. 52890",A-,1,Computer Science
Fall 2023,52890,C S, 347,DATA MANAGEMENT,"C S-347: DATA MANAGEMENT, Section no. 52890",A,11,Computer Science
Fall 2023,52895,C S, 349,CONTEMP ISSUES IN COMPUTER SCI,"C S-349: CONTEMP ISSUES IN COMPUTER SCI, Section no. 52895",C,1,Computer Science
Fall 2023,52895,C S, 349,CONTEMP ISSUES IN COMPUTER SCI,"C S-349: CONTEMP ISSUES IN COMPUTER SCI, Section no. 52895",C+,1,Computer Science
Fall 2023,52895,C S, 349,CONTEMP ISSUES IN COMPUTER SCI,"C S-349: CONTEMP ISSUES IN COMPUTER SCI, Section no. 52895",B,1,Computer Science
Fall 2023,52895,C S, 349,CONTEMP ISSUES IN COMPUTER SCI,"C S-349: CONTEMP ISSUES IN COMPUTER SCI, Section no. 52895",B+,4,Computer Science
Fall 2023,52895,C S, 349,CONTEMP ISSUES IN COMPUTER SCI,"C S-349: CONTEMP ISSUES IN COMPUTER SCI, Section no. 52895",A-,8,Computer Science
Fall 2023,52895,C S, 349,CONTEMP ISSUES IN COMPUTER SCI,"C S-349: CONTEMP ISSUES IN COMPUTER SCI, Section no. 52895",A,24,Computer Science
Fall 2023,52900,C S, 349,CONTEMP ISSUES IN COMPUTER SCI,"C S-349: CONTEMP ISSUES IN COMPUTER SCI, Section no. 52900",B-,1,Computer Science
Fall 2023,52900,C S, 349,CONTEMP ISSUES IN COMPUTER SCI,"C S-349: CONTEMP ISSUES IN COMPUTER SCI, Section no. 52900",B,3,Computer Science
Fall 2023,52900,C S, 349,CONTEMP ISSUES IN COMPUTER SCI,"C S-349: CONTEMP ISSUES IN COMPUTER SCI, Section no. 52900",B+,4,Computer Science
Fall 2023,52900,C S, 349,CONTEMP ISSUES IN COMPUTER SCI,"C S-349: CONTEMP ISSUES IN COMPUTER SCI, Section no. 52900",A-,4,Computer Science
Fall 2023,52900,C S, 349,CONTEMP ISSUES IN COMPUTER SCI,"C S-349: CONTEMP ISSUES IN COMPUTER SCI, Section no. 52900",A,27,Computer Science
Fall 2023,52905,C S, 354P,GAME PROGRAMMING PARADIGMS,"C S-354P: GAME PROGRAMMING PARADIGMS, Section no. 52905",Other,3,Computer Science
Fall 2023,52905,C S, 354P,GAME PROGRAMMING PARADIGMS,"C S-354P: GAME PROGRAMMING PARADIGMS, Section no. 52905",F,2,Computer Science
Fall 2023,52905,C S, 354P,GAME PROGRAMMING PARADIGMS,"C S-354P: GAME PROGRAMMING PARADIGMS, Section no. 52905",B+,2,Computer Science
Fall 2023,52905,C S, 354P,GAME PROGRAMMING PARADIGMS,"C S-354P: GAME PROGRAMMING PARADIGMS, Section no. 52905",A-,1,Computer Science
Fall 2023,52905,C S, 354P,GAME PROGRAMMING PARADIGMS,"C S-354P: GAME PROGRAMMING PARADIGMS, Section no. 52905",A,42,Computer Science
Fall 2023,52910,C S, 354R,GAME TECHNOLOGY,"C S-354R: GAME TECHNOLOGY, Section no. 52910",Other,3,Computer Science
Fall 2023,52910,C S, 354R,GAME TECHNOLOGY,"C S-354R: GAME TECHNOLOGY, Section no. 52910",F,3,Computer Science
Fall 2023,52910,C S, 354R,GAME TECHNOLOGY,"C S-354R: GAME TECHNOLOGY, Section no. 52910",D-,1,Computer Science
Fall 2023,52910,C S, 354R,GAME TECHNOLOGY,"C S-354R: GAME TECHNOLOGY, Section no. 52910",C,1,Computer Science
Fall 2023,52910,C S, 354R,GAME TECHNOLOGY,"C S-354R: GAME TECHNOLOGY, Section no. 52910",C+,2,Computer Science
Fall 2023,52910,C S, 354R,GAME TECHNOLOGY,"C S-354R: GAME TECHNOLOGY, Section no. 52910",B-,2,Computer Science
Fall 2023,52910,C S, 354R,GAME TECHNOLOGY,"C S-354R: GAME TECHNOLOGY, Section no. 52910",B,4,Computer Science
Fall 2023,52910,C S, 354R,GAME TECHNOLOGY,"C S-354R: GAME TECHNOLOGY, Section no. 52910",B+,1,Computer Science
Fall 2023,52910,C S, 354R,GAME TECHNOLOGY,"C S-354R: GAME TECHNOLOGY, Section no. 52910",A-,4,Computer Science
Fall 2023,52910,C S, 354R,GAME TECHNOLOGY,"C S-354R: GAME TECHNOLOGY, Section no. 52910",A,38,Computer Science
Fall 2023,52915,C S, 354S,GAME DEV CAPSTNE: 2-D GAMES,"C S-354S: GAME DEV CAPSTNE: 2-D GAMES, Section no. 52915",Other,1,Computer Science
Fall 2023,52915,C S, 354S,GAME DEV CAPSTNE: 2-D GAMES,"C S-354S: GAME DEV CAPSTNE: 2-D GAMES, Section no. 52915",C,1,Computer Science
Fall 2023,52915,C S, 354S,GAME DEV CAPSTNE: 2-D GAMES,"C S-354S: GAME DEV CAPSTNE: 2-D GAMES, Section no. 52915",A-,1,Computer Science
Fall 2023,52915,C S, 354S,GAME DEV CAPSTNE: 2-D GAMES,"C S-354S: GAME DEV CAPSTNE: 2-D GAMES, Section no. 52915",A,12,Computer Science
Fall 2023,52930,C S, 358H,INTRO TO QUANTUM INFO SCI: HON,"C S-358H: INTRO TO QUANTUM INFO SCI: HON, Section no. 52930",Other,2,Computer Science
Fall 2023,52930,C S, 358H,INTRO TO QUANTUM INFO SCI: HON,"C S-358H: INTRO TO QUANTUM INFO SCI: HON, Section no. 52930",C+,1,Computer Science
Fall 2023,52930,C S, 358H,INTRO TO QUANTUM INFO SCI: HON,"C S-358H: INTRO TO QUANTUM INFO SCI: HON, Section no. 52930",B-,1,Computer Science
Fall 2023,52930,C S, 358H,INTRO TO QUANTUM INFO SCI: HON,"C S-358H: INTRO TO QUANTUM INFO SCI: HON, Section no. 52930",B,3,Computer Science
Fall 2023,52930,C S, 358H,INTRO TO QUANTUM INFO SCI: HON,"C S-358H: INTRO TO QUANTUM INFO SCI: HON, Section no. 52930",B+,6,Computer Science
Fall 2023,52930,C S, 358H,INTRO TO QUANTUM INFO SCI: HON,"C S-358H: INTRO TO QUANTUM INFO SCI: HON, Section no. 52930",A-,8,Computer Science
Fall 2023,52930,C S, 358H,INTRO TO QUANTUM INFO SCI: HON,"C S-358H: INTRO TO QUANTUM INFO SCI: HON, Section no. 52930",A,18,Computer Science
Fall 2023,52935,C S, 363M,PRINCIPLES OF MACHINE LEARN I,"C S-363M: PRINCIPLES OF MACHINE LEARN I, Section no. 52935",Other,2,Computer Science
Fall 2023,52935,C S, 363M,PRINCIPLES OF MACHINE LEARN I,"C S-363M: PRINCIPLES OF MACHINE LEARN I, Section no. 52935",D,1,Computer Science
Fall 2023,52935,C S, 363M,PRINCIPLES OF MACHINE LEARN I,"C S-363M: PRINCIPLES OF MACHINE LEARN I, Section no. 52935",C,2,Computer Science
Fall 2023,52935,C S, 363M,PRINCIPLES OF MACHINE LEARN I,"C S-363M: PRINCIPLES OF MACHINE LEARN I, Section no. 52935",C+,1,Computer Science
Fall 2023,52935,C S, 363M,PRINCIPLES OF MACHINE LEARN I,"C S-363M: PRINCIPLES OF MACHINE LEARN I, Section no. 52935",B-,2,Computer Science
Fall 2023,52935,C S, 363M,PRINCIPLES OF MACHINE LEARN I,"C S-363M: PRINCIPLES OF MACHINE LEARN I, Section no. 52935",B,7,Computer Science
Fall 2023,52935,C S, 363M,PRINCIPLES OF MACHINE LEARN I,"C S-363M: PRINCIPLES OF MACHINE LEARN I, Section no. 52935",B+,14,Computer Science
Fall 2023,52935,C S, 363M,PRINCIPLES OF MACHINE LEARN I,"C S-363M: PRINCIPLES OF MACHINE LEARN I, Section no. 52935",A-,16,Computer Science
Fall 2023,52935,C S, 363M,PRINCIPLES OF MACHINE LEARN I,"C S-363M: PRINCIPLES OF MACHINE LEARN I, Section no. 52935",A,22,Computer Science
Fall 2023,52940,C S, 363M,PRINCIPLES OF MACHINE LEARN I,"C S-363M: PRINCIPLES OF MACHINE LEARN I, Section no. 52940",Other,1,Computer Science
Fall 2023,52940,C S, 363M,PRINCIPLES OF MACHINE LEARN I,"C S-363M: PRINCIPLES OF MACHINE LEARN I, Section no. 52940",C,1,Computer Science
Fall 2023,52940,C S, 363M,PRINCIPLES OF MACHINE LEARN I,"C S-363M: PRINCIPLES OF MACHINE LEARN I, Section no. 52940",C+,1,Computer Science
Fall 2023,52940,C S, 363M,PRINCIPLES OF MACHINE LEARN I,"C S-363M: PRINCIPLES OF MACHINE LEARN I, Section no. 52940",B-,3,Computer Science
Fall 2023,52940,C S, 363M,PRINCIPLES OF MACHINE LEARN I,"C S-363M: PRINCIPLES OF MACHINE LEARN I, Section no. 52940",B,2,Computer Science
Fall 2023,52940,C S, 363M,PRINCIPLES OF MACHINE LEARN I,"C S-363M: PRINCIPLES OF MACHINE LEARN I, Section no. 52940",B+,9,Computer Science
Fall 2023,52940,C S, 363M,PRINCIPLES OF MACHINE LEARN I,"C S-363M: PRINCIPLES OF MACHINE LEARN I, Section no. 52940",A-,15,Computer Science
Fall 2023,52940,C S, 363M,PRINCIPLES OF MACHINE LEARN I,"C S-363M: PRINCIPLES OF MACHINE LEARN I, Section no. 52940",A,36,Computer Science
Fall 2023,52945,C S, 363M,PRINCIPLES OF MACHINE LEARN I,"C S-363M: PRINCIPLES OF MACHINE LEARN I, Section no. 52945",Other,2,Computer Science
Fall 2023,52945,C S, 363M,PRINCIPLES OF MACHINE LEARN I,"C S-363M: PRINCIPLES OF MACHINE LEARN I, Section no. 52945",C-,1,Computer Science
Fall 2023,52945,C S, 363M,PRINCIPLES OF MACHINE LEARN I,"C S-363M: PRINCIPLES OF MACHINE LEARN I, Section no. 52945",C+,3,Computer Science
Fall 2023,52945,C S, 363M,PRINCIPLES OF MACHINE LEARN I,"C S-363M: PRINCIPLES OF MACHINE LEARN I, Section no. 52945",B-,4,Computer Science
Fall 2023,52945,C S, 363M,PRINCIPLES OF MACHINE LEARN I,"C S-363M: PRINCIPLES OF MACHINE LEARN I, Section no. 52945",B,5,Computer Science
Fall 2023,52945,C S, 363M,PRINCIPLES OF MACHINE LEARN I,"C S-363M: PRINCIPLES OF MACHINE LEARN I, Section no. 52945",B+,9,Computer Science
Fall 2023,52945,C S, 363M,PRINCIPLES OF MACHINE LEARN I,"C S-363M: PRINCIPLES OF MACHINE LEARN I, Section no. 52945",A-,16,Computer Science
Fall 2023,52945,C S, 363M,PRINCIPLES OF MACHINE LEARN I,"C S-363M: PRINCIPLES OF MACHINE LEARN I, Section no. 52945",A,28,Computer Science
Fall 2023,52949,C S, 364M,PRINCIPL OF MACHINE LEARN II,"C S-364M: PRINCIPL OF MACHINE LEARN II, Section no. 52949",Other,4,Computer Science
Fall 2023,52949,C S, 364M,PRINCIPL OF MACHINE LEARN II,"C S-364M: PRINCIPL OF MACHINE LEARN II, Section no. 52949",C-,2,Computer Science
Fall 2023,52949,C S, 364M,PRINCIPL OF MACHINE LEARN II,"C S-364M: PRINCIPL OF MACHINE LEARN II, Section no. 52949",C,3,Computer Science
Fall 2023,52949,C S, 364M,PRINCIPL OF MACHINE LEARN II,"C S-364M: PRINCIPL OF MACHINE LEARN II, Section no. 52949",B-,3,Computer Science
Fall 2023,52949,C S, 364M,PRINCIPL OF MACHINE LEARN II,"C S-364M: PRINCIPL OF MACHINE LEARN II, Section no. 52949",B,4,Computer Science
Fall 2023,52949,C S, 364M,PRINCIPL OF MACHINE LEARN II,"C S-364M: PRINCIPL OF MACHINE LEARN II, Section no. 52949",B+,2,Computer Science
Fall 2023,52949,C S, 364M,PRINCIPL OF MACHINE LEARN II,"C S-364M: PRINCIPL OF MACHINE LEARN II, Section no. 52949",A-,13,Computer Science
Fall 2023,52949,C S, 364M,PRINCIPL OF MACHINE LEARN II,"C S-364M: PRINCIPL OF MACHINE LEARN II, Section no. 52949",A,4,Computer Science
Fall 2023,52960,C S, 371L,IOS MOBILE COMPUTING,"C S-371L: IOS MOBILE COMPUTING, Section no. 52960",C,1,Computer Science
Fall 2023,52960,C S, 371L,IOS MOBILE COMPUTING,"C S-371L: IOS MOBILE COMPUTING, Section no. 52960",B-,1,Computer Science
Fall 2023,52960,C S, 371L,IOS MOBILE COMPUTING,"C S-371L: IOS MOBILE COMPUTING, Section no. 52960",B,1,Computer Science
Fall 2023,52960,C S, 371L,IOS MOBILE COMPUTING,"C S-371L: IOS MOBILE COMPUTING, Section no. 52960",B+,2,Computer Science
Fall 2023,52960,C S, 371L,IOS MOBILE COMPUTING,"C S-371L: IOS MOBILE COMPUTING, Section no. 52960",A-,9,Computer Science
Fall 2023,52960,C S, 371L,IOS MOBILE COMPUTING,"C S-371L: IOS MOBILE COMPUTING, Section no. 52960",A,46,Computer Science
Fall 2023,52970,C S, 371N,NATURAL LANGUAGE PROCESSING,"C S-371N: NATURAL LANGUAGE PROCESSING, Section no. 52970",Other,1,Computer Science
Fall 2023,52970,C S, 371N,NATURAL LANGUAGE PROCESSING,"C S-371N: NATURAL LANGUAGE PROCESSING, Section no. 52970",F,1,Computer Science
Fall 2023,52970,C S, 371N,NATURAL LANGUAGE PROCESSING,"C S-371N: NATURAL LANGUAGE PROCESSING, Section no. 52970",C-,1,Computer Science
Fall 2023,52970,C S, 371N,NATURAL LANGUAGE PROCESSING,"C S-371N: NATURAL LANGUAGE PROCESSING, Section no. 52970",C+,1,Computer Science
Fall 2023,52970,C S, 371N,NATURAL LANGUAGE PROCESSING,"C S-371N: NATURAL LANGUAGE PROCESSING, Section no. 52970",B-,1,Computer Science
Fall 2023,52970,C S, 371N,NATURAL LANGUAGE PROCESSING,"C S-371N: NATURAL LANGUAGE PROCESSING, Section no. 52970",B,7,Computer Science
Fall 2023,52970,C S, 371N,NATURAL LANGUAGE PROCESSING,"C S-371N: NATURAL LANGUAGE PROCESSING, Section no. 52970",B+,12,Computer Science
Fall 2023,52970,C S, 371N,NATURAL LANGUAGE PROCESSING,"C S-371N: NATURAL LANGUAGE PROCESSING, Section no. 52970",A-,20,Computer Science
Fall 2023,52970,C S, 371N,NATURAL LANGUAGE PROCESSING,"C S-371N: NATURAL LANGUAGE PROCESSING, Section no. 52970",A,36,Computer Science
Fall 2023,52975,C S, 371P,OBJECT-ORIENTED PROGRAMMING,"C S-371P: OBJECT-ORIENTED PROGRAMMING, Section no. 52975",Other,4,Computer Science
Fall 2023,52975,C S, 371P,OBJECT-ORIENTED PROGRAMMING,"C S-371P: OBJECT-ORIENTED PROGRAMMING, Section no. 52975",F,2,Computer Science
Fall 2023,52975,C S, 371P,OBJECT-ORIENTED PROGRAMMING,"C S-371P: OBJECT-ORIENTED PROGRAMMING, Section no. 52975",C-,5,Computer Science
Fall 2023,52975,C S, 371P,OBJECT-ORIENTED PROGRAMMING,"C S-371P: OBJECT-ORIENTED PROGRAMMING, Section no. 52975",C,1,Computer Science
Fall 2023,52975,C S, 371P,OBJECT-ORIENTED PROGRAMMING,"C S-371P: OBJECT-ORIENTED PROGRAMMING, Section no. 52975",C+,1,Computer Science
Fall 2023,52975,C S, 371P,OBJECT-ORIENTED PROGRAMMING,"C S-371P: OBJECT-ORIENTED PROGRAMMING, Section no. 52975",B-,1,Computer Science
Fall 2023,52975,C S, 371P,OBJECT-ORIENTED PROGRAMMING,"C S-371P: OBJECT-ORIENTED PROGRAMMING, Section no. 52975",B,2,Computer Science
Fall 2023,52975,C S, 371P,OBJECT-ORIENTED PROGRAMMING,"C S-371P: OBJECT-ORIENTED PROGRAMMING, Section no. 52975",B+,18,Computer Science
Fall 2023,52975,C S, 371P,OBJECT-ORIENTED PROGRAMMING,"C S-371P: OBJECT-ORIENTED PROGRAMMING, Section no. 52975",A-,1,Computer Science
Fall 2023,52975,C S, 371P,OBJECT-ORIENTED PROGRAMMING,"C S-371P: OBJECT-ORIENTED PROGRAMMING, Section no. 52975",A,41,Computer Science
Fall 2023,52980,C S, 371R,INFO RETRIEVAL AND WEB SEARCH,"C S-371R: INFO RETRIEVAL AND WEB SEARCH, Section no. 52980",Other,9,Computer Science
Fall 2023,52980,C S, 371R,INFO RETRIEVAL AND WEB SEARCH,"C S-371R: INFO RETRIEVAL AND WEB SEARCH, Section no. 52980",C-,1,Computer Science
Fall 2023,52980,C S, 371R,INFO RETRIEVAL AND WEB SEARCH,"C S-371R: INFO RETRIEVAL AND WEB SEARCH, Section no. 52980",C,1,Computer Science
Fall 2023,52980,C S, 371R,INFO RETRIEVAL AND WEB SEARCH,"C S-371R: INFO RETRIEVAL AND WEB SEARCH, Section no. 52980",C+,2,Computer Science
Fall 2023,52980,C S, 371R,INFO RETRIEVAL AND WEB SEARCH,"C S-371R: INFO RETRIEVAL AND WEB SEARCH, Section no. 52980",B-,5,Computer Science
Fall 2023,52980,C S, 371R,INFO RETRIEVAL AND WEB SEARCH,"C S-371R: INFO RETRIEVAL AND WEB SEARCH, Section no. 52980",B,8,Computer Science
Fall 2023,52980,C S, 371R,INFO RETRIEVAL AND WEB SEARCH,"C S-371R: INFO RETRIEVAL AND WEB SEARCH, Section no. 52980",B+,5,Computer Science
Fall 2023,52980,C S, 371R,INFO RETRIEVAL AND WEB SEARCH,"C S-371R: INFO RETRIEVAL AND WEB SEARCH, Section no. 52980",A-,9,Computer Science
Fall 2023,52980,C S, 371R,INFO RETRIEVAL AND WEB SEARCH,"C S-371R: INFO RETRIEVAL AND WEB SEARCH, Section no. 52980",A,18,Computer Science
Fall 2023,52985,C S, 373,SOFTWARE ENGINEERING,"C S-373: SOFTWARE ENGINEERING, Section no. 52985",Other,5,Computer Science
Fall 2023,52985,C S, 373,SOFTWARE ENGINEERING,"C S-373: SOFTWARE ENGINEERING, Section no. 52985",C-,1,Computer Science
Fall 2023,52985,C S, 373,SOFTWARE ENGINEERING,"C S-373: SOFTWARE ENGINEERING, Section no. 52985",C,3,Computer Science
Fall 2023,52985,C S, 373,SOFTWARE ENGINEERING,"C S-373: SOFTWARE ENGINEERING, Section no. 52985",C+,1,Computer Science
Fall 2023,52985,C S, 373,SOFTWARE ENGINEERING,"C S-373: SOFTWARE ENGINEERING, Section no. 52985",B,1,Computer Science
Fall 2023,52985,C S, 373,SOFTWARE ENGINEERING,"C S-373: SOFTWARE ENGINEERING, Section no. 52985",A-,1,Computer Science
Fall 2023,52985,C S, 373,SOFTWARE ENGINEERING,"C S-373: SOFTWARE ENGINEERING, Section no. 52985",A,45,Computer Science
Fall 2023,52990,C S, 373,SOFTWARE ENGINEERING,"C S-373: SOFTWARE ENGINEERING, Section no. 52990",Other,1,Computer Science
Fall 2023,52990,C S, 373,SOFTWARE ENGINEERING,"C S-373: SOFTWARE ENGINEERING, Section no. 52990",C,1,Computer Science
Fall 2023,52990,C S, 373,SOFTWARE ENGINEERING,"C S-373: SOFTWARE ENGINEERING, Section no. 52990",B-,1,Computer Science
Fall 2023,52990,C S, 373,SOFTWARE ENGINEERING,"C S-373: SOFTWARE ENGINEERING, Section no. 52990",B,2,Computer Science
Fall 2023,52990,C S, 373,SOFTWARE ENGINEERING,"C S-373: SOFTWARE ENGINEERING, Section no. 52990",B+,1,Computer Science
Fall 2023,52990,C S, 373,SOFTWARE ENGINEERING,"C S-373: SOFTWARE ENGINEERING, Section no. 52990",A,54,Computer Science
Fall 2023,53000,C S, 375,COMPILERS,"C S-375: COMPILERS, Section no. 53000",Other,3,Computer Science
Fall 2023,53000,C S, 375,COMPILERS,"C S-375: COMPILERS, Section no. 53000",F,2,Computer Science
Fall 2023,53000,C S, 375,COMPILERS,"C S-375: COMPILERS, Section no. 53000",D,2,Computer Science
Fall 2023,53000,C S, 375,COMPILERS,"C S-375: COMPILERS, Section no. 53000",C-,1,Computer Science
Fall 2023,53000,C S, 375,COMPILERS,"C S-375: COMPILERS, Section no. 53000",C,2,Computer Science
Fall 2023,53000,C S, 375,COMPILERS,"C S-375: COMPILERS, Section no. 53000",C+,2,Computer Science
Fall 2023,53000,C S, 375,COMPILERS,"C S-375: COMPILERS, Section no. 53000",B-,4,Computer Science
Fall 2023,53000,C S, 375,COMPILERS,"C S-375: COMPILERS, Section no. 53000",B,9,Computer Science
Fall 2023,53000,C S, 375,COMPILERS,"C S-375: COMPILERS, Section no. 53000",B+,3,Computer Science
Fall 2023,53000,C S, 375,COMPILERS,"C S-375: COMPILERS, Section no. 53000",A-,6,Computer Science
Fall 2023,53000,C S, 375,COMPILERS,"C S-375: COMPILERS, Section no. 53000",A,25,Computer Science
Fall 2023,53005,C S, 376,COMPUTER VISION,"C S-376: COMPUTER VISION, Section no. 53005",Other,7,Computer Science
Fall 2023,53005,C S, 376,COMPUTER VISION,"C S-376: COMPUTER VISION, Section no. 53005",C,2,Computer Science
Fall 2023,53005,C S, 376,COMPUTER VISION,"C S-376: COMPUTER VISION, Section no. 53005",B+,3,Computer Science
Fall 2023,53005,C S, 376,COMPUTER VISION,"C S-376: COMPUTER VISION, Section no. 53005",A-,1,Computer Science
Fall 2023,53005,C S, 376,COMPUTER VISION,"C S-376: COMPUTER VISION, Section no. 53005",A,42,Computer Science
Fall 2023,53010,C S, 377P,PROGRAMMING FOR PERFORMANCE,"C S-377P: PROGRAMMING FOR PERFORMANCE, Section no. 53010",Other,7,Computer Science
Fall 2023,53010,C S, 377P,PROGRAMMING FOR PERFORMANCE,"C S-377P: PROGRAMMING FOR PERFORMANCE, Section no. 53010",F,1,Computer Science
Fall 2023,53010,C S, 377P,PROGRAMMING FOR PERFORMANCE,"C S-377P: PROGRAMMING FOR PERFORMANCE, Section no. 53010",C,9,Computer Science
Fall 2023,53010,C S, 377P,PROGRAMMING FOR PERFORMANCE,"C S-377P: PROGRAMMING FOR PERFORMANCE, Section no. 53010",C+,2,Computer Science
Fall 2023,53010,C S, 377P,PROGRAMMING FOR PERFORMANCE,"C S-377P: PROGRAMMING FOR PERFORMANCE, Section no. 53010",B-,4,Computer Science
Fall 2023,53010,C S, 377P,PROGRAMMING FOR PERFORMANCE,"C S-377P: PROGRAMMING FOR PERFORMANCE, Section no. 53010",B,3,Computer Science
Fall 2023,53010,C S, 377P,PROGRAMMING FOR PERFORMANCE,"C S-377P: PROGRAMMING FOR PERFORMANCE, Section no. 53010",B+,8,Computer Science
Fall 2023,53010,C S, 377P,PROGRAMMING FOR PERFORMANCE,"C S-377P: PROGRAMMING FOR PERFORMANCE, Section no. 53010",A-,8,Computer Science
Fall 2023,53010,C S, 377P,PROGRAMMING FOR PERFORMANCE,"C S-377P: PROGRAMMING FOR PERFORMANCE, Section no. 53010",A,12,Computer Science
Fall 2023,53015,C S, 378,AUTON INTELLGNT ROBTCS II-FRI,"C S-378: AUTON INTELLGNT ROBTCS II-FRI, Section no. 53015",A-,5,Computer Science
Fall 2023,53015,C S, 378,AUTON INTELLGNT ROBTCS II-FRI,"C S-378: AUTON INTELLGNT ROBTCS II-FRI, Section no. 53015",A,21,Computer Science
Fall 2023,53020,C S, 378,BEHAVIORAL ETHICS: DIGITAL AGE,"C S-378: BEHAVIORAL ETHICS: DIGITAL AGE, Section no. 53020",B-,1,Computer Science
Fall 2023,53020,C S, 378,BEHAVIORAL ETHICS: DIGITAL AGE,"C S-378: BEHAVIORAL ETHICS: DIGITAL AGE, Section no. 53020",B,1,Computer Science
Fall 2023,53020,C S, 378,BEHAVIORAL ETHICS: DIGITAL AGE,"C S-378: BEHAVIORAL ETHICS: DIGITAL AGE, Section no. 53020",B+,1,Computer Science
Fall 2023,53020,C S, 378,BEHAVIORAL ETHICS: DIGITAL AGE,"C S-378: BEHAVIORAL ETHICS: DIGITAL AGE, Section no. 53020",A-,6,Computer Science
Fall 2023,53020,C S, 378,BEHAVIORAL ETHICS: DIGITAL AGE,"C S-378: BEHAVIORAL ETHICS: DIGITAL AGE, Section no. 53020",A,41,Computer Science
Fall 2023,53030,C S, 378,CLOUD COMPUTING,"C S-378: CLOUD COMPUTING, Section no. 53030",Other,4,Computer Science
Fall 2023,53030,C S, 378,CLOUD COMPUTING,"C S-378: CLOUD COMPUTING, Section no. 53030",C+,1,Computer Science
Fall 2023,53030,C S, 378,CLOUD COMPUTING,"C S-378: CLOUD COMPUTING, Section no. 53030",B,1,Computer Science
Fall 2023,53030,C S, 378,CLOUD COMPUTING,"C S-378: CLOUD COMPUTING, Section no. 53030",B+,2,Computer Science
Fall 2023,53030,C S, 378,CLOUD COMPUTING,"C S-378: CLOUD COMPUTING, Section no. 53030",A-,7,Computer Science
Fall 2023,53030,C S, 378,CLOUD COMPUTING,"C S-378: CLOUD COMPUTING, Section no. 53030",A,40,Computer Science
Fall 2023,53035,C S, 378,CONCURRENCY,"C S-378: CONCURRENCY, Section no. 53035",Other,7,Computer Science
Fall 2023,53035,C S, 378,CONCURRENCY,"C S-378: CONCURRENCY, Section no. 53035",B-,2,Computer Science
Fall 2023,53035,C S, 378,CONCURRENCY,"C S-378: CONCURRENCY, Section no. 53035",B,10,Computer Science
Fall 2023,53035,C S, 378,CONCURRENCY,"C S-378: CONCURRENCY, Section no. 53035",B+,9,Computer Science
Fall 2023,53035,C S, 378,CONCURRENCY,"C S-378: CONCURRENCY, Section no. 53035",A-,11,Computer Science
Fall 2023,53035,C S, 378,CONCURRENCY,"C S-378: CONCURRENCY, Section no. 53035",A,15,Computer Science
Fall 2023,53040,C S, 378,ETHICAL HACKING,"C S-378: ETHICAL HACKING, Section no. 53040",Other,4,Computer Science
Fall 2023,53040,C S, 378,ETHICAL HACKING,"C S-378: ETHICAL HACKING, Section no. 53040",C-,2,Computer Science
Fall 2023,53040,C S, 378,ETHICAL HACKING,"C S-378: ETHICAL HACKING, Section no. 53040",B-,3,Computer Science
Fall 2023,53040,C S, 378,ETHICAL HACKING,"C S-378: ETHICAL HACKING, Section no. 53040",B+,3,Computer Science
Fall 2023,53040,C S, 378,ETHICAL HACKING,"C S-378: ETHICAL HACKING, Section no. 53040",A-,4,Computer Science
Fall 2023,53040,C S, 378,ETHICAL HACKING,"C S-378: ETHICAL HACKING, Section no. 53040",A,44,Computer Science
Fall 2023,53045,C S, 378,ETHICAL HACKING,"C S-378: ETHICAL HACKING, Section no. 53045",B+,2,Computer Science
Fall 2023,53045,C S, 378,ETHICAL HACKING,"C S-378: ETHICAL HACKING, Section no. 53045",A-,10,Computer Science
Fall 2023,53045,C S, 378,ETHICAL HACKING,"C S-378: ETHICAL HACKING, Section no. 53045",A,49,Computer Science
Fall 2023,53050,C S, 378,GEOMETRIC FNDTNS OF DATA SCI,"C S-378: GEOMETRIC FNDTNS OF DATA SCI, Section no. 53050",Other,3,Computer Science
Fall 2023,53050,C S, 378,GEOMETRIC FNDTNS OF DATA SCI,"C S-378: GEOMETRIC FNDTNS OF DATA SCI, Section no. 53050",C-,1,Computer Science
Fall 2023,53050,C S, 378,GEOMETRIC FNDTNS OF DATA SCI,"C S-378: GEOMETRIC FNDTNS OF DATA SCI, Section no. 53050",B+,1,Computer Science
Fall 2023,53050,C S, 378,GEOMETRIC FNDTNS OF DATA SCI,"C S-378: GEOMETRIC FNDTNS OF DATA SCI, Section no. 53050",A,9,Computer Science
Fall 2023,53059,C S, 378,INFORMATION/CRYPTOGRAPHY-WB,"C S-378: INFORMATION/CRYPTOGRAPHY-WB, Section no. 53059",Other,1,Computer Science
Fall 2023,53059,C S, 378,INFORMATION/CRYPTOGRAPHY-WB,"C S-378: INFORMATION/CRYPTOGRAPHY-WB, Section no. 53059",C,1,Computer Science
Fall 2023,53059,C S, 378,INFORMATION/CRYPTOGRAPHY-WB,"C S-378: INFORMATION/CRYPTOGRAPHY-WB, Section no. 53059",B+,2,Computer Science
Fall 2023,53059,C S, 378,INFORMATION/CRYPTOGRAPHY-WB,"C S-378: INFORMATION/CRYPTOGRAPHY-WB, Section no. 53059",A,8,Computer Science
Fall 2023,53060,C S, 378,MODERN WEB APPLICATIONS-WB,"C S-378: MODERN WEB APPLICATIONS-WB, Section no. 53060",C-,1,Computer Science
Fall 2023,53060,C S, 378,MODERN WEB APPLICATIONS-WB,"C S-378: MODERN WEB APPLICATIONS-WB, Section no. 53060",C,1,Computer Science
Fall 2023,53060,C S, 378,MODERN WEB APPLICATIONS-WB,"C S-378: MODERN WEB APPLICATIONS-WB, Section no. 53060",B-,3,Computer Science
Fall 2023,53060,C S, 378,MODERN WEB APPLICATIONS-WB,"C S-378: MODERN WEB APPLICATIONS-WB, Section no. 53060",B,4,Computer Science
Fall 2023,53060,C S, 378,MODERN WEB APPLICATIONS-WB,"C S-378: MODERN WEB APPLICATIONS-WB, Section no. 53060",B+,13,Computer Science
Fall 2023,53060,C S, 378,MODERN WEB APPLICATIONS-WB,"C S-378: MODERN WEB APPLICATIONS-WB, Section no. 53060",A-,23,Computer Science
Fall 2023,53060,C S, 378,MODERN WEB APPLICATIONS-WB,"C S-378: MODERN WEB APPLICATIONS-WB, Section no. 53060",A,13,Computer Science
Fall 2023,53065,C S, 378,QUANTUM COMPUTING-FRI,"C S-378: QUANTUM COMPUTING-FRI, Section no. 53065",Other,1,Computer Science
Fall 2023,53065,C S, 378,QUANTUM COMPUTING-FRI,"C S-378: QUANTUM COMPUTING-FRI, Section no. 53065",C-,1,Computer Science
Fall 2023,53065,C S, 378,QUANTUM COMPUTING-FRI,"C S-378: QUANTUM COMPUTING-FRI, Section no. 53065",C,2,Computer Science
Fall 2023,53065,C S, 378,QUANTUM COMPUTING-FRI,"C S-378: QUANTUM COMPUTING-FRI, Section no. 53065",B,2,Computer Science
Fall 2023,53065,C S, 378,QUANTUM COMPUTING-FRI,"C S-378: QUANTUM COMPUTING-FRI, Section no. 53065",A-,2,Computer Science
Fall 2023,53065,C S, 378,QUANTUM COMPUTING-FRI,"C S-378: QUANTUM COMPUTING-FRI, Section no. 53065",A,7,Computer Science
Fall 2023,53075,C S, 378,SYMBOLIC PROGRAMMING,"C S-378: SYMBOLIC PROGRAMMING, Section no. 53075",Other,5,Computer Science
Fall 2023,53075,C S, 378,SYMBOLIC PROGRAMMING,"C S-378: SYMBOLIC PROGRAMMING, Section no. 53075",F,1,Computer Science
Fall 2023,53075,C S, 378,SYMBOLIC PROGRAMMING,"C S-378: SYMBOLIC PROGRAMMING, Section no. 53075",C-,2,Computer Science
Fall 2023,53075,C S, 378,SYMBOLIC PROGRAMMING,"C S-378: SYMBOLIC PROGRAMMING, Section no. 53075",C,2,Computer Science
Fall 2023,53075,C S, 378,SYMBOLIC PROGRAMMING,"C S-378: SYMBOLIC PROGRAMMING, Section no. 53075",C+,1,Computer Science
Fall 2023,53075,C S, 378,SYMBOLIC PROGRAMMING,"C S-378: SYMBOLIC PROGRAMMING, Section no. 53075",B-,2,Computer Science
Fall 2023,53075,C S, 378,SYMBOLIC PROGRAMMING,"C S-378: SYMBOLIC PROGRAMMING, Section no. 53075",B,2,Computer Science
Fall 2023,53075,C S, 378,SYMBOLIC PROGRAMMING,"C S-378: SYMBOLIC PROGRAMMING, Section no. 53075",B+,5,Computer Science
Fall 2023,53075,C S, 378,SYMBOLIC PROGRAMMING,"C S-378: SYMBOLIC PROGRAMMING, Section no. 53075",A-,7,Computer Science
Fall 2023,53075,C S, 378,SYMBOLIC PROGRAMMING,"C S-378: SYMBOLIC PROGRAMMING, Section no. 53075",A,33,Computer Science
Fall 2023,53085,C S, 378,TRUSTWORTHY MACHINE LEARNING,"C S-378: TRUSTWORTHY MACHINE LEARNING, Section no. 53085",Other,2,Computer Science
Fall 2023,53085,C S, 378,TRUSTWORTHY MACHINE LEARNING,"C S-378: TRUSTWORTHY MACHINE LEARNING, Section no. 53085",B,5,Computer Science
Fall 2023,53085,C S, 378,TRUSTWORTHY MACHINE LEARNING,"C S-378: TRUSTWORTHY MACHINE LEARNING, Section no. 53085",B+,1,Computer Science
Fall 2023,53085,C S, 378,TRUSTWORTHY MACHINE LEARNING,"C S-378: TRUSTWORTHY MACHINE LEARNING, Section no. 53085",A-,9,Computer Science
Fall 2023,53085,C S, 378,TRUSTWORTHY MACHINE LEARNING,"C S-378: TRUSTWORTHY MACHINE LEARNING, Section no. 53085",A,36,Computer Science
Fall 2023,53089,C S, 378H,F1/10 AUTONOMOUS DRIVING: HON,"C S-378H: F1/10 AUTONOMOUS DRIVING: HON, Section no. 53089",A-,15,Computer Science
Fall 2023,53089,C S, 378H,F1/10 AUTONOMOUS DRIVING: HON,"C S-378H: F1/10 AUTONOMOUS DRIVING: HON, Section no. 53089",A,23,Computer Science
Fall 2023,53090,C S, 378H,NETWORK SECURITY/PRVACY:HON-WB,"C S-378H: NETWORK SECURITY/PRVACY:HON-WB, Section no. 53090",Other,1,Computer Science
Fall 2023,53090,C S, 378H,NETWORK SECURITY/PRVACY:HON-WB,"C S-378H: NETWORK SECURITY/PRVACY:HON-WB, Section no. 53090",B+,1,Computer Science
Fall 2023,53090,C S, 378H,NETWORK SECURITY/PRVACY:HON-WB,"C S-378H: NETWORK SECURITY/PRVACY:HON-WB, Section no. 53090",A-,1,Computer Science
Fall 2023,53090,C S, 378H,NETWORK SECURITY/PRVACY:HON-WB,"C S-378H: NETWORK SECURITY/PRVACY:HON-WB, Section no. 53090",A,18,Computer Science
Fall 2023,53100,C S, 380D,DISTRIBUTED COMPUTING I,"C S-380D: DISTRIBUTED COMPUTING I, Section no. 53100",Other,5,Computer Science
Fall 2023,53100,C S, 380D,DISTRIBUTED COMPUTING I,"C S-380D: DISTRIBUTED COMPUTING I, Section no. 53100",C,1,Computer Science
Fall 2023,53100,C S, 380D,DISTRIBUTED COMPUTING I,"C S-380D: DISTRIBUTED COMPUTING I, Section no. 53100",B-,1,Computer Science
Fall 2023,53100,C S, 380D,DISTRIBUTED COMPUTING I,"C S-380D: DISTRIBUTED COMPUTING I, Section no. 53100",B,3,Computer Science
Fall 2023,53100,C S, 380D,DISTRIBUTED COMPUTING I,"C S-380D: DISTRIBUTED COMPUTING I, Section no. 53100",B+,4,Computer Science
Fall 2023,53100,C S, 380D,DISTRIBUTED COMPUTING I,"C S-380D: DISTRIBUTED COMPUTING I, Section no. 53100",A-,7,Computer Science
Fall 2023,53100,C S, 380D,DISTRIBUTED COMPUTING I,"C S-380D: DISTRIBUTED COMPUTING I, Section no. 53100",A,10,Computer Science
Fall 2023,53105,C S, 380L,ADVANCED OPERATING SYSTEMS,"C S-380L: ADVANCED OPERATING SYSTEMS, Section no. 53105",Other,2,Computer Science
Fall 2023,53105,C S, 380L,ADVANCED OPERATING SYSTEMS,"C S-380L: ADVANCED OPERATING SYSTEMS, Section no. 53105",B-,1,Computer Science
Fall 2023,53105,C S, 380L,ADVANCED OPERATING SYSTEMS,"C S-380L: ADVANCED OPERATING SYSTEMS, Section no. 53105",B,4,Computer Science
Fall 2023,53105,C S, 380L,ADVANCED OPERATING SYSTEMS,"C S-380L: ADVANCED OPERATING SYSTEMS, Section no. 53105",A-,2,Computer Science
Fall 2023,53105,C S, 380L,ADVANCED OPERATING SYSTEMS,"C S-380L: ADVANCED OPERATING SYSTEMS, Section no. 53105",A,7,Computer Science
Fall 2023,53110,C S, 380P,PARALLEL SYSTEMS-WB,"C S-380P: PARALLEL SYSTEMS-WB, Section no. 53110",Other,45,Computer Science
Fall 2023,53110,C S, 380P,PARALLEL SYSTEMS-WB,"C S-380P: PARALLEL SYSTEMS-WB, Section no. 53110",F,14,Computer Science
Fall 2023,53110,C S, 380P,PARALLEL SYSTEMS-WB,"C S-380P: PARALLEL SYSTEMS-WB, Section no. 53110",B-,4,Computer Science
Fall 2023,53110,C S, 380P,PARALLEL SYSTEMS-WB,"C S-380P: PARALLEL SYSTEMS-WB, Section no. 53110",B,8,Computer Science
Fall 2023,53110,C S, 380P,PARALLEL SYSTEMS-WB,"C S-380P: PARALLEL SYSTEMS-WB, Section no. 53110",B+,7,Computer Science
Fall 2023,53110,C S, 380P,PARALLEL SYSTEMS-WB,"C S-380P: PARALLEL SYSTEMS-WB, Section no. 53110",A-,9,Computer Science
Fall 2023,53110,C S, 380P,PARALLEL SYSTEMS-WB,"C S-380P: PARALLEL SYSTEMS-WB, Section no. 53110",A,79,Computer Science
Fall 2023,53120,C S, 386C,DEPENDABLE COMPUTING SYSTEMS,"C S-386C: DEPENDABLE COMPUTING SYSTEMS, Section no. 53120",Other,3,Computer Science
Fall 2023,53120,C S, 386C,DEPENDABLE COMPUTING SYSTEMS,"C S-386C: DEPENDABLE COMPUTING SYSTEMS, Section no. 53120",C,1,Computer Science
Fall 2023,53120,C S, 386C,DEPENDABLE COMPUTING SYSTEMS,"C S-386C: DEPENDABLE COMPUTING SYSTEMS, Section no. 53120",B-,4,Computer Science
Fall 2023,53120,C S, 386C,DEPENDABLE COMPUTING SYSTEMS,"C S-386C: DEPENDABLE COMPUTING SYSTEMS, Section no. 53120",B,7,Computer Science
Fall 2023,53120,C S, 386C,DEPENDABLE COMPUTING SYSTEMS,"C S-386C: DEPENDABLE COMPUTING SYSTEMS, Section no. 53120",B+,8,Computer Science
Fall 2023,53120,C S, 386C,DEPENDABLE COMPUTING SYSTEMS,"C S-386C: DEPENDABLE COMPUTING SYSTEMS, Section no. 53120",A-,7,Computer Science
Fall 2023,53120,C S, 386C,DEPENDABLE COMPUTING SYSTEMS,"C S-386C: DEPENDABLE COMPUTING SYSTEMS, Section no. 53120",A,5,Computer Science
Fall 2023,53130,C S, 388,NATURAL LANGUAGE PROCESSING-WB,"C S-388: NATURAL LANGUAGE PROCESSING-WB, Section no. 53130",Other,40,Computer Science
Fall 2023,53130,C S, 388,NATURAL LANGUAGE PROCESSING-WB,"C S-388: NATURAL LANGUAGE PROCESSING-WB, Section no. 53130",F,4,Computer Science
Fall 2023,53130,C S, 388,NATURAL LANGUAGE PROCESSING-WB,"C S-388: NATURAL LANGUAGE PROCESSING-WB, Section no. 53130",C-,1,Computer Science
Fall 2023,53130,C S, 388,NATURAL LANGUAGE PROCESSING-WB,"C S-388: NATURAL LANGUAGE PROCESSING-WB, Section no. 53130",C,1,Computer Science
Fall 2023,53130,C S, 388,NATURAL LANGUAGE PROCESSING-WB,"C S-388: NATURAL LANGUAGE PROCESSING-WB, Section no. 53130",C+,3,Computer Science
Fall 2023,53130,C S, 388,NATURAL LANGUAGE PROCESSING-WB,"C S-388: NATURAL LANGUAGE PROCESSING-WB, Section no. 53130",B-,11,Computer Science
Fall 2023,53130,C S, 388,NATURAL LANGUAGE PROCESSING-WB,"C S-388: NATURAL LANGUAGE PROCESSING-WB, Section no. 53130",B,17,Computer Science
Fall 2023,53130,C S, 388,NATURAL LANGUAGE PROCESSING-WB,"C S-388: NATURAL LANGUAGE PROCESSING-WB, Section no. 53130",B+,20,Computer Science
Fall 2023,53130,C S, 388,NATURAL LANGUAGE PROCESSING-WB,"C S-388: NATURAL LANGUAGE PROCESSING-WB, Section no. 53130",A-,76,Computer Science
Fall 2023,53130,C S, 388,NATURAL LANGUAGE PROCESSING-WB,"C S-388: NATURAL LANGUAGE PROCESSING-WB, Section no. 53130",A,146,Computer Science
Fall 2023,53135,C S, 388D,DATA-DRIVEN ALGORITHM DESIGN,"C S-388D: DATA-DRIVEN ALGORITHM DESIGN, Section no. 53135",Other,5,Computer Science
Fall 2023,53135,C S, 388D,DATA-DRIVEN ALGORITHM DESIGN,"C S-388D: DATA-DRIVEN ALGORITHM DESIGN, Section no. 53135",B-,1,Computer Science
Fall 2023,53135,C S, 388D,DATA-DRIVEN ALGORITHM DESIGN,"C S-388D: DATA-DRIVEN ALGORITHM DESIGN, Section no. 53135",B,4,Computer Science
Fall 2023,53135,C S, 388D,DATA-DRIVEN ALGORITHM DESIGN,"C S-388D: DATA-DRIVEN ALGORITHM DESIGN, Section no. 53135",A-,8,Computer Science
Fall 2023,53135,C S, 388D,DATA-DRIVEN ALGORITHM DESIGN,"C S-388D: DATA-DRIVEN ALGORITHM DESIGN, Section no. 53135",A,10,Computer Science
Fall 2023,53140,C S, 388G,ALGORITHMS: TECHNIQUES & THRY,"C S-388G: ALGORITHMS: TECHNIQUES & THRY, Section no. 53140",Other,5,Computer Science
Fall 2023,53140,C S, 388G,ALGORITHMS: TECHNIQUES & THRY,"C S-388G: ALGORITHMS: TECHNIQUES & THRY, Section no. 53140",B-,1,Computer Science
Fall 2023,53140,C S, 388G,ALGORITHMS: TECHNIQUES & THRY,"C S-388G: ALGORITHMS: TECHNIQUES & THRY, Section no. 53140",B+,1,Computer Science
Fall 2023,53140,C S, 388G,ALGORITHMS: TECHNIQUES & THRY,"C S-388G: ALGORITHMS: TECHNIQUES & THRY, Section no. 53140",A-,3,Computer Science
Fall 2023,53140,C S, 388G,ALGORITHMS: TECHNIQUES & THRY,"C S-388G: ALGORITHMS: TECHNIQUES & THRY, Section no. 53140",A,8,Computer Science
Fall 2023,53145,C S, 388H,CRYPTOGRAPHY,"C S-388H: CRYPTOGRAPHY, Section no. 53145",Other,4,Computer Science
Fall 2023,53145,C S, 388H,CRYPTOGRAPHY,"C S-388H: CRYPTOGRAPHY, Section no. 53145",B-,2,Computer Science
Fall 2023,53145,C S, 388H,CRYPTOGRAPHY,"C S-388H: CRYPTOGRAPHY, Section no. 53145",B,3,Computer Science
Fall 2023,53145,C S, 388H,CRYPTOGRAPHY,"C S-388H: CRYPTOGRAPHY, Section no. 53145",B+,10,Computer Science
Fall 2023,53145,C S, 388H,CRYPTOGRAPHY,"C S-388H: CRYPTOGRAPHY, Section no. 53145",A-,1,Computer Science
Fall 2023,53145,C S, 388H,CRYPTOGRAPHY,"C S-388H: CRYPTOGRAPHY, Section no. 53145",A,9,Computer Science
Fall 2023,53150,C S, 388J,OPTIMIZATION-WB,"C S-388J: OPTIMIZATION-WB, Section no. 53150",Other,8,Computer Science
Fall 2023,53150,C S, 388J,OPTIMIZATION-WB,"C S-388J: OPTIMIZATION-WB, Section no. 53150",F,3,Computer Science
Fall 2023,53150,C S, 388J,OPTIMIZATION-WB,"C S-388J: OPTIMIZATION-WB, Section no. 53150",C-,4,Computer Science
Fall 2023,53150,C S, 388J,OPTIMIZATION-WB,"C S-388J: OPTIMIZATION-WB, Section no. 53150",C+,5,Computer Science
Fall 2023,53150,C S, 388J,OPTIMIZATION-WB,"C S-388J: OPTIMIZATION-WB, Section no. 53150",B-,2,Computer Science
Fall 2023,53150,C S, 388J,OPTIMIZATION-WB,"C S-388J: OPTIMIZATION-WB, Section no. 53150",B,7,Computer Science
Fall 2023,53150,C S, 388J,OPTIMIZATION-WB,"C S-388J: OPTIMIZATION-WB, Section no. 53150",B+,10,Computer Science
Fall 2023,53150,C S, 388J,OPTIMIZATION-WB,"C S-388J: OPTIMIZATION-WB, Section no. 53150",A-,16,Computer Science
Fall 2023,53150,C S, 388J,OPTIMIZATION-WB,"C S-388J: OPTIMIZATION-WB, Section no. 53150",A,15,Computer Science
Fall 2023,53155,C S, 388M,COMMUNICATION COMPLEXITY,"C S-388M: COMMUNICATION COMPLEXITY, Section no. 53155",Other,3,Computer Science
Fall 2023,53155,C S, 388M,COMMUNICATION COMPLEXITY,"C S-388M: COMMUNICATION COMPLEXITY, Section no. 53155",B,4,Computer Science
Fall 2023,53155,C S, 388M,COMMUNICATION COMPLEXITY,"C S-388M: COMMUNICATION COMPLEXITY, Section no. 53155",B+,5,Computer Science
Fall 2023,53155,C S, 388M,COMMUNICATION COMPLEXITY,"C S-388M: COMMUNICATION COMPLEXITY, Section no. 53155",A-,7,Computer Science
Fall 2023,53155,C S, 388M,COMMUNICATION COMPLEXITY,"C S-388M: COMMUNICATION COMPLEXITY, Section no. 53155",A,10,Computer Science
Fall 2023,53160,C S, 388R,RANDOMIZED ALGORITHMS,"C S-388R: RANDOMIZED ALGORITHMS, Section no. 53160",Other,3,Computer Science
Fall 2023,53160,C S, 388R,RANDOMIZED ALGORITHMS,"C S-388R: RANDOMIZED ALGORITHMS, Section no. 53160",C,2,Computer Science
Fall 2023,53160,C S, 388R,RANDOMIZED ALGORITHMS,"C S-388R: RANDOMIZED ALGORITHMS, Section no. 53160",B,3,Computer Science
Fall 2023,53160,C S, 388R,RANDOMIZED ALGORITHMS,"C S-388R: RANDOMIZED ALGORITHMS, Section no. 53160",B+,4,Computer Science
Fall 2023,53160,C S, 388R,RANDOMIZED ALGORITHMS,"C S-388R: RANDOMIZED ALGORITHMS, Section no. 53160",A-,4,Computer Science
Fall 2023,53160,C S, 388R,RANDOMIZED ALGORITHMS,"C S-388R: RANDOMIZED ALGORITHMS, Section no. 53160",A,5,Computer Science
Fall 2023,53164,C S, 388U,PLAN/SRCH/REAS UNDR UNCERTY-WB,"C S-388U: PLAN/SRCH/REAS UNDR UNCERTY-WB, Section no. 53164",Other,11,Computer Science
Fall 2023,53164,C S, 388U,PLAN/SRCH/REAS UNDR UNCERTY-WB,"C S-388U: PLAN/SRCH/REAS UNDR UNCERTY-WB, Section no. 53164",F,1,Computer Science
Fall 2023,53164,C S, 388U,PLAN/SRCH/REAS UNDR UNCERTY-WB,"C S-388U: PLAN/SRCH/REAS UNDR UNCERTY-WB, Section no. 53164",D-,1,Computer Science
Fall 2023,53164,C S, 388U,PLAN/SRCH/REAS UNDR UNCERTY-WB,"C S-388U: PLAN/SRCH/REAS UNDR UNCERTY-WB, Section no. 53164",B-,6,Computer Science
Fall 2023,53164,C S, 388U,PLAN/SRCH/REAS UNDR UNCERTY-WB,"C S-388U: PLAN/SRCH/REAS UNDR UNCERTY-WB, Section no. 53164",B,5,Computer Science
Fall 2023,53164,C S, 388U,PLAN/SRCH/REAS UNDR UNCERTY-WB,"C S-388U: PLAN/SRCH/REAS UNDR UNCERTY-WB, Section no. 53164",B+,5,Computer Science
Fall 2023,53164,C S, 388U,PLAN/SRCH/REAS UNDR UNCERTY-WB,"C S-388U: PLAN/SRCH/REAS UNDR UNCERTY-WB, Section no. 53164",A-,11,Computer Science
Fall 2023,53164,C S, 388U,PLAN/SRCH/REAS UNDR UNCERTY-WB,"C S-388U: PLAN/SRCH/REAS UNDR UNCERTY-WB, Section no. 53164",A,62,Computer Science
Fall 2023,53165,C S, 391L,MACHINE LEARNING-WB,"C S-391L: MACHINE LEARNING-WB, Section no. 53165",Other,19,Computer Science
Fall 2023,53165,C S, 391L,MACHINE LEARNING-WB,"C S-391L: MACHINE LEARNING-WB, Section no. 53165",F,4,Computer Science
Fall 2023,53165,C S, 391L,MACHINE LEARNING-WB,"C S-391L: MACHINE LEARNING-WB, Section no. 53165",D-,1,Computer Science
Fall 2023,53165,C S, 391L,MACHINE LEARNING-WB,"C S-391L: MACHINE LEARNING-WB, Section no. 53165",C-,3,Computer Science
Fall 2023,53165,C S, 391L,MACHINE LEARNING-WB,"C S-391L: MACHINE LEARNING-WB, Section no. 53165",C,2,Computer Science
Fall 2023,53165,C S, 391L,MACHINE LEARNING-WB,"C S-391L: MACHINE LEARNING-WB, Section no. 53165",C+,4,Computer Science
Fall 2023,53165,C S, 391L,MACHINE LEARNING-WB,"C S-391L: MACHINE LEARNING-WB, Section no. 53165",B-,4,Computer Science
Fall 2023,53165,C S, 391L,MACHINE LEARNING-WB,"C S-391L: MACHINE LEARNING-WB, Section no. 53165",B,10,Computer Science
Fall 2023,53165,C S, 391L,MACHINE LEARNING-WB,"C S-391L: MACHINE LEARNING-WB, Section no. 53165",B+,21,Computer Science
Fall 2023,53165,C S, 391L,MACHINE LEARNING-WB,"C S-391L: MACHINE LEARNING-WB, Section no. 53165",A-,11,Computer Science
Fall 2023,53165,C S, 391L,MACHINE LEARNING-WB,"C S-391L: MACHINE LEARNING-WB, Section no. 53165",A,24,Computer Science
Fall 2023,53170,C S, 391R,ROBOT LEARNING,"C S-391R: ROBOT LEARNING, Section no. 53170",B+,5,Computer Science
Fall 2023,53170,C S, 391R,ROBOT LEARNING,"C S-391R: ROBOT LEARNING, Section no. 53170",A-,8,Computer Science
Fall 2023,53170,C S, 391R,ROBOT LEARNING,"C S-391R: ROBOT LEARNING, Section no. 53170",A,18,Computer Science
Fall 2023,53175,C S, 394D,DEEP LEARNING-WB,"C S-394D: DEEP LEARNING-WB, Section no. 53175",Other,16,Computer Science
Fall 2023,53175,C S, 394D,DEEP LEARNING-WB,"C S-394D: DEEP LEARNING-WB, Section no. 53175",F,5,Computer Science
Fall 2023,53175,C S, 394D,DEEP LEARNING-WB,"C S-394D: DEEP LEARNING-WB, Section no. 53175",D,1,Computer Science
Fall 2023,53175,C S, 394D,DEEP LEARNING-WB,"C S-394D: DEEP LEARNING-WB, Section no. 53175",C-,2,Computer Science
Fall 2023,53175,C S, 394D,DEEP LEARNING-WB,"C S-394D: DEEP LEARNING-WB, Section no. 53175",C,1,Computer Science
Fall 2023,53175,C S, 394D,DEEP LEARNING-WB,"C S-394D: DEEP LEARNING-WB, Section no. 53175",C+,1,Computer Science
Fall 2023,53175,C S, 394D,DEEP LEARNING-WB,"C S-394D: DEEP LEARNING-WB, Section no. 53175",B,19,Computer Science
Fall 2023,53175,C S, 394D,DEEP LEARNING-WB,"C S-394D: DEEP LEARNING-WB, Section no. 53175",B+,23,Computer Science
Fall 2023,53175,C S, 394D,DEEP LEARNING-WB,"C S-394D: DEEP LEARNING-WB, Section no. 53175",A-,30,Computer Science
Fall 2023,53175,C S, 394D,DEEP LEARNING-WB,"C S-394D: DEEP LEARNING-WB, Section no. 53175",A,35,Computer Science
Fall 2023,53185,C S, 394R,REINFRCMNT LEARN: THRY/PRAC-WB,"C S-394R: REINFRCMNT LEARN: THRY/PRAC-WB, Section no. 53185",Other,16,Computer Science
Fall 2023,53185,C S, 394R,REINFRCMNT LEARN: THRY/PRAC-WB,"C S-394R: REINFRCMNT LEARN: THRY/PRAC-WB, Section no. 53185",F,2,Computer Science
Fall 2023,53185,C S, 394R,REINFRCMNT LEARN: THRY/PRAC-WB,"C S-394R: REINFRCMNT LEARN: THRY/PRAC-WB, Section no. 53185",D-,3,Computer Science
Fall 2023,53185,C S, 394R,REINFRCMNT LEARN: THRY/PRAC-WB,"C S-394R: REINFRCMNT LEARN: THRY/PRAC-WB, Section no. 53185",D,1,Computer Science
Fall 2023,53185,C S, 394R,REINFRCMNT LEARN: THRY/PRAC-WB,"C S-394R: REINFRCMNT LEARN: THRY/PRAC-WB, Section no. 53185",C-,5,Computer Science
Fall 2023,53185,C S, 394R,REINFRCMNT LEARN: THRY/PRAC-WB,"C S-394R: REINFRCMNT LEARN: THRY/PRAC-WB, Section no. 53185",C,1,Computer Science
Fall 2023,53185,C S, 394R,REINFRCMNT LEARN: THRY/PRAC-WB,"C S-394R: REINFRCMNT LEARN: THRY/PRAC-WB, Section no. 53185",C+,11,Computer Science
Fall 2023,53185,C S, 394R,REINFRCMNT LEARN: THRY/PRAC-WB,"C S-394R: REINFRCMNT LEARN: THRY/PRAC-WB, Section no. 53185",B-,13,Computer Science
Fall 2023,53185,C S, 394R,REINFRCMNT LEARN: THRY/PRAC-WB,"C S-394R: REINFRCMNT LEARN: THRY/PRAC-WB, Section no. 53185",B,31,Computer Science
Fall 2023,53185,C S, 394R,REINFRCMNT LEARN: THRY/PRAC-WB,"C S-394R: REINFRCMNT LEARN: THRY/PRAC-WB, Section no. 53185",B+,19,Computer Science
Fall 2023,53185,C S, 394R,REINFRCMNT LEARN: THRY/PRAC-WB,"C S-394R: REINFRCMNT LEARN: THRY/PRAC-WB, Section no. 53185",A-,32,Computer Science
Fall 2023,53185,C S, 394R,REINFRCMNT LEARN: THRY/PRAC-WB,"C S-394R: REINFRCMNT LEARN: THRY/PRAC-WB, Section no. 53185",A,42,Computer Science
Fall 2023,53209,C S, 395T,ADV TOPICS IN COMP VISION,"C S-395T: ADV TOPICS IN COMP VISION, Section no. 53209",Other,2,Computer Science
Fall 2023,53209,C S, 395T,ADV TOPICS IN COMP VISION,"C S-395T: ADV TOPICS IN COMP VISION, Section no. 53209",B+,3,Computer Science
Fall 2023,53209,C S, 395T,ADV TOPICS IN COMP VISION,"C S-395T: ADV TOPICS IN COMP VISION, Section no. 53209",A-,3,Computer Science
Fall 2023,53209,C S, 395T,ADV TOPICS IN COMP VISION,"C S-395T: ADV TOPICS IN COMP VISION, Section no. 53209",A,24,Computer Science
Fall 2023,53210,C S, 395T,ONLINE LEARNING,"C S-395T: ONLINE LEARNING, Section no. 53210",Other,3,Computer Science
Fall 2023,53210,C S, 395T,ONLINE LEARNING,"C S-395T: ONLINE LEARNING, Section no. 53210",A,7,Computer Science
Fall 2023,53215,C S, 395T,ADV TPCS IN COMPUTER NETWORKS,"C S-395T: ADV TPCS IN COMPUTER NETWORKS, Section no. 53215",B-,1,Computer Science
Fall 2023,53215,C S, 395T,ADV TPCS IN COMPUTER NETWORKS,"C S-395T: ADV TPCS IN COMPUTER NETWORKS, Section no. 53215",B,2,Computer Science
Fall 2023,53215,C S, 395T,ADV TPCS IN COMPUTER NETWORKS,"C S-395T: ADV TPCS IN COMPUTER NETWORKS, Section no. 53215",B+,5,Computer Science
Fall 2023,53215,C S, 395T,ADV TPCS IN COMPUTER NETWORKS,"C S-395T: ADV TPCS IN COMPUTER NETWORKS, Section no. 53215",A-,8,Computer Science
Fall 2023,53215,C S, 395T,ADV TPCS IN COMPUTER NETWORKS,"C S-395T: ADV TPCS IN COMPUTER NETWORKS, Section no. 53215",A,9,Computer Science
Fall 2023,53220,C S, 395T,CASE STUDIES/MACHINE LEARN-WB,"C S-395T: CASE STUDIES/MACHINE LEARN-WB, Section no. 53220",Other,13,Computer Science
Fall 2023,53220,C S, 395T,CASE STUDIES/MACHINE LEARN-WB,"C S-395T: CASE STUDIES/MACHINE LEARN-WB, Section no. 53220",F,8,Computer Science
Fall 2023,53220,C S, 395T,CASE STUDIES/MACHINE LEARN-WB,"C S-395T: CASE STUDIES/MACHINE LEARN-WB, Section no. 53220",D+,1,Computer Science
Fall 2023,53220,C S, 395T,CASE STUDIES/MACHINE LEARN-WB,"C S-395T: CASE STUDIES/MACHINE LEARN-WB, Section no. 53220",C,1,Computer Science
Fall 2023,53220,C S, 395T,CASE STUDIES/MACHINE LEARN-WB,"C S-395T: CASE STUDIES/MACHINE LEARN-WB, Section no. 53220",C+,1,Computer Science
Fall 2023,53220,C S, 395T,CASE STUDIES/MACHINE LEARN-WB,"C S-395T: CASE STUDIES/MACHINE LEARN-WB, Section no. 53220",B-,8,Computer Science
Fall 2023,53220,C S, 395T,CASE STUDIES/MACHINE LEARN-WB,"C S-395T: CASE STUDIES/MACHINE LEARN-WB, Section no. 53220",B,9,Computer Science
Fall 2023,53220,C S, 395T,CASE STUDIES/MACHINE LEARN-WB,"C S-395T: CASE STUDIES/MACHINE LEARN-WB, Section no. 53220",B+,19,Computer Science
Fall 2023,53220,C S, 395T,CASE STUDIES/MACHINE LEARN-WB,"C S-395T: CASE STUDIES/MACHINE LEARN-WB, Section no. 53220",A-,54,Computer Science
Fall 2023,53220,C S, 395T,CASE STUDIES/MACHINE LEARN-WB,"C S-395T: CASE STUDIES/MACHINE LEARN-WB, Section no. 53220",A,191,Computer Science
Fall 2023,53225,C S, 395T,CONVEX OPTIMIZATION,"C S-395T: CONVEX OPTIMIZATION, Section no. 53225",Other,2,Computer Science
Fall 2023,53225,C S, 395T,CONVEX OPTIMIZATION,"C S-395T: CONVEX OPTIMIZATION, Section no. 53225",B+,2,Computer Science
Fall 2023,53225,C S, 395T,CONVEX OPTIMIZATION,"C S-395T: CONVEX OPTIMIZATION, Section no. 53225",A-,5,Computer Science
Fall 2023,53225,C S, 395T,CONVEX OPTIMIZATION,"C S-395T: CONVEX OPTIMIZATION, Section no. 53225",A,4,Computer Science
Fall 2023,53230,C S, 395T,HUMAN-COMPUTER INTERACTION,"C S-395T: HUMAN-COMPUTER INTERACTION, Section no. 53230",Other,1,Computer Science
Fall 2023,53230,C S, 395T,HUMAN-COMPUTER INTERACTION,"C S-395T: HUMAN-COMPUTER INTERACTION, Section no. 53230",A-,2,Computer Science
Fall 2023,53230,C S, 395T,HUMAN-COMPUTER INTERACTION,"C S-395T: HUMAN-COMPUTER INTERACTION, Section no. 53230",A,12,Computer Science
Fall 2023,53235,C S, 395T,PREDICTIVE MACHINE LEARNING,"C S-395T: PREDICTIVE MACHINE LEARNING, Section no. 53235",B-,1,Computer Science
Fall 2023,53235,C S, 395T,PREDICTIVE MACHINE LEARNING,"C S-395T: PREDICTIVE MACHINE LEARNING, Section no. 53235",A-,1,Computer Science
Fall 2023,53235,C S, 395T,PREDICTIVE MACHINE LEARNING,"C S-395T: PREDICTIVE MACHINE LEARNING, Section no. 53235",A,7,Computer Science
Fall 2023,53240,C S, 395T,PSEUDORANDOMNESS,"C S-395T: PSEUDORANDOMNESS, Section no. 53240",Other,4,Computer Science
Fall 2023,53240,C S, 395T,PSEUDORANDOMNESS,"C S-395T: PSEUDORANDOMNESS, Section no. 53240",A-,3,Computer Science
Fall 2023,53240,C S, 395T,PSEUDORANDOMNESS,"C S-395T: PSEUDORANDOMNESS, Section no. 53240",A,6,Computer Science
Fall 2023,53244,C S, 395T,SECURING REAL-WORLD SYSTEMS,"C S-395T: SECURING REAL-WORLD SYSTEMS, Section no. 53244",Other,1,Computer Science
Fall 2023,53244,C S, 395T,SECURING REAL-WORLD SYSTEMS,"C S-395T: SECURING REAL-WORLD SYSTEMS, Section no. 53244",B-,1,Computer Science
Fall 2023,53244,C S, 395T,SECURING REAL-WORLD SYSTEMS,"C S-395T: SECURING REAL-WORLD SYSTEMS, Section no. 53244",B,3,Computer Science
Fall 2023,53244,C S, 395T,SECURING REAL-WORLD SYSTEMS,"C S-395T: SECURING REAL-WORLD SYSTEMS, Section no. 53244",A-,5,Computer Science
Fall 2023,53244,C S, 395T,SECURING REAL-WORLD SYSTEMS,"C S-395T: SECURING REAL-WORLD SYSTEMS, Section no. 53244",A,7,Computer Science
Fall 2023,53245,C S, 395T,SPOKEN LANGUAGE TECHNOLOGIES,"C S-395T: SPOKEN LANGUAGE TECHNOLOGIES, Section no. 53245",B,1,Computer Science
Fall 2023,53245,C S, 395T,SPOKEN LANGUAGE TECHNOLOGIES,"C S-395T: SPOKEN LANGUAGE TECHNOLOGIES, Section no. 53245",A-,3,Computer Science
Fall 2023,53245,C S, 395T,SPOKEN LANGUAGE TECHNOLOGIES,"C S-395T: SPOKEN LANGUAGE TECHNOLOGIES, Section no. 53245",A,18,Computer Science
Fall 2023,53255,C S, 395T,TOPICS IN NAT LANG PROCESSING,"C S-395T: TOPICS IN NAT LANG PROCESSING, Section no. 53255",Other,2,Computer Science
Fall 2023,53255,C S, 395T,TOPICS IN NAT LANG PROCESSING,"C S-395T: TOPICS IN NAT LANG PROCESSING, Section no. 53255",B+,4,Computer Science
Fall 2023,53255,C S, 395T,TOPICS IN NAT LANG PROCESSING,"C S-395T: TOPICS IN NAT LANG PROCESSING, Section no. 53255",A-,4,Computer Science
Fall 2023,53255,C S, 395T,TOPICS IN NAT LANG PROCESSING,"C S-395T: TOPICS IN NAT LANG PROCESSING, Section no. 53255",A,21,Computer Science
Fall 2023,53260,C S, 395T,VIRTUALIZATION-WB,"C S-395T: VIRTUALIZATION-WB, Section no. 53260",Other,10,Computer Science
Fall 2023,53260,C S, 395T,VIRTUALIZATION-WB,"C S-395T: VIRTUALIZATION-WB, Section no. 53260",F,3,Computer Science
Fall 2023,53260,C S, 395T,VIRTUALIZATION-WB,"C S-395T: VIRTUALIZATION-WB, Section no. 53260",C,1,Computer Science
Fall 2023,53260,C S, 395T,VIRTUALIZATION-WB,"C S-395T: VIRTUALIZATION-WB, Section no. 53260",C+,2,Computer Science
Fall 2023,53260,C S, 395T,VIRTUALIZATION-WB,"C S-395T: VIRTUALIZATION-WB, Section no. 53260",B-,2,Computer Science
Fall 2023,53260,C S, 395T,VIRTUALIZATION-WB,"C S-395T: VIRTUALIZATION-WB, Section no. 53260",B,3,Computer Science
Fall 2023,53260,C S, 395T,VIRTUALIZATION-WB,"C S-395T: VIRTUALIZATION-WB, Section no. 53260",B+,29,Computer Science
Fall 2023,53260,C S, 395T,VIRTUALIZATION-WB,"C S-395T: VIRTUALIZATION-WB, Section no. 53260",A-,47,Computer Science
Fall 2023,53260,C S, 395T,VIRTUALIZATION-WB,"C S-395T: VIRTUALIZATION-WB, Section no. 53260",A,58,Computer Science
Fall 2023,58000,DSC, 381,PROBABLTY/SIMULTN INFERENCE-WB,"DSC-381: PROBABLTY/SIMULTN INFERENCE-WB, Section no. 58000",Other,53,Data Science
Fall 2023,58000,DSC, 381,PROBABLTY/SIMULTN INFERENCE-WB,"DSC-381: PROBABLTY/SIMULTN INFERENCE-WB, Section no. 58000",F,6,Data Science
Fall 2023,58000,DSC, 381,PROBABLTY/SIMULTN INFERENCE-WB,"DSC-381: PROBABLTY/SIMULTN INFERENCE-WB, Section no. 58000",D-,1,Data Science
Fall 2023,58000,DSC, 381,PROBABLTY/SIMULTN INFERENCE-WB,"DSC-381: PROBABLTY/SIMULTN INFERENCE-WB, Section no. 58000",D,3,Data Science
Fall 2023,58000,DSC, 381,PROBABLTY/SIMULTN INFERENCE-WB,"DSC-381: PROBABLTY/SIMULTN INFERENCE-WB, Section no. 58000",D+,2,Data Science
Fall 2023,58000,DSC, 381,PROBABLTY/SIMULTN INFERENCE-WB,"DSC-381: PROBABLTY/SIMULTN INFERENCE-WB, Section no. 58000",C-,2,Data Science
Fall 2023,58000,DSC, 381,PROBABLTY/SIMULTN INFERENCE-WB,"DSC-381: PROBABLTY/SIMULTN INFERENCE-WB, Section no. 58000",C,9,Data Science
Fall 2023,58000,DSC, 381,PROBABLTY/SIMULTN INFERENCE-WB,"DSC-381: PROBABLTY/SIMULTN INFERENCE-WB, Section no. 58000",C+,4,Data Science
Fall 2023,58000,DSC, 381,PROBABLTY/SIMULTN INFERENCE-WB,"DSC-381: PROBABLTY/SIMULTN INFERENCE-WB, Section no. 58000",B-,11,Data Science
Fall 2023,58000,DSC, 381,PROBABLTY/SIMULTN INFERENCE-WB,"DSC-381: PROBABLTY/SIMULTN INFERENCE-WB, Section no. 58000",B,39,Data Science
Fall 2023,58000,DSC, 381,PROBABLTY/SIMULTN INFERENCE-WB,"DSC-381: PROBABLTY/SIMULTN INFERENCE-WB, Section no. 58000",B+,35,Data Science
Fall 2023,58000,DSC, 381,PROBABLTY/SIMULTN INFERENCE-WB,"DSC-381: PROBABLTY/SIMULTN INFERENCE-WB, Section no. 58000",A-,36,Data Science
Fall 2023,58000,DSC, 381,PROBABLTY/SIMULTN INFERENCE-WB,"DSC-381: PROBABLTY/SIMULTN INFERENCE-WB, Section no. 58000",A,76,Data Science
Fall 2023,58005,DSC, 384,DSGN PRINCPLS/CAUSAL INFRNC-WB,"DSC-384: DSGN PRINCPLS/CAUSAL INFRNC-WB, Section no. 58005",Other,18,Data Science
Fall 2023,58005,DSC, 384,DSGN PRINCPLS/CAUSAL INFRNC-WB,"DSC-384: DSGN PRINCPLS/CAUSAL INFRNC-WB, Section no. 58005",C,7,Data Science
Fall 2023,58005,DSC, 384,DSGN PRINCPLS/CAUSAL INFRNC-WB,"DSC-384: DSGN PRINCPLS/CAUSAL INFRNC-WB, Section no. 58005",B-,22,Data Science
Fall 2023,58005,DSC, 384,DSGN PRINCPLS/CAUSAL INFRNC-WB,"DSC-384: DSGN PRINCPLS/CAUSAL INFRNC-WB, Section no. 58005",B,66,Data Science
Fall 2023,58005,DSC, 384,DSGN PRINCPLS/CAUSAL INFRNC-WB,"DSC-384: DSGN PRINCPLS/CAUSAL INFRNC-WB, Section no. 58005",B+,43,Data Science
Fall 2023,58005,DSC, 384,DSGN PRINCPLS/CAUSAL INFRNC-WB,"DSC-384: DSGN PRINCPLS/CAUSAL INFRNC-WB, Section no. 58005",A-,51,Data Science
Fall 2023,58005,DSC, 384,DSGN PRINCPLS/CAUSAL INFRNC-WB,"DSC-384: DSGN PRINCPLS/CAUSAL INFRNC-WB, Section no. 58005",A,38,Data Science
Fall 2023,58010,DSC, 385,DATA EXPLR/VISUALIZATN-WB,"DSC-385: DATA EXPLR/VISUALIZATN-WB, Section no. 58010",Other,11,Data Science
Fall 2023,58010,DSC, 385,DATA EXPLR/VISUALIZATN-WB,"DSC-385: DATA EXPLR/VISUALIZATN-WB, Section no. 58010",F,1,Data Science
Fall 2023,58010,DSC, 385,DATA EXPLR/VISUALIZATN-WB,"DSC-385: DATA EXPLR/VISUALIZATN-WB, Section no. 58010",D,1,Data Science
Fall 2023,58010,DSC, 385,DATA EXPLR/VISUALIZATN-WB,"DSC-385: DATA EXPLR/VISUALIZATN-WB, Section no. 58010",C,4,Data Science
Fall 2023,58010,DSC, 385,DATA EXPLR/VISUALIZATN-WB,"DSC-385: DATA EXPLR/VISUALIZATN-WB, Section no. 58010",B,15,Data Science
Fall 2023,58010,DSC, 385,DATA EXPLR/VISUALIZATN-WB,"DSC-385: DATA EXPLR/VISUALIZATN-WB, Section no. 58010",A,181,Data Science
Fall 2023,58014,DSC, 388J,OPTIMIZATION-WB,"DSC-388J: OPTIMIZATION-WB, Section no. 58014",Other,2,Data Science
Fall 2023,58014,DSC, 388J,OPTIMIZATION-WB,"DSC-388J: OPTIMIZATION-WB, Section no. 58014",D+,1,Data Science
Fall 2023,58014,DSC, 388J,OPTIMIZATION-WB,"DSC-388J: OPTIMIZATION-WB, Section no. 58014",C-,2,Data Science
Fall 2023,58014,DSC, 388J,OPTIMIZATION-WB,"DSC-388J: OPTIMIZATION-WB, Section no. 58014",C,3,Data Science
Fall 2023,58014,DSC, 388J,OPTIMIZATION-WB,"DSC-388J: OPTIMIZATION-WB, Section no. 58014",C+,3,Data Science
Fall 2023,58014,DSC, 388J,OPTIMIZATION-WB,"DSC-388J: OPTIMIZATION-WB, Section no. 58014",B-,5,Data Science
Fall 2023,58014,DSC, 388J,OPTIMIZATION-WB,"DSC-388J: OPTIMIZATION-WB, Section no. 58014",B,1,Data Science
Fall 2023,58014,DSC, 388J,OPTIMIZATION-WB,"DSC-388J: OPTIMIZATION-WB, Section no. 58014",B+,4,Data Science
Fall 2023,58014,DSC, 388J,OPTIMIZATION-WB,"DSC-388J: OPTIMIZATION-WB, Section no. 58014",A-,9,Data Science
Fall 2023,58014,DSC, 388J,OPTIMIZATION-WB,"DSC-388J: OPTIMIZATION-WB, Section no. 58014",A,13,Data Science
Fall 2023,58015,DSC, 391L,PRINCIPLES MACHINE LEARNING-WB,"DSC-391L: PRINCIPLES MACHINE LEARNING-WB, Section no. 58015",Other,12,Data Science
Fall 2023,58015,DSC, 391L,PRINCIPLES MACHINE LEARNING-WB,"DSC-391L: PRINCIPLES MACHINE LEARNING-WB, Section no. 58015",C,2,Data Science
Fall 2023,58015,DSC, 391L,PRINCIPLES MACHINE LEARNING-WB,"DSC-391L: PRINCIPLES MACHINE LEARNING-WB, Section no. 58015",C+,2,Data Science
Fall 2023,58015,DSC, 391L,PRINCIPLES MACHINE LEARNING-WB,"DSC-391L: PRINCIPLES MACHINE LEARNING-WB, Section no. 58015",B-,7,Data Science
Fall 2023,58015,DSC, 391L,PRINCIPLES MACHINE LEARNING-WB,"DSC-391L: PRINCIPLES MACHINE LEARNING-WB, Section no. 58015",B,12,Data Science
Fall 2023,58015,DSC, 391L,PRINCIPLES MACHINE LEARNING-WB,"DSC-391L: PRINCIPLES MACHINE LEARNING-WB, Section no. 58015",B+,36,Data Science
Fall 2023,58015,DSC, 391L,PRINCIPLES MACHINE LEARNING-WB,"DSC-391L: PRINCIPLES MACHINE LEARNING-WB, Section no. 58015",A-,20,Data Science
Fall 2023,58015,DSC, 391L,PRINCIPLES MACHINE LEARNING-WB,"DSC-391L: PRINCIPLES MACHINE LEARNING-WB, Section no. 58015",A,48,Data Science
Fall 2023,58019,DSC, 394D,DEEP LEARNING-WB,"DSC-394D: DEEP LEARNING-WB, Section no. 58019",Other,17,Data Science
Fall 2023,58019,DSC, 394D,DEEP LEARNING-WB,"DSC-394D: DEEP LEARNING-WB, Section no. 58019",F,1,Data Science
Fall 2023,58019,DSC, 394D,DEEP LEARNING-WB,"DSC-394D: DEEP LEARNING-WB, Section no. 58019",D-,1,Data Science
Fall 2023,58019,DSC, 394D,DEEP LEARNING-WB,"DSC-394D: DEEP LEARNING-WB, Section no. 58019",C-,1,Data Science
Fall 2023,58019,DSC, 394D,DEEP LEARNING-WB,"DSC-394D: DEEP LEARNING-WB, Section no. 58019",C,2,Data Science
Fall 2023,58019,DSC, 394D,DEEP LEARNING-WB,"DSC-394D: DEEP LEARNING-WB, Section no. 58019",C+,4,Data Science
Fall 2023,58019,DSC, 394D,DEEP LEARNING-WB,"DSC-394D: DEEP LEARNING-WB, Section no. 58019",B,9,Data Science
Fall 2023,58019,DSC, 394D,DEEP LEARNING-WB,"DSC-394D: DEEP LEARNING-WB, Section no. 58019",B+,5,Data Science
Fall 2023,58019,DSC, 394D,DEEP LEARNING-WB,"DSC-394D: DEEP LEARNING-WB, Section no. 58019",A-,13,Data Science
Fall 2023,58019,DSC, 394D,DEEP LEARNING-WB,"DSC-394D: DEEP LEARNING-WB, Section no. 58019",A,27,Data Science
Fall 2023,58020,DSC, 395T,DATA STRUCTURES/ALGORITHM-WB,"DSC-395T: DATA STRUCTURES/ALGORITHM-WB, Section no. 58020",Other,56,Data Science
Fall 2023,58020,DSC, 395T,DATA STRUCTURES/ALGORITHM-WB,"DSC-395T: DATA STRUCTURES/ALGORITHM-WB, Section no. 58020",C,13,Data Science
Fall 2023,58020,DSC, 395T,DATA STRUCTURES/ALGORITHM-WB,"DSC-395T: DATA STRUCTURES/ALGORITHM-WB, Section no. 58020",C+,10,Data Science
Fall 2023,58020,DSC, 395T,DATA STRUCTURES/ALGORITHM-WB,"DSC-395T: DATA STRUCTURES/ALGORITHM-WB, Section no. 58020",B-,24,Data Science
Fall 2023,58020,DSC, 395T,DATA STRUCTURES/ALGORITHM-WB,"DSC-395T: DATA STRUCTURES/ALGORITHM-WB, Section no. 58020",B,32,Data Science
Fall 2023,58020,DSC, 395T,DATA STRUCTURES/ALGORITHM-WB,"DSC-395T: DATA STRUCTURES/ALGORITHM-WB, Section no. 58020",B+,52,Data Science
Fall 2023,58020,DSC, 395T,DATA STRUCTURES/ALGORITHM-WB,"DSC-395T: DATA STRUCTURES/ALGORITHM-WB, Section no. 58020",A-,24,Data Science
Fall 2023,58020,DSC, 395T,DATA STRUCTURES/ALGORITHM-WB,"DSC-395T: DATA STRUCTURES/ALGORITHM-WB, Section no. 58020",A,61,Data Science
Fall 2023,58030,DSC, 395T,NATURAL LANGUAGE PROCESSING-WB,"DSC-395T: NATURAL LANGUAGE PROCESSING-WB, Section no. 58030",Other,32,Data Science
Fall 2023,58030,DSC, 395T,NATURAL LANGUAGE PROCESSING-WB,"DSC-395T: NATURAL LANGUAGE PROCESSING-WB, Section no. 58030",D-,1,Data Science
Fall 2023,58030,DSC, 395T,NATURAL LANGUAGE PROCESSING-WB,"DSC-395T: NATURAL LANGUAGE PROCESSING-WB, Section no. 58030",D+,2,Data Science
Fall 2023,58030,DSC, 395T,NATURAL LANGUAGE PROCESSING-WB,"DSC-395T: NATURAL LANGUAGE PROCESSING-WB, Section no. 58030",C-,1,Data Science
Fall 2023,58030,DSC, 395T,NATURAL LANGUAGE PROCESSING-WB,"DSC-395T: NATURAL LANGUAGE PROCESSING-WB, Section no. 58030",C+,2,Data Science
Fall 2023,58030,DSC, 395T,NATURAL LANGUAGE PROCESSING-WB,"DSC-395T: NATURAL LANGUAGE PROCESSING-WB, Section no. 58030",B-,14,Data Science
Fall 2023,58030,DSC, 395T,NATURAL LANGUAGE PROCESSING-WB,"DSC-395T: NATURAL LANGUAGE PROCESSING-WB, Section no. 58030",B,25,Data Science
Fall 2023,58030,DSC, 395T,NATURAL LANGUAGE PROCESSING-WB,"DSC-395T: NATURAL LANGUAGE PROCESSING-WB, Section no. 58030",B+,20,Data Science
Fall 2023,58030,DSC, 395T,NATURAL LANGUAGE PROCESSING-WB,"DSC-395T: NATURAL LANGUAGE PROCESSING-WB, Section no. 58030",A-,65,Data Science
Fall 2023,58030,DSC, 395T,NATURAL LANGUAGE PROCESSING-WB,"DSC-395T: NATURAL LANGUAGE PROCESSING-WB, Section no. 58030",A,80,Data Science
Fall 2023,58040,DSC, 395T,REINFRCMNT LEARN: THRY/PRAC-WB,"DSC-395T: REINFRCMNT LEARN: THRY/PRAC-WB, Section no. 58040",Other,7,Data Science
Fall 2023,58040,DSC, 395T,REINFRCMNT LEARN: THRY/PRAC-WB,"DSC-395T: REINFRCMNT LEARN: THRY/PRAC-WB, Section no. 58040",F,4,Data Science
Fall 2023,58040,DSC, 395T,REINFRCMNT LEARN: THRY/PRAC-WB,"DSC-395T: REINFRCMNT LEARN: THRY/PRAC-WB, Section no. 58040",D-,2,Data Science
Fall 2023,58040,DSC, 395T,REINFRCMNT LEARN: THRY/PRAC-WB,"DSC-395T: REINFRCMNT LEARN: THRY/PRAC-WB, Section no. 58040",D,1,Data Science
Fall 2023,58040,DSC, 395T,REINFRCMNT LEARN: THRY/PRAC-WB,"DSC-395T: REINFRCMNT LEARN: THRY/PRAC-WB, Section no. 58040",C-,5,Data Science
Fall 2023,58040,DSC, 395T,REINFRCMNT LEARN: THRY/PRAC-WB,"DSC-395T: REINFRCMNT LEARN: THRY/PRAC-WB, Section no. 58040",C,3,Data Science
Fall 2023,58040,DSC, 395T,REINFRCMNT LEARN: THRY/PRAC-WB,"DSC-395T: REINFRCMNT LEARN: THRY/PRAC-WB, Section no. 58040",C+,9,Data Science
Fall 2023,58040,DSC, 395T,REINFRCMNT LEARN: THRY/PRAC-WB,"DSC-395T: REINFRCMNT LEARN: THRY/PRAC-WB, Section no. 58040",B-,16,Data Science
Fall 2023,58040,DSC, 395T,REINFRCMNT LEARN: THRY/PRAC-WB,"DSC-395T: REINFRCMNT LEARN: THRY/PRAC-WB, Section no. 58040",B,26,Data Science
Fall 2023,58040,DSC, 395T,REINFRCMNT LEARN: THRY/PRAC-WB,"DSC-395T: REINFRCMNT LEARN: THRY/PRAC-WB, Section no. 58040",B+,17,Data Science
Fall 2023,58040,DSC, 395T,REINFRCMNT LEARN: THRY/PRAC-WB,"DSC-395T: REINFRCMNT LEARN: THRY/PRAC-WB, Section no. 58040",A-,21,Data Science
Fall 2023,58040,DSC, 395T,REINFRCMNT LEARN: THRY/PRAC-WB,"DSC-395T: REINFRCMNT LEARN: THRY/PRAC-WB, Section no. 58040",A,27,Data Science
Spring 2024,50573,A I, 395T,A I IN HEALTHCARE-WB,"A I-395T: A I IN HEALTHCARE-WB, Section no. 50573",Other,6,
Spring 2024,50573,A I, 395T,A I IN HEALTHCARE-WB,"A I-395T: A I IN HEALTHCARE-WB, Section no. 50573",C,1,
Spring 2024,50573,A I, 395T,A I IN HEALTHCARE-WB,"A I-395T: A I IN HEALTHCARE-WB, Section no. 50573",B+,3,
Spring 2024,50573,A I, 395T,A I IN HEALTHCARE-WB,"A I-395T: A I IN HEALTHCARE-WB, Section no. 50573",A-,1,
Spring 2024,50573,A I, 395T,A I IN HEALTHCARE-WB,"A I-395T: A I IN HEALTHCARE-WB, Section no. 50573",A,64,
Spring 2024,50574,A I, 395T,ONLINE LEARN/OPTIMIZATION-WB,"A I-395T: ONLINE LEARN/OPTIMIZATION-WB, Section no. 50574",Other,2,
Spring 2024,50574,A I, 395T,ONLINE LEARN/OPTIMIZATION-WB,"A I-395T: ONLINE LEARN/OPTIMIZATION-WB, Section no. 50574",F,2,
Spring 2024,50574,A I, 395T,ONLINE LEARN/OPTIMIZATION-WB,"A I-395T: ONLINE LEARN/OPTIMIZATION-WB, Section no. 50574",B,3,
Spring 2024,50574,A I, 395T,ONLINE LEARN/OPTIMIZATION-WB,"A I-395T: ONLINE LEARN/OPTIMIZATION-WB, Section no. 50574",B+,4,
Spring 2024,50574,A I, 395T,ONLINE LEARN/OPTIMIZATION-WB,"A I-395T: ONLINE LEARN/OPTIMIZATION-WB, Section no. 50574",A-,10,
Spring 2024,50574,A I, 395T,ONLINE LEARN/OPTIMIZATION-WB,"A I-395T: ONLINE LEARN/OPTIMIZATION-WB, Section no. 50574",A,10,
Spring 2024,50575,A I, 394D,DEEP LEARNING-WB,"A I-394D: DEEP LEARNING-WB, Section no. 50575",Other,38,
Spring 2024,50575,A I, 394D,DEEP LEARNING-WB,"A I-394D: DEEP LEARNING-WB, Section no. 50575",F,2,
Spring 2024,50575,A I, 394D,DEEP LEARNING-WB,"A I-394D: DEEP LEARNING-WB, Section no. 50575",D-,1,
Spring 2024,50575,A I, 394D,DEEP LEARNING-WB,"A I-394D: DEEP LEARNING-WB, Section no. 50575",D+,1,
Spring 2024,50575,A I, 394D,DEEP LEARNING-WB,"A I-394D: DEEP LEARNING-WB, Section no. 50575",C-,2,
Spring 2024,50575,A I, 394D,DEEP LEARNING-WB,"A I-394D: DEEP LEARNING-WB, Section no. 50575",C,2,
Spring 2024,50575,A I, 394D,DEEP LEARNING-WB,"A I-394D: DEEP LEARNING-WB, Section no. 50575",C+,4,
Spring 2024,50575,A I, 394D,DEEP LEARNING-WB,"A I-394D: DEEP LEARNING-WB, Section no. 50575",B,18,
Spring 2024,50575,A I, 394D,DEEP LEARNING-WB,"A I-394D: DEEP LEARNING-WB, Section no. 50575",B+,13,
Spring 2024,50575,A I, 394D,DEEP LEARNING-WB,"A I-394D: DEEP LEARNING-WB, Section no. 50575",A-,15,
Spring 2024,50575,A I, 394D,DEEP LEARNING-WB,"A I-394D: DEEP LEARNING-WB, Section no. 50575",A,45,
Spring 2024,50576,A I, 395T,ETHICS IN AI-WB,"A I-395T: ETHICS IN AI-WB, Section no. 50576",Other,21,
Spring 2024,50576,A I, 395T,ETHICS IN AI-WB,"A I-395T: ETHICS IN AI-WB, Section no. 50576",F,1,
Spring 2024,50576,A I, 395T,ETHICS IN AI-WB,"A I-395T: ETHICS IN AI-WB, Section no. 50576",D+,2,
Spring 2024,50576,A I, 395T,ETHICS IN AI-WB,"A I-395T: ETHICS IN AI-WB, Section no. 50576",B-,3,
Spring 2024,50576,A I, 395T,ETHICS IN AI-WB,"A I-395T: ETHICS IN AI-WB, Section no. 50576",B,2,
Spring 2024,50576,A I, 395T,ETHICS IN AI-WB,"A I-395T: ETHICS IN AI-WB, Section no. 50576",B+,4,
Spring 2024,50576,A I, 395T,ETHICS IN AI-WB,"A I-395T: ETHICS IN AI-WB, Section no. 50576",A-,12,
Spring 2024,50576,A I, 395T,ETHICS IN AI-WB,"A I-395T: ETHICS IN AI-WB, Section no. 50576",A,369,
Spring 2024,50577,A I, 389L,AUTOMATED LOGICAL REASONING-WB,"A I-389L: AUTOMATED LOGICAL REASONING-WB, Section no. 50577",Other,8,
Spring 2024,50577,A I, 389L,AUTOMATED LOGICAL REASONING-WB,"A I-389L: AUTOMATED LOGICAL REASONING-WB, Section no. 50577",C,1,
Spring 2024,50577,A I, 389L,AUTOMATED LOGICAL REASONING-WB,"A I-389L: AUTOMATED LOGICAL REASONING-WB, Section no. 50577",B-,5,
Spring 2024,50577,A I, 389L,AUTOMATED LOGICAL REASONING-WB,"A I-389L: AUTOMATED LOGICAL REASONING-WB, Section no. 50577",B,3,
Spring 2024,50577,A I, 389L,AUTOMATED LOGICAL REASONING-WB,"A I-389L: AUTOMATED LOGICAL REASONING-WB, Section no. 50577",B+,5,
Spring 2024,50577,A I, 389L,AUTOMATED LOGICAL REASONING-WB,"A I-389L: AUTOMATED LOGICAL REASONING-WB, Section no. 50577",A-,5,
Spring 2024,50577,A I, 389L,AUTOMATED LOGICAL REASONING-WB,"A I-389L: AUTOMATED LOGICAL REASONING-WB, Section no. 50577",A,9,
Spring 2024,50578,A I, 391L,MACHINE LEARNING-WB,"A I-391L: MACHINE LEARNING-WB, Section no. 50578",Other,41,
Spring 2024,50578,A I, 391L,MACHINE LEARNING-WB,"A I-391L: MACHINE LEARNING-WB, Section no. 50578",F,6,
Spring 2024,50578,A I, 391L,MACHINE LEARNING-WB,"A I-391L: MACHINE LEARNING-WB, Section no. 50578",D-,1,
Spring 2024,50578,A I, 391L,MACHINE LEARNING-WB,"A I-391L: MACHINE LEARNING-WB, Section no. 50578",D,2,
Spring 2024,50578,A I, 391L,MACHINE LEARNING-WB,"A I-391L: MACHINE LEARNING-WB, Section no. 50578",C-,3,
Spring 2024,50578,A I, 391L,MACHINE LEARNING-WB,"A I-391L: MACHINE LEARNING-WB, Section no. 50578",C,5,
Spring 2024,50578,A I, 391L,MACHINE LEARNING-WB,"A I-391L: MACHINE LEARNING-WB, Section no. 50578",C+,2,
Spring 2024,50578,A I, 391L,MACHINE LEARNING-WB,"A I-391L: MACHINE LEARNING-WB, Section no. 50578",B-,13,
Spring 2024,50578,A I, 391L,MACHINE LEARNING-WB,"A I-391L: MACHINE LEARNING-WB, Section no. 50578",B,22,
Spring 2024,50578,A I, 391L,MACHINE LEARNING-WB,"A I-391L: MACHINE LEARNING-WB, Section no. 50578",B+,52,
Spring 2024,50578,A I, 391L,MACHINE LEARNING-WB,"A I-391L: MACHINE LEARNING-WB, Section no. 50578",A-,20,
Spring 2024,50578,A I, 391L,MACHINE LEARNING-WB,"A I-391L: MACHINE LEARNING-WB, Section no. 50578",A,54,
Spring 2024,50579,A I, 395T,OPTIMIZATION-WB,"A I-395T: OPTIMIZATION-WB, Section no. 50579",Other,1,
Spring 2024,50579,A I, 395T,OPTIMIZATION-WB,"A I-395T: OPTIMIZATION-WB, Section no. 50579",F,2,
Spring 2024,50579,A I, 395T,OPTIMIZATION-WB,"A I-395T: OPTIMIZATION-WB, Section no. 50579",C,1,
Spring 2024,50579,A I, 395T,OPTIMIZATION-WB,"A I-395T: OPTIMIZATION-WB, Section no. 50579",C+,1,
Spring 2024,50579,A I, 395T,OPTIMIZATION-WB,"A I-395T: OPTIMIZATION-WB, Section no. 50579",B-,1,
Spring 2024,50579,A I, 395T,OPTIMIZATION-WB,"A I-395T: OPTIMIZATION-WB, Section no. 50579",B,6,
Spring 2024,50579,A I, 395T,OPTIMIZATION-WB,"A I-395T: OPTIMIZATION-WB, Section no. 50579",B+,6,
Spring 2024,50579,A I, 395T,OPTIMIZATION-WB,"A I-395T: OPTIMIZATION-WB, Section no. 50579",A-,9,
Spring 2024,50579,A I, 395T,OPTIMIZATION-WB,"A I-395T: OPTIMIZATION-WB, Section no. 50579",A,10,
Spring 2024,50615,C S, 303E,ELEMS OF COMPTRS/PROGRAMMNG-WB,"C S-303E: ELEMS OF COMPTRS/PROGRAMMNG-WB, Section no. 50615",Other,29,Computer Science
Spring 2024,50615,C S, 303E,ELEMS OF COMPTRS/PROGRAMMNG-WB,"C S-303E: ELEMS OF COMPTRS/PROGRAMMNG-WB, Section no. 50615",F,5,Computer Science
Spring 2024,50615,C S, 303E,ELEMS OF COMPTRS/PROGRAMMNG-WB,"C S-303E: ELEMS OF COMPTRS/PROGRAMMNG-WB, Section no. 50615",D-,1,Computer Science
Spring 2024,50615,C S, 303E,ELEMS OF COMPTRS/PROGRAMMNG-WB,"C S-303E: ELEMS OF COMPTRS/PROGRAMMNG-WB, Section no. 50615",D,4,Computer Science
Spring 2024,50615,C S, 303E,ELEMS OF COMPTRS/PROGRAMMNG-WB,"C S-303E: ELEMS OF COMPTRS/PROGRAMMNG-WB, Section no. 50615",C-,10,Computer Science
Spring 2024,50615,C S, 303E,ELEMS OF COMPTRS/PROGRAMMNG-WB,"C S-303E: ELEMS OF COMPTRS/PROGRAMMNG-WB, Section no. 50615",C,11,Computer Science
Spring 2024,50615,C S, 303E,ELEMS OF COMPTRS/PROGRAMMNG-WB,"C S-303E: ELEMS OF COMPTRS/PROGRAMMNG-WB, Section no. 50615",C+,12,Computer Science
Spring 2024,50615,C S, 303E,ELEMS OF COMPTRS/PROGRAMMNG-WB,"C S-303E: ELEMS OF COMPTRS/PROGRAMMNG-WB, Section no. 50615",B-,11,Computer Science
Spring 2024,50615,C S, 303E,ELEMS OF COMPTRS/PROGRAMMNG-WB,"C S-303E: ELEMS OF COMPTRS/PROGRAMMNG-WB, Section no. 50615",B,11,Computer Science
Spring 2024,50615,C S, 303E,ELEMS OF COMPTRS/PROGRAMMNG-WB,"C S-303E: ELEMS OF COMPTRS/PROGRAMMNG-WB, Section no. 50615",B+,12,Computer Science
Spring 2024,50615,C S, 303E,ELEMS OF COMPTRS/PROGRAMMNG-WB,"C S-303E: ELEMS OF COMPTRS/PROGRAMMNG-WB, Section no. 50615",A-,7,Computer Science
Spring 2024,50615,C S, 303E,ELEMS OF COMPTRS/PROGRAMMNG-WB,"C S-303E: ELEMS OF COMPTRS/PROGRAMMNG-WB, Section no. 50615",A,76,Computer Science
Spring 2024,50620,C S, 303E,ELEMS OF COMPTRS/PROGRAMMNG-WB,"C S-303E: ELEMS OF COMPTRS/PROGRAMMNG-WB, Section no. 50620",Other,22,Computer Science
Spring 2024,50620,C S, 303E,ELEMS OF COMPTRS/PROGRAMMNG-WB,"C S-303E: ELEMS OF COMPTRS/PROGRAMMNG-WB, Section no. 50620",F,11,Computer Science
Spring 2024,50620,C S, 303E,ELEMS OF COMPTRS/PROGRAMMNG-WB,"C S-303E: ELEMS OF COMPTRS/PROGRAMMNG-WB, Section no. 50620",D,7,Computer Science
Spring 2024,50620,C S, 303E,ELEMS OF COMPTRS/PROGRAMMNG-WB,"C S-303E: ELEMS OF COMPTRS/PROGRAMMNG-WB, Section no. 50620",C-,11,Computer Science
Spring 2024,50620,C S, 303E,ELEMS OF COMPTRS/PROGRAMMNG-WB,"C S-303E: ELEMS OF COMPTRS/PROGRAMMNG-WB, Section no. 50620",C,13,Computer Science
Spring 2024,50620,C S, 303E,ELEMS OF COMPTRS/PROGRAMMNG-WB,"C S-303E: ELEMS OF COMPTRS/PROGRAMMNG-WB, Section no. 50620",C+,5,Computer Science
Spring 2024,50620,C S, 303E,ELEMS OF COMPTRS/PROGRAMMNG-WB,"C S-303E: ELEMS OF COMPTRS/PROGRAMMNG-WB, Section no. 50620",B-,8,Computer Science
Spring 2024,50620,C S, 303E,ELEMS OF COMPTRS/PROGRAMMNG-WB,"C S-303E: ELEMS OF COMPTRS/PROGRAMMNG-WB, Section no. 50620",B,16,Computer Science
Spring 2024,50620,C S, 303E,ELEMS OF COMPTRS/PROGRAMMNG-WB,"C S-303E: ELEMS OF COMPTRS/PROGRAMMNG-WB, Section no. 50620",B+,12,Computer Science
Spring 2024,50620,C S, 303E,ELEMS OF COMPTRS/PROGRAMMNG-WB,"C S-303E: ELEMS OF COMPTRS/PROGRAMMNG-WB, Section no. 50620",A-,16,Computer Science
Spring 2024,50620,C S, 303E,ELEMS OF COMPTRS/PROGRAMMNG-WB,"C S-303E: ELEMS OF COMPTRS/PROGRAMMNG-WB, Section no. 50620",A,73,Computer Science
Spring 2024,50625,C S, 303E,ELEMS OF COMPTRS/PROGRAMMNG-WB,"C S-303E: ELEMS OF COMPTRS/PROGRAMMNG-WB, Section no. 50625",Other,31,Computer Science
Spring 2024,50625,C S, 303E,ELEMS OF COMPTRS/PROGRAMMNG-WB,"C S-303E: ELEMS OF COMPTRS/PROGRAMMNG-WB, Section no. 50625",F,3,Computer Science
Spring 2024,50625,C S, 303E,ELEMS OF COMPTRS/PROGRAMMNG-WB,"C S-303E: ELEMS OF COMPTRS/PROGRAMMNG-WB, Section no. 50625",D-,1,Computer Science
Spring 2024,50625,C S, 303E,ELEMS OF COMPTRS/PROGRAMMNG-WB,"C S-303E: ELEMS OF COMPTRS/PROGRAMMNG-WB, Section no. 50625",D,3,Computer Science
Spring 2024,50625,C S, 303E,ELEMS OF COMPTRS/PROGRAMMNG-WB,"C S-303E: ELEMS OF COMPTRS/PROGRAMMNG-WB, Section no. 50625",C-,7,Computer Science
Spring 2024,50625,C S, 303E,ELEMS OF COMPTRS/PROGRAMMNG-WB,"C S-303E: ELEMS OF COMPTRS/PROGRAMMNG-WB, Section no. 50625",C,8,Computer Science
Spring 2024,50625,C S, 303E,ELEMS OF COMPTRS/PROGRAMMNG-WB,"C S-303E: ELEMS OF COMPTRS/PROGRAMMNG-WB, Section no. 50625",C+,5,Computer Science
Spring 2024,50625,C S, 303E,ELEMS OF COMPTRS/PROGRAMMNG-WB,"C S-303E: ELEMS OF COMPTRS/PROGRAMMNG-WB, Section no. 50625",B-,15,Computer Science
Spring 2024,50625,C S, 303E,ELEMS OF COMPTRS/PROGRAMMNG-WB,"C S-303E: ELEMS OF COMPTRS/PROGRAMMNG-WB, Section no. 50625",B,14,Computer Science
Spring 2024,50625,C S, 303E,ELEMS OF COMPTRS/PROGRAMMNG-WB,"C S-303E: ELEMS OF COMPTRS/PROGRAMMNG-WB, Section no. 50625",B+,14,Computer Science
Spring 2024,50625,C S, 303E,ELEMS OF COMPTRS/PROGRAMMNG-WB,"C S-303E: ELEMS OF COMPTRS/PROGRAMMNG-WB, Section no. 50625",A-,18,Computer Science
Spring 2024,50625,C S, 303E,ELEMS OF COMPTRS/PROGRAMMNG-WB,"C S-303E: ELEMS OF COMPTRS/PROGRAMMNG-WB, Section no. 50625",A,71,Computer Science
Spring 2024,50628,C S, 303E,ELEMS OF COMPUTERS/PROGRAMMING,"C S-303E: ELEMS OF COMPUTERS/PROGRAMMING, Section no. 50628",Other,30,Computer Science
Spring 2024,50628,C S, 303E,ELEMS OF COMPUTERS/PROGRAMMING,"C S-303E: ELEMS OF COMPUTERS/PROGRAMMING, Section no. 50628",F,3,Computer Science
Spring 2024,50628,C S, 303E,ELEMS OF COMPUTERS/PROGRAMMING,"C S-303E: ELEMS OF COMPUTERS/PROGRAMMING, Section no. 50628",D-,1,Computer Science
Spring 2024,50628,C S, 303E,ELEMS OF COMPUTERS/PROGRAMMING,"C S-303E: ELEMS OF COMPUTERS/PROGRAMMING, Section no. 50628",D,3,Computer Science
Spring 2024,50628,C S, 303E,ELEMS OF COMPUTERS/PROGRAMMING,"C S-303E: ELEMS OF COMPUTERS/PROGRAMMING, Section no. 50628",D+,2,Computer Science
Spring 2024,50628,C S, 303E,ELEMS OF COMPUTERS/PROGRAMMING,"C S-303E: ELEMS OF COMPUTERS/PROGRAMMING, Section no. 50628",C-,6,Computer Science
Spring 2024,50628,C S, 303E,ELEMS OF COMPUTERS/PROGRAMMING,"C S-303E: ELEMS OF COMPUTERS/PROGRAMMING, Section no. 50628",C,12,Computer Science
Spring 2024,50628,C S, 303E,ELEMS OF COMPUTERS/PROGRAMMING,"C S-303E: ELEMS OF COMPUTERS/PROGRAMMING, Section no. 50628",C+,8,Computer Science
Spring 2024,50628,C S, 303E,ELEMS OF COMPUTERS/PROGRAMMING,"C S-303E: ELEMS OF COMPUTERS/PROGRAMMING, Section no. 50628",B-,10,Computer Science
Spring 2024,50628,C S, 303E,ELEMS OF COMPUTERS/PROGRAMMING,"C S-303E: ELEMS OF COMPUTERS/PROGRAMMING, Section no. 50628",B,10,Computer Science
Spring 2024,50628,C S, 303E,ELEMS OF COMPUTERS/PROGRAMMING,"C S-303E: ELEMS OF COMPUTERS/PROGRAMMING, Section no. 50628",B+,15,Computer Science
Spring 2024,50628,C S, 303E,ELEMS OF COMPUTERS/PROGRAMMING,"C S-303E: ELEMS OF COMPUTERS/PROGRAMMING, Section no. 50628",A-,27,Computer Science
Spring 2024,50628,C S, 303E,ELEMS OF COMPUTERS/PROGRAMMING,"C S-303E: ELEMS OF COMPUTERS/PROGRAMMING, Section no. 50628",A,69,Computer Science
Spring 2024,50629,C S, 303E,ELEMS OF COMPUTERS/PROGRAMMING,"C S-303E: ELEMS OF COMPUTERS/PROGRAMMING, Section no. 50629",Other,27,Computer Science
Spring 2024,50629,C S, 303E,ELEMS OF COMPUTERS/PROGRAMMING,"C S-303E: ELEMS OF COMPUTERS/PROGRAMMING, Section no. 50629",F,4,Computer Science
Spring 2024,50629,C S, 303E,ELEMS OF COMPUTERS/PROGRAMMING,"C S-303E: ELEMS OF COMPUTERS/PROGRAMMING, Section no. 50629",D-,3,Computer Science
Spring 2024,50629,C S, 303E,ELEMS OF COMPUTERS/PROGRAMMING,"C S-303E: ELEMS OF COMPUTERS/PROGRAMMING, Section no. 50629",D,1,Computer Science
Spring 2024,50629,C S, 303E,ELEMS OF COMPUTERS/PROGRAMMING,"C S-303E: ELEMS OF COMPUTERS/PROGRAMMING, Section no. 50629",D+,2,Computer Science
Spring 2024,50629,C S, 303E,ELEMS OF COMPUTERS/PROGRAMMING,"C S-303E: ELEMS OF COMPUTERS/PROGRAMMING, Section no. 50629",C-,2,Computer Science
Spring 2024,50629,C S, 303E,ELEMS OF COMPUTERS/PROGRAMMING,"C S-303E: ELEMS OF COMPUTERS/PROGRAMMING, Section no. 50629",C,6,Computer Science
Spring 2024,50629,C S, 303E,ELEMS OF COMPUTERS/PROGRAMMING,"C S-303E: ELEMS OF COMPUTERS/PROGRAMMING, Section no. 50629",C+,14,Computer Science
Spring 2024,50629,C S, 303E,ELEMS OF COMPUTERS/PROGRAMMING,"C S-303E: ELEMS OF COMPUTERS/PROGRAMMING, Section no. 50629",B-,14,Computer Science
Spring 2024,50629,C S, 303E,ELEMS OF COMPUTERS/PROGRAMMING,"C S-303E: ELEMS OF COMPUTERS/PROGRAMMING, Section no. 50629",B,17,Computer Science
Spring 2024,50629,C S, 303E,ELEMS OF COMPUTERS/PROGRAMMING,"C S-303E: ELEMS OF COMPUTERS/PROGRAMMING, Section no. 50629",B+,15,Computer Science
Spring 2024,50629,C S, 303E,ELEMS OF COMPUTERS/PROGRAMMING,"C S-303E: ELEMS OF COMPUTERS/PROGRAMMING, Section no. 50629",A-,35,Computer Science
Spring 2024,50629,C S, 303E,ELEMS OF COMPUTERS/PROGRAMMING,"C S-303E: ELEMS OF COMPUTERS/PROGRAMMING, Section no. 50629",A,53,Computer Science
Spring 2024,50630,C S, 103F,ETHICAL FNDTN COMP SCIENCE,"C S-103F: ETHICAL FNDTN COMP SCIENCE, Section no. 50630",Other,1,Computer Science
Spring 2024,50630,C S, 103F,ETHICAL FNDTN COMP SCIENCE,"C S-103F: ETHICAL FNDTN COMP SCIENCE, Section no. 50630",B,1,Computer Science
Spring 2024,50630,C S, 103F,ETHICAL FNDTN COMP SCIENCE,"C S-103F: ETHICAL FNDTN COMP SCIENCE, Section no. 50630",A-,8,Computer Science
Spring 2024,50630,C S, 103F,ETHICAL FNDTN COMP SCIENCE,"C S-103F: ETHICAL FNDTN COMP SCIENCE, Section no. 50630",A,84,Computer Science
Spring 2024,50635,C S, 104C,COMPETITIVE PROGRAMMING,"C S-104C: COMPETITIVE PROGRAMMING, Section no. 50635",Other,9,Computer Science
Spring 2024,50635,C S, 104C,COMPETITIVE PROGRAMMING,"C S-104C: COMPETITIVE PROGRAMMING, Section no. 50635",C,1,Computer Science
Spring 2024,50635,C S, 104C,COMPETITIVE PROGRAMMING,"C S-104C: COMPETITIVE PROGRAMMING, Section no. 50635",B,1,Computer Science
Spring 2024,50635,C S, 104C,COMPETITIVE PROGRAMMING,"C S-104C: COMPETITIVE PROGRAMMING, Section no. 50635",A,40,Computer Science
Spring 2024,50640,C S, 109,COMPUTER PROGRAMMING: PYTHON,"C S-109: COMPUTER PROGRAMMING: PYTHON, Section no. 50640",Other,9,Computer Science
Spring 2024,50640,C S, 109,COMPUTER PROGRAMMING: PYTHON,"C S-109: COMPUTER PROGRAMMING: PYTHON, Section no. 50640",D,1,Computer Science
Spring 2024,50640,C S, 109,COMPUTER PROGRAMMING: PYTHON,"C S-109: COMPUTER PROGRAMMING: PYTHON, Section no. 50640",C,1,Computer Science
Spring 2024,50640,C S, 109,COMPUTER PROGRAMMING: PYTHON,"C S-109: COMPUTER PROGRAMMING: PYTHON, Section no. 50640",B-,2,Computer Science
Spring 2024,50640,C S, 109,COMPUTER PROGRAMMING: PYTHON,"C S-109: COMPUTER PROGRAMMING: PYTHON, Section no. 50640",B,4,Computer Science
Spring 2024,50640,C S, 109,COMPUTER PROGRAMMING: PYTHON,"C S-109: COMPUTER PROGRAMMING: PYTHON, Section no. 50640",B+,7,Computer Science
Spring 2024,50640,C S, 109,COMPUTER PROGRAMMING: PYTHON,"C S-109: COMPUTER PROGRAMMING: PYTHON, Section no. 50640",A-,1,Computer Science
Spring 2024,50640,C S, 109,COMPUTER PROGRAMMING: PYTHON,"C S-109: COMPUTER PROGRAMMING: PYTHON, Section no. 50640",A,6,Computer Science
Spring 2024,50650,C S, 309,BIG DATA IN BIOLOGY-FRI,"C S-309: BIG DATA IN BIOLOGY-FRI, Section no. 50650",A-,2,Computer Science
Spring 2024,50650,C S, 309,BIG DATA IN BIOLOGY-FRI,"C S-309: BIG DATA IN BIOLOGY-FRI, Section no. 50650",A,17,Computer Science
Spring 2024,50655,C S, 309,GEOMETRY OF SPACE-FRI,"C S-309: GEOMETRY OF SPACE-FRI, Section no. 50655",C-,1,Computer Science
Spring 2024,50655,C S, 309,GEOMETRY OF SPACE-FRI,"C S-309: GEOMETRY OF SPACE-FRI, Section no. 50655",B-,1,Computer Science
Spring 2024,50655,C S, 309,GEOMETRY OF SPACE-FRI,"C S-309: GEOMETRY OF SPACE-FRI, Section no. 50655",B+,1,Computer Science
Spring 2024,50655,C S, 309,GEOMETRY OF SPACE-FRI,"C S-309: GEOMETRY OF SPACE-FRI, Section no. 50655",A-,3,Computer Science
Spring 2024,50655,C S, 309,GEOMETRY OF SPACE-FRI,"C S-309: GEOMETRY OF SPACE-FRI, Section no. 50655",A,26,Computer Science
Spring 2024,50660,C S, 309,ROBOT LEARNING-FRI,"C S-309: ROBOT LEARNING-FRI, Section no. 50660",A-,6,Computer Science
Spring 2024,50660,C S, 309,ROBOT LEARNING-FRI,"C S-309: ROBOT LEARNING-FRI, Section no. 50660",A,29,Computer Science
Spring 2024,50665,C S, 309,1-QUANTUM COMPUTING I-FRI,"C S-309: 1-QUANTUM COMPUTING I-FRI, Section no. 50665",Other,1,Computer Science
Spring 2024,50665,C S, 309,1-QUANTUM COMPUTING I-FRI,"C S-309: 1-QUANTUM COMPUTING I-FRI, Section no. 50665",F,1,Computer Science
Spring 2024,50665,C S, 309,1-QUANTUM COMPUTING I-FRI,"C S-309: 1-QUANTUM COMPUTING I-FRI, Section no. 50665",D,1,Computer Science
Spring 2024,50665,C S, 309,1-QUANTUM COMPUTING I-FRI,"C S-309: 1-QUANTUM COMPUTING I-FRI, Section no. 50665",C,1,Computer Science
Spring 2024,50665,C S, 309,1-QUANTUM COMPUTING I-FRI,"C S-309: 1-QUANTUM COMPUTING I-FRI, Section no. 50665",B-,2,Computer Science
Spring 2024,50665,C S, 309,1-QUANTUM COMPUTING I-FRI,"C S-309: 1-QUANTUM COMPUTING I-FRI, Section no. 50665",B,3,Computer Science
Spring 2024,50665,C S, 309,1-QUANTUM COMPUTING I-FRI,"C S-309: 1-QUANTUM COMPUTING I-FRI, Section no. 50665",B+,6,Computer Science
Spring 2024,50665,C S, 309,1-QUANTUM COMPUTING I-FRI,"C S-309: 1-QUANTUM COMPUTING I-FRI, Section no. 50665",A-,5,Computer Science
Spring 2024,50665,C S, 309,1-QUANTUM COMPUTING I-FRI,"C S-309: 1-QUANTUM COMPUTING I-FRI, Section no. 50665",A,10,Computer Science
Spring 2024,50670,C S, 311,DISCRETE MATH FOR COMPUTER SCI,"C S-311: DISCRETE MATH FOR COMPUTER SCI, Section no. 50670",Other,1,Computer Science
Spring 2024,50670,C S, 311,DISCRETE MATH FOR COMPUTER SCI,"C S-311: DISCRETE MATH FOR COMPUTER SCI, Section no. 50670",C-,4,Computer Science
Spring 2024,50670,C S, 311,DISCRETE MATH FOR COMPUTER SCI,"C S-311: DISCRETE MATH FOR COMPUTER SCI, Section no. 50670",C+,5,Computer Science
Spring 2024,50670,C S, 311,DISCRETE MATH FOR COMPUTER SCI,"C S-311: DISCRETE MATH FOR COMPUTER SCI, Section no. 50670",B-,5,Computer Science
Spring 2024,50670,C S, 311,DISCRETE MATH FOR COMPUTER SCI,"C S-311: DISCRETE MATH FOR COMPUTER SCI, Section no. 50670",B,2,Computer Science
Spring 2024,50670,C S, 311,DISCRETE MATH FOR COMPUTER SCI,"C S-311: DISCRETE MATH FOR COMPUTER SCI, Section no. 50670",B+,4,Computer Science
Spring 2024,50670,C S, 311,DISCRETE MATH FOR COMPUTER SCI,"C S-311: DISCRETE MATH FOR COMPUTER SCI, Section no. 50670",A-,2,Computer Science
Spring 2024,50675,C S, 311,DISCRETE MATH FOR COMPUTER SCI,"C S-311: DISCRETE MATH FOR COMPUTER SCI, Section no. 50675",F,2,Computer Science
Spring 2024,50675,C S, 311,DISCRETE MATH FOR COMPUTER SCI,"C S-311: DISCRETE MATH FOR COMPUTER SCI, Section no. 50675",C,1,Computer Science
Spring 2024,50675,C S, 311,DISCRETE MATH FOR COMPUTER SCI,"C S-311: DISCRETE MATH FOR COMPUTER SCI, Section no. 50675",C+,2,Computer Science
Spring 2024,50675,C S, 311,DISCRETE MATH FOR COMPUTER SCI,"C S-311: DISCRETE MATH FOR COMPUTER SCI, Section no. 50675",B-,3,Computer Science
Spring 2024,50675,C S, 311,DISCRETE MATH FOR COMPUTER SCI,"C S-311: DISCRETE MATH FOR COMPUTER SCI, Section no. 50675",B,7,Computer Science
Spring 2024,50675,C S, 311,DISCRETE MATH FOR COMPUTER SCI,"C S-311: DISCRETE MATH FOR COMPUTER SCI, Section no. 50675",B+,2,Computer Science
Spring 2024,50675,C S, 311,DISCRETE MATH FOR COMPUTER SCI,"C S-311: DISCRETE MATH FOR COMPUTER SCI, Section no. 50675",A-,3,Computer Science
Spring 2024,50675,C S, 311,DISCRETE MATH FOR COMPUTER SCI,"C S-311: DISCRETE MATH FOR COMPUTER SCI, Section no. 50675",A,1,Computer Science
Spring 2024,50680,C S, 311,DISCRETE MATH FOR COMPUTER SCI,"C S-311: DISCRETE MATH FOR COMPUTER SCI, Section no. 50680",Other,1,Computer Science
Spring 2024,50680,C S, 311,DISCRETE MATH FOR COMPUTER SCI,"C S-311: DISCRETE MATH FOR COMPUTER SCI, Section no. 50680",C-,1,Computer Science
Spring 2024,50680,C S, 311,DISCRETE MATH FOR COMPUTER SCI,"C S-311: DISCRETE MATH FOR COMPUTER SCI, Section no. 50680",C,4,Computer Science
Spring 2024,50680,C S, 311,DISCRETE MATH FOR COMPUTER SCI,"C S-311: DISCRETE MATH FOR COMPUTER SCI, Section no. 50680",C+,3,Computer Science
Spring 2024,50680,C S, 311,DISCRETE MATH FOR COMPUTER SCI,"C S-311: DISCRETE MATH FOR COMPUTER SCI, Section no. 50680",B-,3,Computer Science
Spring 2024,50680,C S, 311,DISCRETE MATH FOR COMPUTER SCI,"C S-311: DISCRETE MATH FOR COMPUTER SCI, Section no. 50680",B,4,Computer Science
Spring 2024,50680,C S, 311,DISCRETE MATH FOR COMPUTER SCI,"C S-311: DISCRETE MATH FOR COMPUTER SCI, Section no. 50680",B+,1,Computer Science
Spring 2024,50680,C S, 311,DISCRETE MATH FOR COMPUTER SCI,"C S-311: DISCRETE MATH FOR COMPUTER SCI, Section no. 50680",A,1,Computer Science
Spring 2024,50685,C S, 311,DISCRETE MATH FOR COMPUTER SCI,"C S-311: DISCRETE MATH FOR COMPUTER SCI, Section no. 50685",C-,1,Computer Science
Spring 2024,50685,C S, 311,DISCRETE MATH FOR COMPUTER SCI,"C S-311: DISCRETE MATH FOR COMPUTER SCI, Section no. 50685",C,1,Computer Science
Spring 2024,50685,C S, 311,DISCRETE MATH FOR COMPUTER SCI,"C S-311: DISCRETE MATH FOR COMPUTER SCI, Section no. 50685",B-,7,Computer Science
Spring 2024,50685,C S, 311,DISCRETE MATH FOR COMPUTER SCI,"C S-311: DISCRETE MATH FOR COMPUTER SCI, Section no. 50685",B,4,Computer Science
Spring 2024,50685,C S, 311,DISCRETE MATH FOR COMPUTER SCI,"C S-311: DISCRETE MATH FOR COMPUTER SCI, Section no. 50685",B+,3,Computer Science
Spring 2024,50685,C S, 311,DISCRETE MATH FOR COMPUTER SCI,"C S-311: DISCRETE MATH FOR COMPUTER SCI, Section no. 50685",A-,3,Computer Science
Spring 2024,50690,C S, 311,DISCRETE MATH FOR COMPUTER SCI,"C S-311: DISCRETE MATH FOR COMPUTER SCI, Section no. 50690",Other,1,Computer Science
Spring 2024,50690,C S, 311,DISCRETE MATH FOR COMPUTER SCI,"C S-311: DISCRETE MATH FOR COMPUTER SCI, Section no. 50690",C-,1,Computer Science
Spring 2024,50690,C S, 311,DISCRETE MATH FOR COMPUTER SCI,"C S-311: DISCRETE MATH FOR COMPUTER SCI, Section no. 50690",C+,1,Computer Science
Spring 2024,50690,C S, 311,DISCRETE MATH FOR COMPUTER SCI,"C S-311: DISCRETE MATH FOR COMPUTER SCI, Section no. 50690",B-,4,Computer Science
Spring 2024,50690,C S, 311,DISCRETE MATH FOR COMPUTER SCI,"C S-311: DISCRETE MATH FOR COMPUTER SCI, Section no. 50690",B,3,Computer Science
Spring 2024,50690,C S, 311,DISCRETE MATH FOR COMPUTER SCI,"C S-311: DISCRETE MATH FOR COMPUTER SCI, Section no. 50690",B+,2,Computer Science
Spring 2024,50690,C S, 311,DISCRETE MATH FOR COMPUTER SCI,"C S-311: DISCRETE MATH FOR COMPUTER SCI, Section no. 50690",A-,7,Computer Science
Spring 2024,50690,C S, 311,DISCRETE MATH FOR COMPUTER SCI,"C S-311: DISCRETE MATH FOR COMPUTER SCI, Section no. 50690",A,5,Computer Science
Spring 2024,50695,C S, 311,DISCRETE MATH FOR COMPUTER SCI,"C S-311: DISCRETE MATH FOR COMPUTER SCI, Section no. 50695",Other,1,Computer Science
Spring 2024,50695,C S, 311,DISCRETE MATH FOR COMPUTER SCI,"C S-311: DISCRETE MATH FOR COMPUTER SCI, Section no. 50695",F,1,Computer Science
Spring 2024,50695,C S, 311,DISCRETE MATH FOR COMPUTER SCI,"C S-311: DISCRETE MATH FOR COMPUTER SCI, Section no. 50695",C-,1,Computer Science
Spring 2024,50695,C S, 311,DISCRETE MATH FOR COMPUTER SCI,"C S-311: DISCRETE MATH FOR COMPUTER SCI, Section no. 50695",C,1,Computer Science
Spring 2024,50695,C S, 311,DISCRETE MATH FOR COMPUTER SCI,"C S-311: DISCRETE MATH FOR COMPUTER SCI, Section no. 50695",C+,2,Computer Science
Spring 2024,50695,C S, 311,DISCRETE MATH FOR COMPUTER SCI,"C S-311: DISCRETE MATH FOR COMPUTER SCI, Section no. 50695",B-,2,Computer Science
Spring 2024,50695,C S, 311,DISCRETE MATH FOR COMPUTER SCI,"C S-311: DISCRETE MATH FOR COMPUTER SCI, Section no. 50695",B,9,Computer Science
Spring 2024,50695,C S, 311,DISCRETE MATH FOR COMPUTER SCI,"C S-311: DISCRETE MATH FOR COMPUTER SCI, Section no. 50695",B+,2,Computer Science
Spring 2024,50695,C S, 311,DISCRETE MATH FOR COMPUTER SCI,"C S-311: DISCRETE MATH FOR COMPUTER SCI, Section no. 50695",A-,1,Computer Science
Spring 2024,50695,C S, 311,DISCRETE MATH FOR COMPUTER SCI,"C S-311: DISCRETE MATH FOR COMPUTER SCI, Section no. 50695",A,3,Computer Science
Spring 2024,50700,C S, 311,DISCRETE MATH FOR COMPUTER SCI,"C S-311: DISCRETE MATH FOR COMPUTER SCI, Section no. 50700",C-,2,Computer Science
Spring 2024,50700,C S, 311,DISCRETE MATH FOR COMPUTER SCI,"C S-311: DISCRETE MATH FOR COMPUTER SCI, Section no. 50700",C,2,Computer Science
Spring 2024,50700,C S, 311,DISCRETE MATH FOR COMPUTER SCI,"C S-311: DISCRETE MATH FOR COMPUTER SCI, Section no. 50700",C+,1,Computer Science
Spring 2024,50700,C S, 311,DISCRETE MATH FOR COMPUTER SCI,"C S-311: DISCRETE MATH FOR COMPUTER SCI, Section no. 50700",B-,4,Computer Science
Spring 2024,50700,C S, 311,DISCRETE MATH FOR COMPUTER SCI,"C S-311: DISCRETE MATH FOR COMPUTER SCI, Section no. 50700",B,2,Computer Science
Spring 2024,50700,C S, 311,DISCRETE MATH FOR COMPUTER SCI,"C S-311: DISCRETE MATH FOR COMPUTER SCI, Section no. 50700",B+,2,Computer Science
Spring 2024,50700,C S, 311,DISCRETE MATH FOR COMPUTER SCI,"C S-311: DISCRETE MATH FOR COMPUTER SCI, Section no. 50700",A-,2,Computer Science
Spring 2024,50700,C S, 311,DISCRETE MATH FOR COMPUTER SCI,"C S-311: DISCRETE MATH FOR COMPUTER SCI, Section no. 50700",A,2,Computer Science
Spring 2024,50705,C S, 311,DISCRETE MATH FOR COMPUTER SCI,"C S-311: DISCRETE MATH FOR COMPUTER SCI, Section no. 50705",C,4,Computer Science
Spring 2024,50705,C S, 311,DISCRETE MATH FOR COMPUTER SCI,"C S-311: DISCRETE MATH FOR COMPUTER SCI, Section no. 50705",C+,2,Computer Science
Spring 2024,50705,C S, 311,DISCRETE MATH FOR COMPUTER SCI,"C S-311: DISCRETE MATH FOR COMPUTER SCI, Section no. 50705",B-,1,Computer Science
Spring 2024,50705,C S, 311,DISCRETE MATH FOR COMPUTER SCI,"C S-311: DISCRETE MATH FOR COMPUTER SCI, Section no. 50705",B,2,Computer Science
Spring 2024,50705,C S, 311,DISCRETE MATH FOR COMPUTER SCI,"C S-311: DISCRETE MATH FOR COMPUTER SCI, Section no. 50705",B+,3,Computer Science
Spring 2024,50705,C S, 311,DISCRETE MATH FOR COMPUTER SCI,"C S-311: DISCRETE MATH FOR COMPUTER SCI, Section no. 50705",A-,1,Computer Science
Spring 2024,50710,C S, 311,DISCRETE MATH FOR COMPUTER SCI,"C S-311: DISCRETE MATH FOR COMPUTER SCI, Section no. 50710",D,1,Computer Science
Spring 2024,50710,C S, 311,DISCRETE MATH FOR COMPUTER SCI,"C S-311: DISCRETE MATH FOR COMPUTER SCI, Section no. 50710",C-,3,Computer Science
Spring 2024,50710,C S, 311,DISCRETE MATH FOR COMPUTER SCI,"C S-311: DISCRETE MATH FOR COMPUTER SCI, Section no. 50710",C,1,Computer Science
Spring 2024,50710,C S, 311,DISCRETE MATH FOR COMPUTER SCI,"C S-311: DISCRETE MATH FOR COMPUTER SCI, Section no. 50710",C+,3,Computer Science
Spring 2024,50710,C S, 311,DISCRETE MATH FOR COMPUTER SCI,"C S-311: DISCRETE MATH FOR COMPUTER SCI, Section no. 50710",B-,1,Computer Science
Spring 2024,50710,C S, 311,DISCRETE MATH FOR COMPUTER SCI,"C S-311: DISCRETE MATH FOR COMPUTER SCI, Section no. 50710",B,2,Computer Science
Spring 2024,50710,C S, 311,DISCRETE MATH FOR COMPUTER SCI,"C S-311: DISCRETE MATH FOR COMPUTER SCI, Section no. 50710",B+,2,Computer Science
Spring 2024,50710,C S, 311,DISCRETE MATH FOR COMPUTER SCI,"C S-311: DISCRETE MATH FOR COMPUTER SCI, Section no. 50710",A-,3,Computer Science
Spring 2024,50710,C S, 311,DISCRETE MATH FOR COMPUTER SCI,"C S-311: DISCRETE MATH FOR COMPUTER SCI, Section no. 50710",A,2,Computer Science
Spring 2024,50715,C S, 311,DISCRETE MATH FOR COMPUTER SCI,"C S-311: DISCRETE MATH FOR COMPUTER SCI, Section no. 50715",C-,1,Computer Science
Spring 2024,50715,C S, 311,DISCRETE MATH FOR COMPUTER SCI,"C S-311: DISCRETE MATH FOR COMPUTER SCI, Section no. 50715",C,2,Computer Science
Spring 2024,50715,C S, 311,DISCRETE MATH FOR COMPUTER SCI,"C S-311: DISCRETE MATH FOR COMPUTER SCI, Section no. 50715",C+,1,Computer Science
Spring 2024,50715,C S, 311,DISCRETE MATH FOR COMPUTER SCI,"C S-311: DISCRETE MATH FOR COMPUTER SCI, Section no. 50715",B-,1,Computer Science
Spring 2024,50715,C S, 311,DISCRETE MATH FOR COMPUTER SCI,"C S-311: DISCRETE MATH FOR COMPUTER SCI, Section no. 50715",B,5,Computer Science
Spring 2024,50715,C S, 311,DISCRETE MATH FOR COMPUTER SCI,"C S-311: DISCRETE MATH FOR COMPUTER SCI, Section no. 50715",B+,5,Computer Science
Spring 2024,50715,C S, 311,DISCRETE MATH FOR COMPUTER SCI,"C S-311: DISCRETE MATH FOR COMPUTER SCI, Section no. 50715",A-,2,Computer Science
Spring 2024,50715,C S, 311,DISCRETE MATH FOR COMPUTER SCI,"C S-311: DISCRETE MATH FOR COMPUTER SCI, Section no. 50715",A,2,Computer Science
Spring 2024,50719,C S, 311,DISCRETE MATH FOR COMPUTER SCI,"C S-311: DISCRETE MATH FOR COMPUTER SCI, Section no. 50719",D,1,Computer Science
Spring 2024,50719,C S, 311,DISCRETE MATH FOR COMPUTER SCI,"C S-311: DISCRETE MATH FOR COMPUTER SCI, Section no. 50719",C-,1,Computer Science
Spring 2024,50719,C S, 311,DISCRETE MATH FOR COMPUTER SCI,"C S-311: DISCRETE MATH FOR COMPUTER SCI, Section no. 50719",C,2,Computer Science
Spring 2024,50719,C S, 311,DISCRETE MATH FOR COMPUTER SCI,"C S-311: DISCRETE MATH FOR COMPUTER SCI, Section no. 50719",B-,8,Computer Science
Spring 2024,50719,C S, 311,DISCRETE MATH FOR COMPUTER SCI,"C S-311: DISCRETE MATH FOR COMPUTER SCI, Section no. 50719",B,4,Computer Science
Spring 2024,50719,C S, 311,DISCRETE MATH FOR COMPUTER SCI,"C S-311: DISCRETE MATH FOR COMPUTER SCI, Section no. 50719",B+,1,Computer Science
Spring 2024,50719,C S, 311,DISCRETE MATH FOR COMPUTER SCI,"C S-311: DISCRETE MATH FOR COMPUTER SCI, Section no. 50719",A-,2,Computer Science
Spring 2024,50719,C S, 311,DISCRETE MATH FOR COMPUTER SCI,"C S-311: DISCRETE MATH FOR COMPUTER SCI, Section no. 50719",A,4,Computer Science
Spring 2024,50720,C S, 312,INTRODUCTION TO PROGRAMMING,"C S-312: INTRODUCTION TO PROGRAMMING, Section no. 50720",Other,7,Computer Science
Spring 2024,50720,C S, 312,INTRODUCTION TO PROGRAMMING,"C S-312: INTRODUCTION TO PROGRAMMING, Section no. 50720",F,1,Computer Science
Spring 2024,50720,C S, 312,INTRODUCTION TO PROGRAMMING,"C S-312: INTRODUCTION TO PROGRAMMING, Section no. 50720",C-,3,Computer Science
Spring 2024,50720,C S, 312,INTRODUCTION TO PROGRAMMING,"C S-312: INTRODUCTION TO PROGRAMMING, Section no. 50720",C,2,Computer Science
Spring 2024,50720,C S, 312,INTRODUCTION TO PROGRAMMING,"C S-312: INTRODUCTION TO PROGRAMMING, Section no. 50720",C+,2,Computer Science
Spring 2024,50720,C S, 312,INTRODUCTION TO PROGRAMMING,"C S-312: INTRODUCTION TO PROGRAMMING, Section no. 50720",B-,3,Computer Science
Spring 2024,50720,C S, 312,INTRODUCTION TO PROGRAMMING,"C S-312: INTRODUCTION TO PROGRAMMING, Section no. 50720",B+,3,Computer Science
Spring 2024,50725,C S, 312,INTRODUCTION TO PROGRAMMING,"C S-312: INTRODUCTION TO PROGRAMMING, Section no. 50725",Other,5,Computer Science
Spring 2024,50725,C S, 312,INTRODUCTION TO PROGRAMMING,"C S-312: INTRODUCTION TO PROGRAMMING, Section no. 50725",F,2,Computer Science
Spring 2024,50725,C S, 312,INTRODUCTION TO PROGRAMMING,"C S-312: INTRODUCTION TO PROGRAMMING, Section no. 50725",D,1,Computer Science
Spring 2024,50725,C S, 312,INTRODUCTION TO PROGRAMMING,"C S-312: INTRODUCTION TO PROGRAMMING, Section no. 50725",C-,1,Computer Science
Spring 2024,50725,C S, 312,INTRODUCTION TO PROGRAMMING,"C S-312: INTRODUCTION TO PROGRAMMING, Section no. 50725",C,2,Computer Science
Spring 2024,50725,C S, 312,INTRODUCTION TO PROGRAMMING,"C S-312: INTRODUCTION TO PROGRAMMING, Section no. 50725",B-,1,Computer Science
Spring 2024,50725,C S, 312,INTRODUCTION TO PROGRAMMING,"C S-312: INTRODUCTION TO PROGRAMMING, Section no. 50725",B,2,Computer Science
Spring 2024,50725,C S, 312,INTRODUCTION TO PROGRAMMING,"C S-312: INTRODUCTION TO PROGRAMMING, Section no. 50725",B+,1,Computer Science
Spring 2024,50725,C S, 312,INTRODUCTION TO PROGRAMMING,"C S-312: INTRODUCTION TO PROGRAMMING, Section no. 50725",A-,2,Computer Science
Spring 2024,50725,C S, 312,INTRODUCTION TO PROGRAMMING,"C S-312: INTRODUCTION TO PROGRAMMING, Section no. 50725",A,3,Computer Science
Spring 2024,50735,C S, 312,INTRODUCTION TO PROGRAMMING,"C S-312: INTRODUCTION TO PROGRAMMING, Section no. 50735",Other,2,Computer Science
Spring 2024,50735,C S, 312,INTRODUCTION TO PROGRAMMING,"C S-312: INTRODUCTION TO PROGRAMMING, Section no. 50735",F,1,Computer Science
Spring 2024,50735,C S, 312,INTRODUCTION TO PROGRAMMING,"C S-312: INTRODUCTION TO PROGRAMMING, Section no. 50735",B-,1,Computer Science
Spring 2024,50735,C S, 312,INTRODUCTION TO PROGRAMMING,"C S-312: INTRODUCTION TO PROGRAMMING, Section no. 50735",B,2,Computer Science
Spring 2024,50735,C S, 312,INTRODUCTION TO PROGRAMMING,"C S-312: INTRODUCTION TO PROGRAMMING, Section no. 50735",B+,1,Computer Science
Spring 2024,50735,C S, 312,INTRODUCTION TO PROGRAMMING,"C S-312: INTRODUCTION TO PROGRAMMING, Section no. 50735",A-,1,Computer Science
Spring 2024,50735,C S, 312,INTRODUCTION TO PROGRAMMING,"C S-312: INTRODUCTION TO PROGRAMMING, Section no. 50735",A,4,Computer Science
Spring 2024,50740,C S, 312,INTRODUCTION TO PROGRAMMING,"C S-312: INTRODUCTION TO PROGRAMMING, Section no. 50740",Other,8,Computer Science
Spring 2024,50740,C S, 312,INTRODUCTION TO PROGRAMMING,"C S-312: INTRODUCTION TO PROGRAMMING, Section no. 50740",F,2,Computer Science
Spring 2024,50740,C S, 312,INTRODUCTION TO PROGRAMMING,"C S-312: INTRODUCTION TO PROGRAMMING, Section no. 50740",C,1,Computer Science
Spring 2024,50740,C S, 312,INTRODUCTION TO PROGRAMMING,"C S-312: INTRODUCTION TO PROGRAMMING, Section no. 50740",B,2,Computer Science
Spring 2024,50740,C S, 312,INTRODUCTION TO PROGRAMMING,"C S-312: INTRODUCTION TO PROGRAMMING, Section no. 50740",A-,4,Computer Science
Spring 2024,50740,C S, 312,INTRODUCTION TO PROGRAMMING,"C S-312: INTRODUCTION TO PROGRAMMING, Section no. 50740",A,7,Computer Science
Spring 2024,50745,C S, 312,INTRODUCTION TO PROGRAMMING,"C S-312: INTRODUCTION TO PROGRAMMING, Section no. 50745",Other,4,Computer Science
Spring 2024,50745,C S, 312,INTRODUCTION TO PROGRAMMING,"C S-312: INTRODUCTION TO PROGRAMMING, Section no. 50745",F,3,Computer Science
Spring 2024,50745,C S, 312,INTRODUCTION TO PROGRAMMING,"C S-312: INTRODUCTION TO PROGRAMMING, Section no. 50745",C,1,Computer Science
Spring 2024,50745,C S, 312,INTRODUCTION TO PROGRAMMING,"C S-312: INTRODUCTION TO PROGRAMMING, Section no. 50745",C+,1,Computer Science
Spring 2024,50745,C S, 312,INTRODUCTION TO PROGRAMMING,"C S-312: INTRODUCTION TO PROGRAMMING, Section no. 50745",B-,2,Computer Science
Spring 2024,50745,C S, 312,INTRODUCTION TO PROGRAMMING,"C S-312: INTRODUCTION TO PROGRAMMING, Section no. 50745",B,1,Computer Science
Spring 2024,50745,C S, 312,INTRODUCTION TO PROGRAMMING,"C S-312: INTRODUCTION TO PROGRAMMING, Section no. 50745",B+,3,Computer Science
Spring 2024,50745,C S, 312,INTRODUCTION TO PROGRAMMING,"C S-312: INTRODUCTION TO PROGRAMMING, Section no. 50745",A-,2,Computer Science
Spring 2024,50745,C S, 312,INTRODUCTION TO PROGRAMMING,"C S-312: INTRODUCTION TO PROGRAMMING, Section no. 50745",A,5,Computer Science
Spring 2024,50750,C S, 312,INTRODUCTION TO PROGRAMMING,"C S-312: INTRODUCTION TO PROGRAMMING, Section no. 50750",Other,5,Computer Science
Spring 2024,50750,C S, 312,INTRODUCTION TO PROGRAMMING,"C S-312: INTRODUCTION TO PROGRAMMING, Section no. 50750",F,5,Computer Science
Spring 2024,50750,C S, 312,INTRODUCTION TO PROGRAMMING,"C S-312: INTRODUCTION TO PROGRAMMING, Section no. 50750",D,2,Computer Science
Spring 2024,50750,C S, 312,INTRODUCTION TO PROGRAMMING,"C S-312: INTRODUCTION TO PROGRAMMING, Section no. 50750",C-,7,Computer Science
Spring 2024,50750,C S, 312,INTRODUCTION TO PROGRAMMING,"C S-312: INTRODUCTION TO PROGRAMMING, Section no. 50750",C,1,Computer Science
Spring 2024,50750,C S, 312,INTRODUCTION TO PROGRAMMING,"C S-312: INTRODUCTION TO PROGRAMMING, Section no. 50750",C+,1,Computer Science
Spring 2024,50750,C S, 312,INTRODUCTION TO PROGRAMMING,"C S-312: INTRODUCTION TO PROGRAMMING, Section no. 50750",B-,2,Computer Science
Spring 2024,50750,C S, 312,INTRODUCTION TO PROGRAMMING,"C S-312: INTRODUCTION TO PROGRAMMING, Section no. 50750",B,1,Computer Science
Spring 2024,50750,C S, 312,INTRODUCTION TO PROGRAMMING,"C S-312: INTRODUCTION TO PROGRAMMING, Section no. 50750",A-,1,Computer Science
Spring 2024,50755,C S, 312,INTRODUCTION TO PROGRAMMING,"C S-312: INTRODUCTION TO PROGRAMMING, Section no. 50755",Other,4,Computer Science
Spring 2024,50755,C S, 312,INTRODUCTION TO PROGRAMMING,"C S-312: INTRODUCTION TO PROGRAMMING, Section no. 50755",F,2,Computer Science
Spring 2024,50755,C S, 312,INTRODUCTION TO PROGRAMMING,"C S-312: INTRODUCTION TO PROGRAMMING, Section no. 50755",D,1,Computer Science
Spring 2024,50755,C S, 312,INTRODUCTION TO PROGRAMMING,"C S-312: INTRODUCTION TO PROGRAMMING, Section no. 50755",C-,4,Computer Science
Spring 2024,50755,C S, 312,INTRODUCTION TO PROGRAMMING,"C S-312: INTRODUCTION TO PROGRAMMING, Section no. 50755",C,2,Computer Science
Spring 2024,50755,C S, 312,INTRODUCTION TO PROGRAMMING,"C S-312: INTRODUCTION TO PROGRAMMING, Section no. 50755",C+,1,Computer Science
Spring 2024,50755,C S, 312,INTRODUCTION TO PROGRAMMING,"C S-312: INTRODUCTION TO PROGRAMMING, Section no. 50755",B,4,Computer Science
Spring 2024,50755,C S, 312,INTRODUCTION TO PROGRAMMING,"C S-312: INTRODUCTION TO PROGRAMMING, Section no. 50755",B+,3,Computer Science
Spring 2024,50755,C S, 312,INTRODUCTION TO PROGRAMMING,"C S-312: INTRODUCTION TO PROGRAMMING, Section no. 50755",A,3,Computer Science
Spring 2024,50760,C S, 313E,ELEMENTS OF SOFTWARE DESIGN,"C S-313E: ELEMENTS OF SOFTWARE DESIGN, Section no. 50760",Other,4,Computer Science
Spring 2024,50760,C S, 313E,ELEMENTS OF SOFTWARE DESIGN,"C S-313E: ELEMENTS OF SOFTWARE DESIGN, Section no. 50760",F,1,Computer Science
Spring 2024,50760,C S, 313E,ELEMENTS OF SOFTWARE DESIGN,"C S-313E: ELEMENTS OF SOFTWARE DESIGN, Section no. 50760",C-,2,Computer Science
Spring 2024,50760,C S, 313E,ELEMENTS OF SOFTWARE DESIGN,"C S-313E: ELEMENTS OF SOFTWARE DESIGN, Section no. 50760",C,2,Computer Science
Spring 2024,50760,C S, 313E,ELEMENTS OF SOFTWARE DESIGN,"C S-313E: ELEMENTS OF SOFTWARE DESIGN, Section no. 50760",C+,1,Computer Science
Spring 2024,50760,C S, 313E,ELEMENTS OF SOFTWARE DESIGN,"C S-313E: ELEMENTS OF SOFTWARE DESIGN, Section no. 50760",B-,5,Computer Science
Spring 2024,50760,C S, 313E,ELEMENTS OF SOFTWARE DESIGN,"C S-313E: ELEMENTS OF SOFTWARE DESIGN, Section no. 50760",B,3,Computer Science
Spring 2024,50760,C S, 313E,ELEMENTS OF SOFTWARE DESIGN,"C S-313E: ELEMENTS OF SOFTWARE DESIGN, Section no. 50760",B+,17,Computer Science
Spring 2024,50760,C S, 313E,ELEMENTS OF SOFTWARE DESIGN,"C S-313E: ELEMENTS OF SOFTWARE DESIGN, Section no. 50760",A-,22,Computer Science
Spring 2024,50760,C S, 313E,ELEMENTS OF SOFTWARE DESIGN,"C S-313E: ELEMENTS OF SOFTWARE DESIGN, Section no. 50760",A,61,Computer Science
Spring 2024,50765,C S, 313E,ELEMENTS OF SOFTWARE DESIGN,"C S-313E: ELEMENTS OF SOFTWARE DESIGN, Section no. 50765",Other,13,Computer Science
Spring 2024,50765,C S, 313E,ELEMENTS OF SOFTWARE DESIGN,"C S-313E: ELEMENTS OF SOFTWARE DESIGN, Section no. 50765",D-,1,Computer Science
Spring 2024,50765,C S, 313E,ELEMENTS OF SOFTWARE DESIGN,"C S-313E: ELEMENTS OF SOFTWARE DESIGN, Section no. 50765",D+,1,Computer Science
Spring 2024,50765,C S, 313E,ELEMENTS OF SOFTWARE DESIGN,"C S-313E: ELEMENTS OF SOFTWARE DESIGN, Section no. 50765",C-,1,Computer Science
Spring 2024,50765,C S, 313E,ELEMENTS OF SOFTWARE DESIGN,"C S-313E: ELEMENTS OF SOFTWARE DESIGN, Section no. 50765",C,3,Computer Science
Spring 2024,50765,C S, 313E,ELEMENTS OF SOFTWARE DESIGN,"C S-313E: ELEMENTS OF SOFTWARE DESIGN, Section no. 50765",B-,1,Computer Science
Spring 2024,50765,C S, 313E,ELEMENTS OF SOFTWARE DESIGN,"C S-313E: ELEMENTS OF SOFTWARE DESIGN, Section no. 50765",B,4,Computer Science
Spring 2024,50765,C S, 313E,ELEMENTS OF SOFTWARE DESIGN,"C S-313E: ELEMENTS OF SOFTWARE DESIGN, Section no. 50765",B+,6,Computer Science
Spring 2024,50765,C S, 313E,ELEMENTS OF SOFTWARE DESIGN,"C S-313E: ELEMENTS OF SOFTWARE DESIGN, Section no. 50765",A-,11,Computer Science
Spring 2024,50765,C S, 313E,ELEMENTS OF SOFTWARE DESIGN,"C S-313E: ELEMENTS OF SOFTWARE DESIGN, Section no. 50765",A,78,Computer Science
Spring 2024,50770,C S, 313E,ELEMENTS OF SOFTWARE DESIGN,"C S-313E: ELEMENTS OF SOFTWARE DESIGN, Section no. 50770",Other,11,Computer Science
Spring 2024,50770,C S, 313E,ELEMENTS OF SOFTWARE DESIGN,"C S-313E: ELEMENTS OF SOFTWARE DESIGN, Section no. 50770",C,1,Computer Science
Spring 2024,50770,C S, 313E,ELEMENTS OF SOFTWARE DESIGN,"C S-313E: ELEMENTS OF SOFTWARE DESIGN, Section no. 50770",C+,3,Computer Science
Spring 2024,50770,C S, 313E,ELEMENTS OF SOFTWARE DESIGN,"C S-313E: ELEMENTS OF SOFTWARE DESIGN, Section no. 50770",B-,3,Computer Science
Spring 2024,50770,C S, 313E,ELEMENTS OF SOFTWARE DESIGN,"C S-313E: ELEMENTS OF SOFTWARE DESIGN, Section no. 50770",B,4,Computer Science
Spring 2024,50770,C S, 313E,ELEMENTS OF SOFTWARE DESIGN,"C S-313E: ELEMENTS OF SOFTWARE DESIGN, Section no. 50770",B+,5,Computer Science
Spring 2024,50770,C S, 313E,ELEMENTS OF SOFTWARE DESIGN,"C S-313E: ELEMENTS OF SOFTWARE DESIGN, Section no. 50770",A-,9,Computer Science
Spring 2024,50770,C S, 313E,ELEMENTS OF SOFTWARE DESIGN,"C S-313E: ELEMENTS OF SOFTWARE DESIGN, Section no. 50770",A,83,Computer Science
Spring 2024,50775,C S, 313E,ELEMENTS OF SOFTWARE DESIGN,"C S-313E: ELEMENTS OF SOFTWARE DESIGN, Section no. 50775",Other,4,Computer Science
Spring 2024,50775,C S, 313E,ELEMENTS OF SOFTWARE DESIGN,"C S-313E: ELEMENTS OF SOFTWARE DESIGN, Section no. 50775",F,1,Computer Science
Spring 2024,50775,C S, 313E,ELEMENTS OF SOFTWARE DESIGN,"C S-313E: ELEMENTS OF SOFTWARE DESIGN, Section no. 50775",C,2,Computer Science
Spring 2024,50775,C S, 313E,ELEMENTS OF SOFTWARE DESIGN,"C S-313E: ELEMENTS OF SOFTWARE DESIGN, Section no. 50775",C+,2,Computer Science
Spring 2024,50775,C S, 313E,ELEMENTS OF SOFTWARE DESIGN,"C S-313E: ELEMENTS OF SOFTWARE DESIGN, Section no. 50775",B-,3,Computer Science
Spring 2024,50775,C S, 313E,ELEMENTS OF SOFTWARE DESIGN,"C S-313E: ELEMENTS OF SOFTWARE DESIGN, Section no. 50775",B,3,Computer Science
Spring 2024,50775,C S, 313E,ELEMENTS OF SOFTWARE DESIGN,"C S-313E: ELEMENTS OF SOFTWARE DESIGN, Section no. 50775",B+,2,Computer Science
Spring 2024,50775,C S, 313E,ELEMENTS OF SOFTWARE DESIGN,"C S-313E: ELEMENTS OF SOFTWARE DESIGN, Section no. 50775",A-,2,Computer Science
Spring 2024,50775,C S, 313E,ELEMENTS OF SOFTWARE DESIGN,"C S-313E: ELEMENTS OF SOFTWARE DESIGN, Section no. 50775",A,104,Computer Science
Spring 2024,50780,C S, 314,DATA STRUCTURES,"C S-314: DATA STRUCTURES, Section no. 50780",Other,3,Computer Science
Spring 2024,50780,C S, 314,DATA STRUCTURES,"C S-314: DATA STRUCTURES, Section no. 50780",D,1,Computer Science
Spring 2024,50780,C S, 314,DATA STRUCTURES,"C S-314: DATA STRUCTURES, Section no. 50780",D+,2,Computer Science
Spring 2024,50780,C S, 314,DATA STRUCTURES,"C S-314: DATA STRUCTURES, Section no. 50780",C-,4,Computer Science
Spring 2024,50780,C S, 314,DATA STRUCTURES,"C S-314: DATA STRUCTURES, Section no. 50780",C,1,Computer Science
Spring 2024,50780,C S, 314,DATA STRUCTURES,"C S-314: DATA STRUCTURES, Section no. 50780",C+,3,Computer Science
Spring 2024,50780,C S, 314,DATA STRUCTURES,"C S-314: DATA STRUCTURES, Section no. 50780",B-,2,Computer Science
Spring 2024,50780,C S, 314,DATA STRUCTURES,"C S-314: DATA STRUCTURES, Section no. 50780",B,4,Computer Science
Spring 2024,50780,C S, 314,DATA STRUCTURES,"C S-314: DATA STRUCTURES, Section no. 50780",B+,2,Computer Science
Spring 2024,50780,C S, 314,DATA STRUCTURES,"C S-314: DATA STRUCTURES, Section no. 50780",A,2,Computer Science
Spring 2024,50785,C S, 314,DATA STRUCTURES,"C S-314: DATA STRUCTURES, Section no. 50785",Other,2,Computer Science
Spring 2024,50785,C S, 314,DATA STRUCTURES,"C S-314: DATA STRUCTURES, Section no. 50785",D-,2,Computer Science
Spring 2024,50785,C S, 314,DATA STRUCTURES,"C S-314: DATA STRUCTURES, Section no. 50785",D,2,Computer Science
Spring 2024,50785,C S, 314,DATA STRUCTURES,"C S-314: DATA STRUCTURES, Section no. 50785",D+,1,Computer Science
Spring 2024,50785,C S, 314,DATA STRUCTURES,"C S-314: DATA STRUCTURES, Section no. 50785",C,2,Computer Science
Spring 2024,50785,C S, 314,DATA STRUCTURES,"C S-314: DATA STRUCTURES, Section no. 50785",C+,2,Computer Science
Spring 2024,50785,C S, 314,DATA STRUCTURES,"C S-314: DATA STRUCTURES, Section no. 50785",B-,2,Computer Science
Spring 2024,50785,C S, 314,DATA STRUCTURES,"C S-314: DATA STRUCTURES, Section no. 50785",B,4,Computer Science
Spring 2024,50785,C S, 314,DATA STRUCTURES,"C S-314: DATA STRUCTURES, Section no. 50785",B+,3,Computer Science
Spring 2024,50785,C S, 314,DATA STRUCTURES,"C S-314: DATA STRUCTURES, Section no. 50785",A-,1,Computer Science
Spring 2024,50785,C S, 314,DATA STRUCTURES,"C S-314: DATA STRUCTURES, Section no. 50785",A,2,Computer Science
Spring 2024,50790,C S, 314,DATA STRUCTURES,"C S-314: DATA STRUCTURES, Section no. 50790",Other,2,Computer Science
Spring 2024,50790,C S, 314,DATA STRUCTURES,"C S-314: DATA STRUCTURES, Section no. 50790",D,1,Computer Science
Spring 2024,50790,C S, 314,DATA STRUCTURES,"C S-314: DATA STRUCTURES, Section no. 50790",D+,2,Computer Science
Spring 2024,50790,C S, 314,DATA STRUCTURES,"C S-314: DATA STRUCTURES, Section no. 50790",C-,1,Computer Science
Spring 2024,50790,C S, 314,DATA STRUCTURES,"C S-314: DATA STRUCTURES, Section no. 50790",C,2,Computer Science
Spring 2024,50790,C S, 314,DATA STRUCTURES,"C S-314: DATA STRUCTURES, Section no. 50790",B-,3,Computer Science
Spring 2024,50790,C S, 314,DATA STRUCTURES,"C S-314: DATA STRUCTURES, Section no. 50790",B,4,Computer Science
Spring 2024,50790,C S, 314,DATA STRUCTURES,"C S-314: DATA STRUCTURES, Section no. 50790",B+,3,Computer Science
Spring 2024,50790,C S, 314,DATA STRUCTURES,"C S-314: DATA STRUCTURES, Section no. 50790",A-,2,Computer Science
Spring 2024,50790,C S, 314,DATA STRUCTURES,"C S-314: DATA STRUCTURES, Section no. 50790",A,1,Computer Science
Spring 2024,50795,C S, 314,DATA STRUCTURES,"C S-314: DATA STRUCTURES, Section no. 50795",Other,2,Computer Science
Spring 2024,50795,C S, 314,DATA STRUCTURES,"C S-314: DATA STRUCTURES, Section no. 50795",F,1,Computer Science
Spring 2024,50795,C S, 314,DATA STRUCTURES,"C S-314: DATA STRUCTURES, Section no. 50795",D,2,Computer Science
Spring 2024,50795,C S, 314,DATA STRUCTURES,"C S-314: DATA STRUCTURES, Section no. 50795",D+,1,Computer Science
Spring 2024,50795,C S, 314,DATA STRUCTURES,"C S-314: DATA STRUCTURES, Section no. 50795",C,4,Computer Science
Spring 2024,50795,C S, 314,DATA STRUCTURES,"C S-314: DATA STRUCTURES, Section no. 50795",C+,1,Computer Science
Spring 2024,50795,C S, 314,DATA STRUCTURES,"C S-314: DATA STRUCTURES, Section no. 50795",B-,1,Computer Science
Spring 2024,50795,C S, 314,DATA STRUCTURES,"C S-314: DATA STRUCTURES, Section no. 50795",B,3,Computer Science
Spring 2024,50795,C S, 314,DATA STRUCTURES,"C S-314: DATA STRUCTURES, Section no. 50795",A-,2,Computer Science
Spring 2024,50795,C S, 314,DATA STRUCTURES,"C S-314: DATA STRUCTURES, Section no. 50795",A,6,Computer Science
Spring 2024,50800,C S, 314,DATA STRUCTURES,"C S-314: DATA STRUCTURES, Section no. 50800",C-,1,Computer Science
Spring 2024,50800,C S, 314,DATA STRUCTURES,"C S-314: DATA STRUCTURES, Section no. 50800",C,4,Computer Science
Spring 2024,50800,C S, 314,DATA STRUCTURES,"C S-314: DATA STRUCTURES, Section no. 50800",C+,2,Computer Science
Spring 2024,50800,C S, 314,DATA STRUCTURES,"C S-314: DATA STRUCTURES, Section no. 50800",B-,5,Computer Science
Spring 2024,50800,C S, 314,DATA STRUCTURES,"C S-314: DATA STRUCTURES, Section no. 50800",B,4,Computer Science
Spring 2024,50800,C S, 314,DATA STRUCTURES,"C S-314: DATA STRUCTURES, Section no. 50800",B+,1,Computer Science
Spring 2024,50800,C S, 314,DATA STRUCTURES,"C S-314: DATA STRUCTURES, Section no. 50800",A-,3,Computer Science
Spring 2024,50800,C S, 314,DATA STRUCTURES,"C S-314: DATA STRUCTURES, Section no. 50800",A,3,Computer Science
Spring 2024,50805,C S, 314,DATA STRUCTURES,"C S-314: DATA STRUCTURES, Section no. 50805",Other,1,Computer Science
Spring 2024,50805,C S, 314,DATA STRUCTURES,"C S-314: DATA STRUCTURES, Section no. 50805",D,1,Computer Science
Spring 2024,50805,C S, 314,DATA STRUCTURES,"C S-314: DATA STRUCTURES, Section no. 50805",C-,1,Computer Science
Spring 2024,50805,C S, 314,DATA STRUCTURES,"C S-314: DATA STRUCTURES, Section no. 50805",C,1,Computer Science
Spring 2024,50805,C S, 314,DATA STRUCTURES,"C S-314: DATA STRUCTURES, Section no. 50805",C+,1,Computer Science
Spring 2024,50805,C S, 314,DATA STRUCTURES,"C S-314: DATA STRUCTURES, Section no. 50805",B,4,Computer Science
Spring 2024,50805,C S, 314,DATA STRUCTURES,"C S-314: DATA STRUCTURES, Section no. 50805",B+,2,Computer Science
Spring 2024,50805,C S, 314,DATA STRUCTURES,"C S-314: DATA STRUCTURES, Section no. 50805",A-,4,Computer Science
Spring 2024,50805,C S, 314,DATA STRUCTURES,"C S-314: DATA STRUCTURES, Section no. 50805",A,8,Computer Science
Spring 2024,50810,C S, 314,DATA STRUCTURES,"C S-314: DATA STRUCTURES, Section no. 50810",F,2,Computer Science
Spring 2024,50810,C S, 314,DATA STRUCTURES,"C S-314: DATA STRUCTURES, Section no. 50810",D+,1,Computer Science
Spring 2024,50810,C S, 314,DATA STRUCTURES,"C S-314: DATA STRUCTURES, Section no. 50810",C-,1,Computer Science
Spring 2024,50810,C S, 314,DATA STRUCTURES,"C S-314: DATA STRUCTURES, Section no. 50810",C,1,Computer Science
Spring 2024,50810,C S, 314,DATA STRUCTURES,"C S-314: DATA STRUCTURES, Section no. 50810",C+,3,Computer Science
Spring 2024,50810,C S, 314,DATA STRUCTURES,"C S-314: DATA STRUCTURES, Section no. 50810",B-,3,Computer Science
Spring 2024,50810,C S, 314,DATA STRUCTURES,"C S-314: DATA STRUCTURES, Section no. 50810",B,3,Computer Science
Spring 2024,50810,C S, 314,DATA STRUCTURES,"C S-314: DATA STRUCTURES, Section no. 50810",A-,1,Computer Science
Spring 2024,50810,C S, 314,DATA STRUCTURES,"C S-314: DATA STRUCTURES, Section no. 50810",A,6,Computer Science
Spring 2024,50815,C S, 314,DATA STRUCTURES,"C S-314: DATA STRUCTURES, Section no. 50815",F,1,Computer Science
Spring 2024,50815,C S, 314,DATA STRUCTURES,"C S-314: DATA STRUCTURES, Section no. 50815",D+,1,Computer Science
Spring 2024,50815,C S, 314,DATA STRUCTURES,"C S-314: DATA STRUCTURES, Section no. 50815",C,3,Computer Science
Spring 2024,50815,C S, 314,DATA STRUCTURES,"C S-314: DATA STRUCTURES, Section no. 50815",C+,3,Computer Science
Spring 2024,50815,C S, 314,DATA STRUCTURES,"C S-314: DATA STRUCTURES, Section no. 50815",B-,4,Computer Science
Spring 2024,50815,C S, 314,DATA STRUCTURES,"C S-314: DATA STRUCTURES, Section no. 50815",B,1,Computer Science
Spring 2024,50815,C S, 314,DATA STRUCTURES,"C S-314: DATA STRUCTURES, Section no. 50815",B+,5,Computer Science
Spring 2024,50815,C S, 314,DATA STRUCTURES,"C S-314: DATA STRUCTURES, Section no. 50815",A-,2,Computer Science
Spring 2024,50815,C S, 314,DATA STRUCTURES,"C S-314: DATA STRUCTURES, Section no. 50815",A,4,Computer Science
Spring 2024,50820,C S, 314,DATA STRUCTURES,"C S-314: DATA STRUCTURES, Section no. 50820",Other,1,Computer Science
Spring 2024,50820,C S, 314,DATA STRUCTURES,"C S-314: DATA STRUCTURES, Section no. 50820",F,1,Computer Science
Spring 2024,50820,C S, 314,DATA STRUCTURES,"C S-314: DATA STRUCTURES, Section no. 50820",D,1,Computer Science
Spring 2024,50820,C S, 314,DATA STRUCTURES,"C S-314: DATA STRUCTURES, Section no. 50820",C-,1,Computer Science
Spring 2024,50820,C S, 314,DATA STRUCTURES,"C S-314: DATA STRUCTURES, Section no. 50820",C,3,Computer Science
Spring 2024,50820,C S, 314,DATA STRUCTURES,"C S-314: DATA STRUCTURES, Section no. 50820",C+,4,Computer Science
Spring 2024,50820,C S, 314,DATA STRUCTURES,"C S-314: DATA STRUCTURES, Section no. 50820",B,3,Computer Science
Spring 2024,50820,C S, 314,DATA STRUCTURES,"C S-314: DATA STRUCTURES, Section no. 50820",B+,2,Computer Science
Spring 2024,50820,C S, 314,DATA STRUCTURES,"C S-314: DATA STRUCTURES, Section no. 50820",A-,3,Computer Science
Spring 2024,50820,C S, 314,DATA STRUCTURES,"C S-314: DATA STRUCTURES, Section no. 50820",A,2,Computer Science
Spring 2024,50825,C S, 314,DATA STRUCTURES,"C S-314: DATA STRUCTURES, Section no. 50825",Other,3,Computer Science
Spring 2024,50825,C S, 314,DATA STRUCTURES,"C S-314: DATA STRUCTURES, Section no. 50825",C-,2,Computer Science
Spring 2024,50825,C S, 314,DATA STRUCTURES,"C S-314: DATA STRUCTURES, Section no. 50825",C,1,Computer Science
Spring 2024,50825,C S, 314,DATA STRUCTURES,"C S-314: DATA STRUCTURES, Section no. 50825",C+,2,Computer Science
Spring 2024,50825,C S, 314,DATA STRUCTURES,"C S-314: DATA STRUCTURES, Section no. 50825",B-,1,Computer Science
Spring 2024,50825,C S, 314,DATA STRUCTURES,"C S-314: DATA STRUCTURES, Section no. 50825",B,3,Computer Science
Spring 2024,50825,C S, 314,DATA STRUCTURES,"C S-314: DATA STRUCTURES, Section no. 50825",B+,2,Computer Science
Spring 2024,50825,C S, 314,DATA STRUCTURES,"C S-314: DATA STRUCTURES, Section no. 50825",A-,2,Computer Science
Spring 2024,50825,C S, 314,DATA STRUCTURES,"C S-314: DATA STRUCTURES, Section no. 50825",A,2,Computer Science
Spring 2024,50829,C S, 314,DATA STRUCTURES,"C S-314: DATA STRUCTURES, Section no. 50829",Other,3,Computer Science
Spring 2024,50829,C S, 314,DATA STRUCTURES,"C S-314: DATA STRUCTURES, Section no. 50829",C-,2,Computer Science
Spring 2024,50829,C S, 314,DATA STRUCTURES,"C S-314: DATA STRUCTURES, Section no. 50829",C,2,Computer Science
Spring 2024,50829,C S, 314,DATA STRUCTURES,"C S-314: DATA STRUCTURES, Section no. 50829",C+,1,Computer Science
Spring 2024,50829,C S, 314,DATA STRUCTURES,"C S-314: DATA STRUCTURES, Section no. 50829",B,6,Computer Science
Spring 2024,50829,C S, 314,DATA STRUCTURES,"C S-314: DATA STRUCTURES, Section no. 50829",B+,2,Computer Science
Spring 2024,50829,C S, 314,DATA STRUCTURES,"C S-314: DATA STRUCTURES, Section no. 50829",A-,2,Computer Science
Spring 2024,50829,C S, 314,DATA STRUCTURES,"C S-314: DATA STRUCTURES, Section no. 50829",A,5,Computer Science
Spring 2024,50830,C S, 323E,ELEMENTS OF SCIENTIF COMPUTING,"C S-323E: ELEMENTS OF SCIENTIF COMPUTING, Section no. 50830",Other,2,Computer Science
Spring 2024,50830,C S, 323E,ELEMENTS OF SCIENTIF COMPUTING,"C S-323E: ELEMENTS OF SCIENTIF COMPUTING, Section no. 50830",C,2,Computer Science
Spring 2024,50830,C S, 323E,ELEMENTS OF SCIENTIF COMPUTING,"C S-323E: ELEMENTS OF SCIENTIF COMPUTING, Section no. 50830",B-,2,Computer Science
Spring 2024,50830,C S, 323E,ELEMENTS OF SCIENTIF COMPUTING,"C S-323E: ELEMENTS OF SCIENTIF COMPUTING, Section no. 50830",B,3,Computer Science
Spring 2024,50830,C S, 323E,ELEMENTS OF SCIENTIF COMPUTING,"C S-323E: ELEMENTS OF SCIENTIF COMPUTING, Section no. 50830",B+,8,Computer Science
Spring 2024,50830,C S, 323E,ELEMENTS OF SCIENTIF COMPUTING,"C S-323E: ELEMENTS OF SCIENTIF COMPUTING, Section no. 50830",A-,11,Computer Science
Spring 2024,50830,C S, 323E,ELEMENTS OF SCIENTIF COMPUTING,"C S-323E: ELEMENTS OF SCIENTIF COMPUTING, Section no. 50830",A,41,Computer Science
Spring 2024,50835,C S, 324E,ELEM OF GRAPHICS/VISUALIZATN,"C S-324E: ELEM OF GRAPHICS/VISUALIZATN, Section no. 50835",Other,3,Computer Science
Spring 2024,50835,C S, 324E,ELEM OF GRAPHICS/VISUALIZATN,"C S-324E: ELEM OF GRAPHICS/VISUALIZATN, Section no. 50835",F,1,Computer Science
Spring 2024,50835,C S, 324E,ELEM OF GRAPHICS/VISUALIZATN,"C S-324E: ELEM OF GRAPHICS/VISUALIZATN, Section no. 50835",C-,1,Computer Science
Spring 2024,50835,C S, 324E,ELEM OF GRAPHICS/VISUALIZATN,"C S-324E: ELEM OF GRAPHICS/VISUALIZATN, Section no. 50835",C+,1,Computer Science
Spring 2024,50835,C S, 324E,ELEM OF GRAPHICS/VISUALIZATN,"C S-324E: ELEM OF GRAPHICS/VISUALIZATN, Section no. 50835",B,1,Computer Science
Spring 2024,50835,C S, 324E,ELEM OF GRAPHICS/VISUALIZATN,"C S-324E: ELEM OF GRAPHICS/VISUALIZATN, Section no. 50835",B+,3,Computer Science
Spring 2024,50835,C S, 324E,ELEM OF GRAPHICS/VISUALIZATN,"C S-324E: ELEM OF GRAPHICS/VISUALIZATN, Section no. 50835",A-,1,Computer Science
Spring 2024,50835,C S, 324E,ELEM OF GRAPHICS/VISUALIZATN,"C S-324E: ELEM OF GRAPHICS/VISUALIZATN, Section no. 50835",A,48,Computer Science
Spring 2024,50840,C S, 324E,ELEM OF GRAPHICS/VISUALIZATN,"C S-324E: ELEM OF GRAPHICS/VISUALIZATN, Section no. 50840",Other,2,Computer Science
Spring 2024,50840,C S, 324E,ELEM OF GRAPHICS/VISUALIZATN,"C S-324E: ELEM OF GRAPHICS/VISUALIZATN, Section no. 50840",C+,1,Computer Science
Spring 2024,50840,C S, 324E,ELEM OF GRAPHICS/VISUALIZATN,"C S-324E: ELEM OF GRAPHICS/VISUALIZATN, Section no. 50840",A-,1,Computer Science
Spring 2024,50840,C S, 324E,ELEM OF GRAPHICS/VISUALIZATN,"C S-324E: ELEM OF GRAPHICS/VISUALIZATN, Section no. 50840",A,57,Computer Science
Spring 2024,50843,C S, 326E,ELEMENTS OF NETWORKING,"C S-326E: ELEMENTS OF NETWORKING, Section no. 50843",Other,4,Computer Science
Spring 2024,50843,C S, 326E,ELEMENTS OF NETWORKING,"C S-326E: ELEMENTS OF NETWORKING, Section no. 50843",C-,1,Computer Science
Spring 2024,50843,C S, 326E,ELEMENTS OF NETWORKING,"C S-326E: ELEMENTS OF NETWORKING, Section no. 50843",C,1,Computer Science
Spring 2024,50843,C S, 326E,ELEMENTS OF NETWORKING,"C S-326E: ELEMENTS OF NETWORKING, Section no. 50843",C+,2,Computer Science
Spring 2024,50843,C S, 326E,ELEMENTS OF NETWORKING,"C S-326E: ELEMENTS OF NETWORKING, Section no. 50843",B-,2,Computer Science
Spring 2024,50843,C S, 326E,ELEMENTS OF NETWORKING,"C S-326E: ELEMENTS OF NETWORKING, Section no. 50843",B,10,Computer Science
Spring 2024,50843,C S, 326E,ELEMENTS OF NETWORKING,"C S-326E: ELEMENTS OF NETWORKING, Section no. 50843",B+,16,Computer Science
Spring 2024,50843,C S, 326E,ELEMENTS OF NETWORKING,"C S-326E: ELEMENTS OF NETWORKING, Section no. 50843",A-,12,Computer Science
Spring 2024,50843,C S, 326E,ELEMENTS OF NETWORKING,"C S-326E: ELEMENTS OF NETWORKING, Section no. 50843",A,13,Computer Science
Spring 2024,50844,C S, 326E,ELEMENTS OF NETWORKING,"C S-326E: ELEMENTS OF NETWORKING, Section no. 50844",Other,10,Computer Science
Spring 2024,50844,C S, 326E,ELEMENTS OF NETWORKING,"C S-326E: ELEMENTS OF NETWORKING, Section no. 50844",D+,1,Computer Science
Spring 2024,50844,C S, 326E,ELEMENTS OF NETWORKING,"C S-326E: ELEMENTS OF NETWORKING, Section no. 50844",C-,2,Computer Science
Spring 2024,50844,C S, 326E,ELEMENTS OF NETWORKING,"C S-326E: ELEMENTS OF NETWORKING, Section no. 50844",C,5,Computer Science
Spring 2024,50844,C S, 326E,ELEMENTS OF NETWORKING,"C S-326E: ELEMENTS OF NETWORKING, Section no. 50844",C+,2,Computer Science
Spring 2024,50844,C S, 326E,ELEMENTS OF NETWORKING,"C S-326E: ELEMENTS OF NETWORKING, Section no. 50844",B-,2,Computer Science
Spring 2024,50844,C S, 326E,ELEMENTS OF NETWORKING,"C S-326E: ELEMENTS OF NETWORKING, Section no. 50844",B,4,Computer Science
Spring 2024,50844,C S, 326E,ELEMENTS OF NETWORKING,"C S-326E: ELEMENTS OF NETWORKING, Section no. 50844",B+,11,Computer Science
Spring 2024,50844,C S, 326E,ELEMENTS OF NETWORKING,"C S-326E: ELEMENTS OF NETWORKING, Section no. 50844",A-,10,Computer Science
Spring 2024,50844,C S, 326E,ELEMENTS OF NETWORKING,"C S-326E: ELEMENTS OF NETWORKING, Section no. 50844",A,18,Computer Science
Spring 2024,50845,C S, 327E,ELEMENTS OF DATABASES,"C S-327E: ELEMENTS OF DATABASES, Section no. 50845",C+,2,Computer Science
Spring 2024,50845,C S, 327E,ELEMENTS OF DATABASES,"C S-327E: ELEMENTS OF DATABASES, Section no. 50845",B-,2,Computer Science
Spring 2024,50845,C S, 327E,ELEMENTS OF DATABASES,"C S-327E: ELEMENTS OF DATABASES, Section no. 50845",B,4,Computer Science
Spring 2024,50845,C S, 327E,ELEMENTS OF DATABASES,"C S-327E: ELEMENTS OF DATABASES, Section no. 50845",B+,4,Computer Science
Spring 2024,50845,C S, 327E,ELEMENTS OF DATABASES,"C S-327E: ELEMENTS OF DATABASES, Section no. 50845",A-,19,Computer Science
Spring 2024,50845,C S, 327E,ELEMENTS OF DATABASES,"C S-327E: ELEMENTS OF DATABASES, Section no. 50845",A,29,Computer Science
Spring 2024,50850,C S, 327E,ELEMENTS OF DATABASES,"C S-327E: ELEMENTS OF DATABASES, Section no. 50850",Other,1,Computer Science
Spring 2024,50850,C S, 327E,ELEMENTS OF DATABASES,"C S-327E: ELEMENTS OF DATABASES, Section no. 50850",C-,1,Computer Science
Spring 2024,50850,C S, 327E,ELEMENTS OF DATABASES,"C S-327E: ELEMENTS OF DATABASES, Section no. 50850",B-,3,Computer Science
Spring 2024,50850,C S, 327E,ELEMENTS OF DATABASES,"C S-327E: ELEMENTS OF DATABASES, Section no. 50850",B,3,Computer Science
Spring 2024,50850,C S, 327E,ELEMENTS OF DATABASES,"C S-327E: ELEMENTS OF DATABASES, Section no. 50850",B+,4,Computer Science
Spring 2024,50850,C S, 327E,ELEMENTS OF DATABASES,"C S-327E: ELEMENTS OF DATABASES, Section no. 50850",A-,13,Computer Science
Spring 2024,50850,C S, 327E,ELEMENTS OF DATABASES,"C S-327E: ELEMENTS OF DATABASES, Section no. 50850",A,35,Computer Science
Spring 2024,50855,C S, 429,COMP ORGANIZATN AND ARCH,"C S-429: COMP ORGANIZATN AND ARCH, Section no. 50855",Other,4,Computer Science
Spring 2024,50855,C S, 429,COMP ORGANIZATN AND ARCH,"C S-429: COMP ORGANIZATN AND ARCH, Section no. 50855",F,1,Computer Science
Spring 2024,50855,C S, 429,COMP ORGANIZATN AND ARCH,"C S-429: COMP ORGANIZATN AND ARCH, Section no. 50855",C-,3,Computer Science
Spring 2024,50855,C S, 429,COMP ORGANIZATN AND ARCH,"C S-429: COMP ORGANIZATN AND ARCH, Section no. 50855",C,2,Computer Science
Spring 2024,50855,C S, 429,COMP ORGANIZATN AND ARCH,"C S-429: COMP ORGANIZATN AND ARCH, Section no. 50855",C+,4,Computer Science
Spring 2024,50855,C S, 429,COMP ORGANIZATN AND ARCH,"C S-429: COMP ORGANIZATN AND ARCH, Section no. 50855",B-,8,Computer Science
Spring 2024,50855,C S, 429,COMP ORGANIZATN AND ARCH,"C S-429: COMP ORGANIZATN AND ARCH, Section no. 50855",B,6,Computer Science
Spring 2024,50855,C S, 429,COMP ORGANIZATN AND ARCH,"C S-429: COMP ORGANIZATN AND ARCH, Section no. 50855",B+,14,Computer Science
Spring 2024,50855,C S, 429,COMP ORGANIZATN AND ARCH,"C S-429: COMP ORGANIZATN AND ARCH, Section no. 50855",A-,2,Computer Science
Spring 2024,50855,C S, 429,COMP ORGANIZATN AND ARCH,"C S-429: COMP ORGANIZATN AND ARCH, Section no. 50855",A,5,Computer Science
Spring 2024,50860,C S, 429,COMP ORGANIZATN AND ARCH,"C S-429: COMP ORGANIZATN AND ARCH, Section no. 50860",Other,1,Computer Science
Spring 2024,50860,C S, 429,COMP ORGANIZATN AND ARCH,"C S-429: COMP ORGANIZATN AND ARCH, Section no. 50860",F,1,Computer Science
Spring 2024,50860,C S, 429,COMP ORGANIZATN AND ARCH,"C S-429: COMP ORGANIZATN AND ARCH, Section no. 50860",C-,2,Computer Science
Spring 2024,50860,C S, 429,COMP ORGANIZATN AND ARCH,"C S-429: COMP ORGANIZATN AND ARCH, Section no. 50860",C,4,Computer Science
Spring 2024,50860,C S, 429,COMP ORGANIZATN AND ARCH,"C S-429: COMP ORGANIZATN AND ARCH, Section no. 50860",C+,3,Computer Science
Spring 2024,50860,C S, 429,COMP ORGANIZATN AND ARCH,"C S-429: COMP ORGANIZATN AND ARCH, Section no. 50860",B-,5,Computer Science
Spring 2024,50860,C S, 429,COMP ORGANIZATN AND ARCH,"C S-429: COMP ORGANIZATN AND ARCH, Section no. 50860",B,10,Computer Science
Spring 2024,50860,C S, 429,COMP ORGANIZATN AND ARCH,"C S-429: COMP ORGANIZATN AND ARCH, Section no. 50860",B+,8,Computer Science
Spring 2024,50860,C S, 429,COMP ORGANIZATN AND ARCH,"C S-429: COMP ORGANIZATN AND ARCH, Section no. 50860",A-,3,Computer Science
Spring 2024,50860,C S, 429,COMP ORGANIZATN AND ARCH,"C S-429: COMP ORGANIZATN AND ARCH, Section no. 50860",A,11,Computer Science
Spring 2024,50865,C S, 429,COMP ORGANIZATN AND ARCH,"C S-429: COMP ORGANIZATN AND ARCH, Section no. 50865",Other,2,Computer Science
Spring 2024,50865,C S, 429,COMP ORGANIZATN AND ARCH,"C S-429: COMP ORGANIZATN AND ARCH, Section no. 50865",D+,1,Computer Science
Spring 2024,50865,C S, 429,COMP ORGANIZATN AND ARCH,"C S-429: COMP ORGANIZATN AND ARCH, Section no. 50865",C-,2,Computer Science
Spring 2024,50865,C S, 429,COMP ORGANIZATN AND ARCH,"C S-429: COMP ORGANIZATN AND ARCH, Section no. 50865",C,1,Computer Science
Spring 2024,50865,C S, 429,COMP ORGANIZATN AND ARCH,"C S-429: COMP ORGANIZATN AND ARCH, Section no. 50865",C+,2,Computer Science
Spring 2024,50865,C S, 429,COMP ORGANIZATN AND ARCH,"C S-429: COMP ORGANIZATN AND ARCH, Section no. 50865",B-,9,Computer Science
Spring 2024,50865,C S, 429,COMP ORGANIZATN AND ARCH,"C S-429: COMP ORGANIZATN AND ARCH, Section no. 50865",B,6,Computer Science
Spring 2024,50865,C S, 429,COMP ORGANIZATN AND ARCH,"C S-429: COMP ORGANIZATN AND ARCH, Section no. 50865",B+,8,Computer Science
Spring 2024,50865,C S, 429,COMP ORGANIZATN AND ARCH,"C S-429: COMP ORGANIZATN AND ARCH, Section no. 50865",A-,2,Computer Science
Spring 2024,50865,C S, 429,COMP ORGANIZATN AND ARCH,"C S-429: COMP ORGANIZATN AND ARCH, Section no. 50865",A,14,Computer Science
Spring 2024,50870,C S, 429,COMP ORGANIZATN AND ARCH,"C S-429: COMP ORGANIZATN AND ARCH, Section no. 50870",Other,1,Computer Science
Spring 2024,50870,C S, 429,COMP ORGANIZATN AND ARCH,"C S-429: COMP ORGANIZATN AND ARCH, Section no. 50870",C-,1,Computer Science
Spring 2024,50870,C S, 429,COMP ORGANIZATN AND ARCH,"C S-429: COMP ORGANIZATN AND ARCH, Section no. 50870",C,2,Computer Science
Spring 2024,50870,C S, 429,COMP ORGANIZATN AND ARCH,"C S-429: COMP ORGANIZATN AND ARCH, Section no. 50870",C+,4,Computer Science
Spring 2024,50870,C S, 429,COMP ORGANIZATN AND ARCH,"C S-429: COMP ORGANIZATN AND ARCH, Section no. 50870",B-,6,Computer Science
Spring 2024,50870,C S, 429,COMP ORGANIZATN AND ARCH,"C S-429: COMP ORGANIZATN AND ARCH, Section no. 50870",B,5,Computer Science
Spring 2024,50870,C S, 429,COMP ORGANIZATN AND ARCH,"C S-429: COMP ORGANIZATN AND ARCH, Section no. 50870",B+,11,Computer Science
Spring 2024,50870,C S, 429,COMP ORGANIZATN AND ARCH,"C S-429: COMP ORGANIZATN AND ARCH, Section no. 50870",A-,5,Computer Science
Spring 2024,50870,C S, 429,COMP ORGANIZATN AND ARCH,"C S-429: COMP ORGANIZATN AND ARCH, Section no. 50870",A,7,Computer Science
Spring 2024,50875,C S, 429,COMP ORGANIZATN AND ARCH,"C S-429: COMP ORGANIZATN AND ARCH, Section no. 50875",Other,3,Computer Science
Spring 2024,50875,C S, 429,COMP ORGANIZATN AND ARCH,"C S-429: COMP ORGANIZATN AND ARCH, Section no. 50875",C-,2,Computer Science
Spring 2024,50875,C S, 429,COMP ORGANIZATN AND ARCH,"C S-429: COMP ORGANIZATN AND ARCH, Section no. 50875",C,4,Computer Science
Spring 2024,50875,C S, 429,COMP ORGANIZATN AND ARCH,"C S-429: COMP ORGANIZATN AND ARCH, Section no. 50875",C+,8,Computer Science
Spring 2024,50875,C S, 429,COMP ORGANIZATN AND ARCH,"C S-429: COMP ORGANIZATN AND ARCH, Section no. 50875",B-,6,Computer Science
Spring 2024,50875,C S, 429,COMP ORGANIZATN AND ARCH,"C S-429: COMP ORGANIZATN AND ARCH, Section no. 50875",B,5,Computer Science
Spring 2024,50875,C S, 429,COMP ORGANIZATN AND ARCH,"C S-429: COMP ORGANIZATN AND ARCH, Section no. 50875",B+,7,Computer Science
Spring 2024,50875,C S, 429,COMP ORGANIZATN AND ARCH,"C S-429: COMP ORGANIZATN AND ARCH, Section no. 50875",A-,7,Computer Science
Spring 2024,50875,C S, 429,COMP ORGANIZATN AND ARCH,"C S-429: COMP ORGANIZATN AND ARCH, Section no. 50875",A,5,Computer Science
Spring 2024,50880,C S, 429,COMP ORGANIZATN AND ARCH,"C S-429: COMP ORGANIZATN AND ARCH, Section no. 50880",Other,6,Computer Science
Spring 2024,50880,C S, 429,COMP ORGANIZATN AND ARCH,"C S-429: COMP ORGANIZATN AND ARCH, Section no. 50880",F,1,Computer Science
Spring 2024,50880,C S, 429,COMP ORGANIZATN AND ARCH,"C S-429: COMP ORGANIZATN AND ARCH, Section no. 50880",D,1,Computer Science
Spring 2024,50880,C S, 429,COMP ORGANIZATN AND ARCH,"C S-429: COMP ORGANIZATN AND ARCH, Section no. 50880",C-,1,Computer Science
Spring 2024,50880,C S, 429,COMP ORGANIZATN AND ARCH,"C S-429: COMP ORGANIZATN AND ARCH, Section no. 50880",C,7,Computer Science
Spring 2024,50880,C S, 429,COMP ORGANIZATN AND ARCH,"C S-429: COMP ORGANIZATN AND ARCH, Section no. 50880",C+,2,Computer Science
Spring 2024,50880,C S, 429,COMP ORGANIZATN AND ARCH,"C S-429: COMP ORGANIZATN AND ARCH, Section no. 50880",B-,1,Computer Science
Spring 2024,50880,C S, 429,COMP ORGANIZATN AND ARCH,"C S-429: COMP ORGANIZATN AND ARCH, Section no. 50880",B,7,Computer Science
Spring 2024,50880,C S, 429,COMP ORGANIZATN AND ARCH,"C S-429: COMP ORGANIZATN AND ARCH, Section no. 50880",B+,5,Computer Science
Spring 2024,50880,C S, 429,COMP ORGANIZATN AND ARCH,"C S-429: COMP ORGANIZATN AND ARCH, Section no. 50880",A-,2,Computer Science
Spring 2024,50880,C S, 429,COMP ORGANIZATN AND ARCH,"C S-429: COMP ORGANIZATN AND ARCH, Section no. 50880",A,8,Computer Science
Spring 2024,50884,C S, 429,COMP ORGANIZATN AND ARCH,"C S-429: COMP ORGANIZATN AND ARCH, Section no. 50884",Other,3,Computer Science
Spring 2024,50884,C S, 429,COMP ORGANIZATN AND ARCH,"C S-429: COMP ORGANIZATN AND ARCH, Section no. 50884",F,1,Computer Science
Spring 2024,50884,C S, 429,COMP ORGANIZATN AND ARCH,"C S-429: COMP ORGANIZATN AND ARCH, Section no. 50884",D-,1,Computer Science
Spring 2024,50884,C S, 429,COMP ORGANIZATN AND ARCH,"C S-429: COMP ORGANIZATN AND ARCH, Section no. 50884",D+,1,Computer Science
Spring 2024,50884,C S, 429,COMP ORGANIZATN AND ARCH,"C S-429: COMP ORGANIZATN AND ARCH, Section no. 50884",C-,1,Computer Science
Spring 2024,50884,C S, 429,COMP ORGANIZATN AND ARCH,"C S-429: COMP ORGANIZATN AND ARCH, Section no. 50884",C,5,Computer Science
Spring 2024,50884,C S, 429,COMP ORGANIZATN AND ARCH,"C S-429: COMP ORGANIZATN AND ARCH, Section no. 50884",C+,11,Computer Science
Spring 2024,50884,C S, 429,COMP ORGANIZATN AND ARCH,"C S-429: COMP ORGANIZATN AND ARCH, Section no. 50884",B-,11,Computer Science
Spring 2024,50884,C S, 429,COMP ORGANIZATN AND ARCH,"C S-429: COMP ORGANIZATN AND ARCH, Section no. 50884",B,7,Computer Science
Spring 2024,50884,C S, 429,COMP ORGANIZATN AND ARCH,"C S-429: COMP ORGANIZATN AND ARCH, Section no. 50884",B+,3,Computer Science
Spring 2024,50884,C S, 429,COMP ORGANIZATN AND ARCH,"C S-429: COMP ORGANIZATN AND ARCH, Section no. 50884",A-,2,Computer Science
Spring 2024,50884,C S, 429,COMP ORGANIZATN AND ARCH,"C S-429: COMP ORGANIZATN AND ARCH, Section no. 50884",A,2,Computer Science
Spring 2024,50885,C S, 329E,ELEMENTS OF DATA ANALYTICS,"C S-329E: ELEMENTS OF DATA ANALYTICS, Section no. 50885",Other,2,Computer Science
Spring 2024,50885,C S, 329E,ELEMENTS OF DATA ANALYTICS,"C S-329E: ELEMENTS OF DATA ANALYTICS, Section no. 50885",F,2,Computer Science
Spring 2024,50885,C S, 329E,ELEMENTS OF DATA ANALYTICS,"C S-329E: ELEMENTS OF DATA ANALYTICS, Section no. 50885",C-,2,Computer Science
Spring 2024,50885,C S, 329E,ELEMENTS OF DATA ANALYTICS,"C S-329E: ELEMENTS OF DATA ANALYTICS, Section no. 50885",C,3,Computer Science
Spring 2024,50885,C S, 329E,ELEMENTS OF DATA ANALYTICS,"C S-329E: ELEMENTS OF DATA ANALYTICS, Section no. 50885",C+,2,Computer Science
Spring 2024,50885,C S, 329E,ELEMENTS OF DATA ANALYTICS,"C S-329E: ELEMENTS OF DATA ANALYTICS, Section no. 50885",B-,3,Computer Science
Spring 2024,50885,C S, 329E,ELEMENTS OF DATA ANALYTICS,"C S-329E: ELEMENTS OF DATA ANALYTICS, Section no. 50885",B,4,Computer Science
Spring 2024,50885,C S, 329E,ELEMENTS OF DATA ANALYTICS,"C S-329E: ELEMENTS OF DATA ANALYTICS, Section no. 50885",B+,10,Computer Science
Spring 2024,50885,C S, 329E,ELEMENTS OF DATA ANALYTICS,"C S-329E: ELEMENTS OF DATA ANALYTICS, Section no. 50885",A-,18,Computer Science
Spring 2024,50885,C S, 329E,ELEMENTS OF DATA ANALYTICS,"C S-329E: ELEMENTS OF DATA ANALYTICS, Section no. 50885",A,11,Computer Science
Spring 2024,50890,C S, 329E,ELEMENTS OF DATA ANALYTICS,"C S-329E: ELEMENTS OF DATA ANALYTICS, Section no. 50890",Other,1,Computer Science
Spring 2024,50890,C S, 329E,ELEMENTS OF DATA ANALYTICS,"C S-329E: ELEMENTS OF DATA ANALYTICS, Section no. 50890",F,1,Computer Science
Spring 2024,50890,C S, 329E,ELEMENTS OF DATA ANALYTICS,"C S-329E: ELEMENTS OF DATA ANALYTICS, Section no. 50890",D+,1,Computer Science
Spring 2024,50890,C S, 329E,ELEMENTS OF DATA ANALYTICS,"C S-329E: ELEMENTS OF DATA ANALYTICS, Section no. 50890",B-,1,Computer Science
Spring 2024,50890,C S, 329E,ELEMENTS OF DATA ANALYTICS,"C S-329E: ELEMENTS OF DATA ANALYTICS, Section no. 50890",B+,3,Computer Science
Spring 2024,50890,C S, 329E,ELEMENTS OF DATA ANALYTICS,"C S-329E: ELEMENTS OF DATA ANALYTICS, Section no. 50890",A-,3,Computer Science
Spring 2024,50890,C S, 329E,ELEMENTS OF DATA ANALYTICS,"C S-329E: ELEMENTS OF DATA ANALYTICS, Section no. 50890",A,50,Computer Science
Spring 2024,50895,C S, 329E,ELEMENTS OF DATA ANALYTICS,"C S-329E: ELEMENTS OF DATA ANALYTICS, Section no. 50895",Other,2,Computer Science
Spring 2024,50895,C S, 329E,ELEMENTS OF DATA ANALYTICS,"C S-329E: ELEMENTS OF DATA ANALYTICS, Section no. 50895",A-,5,Computer Science
Spring 2024,50895,C S, 329E,ELEMENTS OF DATA ANALYTICS,"C S-329E: ELEMENTS OF DATA ANALYTICS, Section no. 50895",A,52,Computer Science
Spring 2024,50900,C S, 329E,ELEMENTS OF DATA INTEGRATION,"C S-329E: ELEMENTS OF DATA INTEGRATION, Section no. 50900",Other,1,Computer Science
Spring 2024,50900,C S, 329E,ELEMENTS OF DATA INTEGRATION,"C S-329E: ELEMENTS OF DATA INTEGRATION, Section no. 50900",F,3,Computer Science
Spring 2024,50900,C S, 329E,ELEMENTS OF DATA INTEGRATION,"C S-329E: ELEMENTS OF DATA INTEGRATION, Section no. 50900",C-,3,Computer Science
Spring 2024,50900,C S, 329E,ELEMENTS OF DATA INTEGRATION,"C S-329E: ELEMENTS OF DATA INTEGRATION, Section no. 50900",B-,1,Computer Science
Spring 2024,50900,C S, 329E,ELEMENTS OF DATA INTEGRATION,"C S-329E: ELEMENTS OF DATA INTEGRATION, Section no. 50900",B,1,Computer Science
Spring 2024,50900,C S, 329E,ELEMENTS OF DATA INTEGRATION,"C S-329E: ELEMENTS OF DATA INTEGRATION, Section no. 50900",B+,2,Computer Science
Spring 2024,50900,C S, 329E,ELEMENTS OF DATA INTEGRATION,"C S-329E: ELEMENTS OF DATA INTEGRATION, Section no. 50900",A-,6,Computer Science
Spring 2024,50900,C S, 329E,ELEMENTS OF DATA INTEGRATION,"C S-329E: ELEMENTS OF DATA INTEGRATION, Section no. 50900",A,26,Computer Science
Spring 2024,50903,C S, 329E,ELEMENTS OF DATA VISUALIZATION,"C S-329E: ELEMENTS OF DATA VISUALIZATION, Section no. 50903",Other,1,Computer Science
Spring 2024,50903,C S, 329E,ELEMENTS OF DATA VISUALIZATION,"C S-329E: ELEMENTS OF DATA VISUALIZATION, Section no. 50903",C-,1,Computer Science
Spring 2024,50903,C S, 329E,ELEMENTS OF DATA VISUALIZATION,"C S-329E: ELEMENTS OF DATA VISUALIZATION, Section no. 50903",B,1,Computer Science
Spring 2024,50903,C S, 329E,ELEMENTS OF DATA VISUALIZATION,"C S-329E: ELEMENTS OF DATA VISUALIZATION, Section no. 50903",B+,1,Computer Science
Spring 2024,50903,C S, 329E,ELEMENTS OF DATA VISUALIZATION,"C S-329E: ELEMENTS OF DATA VISUALIZATION, Section no. 50903",A-,5,Computer Science
Spring 2024,50903,C S, 329E,ELEMENTS OF DATA VISUALIZATION,"C S-329E: ELEMENTS OF DATA VISUALIZATION, Section no. 50903",A,56,Computer Science
Spring 2024,50904,C S, 329E,ELEMENTS OF DATA VISUALIZATION,"C S-329E: ELEMENTS OF DATA VISUALIZATION, Section no. 50904",B-,1,Computer Science
Spring 2024,50904,C S, 329E,ELEMENTS OF DATA VISUALIZATION,"C S-329E: ELEMENTS OF DATA VISUALIZATION, Section no. 50904",A-,2,Computer Science
Spring 2024,50904,C S, 329E,ELEMENTS OF DATA VISUALIZATION,"C S-329E: ELEMENTS OF DATA VISUALIZATION, Section no. 50904",A,62,Computer Science
Spring 2024,50905,C S, 329E,ELEMENTS OF GAME DEVELOPMENT,"C S-329E: ELEMENTS OF GAME DEVELOPMENT, Section no. 50905",Other,3,Computer Science
Spring 2024,50905,C S, 329E,ELEMENTS OF GAME DEVELOPMENT,"C S-329E: ELEMENTS OF GAME DEVELOPMENT, Section no. 50905",B,1,Computer Science
Spring 2024,50905,C S, 329E,ELEMENTS OF GAME DEVELOPMENT,"C S-329E: ELEMENTS OF GAME DEVELOPMENT, Section no. 50905",A,30,Computer Science
Spring 2024,50910,C S, 329E,ELEMENTS OF WEB PROGRAMMING,"C S-329E: ELEMENTS OF WEB PROGRAMMING, Section no. 50910",Other,1,Computer Science
Spring 2024,50910,C S, 329E,ELEMENTS OF WEB PROGRAMMING,"C S-329E: ELEMENTS OF WEB PROGRAMMING, Section no. 50910",C+,1,Computer Science
Spring 2024,50910,C S, 329E,ELEMENTS OF WEB PROGRAMMING,"C S-329E: ELEMENTS OF WEB PROGRAMMING, Section no. 50910",B-,2,Computer Science
Spring 2024,50910,C S, 329E,ELEMENTS OF WEB PROGRAMMING,"C S-329E: ELEMENTS OF WEB PROGRAMMING, Section no. 50910",B+,3,Computer Science
Spring 2024,50910,C S, 329E,ELEMENTS OF WEB PROGRAMMING,"C S-329E: ELEMENTS OF WEB PROGRAMMING, Section no. 50910",A-,5,Computer Science
Spring 2024,50910,C S, 329E,ELEMENTS OF WEB PROGRAMMING,"C S-329E: ELEMENTS OF WEB PROGRAMMING, Section no. 50910",A,47,Computer Science
Spring 2024,50915,C S, 329E,ELEMENTS OF WEB PROGRAMMING,"C S-329E: ELEMENTS OF WEB PROGRAMMING, Section no. 50915",Other,1,Computer Science
Spring 2024,50915,C S, 329E,ELEMENTS OF WEB PROGRAMMING,"C S-329E: ELEMENTS OF WEB PROGRAMMING, Section no. 50915",D,1,Computer Science
Spring 2024,50915,C S, 329E,ELEMENTS OF WEB PROGRAMMING,"C S-329E: ELEMENTS OF WEB PROGRAMMING, Section no. 50915",B-,1,Computer Science
Spring 2024,50915,C S, 329E,ELEMENTS OF WEB PROGRAMMING,"C S-329E: ELEMENTS OF WEB PROGRAMMING, Section no. 50915",B,1,Computer Science
Spring 2024,50915,C S, 329E,ELEMENTS OF WEB PROGRAMMING,"C S-329E: ELEMENTS OF WEB PROGRAMMING, Section no. 50915",B+,3,Computer Science
Spring 2024,50915,C S, 329E,ELEMENTS OF WEB PROGRAMMING,"C S-329E: ELEMENTS OF WEB PROGRAMMING, Section no. 50915",A-,6,Computer Science
Spring 2024,50915,C S, 329E,ELEMENTS OF WEB PROGRAMMING,"C S-329E: ELEMENTS OF WEB PROGRAMMING, Section no. 50915",A,44,Computer Science
Spring 2024,50920,C S, 429H,COMP ORGANIZATN & ARCH: HONORS,"C S-429H: COMP ORGANIZATN & ARCH: HONORS, Section no. 50920",Other,2,Computer Science
Spring 2024,50920,C S, 429H,COMP ORGANIZATN & ARCH: HONORS,"C S-429H: COMP ORGANIZATN & ARCH: HONORS, Section no. 50920",C+,1,Computer Science
Spring 2024,50920,C S, 429H,COMP ORGANIZATN & ARCH: HONORS,"C S-429H: COMP ORGANIZATN & ARCH: HONORS, Section no. 50920",B-,2,Computer Science
Spring 2024,50920,C S, 429H,COMP ORGANIZATN & ARCH: HONORS,"C S-429H: COMP ORGANIZATN & ARCH: HONORS, Section no. 50920",B,3,Computer Science
Spring 2024,50920,C S, 429H,COMP ORGANIZATN & ARCH: HONORS,"C S-429H: COMP ORGANIZATN & ARCH: HONORS, Section no. 50920",B+,2,Computer Science
Spring 2024,50920,C S, 429H,COMP ORGANIZATN & ARCH: HONORS,"C S-429H: COMP ORGANIZATN & ARCH: HONORS, Section no. 50920",A-,4,Computer Science
Spring 2024,50920,C S, 429H,COMP ORGANIZATN & ARCH: HONORS,"C S-429H: COMP ORGANIZATN & ARCH: HONORS, Section no. 50920",A,17,Computer Science
Spring 2024,50925,C S, 429H,COMP ORGANIZATN & ARCH: HONORS,"C S-429H: COMP ORGANIZATN & ARCH: HONORS, Section no. 50925",Other,3,Computer Science
Spring 2024,50925,C S, 429H,COMP ORGANIZATN & ARCH: HONORS,"C S-429H: COMP ORGANIZATN & ARCH: HONORS, Section no. 50925",D,3,Computer Science
Spring 2024,50925,C S, 429H,COMP ORGANIZATN & ARCH: HONORS,"C S-429H: COMP ORGANIZATN & ARCH: HONORS, Section no. 50925",C-,1,Computer Science
Spring 2024,50925,C S, 429H,COMP ORGANIZATN & ARCH: HONORS,"C S-429H: COMP ORGANIZATN & ARCH: HONORS, Section no. 50925",C+,3,Computer Science
Spring 2024,50925,C S, 429H,COMP ORGANIZATN & ARCH: HONORS,"C S-429H: COMP ORGANIZATN & ARCH: HONORS, Section no. 50925",B-,4,Computer Science
Spring 2024,50925,C S, 429H,COMP ORGANIZATN & ARCH: HONORS,"C S-429H: COMP ORGANIZATN & ARCH: HONORS, Section no. 50925",B,4,Computer Science
Spring 2024,50925,C S, 429H,COMP ORGANIZATN & ARCH: HONORS,"C S-429H: COMP ORGANIZATN & ARCH: HONORS, Section no. 50925",B+,6,Computer Science
Spring 2024,50925,C S, 429H,COMP ORGANIZATN & ARCH: HONORS,"C S-429H: COMP ORGANIZATN & ARCH: HONORS, Section no. 50925",A-,15,Computer Science
Spring 2024,50925,C S, 429H,COMP ORGANIZATN & ARCH: HONORS,"C S-429H: COMP ORGANIZATN & ARCH: HONORS, Section no. 50925",A,17,Computer Science
Spring 2024,50930,C S, 331,ALGORITHMS AND COMPLEXITY,"C S-331: ALGORITHMS AND COMPLEXITY, Section no. 50930",Other,2,Computer Science
Spring 2024,50930,C S, 331,ALGORITHMS AND COMPLEXITY,"C S-331: ALGORITHMS AND COMPLEXITY, Section no. 50930",C,1,Computer Science
Spring 2024,50930,C S, 331,ALGORITHMS AND COMPLEXITY,"C S-331: ALGORITHMS AND COMPLEXITY, Section no. 50930",C+,4,Computer Science
Spring 2024,50930,C S, 331,ALGORITHMS AND COMPLEXITY,"C S-331: ALGORITHMS AND COMPLEXITY, Section no. 50930",B,11,Computer Science
Spring 2024,50930,C S, 331,ALGORITHMS AND COMPLEXITY,"C S-331: ALGORITHMS AND COMPLEXITY, Section no. 50930",B+,12,Computer Science
Spring 2024,50930,C S, 331,ALGORITHMS AND COMPLEXITY,"C S-331: ALGORITHMS AND COMPLEXITY, Section no. 50930",A-,3,Computer Science
Spring 2024,50930,C S, 331,ALGORITHMS AND COMPLEXITY,"C S-331: ALGORITHMS AND COMPLEXITY, Section no. 50930",A,9,Computer Science
Spring 2024,50935,C S, 331,ALGORITHMS AND COMPLEXITY,"C S-331: ALGORITHMS AND COMPLEXITY, Section no. 50935",Other,1,Computer Science
Spring 2024,50935,C S, 331,ALGORITHMS AND COMPLEXITY,"C S-331: ALGORITHMS AND COMPLEXITY, Section no. 50935",C,2,Computer Science
Spring 2024,50935,C S, 331,ALGORITHMS AND COMPLEXITY,"C S-331: ALGORITHMS AND COMPLEXITY, Section no. 50935",C+,6,Computer Science
Spring 2024,50935,C S, 331,ALGORITHMS AND COMPLEXITY,"C S-331: ALGORITHMS AND COMPLEXITY, Section no. 50935",B-,6,Computer Science
Spring 2024,50935,C S, 331,ALGORITHMS AND COMPLEXITY,"C S-331: ALGORITHMS AND COMPLEXITY, Section no. 50935",B,5,Computer Science
Spring 2024,50935,C S, 331,ALGORITHMS AND COMPLEXITY,"C S-331: ALGORITHMS AND COMPLEXITY, Section no. 50935",B+,5,Computer Science
Spring 2024,50935,C S, 331,ALGORITHMS AND COMPLEXITY,"C S-331: ALGORITHMS AND COMPLEXITY, Section no. 50935",A-,10,Computer Science
Spring 2024,50935,C S, 331,ALGORITHMS AND COMPLEXITY,"C S-331: ALGORITHMS AND COMPLEXITY, Section no. 50935",A,7,Computer Science
Spring 2024,50940,C S, 331,ALGORITHMS AND COMPLEXITY,"C S-331: ALGORITHMS AND COMPLEXITY, Section no. 50940",Other,1,Computer Science
Spring 2024,50940,C S, 331,ALGORITHMS AND COMPLEXITY,"C S-331: ALGORITHMS AND COMPLEXITY, Section no. 50940",F,1,Computer Science
Spring 2024,50940,C S, 331,ALGORITHMS AND COMPLEXITY,"C S-331: ALGORITHMS AND COMPLEXITY, Section no. 50940",C-,1,Computer Science
Spring 2024,50940,C S, 331,ALGORITHMS AND COMPLEXITY,"C S-331: ALGORITHMS AND COMPLEXITY, Section no. 50940",C+,1,Computer Science
Spring 2024,50940,C S, 331,ALGORITHMS AND COMPLEXITY,"C S-331: ALGORITHMS AND COMPLEXITY, Section no. 50940",B-,1,Computer Science
Spring 2024,50940,C S, 331,ALGORITHMS AND COMPLEXITY,"C S-331: ALGORITHMS AND COMPLEXITY, Section no. 50940",B,4,Computer Science
Spring 2024,50940,C S, 331,ALGORITHMS AND COMPLEXITY,"C S-331: ALGORITHMS AND COMPLEXITY, Section no. 50940",B+,9,Computer Science
Spring 2024,50940,C S, 331,ALGORITHMS AND COMPLEXITY,"C S-331: ALGORITHMS AND COMPLEXITY, Section no. 50940",A-,8,Computer Science
Spring 2024,50940,C S, 331,ALGORITHMS AND COMPLEXITY,"C S-331: ALGORITHMS AND COMPLEXITY, Section no. 50940",A,15,Computer Science
Spring 2024,50945,C S, 331,ALGORITHMS AND COMPLEXITY,"C S-331: ALGORITHMS AND COMPLEXITY, Section no. 50945",Other,1,Computer Science
Spring 2024,50945,C S, 331,ALGORITHMS AND COMPLEXITY,"C S-331: ALGORITHMS AND COMPLEXITY, Section no. 50945",C-,1,Computer Science
Spring 2024,50945,C S, 331,ALGORITHMS AND COMPLEXITY,"C S-331: ALGORITHMS AND COMPLEXITY, Section no. 50945",C,2,Computer Science
Spring 2024,50945,C S, 331,ALGORITHMS AND COMPLEXITY,"C S-331: ALGORITHMS AND COMPLEXITY, Section no. 50945",C+,1,Computer Science
Spring 2024,50945,C S, 331,ALGORITHMS AND COMPLEXITY,"C S-331: ALGORITHMS AND COMPLEXITY, Section no. 50945",B-,2,Computer Science
Spring 2024,50945,C S, 331,ALGORITHMS AND COMPLEXITY,"C S-331: ALGORITHMS AND COMPLEXITY, Section no. 50945",B,8,Computer Science
Spring 2024,50945,C S, 331,ALGORITHMS AND COMPLEXITY,"C S-331: ALGORITHMS AND COMPLEXITY, Section no. 50945",B+,8,Computer Science
Spring 2024,50945,C S, 331,ALGORITHMS AND COMPLEXITY,"C S-331: ALGORITHMS AND COMPLEXITY, Section no. 50945",A-,8,Computer Science
Spring 2024,50945,C S, 331,ALGORITHMS AND COMPLEXITY,"C S-331: ALGORITHMS AND COMPLEXITY, Section no. 50945",A,11,Computer Science
Spring 2024,50960,C S, 331,ALGORITHMS AND COMPLEXITY,"C S-331: ALGORITHMS AND COMPLEXITY, Section no. 50960",Other,3,Computer Science
Spring 2024,50960,C S, 331,ALGORITHMS AND COMPLEXITY,"C S-331: ALGORITHMS AND COMPLEXITY, Section no. 50960",D,1,Computer Science
Spring 2024,50960,C S, 331,ALGORITHMS AND COMPLEXITY,"C S-331: ALGORITHMS AND COMPLEXITY, Section no. 50960",C-,1,Computer Science
Spring 2024,50960,C S, 331,ALGORITHMS AND COMPLEXITY,"C S-331: ALGORITHMS AND COMPLEXITY, Section no. 50960",C,1,Computer Science
Spring 2024,50960,C S, 331,ALGORITHMS AND COMPLEXITY,"C S-331: ALGORITHMS AND COMPLEXITY, Section no. 50960",C+,4,Computer Science
Spring 2024,50960,C S, 331,ALGORITHMS AND COMPLEXITY,"C S-331: ALGORITHMS AND COMPLEXITY, Section no. 50960",B-,6,Computer Science
Spring 2024,50960,C S, 331,ALGORITHMS AND COMPLEXITY,"C S-331: ALGORITHMS AND COMPLEXITY, Section no. 50960",B,6,Computer Science
Spring 2024,50960,C S, 331,ALGORITHMS AND COMPLEXITY,"C S-331: ALGORITHMS AND COMPLEXITY, Section no. 50960",B+,7,Computer Science
Spring 2024,50960,C S, 331,ALGORITHMS AND COMPLEXITY,"C S-331: ALGORITHMS AND COMPLEXITY, Section no. 50960",A-,6,Computer Science
Spring 2024,50960,C S, 331,ALGORITHMS AND COMPLEXITY,"C S-331: ALGORITHMS AND COMPLEXITY, Section no. 50960",A,11,Computer Science
Spring 2024,50965,C S, 331,ALGORITHMS AND COMPLEXITY,"C S-331: ALGORITHMS AND COMPLEXITY, Section no. 50965",Other,1,Computer Science
Spring 2024,50965,C S, 331,ALGORITHMS AND COMPLEXITY,"C S-331: ALGORITHMS AND COMPLEXITY, Section no. 50965",F,1,Computer Science
Spring 2024,50965,C S, 331,ALGORITHMS AND COMPLEXITY,"C S-331: ALGORITHMS AND COMPLEXITY, Section no. 50965",C+,5,Computer Science
Spring 2024,50965,C S, 331,ALGORITHMS AND COMPLEXITY,"C S-331: ALGORITHMS AND COMPLEXITY, Section no. 50965",B-,6,Computer Science
Spring 2024,50965,C S, 331,ALGORITHMS AND COMPLEXITY,"C S-331: ALGORITHMS AND COMPLEXITY, Section no. 50965",B,10,Computer Science
Spring 2024,50965,C S, 331,ALGORITHMS AND COMPLEXITY,"C S-331: ALGORITHMS AND COMPLEXITY, Section no. 50965",B+,11,Computer Science
Spring 2024,50965,C S, 331,ALGORITHMS AND COMPLEXITY,"C S-331: ALGORITHMS AND COMPLEXITY, Section no. 50965",A-,6,Computer Science
Spring 2024,50965,C S, 331,ALGORITHMS AND COMPLEXITY,"C S-331: ALGORITHMS AND COMPLEXITY, Section no. 50965",A,6,Computer Science
Spring 2024,50970,C S, 331E,ELMNTS SOFTWARE ENGINEER II,"C S-331E: ELMNTS SOFTWARE ENGINEER II, Section no. 50970",Other,2,Computer Science
Spring 2024,50970,C S, 331E,ELMNTS SOFTWARE ENGINEER II,"C S-331E: ELMNTS SOFTWARE ENGINEER II, Section no. 50970",C-,2,Computer Science
Spring 2024,50970,C S, 331E,ELMNTS SOFTWARE ENGINEER II,"C S-331E: ELMNTS SOFTWARE ENGINEER II, Section no. 50970",C,1,Computer Science
Spring 2024,50970,C S, 331E,ELMNTS SOFTWARE ENGINEER II,"C S-331E: ELMNTS SOFTWARE ENGINEER II, Section no. 50970",C+,1,Computer Science
Spring 2024,50970,C S, 331E,ELMNTS SOFTWARE ENGINEER II,"C S-331E: ELMNTS SOFTWARE ENGINEER II, Section no. 50970",B-,1,Computer Science
Spring 2024,50970,C S, 331E,ELMNTS SOFTWARE ENGINEER II,"C S-331E: ELMNTS SOFTWARE ENGINEER II, Section no. 50970",B,4,Computer Science
Spring 2024,50970,C S, 331E,ELMNTS SOFTWARE ENGINEER II,"C S-331E: ELMNTS SOFTWARE ENGINEER II, Section no. 50970",B+,5,Computer Science
Spring 2024,50970,C S, 331E,ELMNTS SOFTWARE ENGINEER II,"C S-331E: ELMNTS SOFTWARE ENGINEER II, Section no. 50970",A-,13,Computer Science
Spring 2024,50970,C S, 331E,ELMNTS SOFTWARE ENGINEER II,"C S-331E: ELMNTS SOFTWARE ENGINEER II, Section no. 50970",A,28,Computer Science
Spring 2024,50975,C S, 331H,ALGORITHMS AND COMPLEXITY: HON,"C S-331H: ALGORITHMS AND COMPLEXITY: HON, Section no. 50975",D-,1,Computer Science
Spring 2024,50975,C S, 331H,ALGORITHMS AND COMPLEXITY: HON,"C S-331H: ALGORITHMS AND COMPLEXITY: HON, Section no. 50975",D+,1,Computer Science
Spring 2024,50975,C S, 331H,ALGORITHMS AND COMPLEXITY: HON,"C S-331H: ALGORITHMS AND COMPLEXITY: HON, Section no. 50975",C,1,Computer Science
Spring 2024,50975,C S, 331H,ALGORITHMS AND COMPLEXITY: HON,"C S-331H: ALGORITHMS AND COMPLEXITY: HON, Section no. 50975",B-,5,Computer Science
Spring 2024,50975,C S, 331H,ALGORITHMS AND COMPLEXITY: HON,"C S-331H: ALGORITHMS AND COMPLEXITY: HON, Section no. 50975",B,11,Computer Science
Spring 2024,50975,C S, 331H,ALGORITHMS AND COMPLEXITY: HON,"C S-331H: ALGORITHMS AND COMPLEXITY: HON, Section no. 50975",B+,6,Computer Science
Spring 2024,50975,C S, 331H,ALGORITHMS AND COMPLEXITY: HON,"C S-331H: ALGORITHMS AND COMPLEXITY: HON, Section no. 50975",A-,2,Computer Science
Spring 2024,50975,C S, 331H,ALGORITHMS AND COMPLEXITY: HON,"C S-331H: ALGORITHMS AND COMPLEXITY: HON, Section no. 50975",A,7,Computer Science
Spring 2024,50980,C S, 331H,ALGORITHMS AND COMPLEXITY: HON,"C S-331H: ALGORITHMS AND COMPLEXITY: HON, Section no. 50980",Other,2,Computer Science
Spring 2024,50980,C S, 331H,ALGORITHMS AND COMPLEXITY: HON,"C S-331H: ALGORITHMS AND COMPLEXITY: HON, Section no. 50980",B-,1,Computer Science
Spring 2024,50980,C S, 331H,ALGORITHMS AND COMPLEXITY: HON,"C S-331H: ALGORITHMS AND COMPLEXITY: HON, Section no. 50980",B,3,Computer Science
Spring 2024,50980,C S, 331H,ALGORITHMS AND COMPLEXITY: HON,"C S-331H: ALGORITHMS AND COMPLEXITY: HON, Section no. 50980",B+,5,Computer Science
Spring 2024,50980,C S, 331H,ALGORITHMS AND COMPLEXITY: HON,"C S-331H: ALGORITHMS AND COMPLEXITY: HON, Section no. 50980",A-,5,Computer Science
Spring 2024,50980,C S, 331H,ALGORITHMS AND COMPLEXITY: HON,"C S-331H: ALGORITHMS AND COMPLEXITY: HON, Section no. 50980",A,14,Computer Science
Spring 2024,50985,C S, 331H,ALGORITHMS AND COMPLEXITY: HON,"C S-331H: ALGORITHMS AND COMPLEXITY: HON, Section no. 50985",Other,1,Computer Science
Spring 2024,50985,C S, 331H,ALGORITHMS AND COMPLEXITY: HON,"C S-331H: ALGORITHMS AND COMPLEXITY: HON, Section no. 50985",C+,1,Computer Science
Spring 2024,50985,C S, 331H,ALGORITHMS AND COMPLEXITY: HON,"C S-331H: ALGORITHMS AND COMPLEXITY: HON, Section no. 50985",B-,1,Computer Science
Spring 2024,50985,C S, 331H,ALGORITHMS AND COMPLEXITY: HON,"C S-331H: ALGORITHMS AND COMPLEXITY: HON, Section no. 50985",B,2,Computer Science
Spring 2024,50985,C S, 331H,ALGORITHMS AND COMPLEXITY: HON,"C S-331H: ALGORITHMS AND COMPLEXITY: HON, Section no. 50985",B+,4,Computer Science
Spring 2024,50985,C S, 331H,ALGORITHMS AND COMPLEXITY: HON,"C S-331H: ALGORITHMS AND COMPLEXITY: HON, Section no. 50985",A-,2,Computer Science
Spring 2024,50985,C S, 331H,ALGORITHMS AND COMPLEXITY: HON,"C S-331H: ALGORITHMS AND COMPLEXITY: HON, Section no. 50985",A,20,Computer Science
Spring 2024,50990,C S, 439,PRINCIPLES OF COMPUTER SYS-C S,"C S-439: PRINCIPLES OF COMPUTER SYS-C S, Section no. 50990",Other,15,Computer Science
Spring 2024,50990,C S, 439,PRINCIPLES OF COMPUTER SYS-C S,"C S-439: PRINCIPLES OF COMPUTER SYS-C S, Section no. 50990",D-,1,Computer Science
Spring 2024,50990,C S, 439,PRINCIPLES OF COMPUTER SYS-C S,"C S-439: PRINCIPLES OF COMPUTER SYS-C S, Section no. 50990",C-,12,Computer Science
Spring 2024,50990,C S, 439,PRINCIPLES OF COMPUTER SYS-C S,"C S-439: PRINCIPLES OF COMPUTER SYS-C S, Section no. 50990",C,9,Computer Science
Spring 2024,50990,C S, 439,PRINCIPLES OF COMPUTER SYS-C S,"C S-439: PRINCIPLES OF COMPUTER SYS-C S, Section no. 50990",C+,3,Computer Science
Spring 2024,50990,C S, 439,PRINCIPLES OF COMPUTER SYS-C S,"C S-439: PRINCIPLES OF COMPUTER SYS-C S, Section no. 50990",B-,12,Computer Science
Spring 2024,50990,C S, 439,PRINCIPLES OF COMPUTER SYS-C S,"C S-439: PRINCIPLES OF COMPUTER SYS-C S, Section no. 50990",B,5,Computer Science
Spring 2024,50990,C S, 439,PRINCIPLES OF COMPUTER SYS-C S,"C S-439: PRINCIPLES OF COMPUTER SYS-C S, Section no. 50990",B+,3,Computer Science
Spring 2024,50990,C S, 439,PRINCIPLES OF COMPUTER SYS-C S,"C S-439: PRINCIPLES OF COMPUTER SYS-C S, Section no. 50990",A-,6,Computer Science
Spring 2024,50990,C S, 439,PRINCIPLES OF COMPUTER SYS-C S,"C S-439: PRINCIPLES OF COMPUTER SYS-C S, Section no. 50990",A,5,Computer Science
Spring 2024,50995,C S, 439,PRINCIPLES OF COMPUTER SYS-C S,"C S-439: PRINCIPLES OF COMPUTER SYS-C S, Section no. 50995",Other,2,Computer Science
Spring 2024,50995,C S, 439,PRINCIPLES OF COMPUTER SYS-C S,"C S-439: PRINCIPLES OF COMPUTER SYS-C S, Section no. 50995",C,3,Computer Science
Spring 2024,50995,C S, 439,PRINCIPLES OF COMPUTER SYS-C S,"C S-439: PRINCIPLES OF COMPUTER SYS-C S, Section no. 50995",C+,4,Computer Science
Spring 2024,50995,C S, 439,PRINCIPLES OF COMPUTER SYS-C S,"C S-439: PRINCIPLES OF COMPUTER SYS-C S, Section no. 50995",B,2,Computer Science
Spring 2024,50995,C S, 439,PRINCIPLES OF COMPUTER SYS-C S,"C S-439: PRINCIPLES OF COMPUTER SYS-C S, Section no. 50995",B+,3,Computer Science
Spring 2024,50995,C S, 439,PRINCIPLES OF COMPUTER SYS-C S,"C S-439: PRINCIPLES OF COMPUTER SYS-C S, Section no. 50995",A-,1,Computer Science
Spring 2024,50995,C S, 439,PRINCIPLES OF COMPUTER SYS-C S,"C S-439: PRINCIPLES OF COMPUTER SYS-C S, Section no. 50995",A,5,Computer Science
Spring 2024,51000,C S, 439,PRINCIPLES OF COMPUTER SYS-C S,"C S-439: PRINCIPLES OF COMPUTER SYS-C S, Section no. 51000",Other,1,Computer Science
Spring 2024,51000,C S, 439,PRINCIPLES OF COMPUTER SYS-C S,"C S-439: PRINCIPLES OF COMPUTER SYS-C S, Section no. 51000",C,1,Computer Science
Spring 2024,51000,C S, 439,PRINCIPLES OF COMPUTER SYS-C S,"C S-439: PRINCIPLES OF COMPUTER SYS-C S, Section no. 51000",C+,1,Computer Science
Spring 2024,51000,C S, 439,PRINCIPLES OF COMPUTER SYS-C S,"C S-439: PRINCIPLES OF COMPUTER SYS-C S, Section no. 51000",B-,5,Computer Science
Spring 2024,51000,C S, 439,PRINCIPLES OF COMPUTER SYS-C S,"C S-439: PRINCIPLES OF COMPUTER SYS-C S, Section no. 51000",B,2,Computer Science
Spring 2024,51000,C S, 439,PRINCIPLES OF COMPUTER SYS-C S,"C S-439: PRINCIPLES OF COMPUTER SYS-C S, Section no. 51000",A,2,Computer Science
Spring 2024,51005,C S, 439,PRINCIPLES OF COMPUTER SYS-C S,"C S-439: PRINCIPLES OF COMPUTER SYS-C S, Section no. 51005",Other,4,Computer Science
Spring 2024,51005,C S, 439,PRINCIPLES OF COMPUTER SYS-C S,"C S-439: PRINCIPLES OF COMPUTER SYS-C S, Section no. 51005",C+,3,Computer Science
Spring 2024,51005,C S, 439,PRINCIPLES OF COMPUTER SYS-C S,"C S-439: PRINCIPLES OF COMPUTER SYS-C S, Section no. 51005",B-,2,Computer Science
Spring 2024,51005,C S, 439,PRINCIPLES OF COMPUTER SYS-C S,"C S-439: PRINCIPLES OF COMPUTER SYS-C S, Section no. 51005",B,3,Computer Science
Spring 2024,51005,C S, 439,PRINCIPLES OF COMPUTER SYS-C S,"C S-439: PRINCIPLES OF COMPUTER SYS-C S, Section no. 51005",A-,1,Computer Science
Spring 2024,51010,C S, 439,PRINCIPLES OF COMPUTER SYS-C S,"C S-439: PRINCIPLES OF COMPUTER SYS-C S, Section no. 51010",Other,3,Computer Science
Spring 2024,51010,C S, 439,PRINCIPLES OF COMPUTER SYS-C S,"C S-439: PRINCIPLES OF COMPUTER SYS-C S, Section no. 51010",C+,2,Computer Science
Spring 2024,51010,C S, 439,PRINCIPLES OF COMPUTER SYS-C S,"C S-439: PRINCIPLES OF COMPUTER SYS-C S, Section no. 51010",B-,4,Computer Science
Spring 2024,51010,C S, 439,PRINCIPLES OF COMPUTER SYS-C S,"C S-439: PRINCIPLES OF COMPUTER SYS-C S, Section no. 51010",B,4,Computer Science
Spring 2024,51010,C S, 439,PRINCIPLES OF COMPUTER SYS-C S,"C S-439: PRINCIPLES OF COMPUTER SYS-C S, Section no. 51010",B+,2,Computer Science
Spring 2024,51010,C S, 439,PRINCIPLES OF COMPUTER SYS-C S,"C S-439: PRINCIPLES OF COMPUTER SYS-C S, Section no. 51010",A-,4,Computer Science
Spring 2024,51010,C S, 439,PRINCIPLES OF COMPUTER SYS-C S,"C S-439: PRINCIPLES OF COMPUTER SYS-C S, Section no. 51010",A,4,Computer Science
Spring 2024,51015,C S, 439,PRINCIPLES OF COMPUTER SYS-C S,"C S-439: PRINCIPLES OF COMPUTER SYS-C S, Section no. 51015",Other,3,Computer Science
Spring 2024,51015,C S, 439,PRINCIPLES OF COMPUTER SYS-C S,"C S-439: PRINCIPLES OF COMPUTER SYS-C S, Section no. 51015",C,2,Computer Science
Spring 2024,51015,C S, 439,PRINCIPLES OF COMPUTER SYS-C S,"C S-439: PRINCIPLES OF COMPUTER SYS-C S, Section no. 51015",C+,5,Computer Science
Spring 2024,51015,C S, 439,PRINCIPLES OF COMPUTER SYS-C S,"C S-439: PRINCIPLES OF COMPUTER SYS-C S, Section no. 51015",B-,3,Computer Science
Spring 2024,51015,C S, 439,PRINCIPLES OF COMPUTER SYS-C S,"C S-439: PRINCIPLES OF COMPUTER SYS-C S, Section no. 51015",B,4,Computer Science
Spring 2024,51015,C S, 439,PRINCIPLES OF COMPUTER SYS-C S,"C S-439: PRINCIPLES OF COMPUTER SYS-C S, Section no. 51015",B+,3,Computer Science
Spring 2024,51015,C S, 439,PRINCIPLES OF COMPUTER SYS-C S,"C S-439: PRINCIPLES OF COMPUTER SYS-C S, Section no. 51015",A-,2,Computer Science
Spring 2024,51015,C S, 439,PRINCIPLES OF COMPUTER SYS-C S,"C S-439: PRINCIPLES OF COMPUTER SYS-C S, Section no. 51015",A,3,Computer Science
Spring 2024,51020,C S, 439,PRINCIPLES OF COMPUTER SYS-C S,"C S-439: PRINCIPLES OF COMPUTER SYS-C S, Section no. 51020",Other,3,Computer Science
Spring 2024,51020,C S, 439,PRINCIPLES OF COMPUTER SYS-C S,"C S-439: PRINCIPLES OF COMPUTER SYS-C S, Section no. 51020",F,1,Computer Science
Spring 2024,51020,C S, 439,PRINCIPLES OF COMPUTER SYS-C S,"C S-439: PRINCIPLES OF COMPUTER SYS-C S, Section no. 51020",C,4,Computer Science
Spring 2024,51020,C S, 439,PRINCIPLES OF COMPUTER SYS-C S,"C S-439: PRINCIPLES OF COMPUTER SYS-C S, Section no. 51020",C+,1,Computer Science
Spring 2024,51020,C S, 439,PRINCIPLES OF COMPUTER SYS-C S,"C S-439: PRINCIPLES OF COMPUTER SYS-C S, Section no. 51020",B-,3,Computer Science
Spring 2024,51020,C S, 439,PRINCIPLES OF COMPUTER SYS-C S,"C S-439: PRINCIPLES OF COMPUTER SYS-C S, Section no. 51020",B,10,Computer Science
Spring 2024,51020,C S, 439,PRINCIPLES OF COMPUTER SYS-C S,"C S-439: PRINCIPLES OF COMPUTER SYS-C S, Section no. 51020",B+,1,Computer Science
Spring 2024,51020,C S, 439,PRINCIPLES OF COMPUTER SYS-C S,"C S-439: PRINCIPLES OF COMPUTER SYS-C S, Section no. 51020",A-,1,Computer Science
Spring 2024,51020,C S, 439,PRINCIPLES OF COMPUTER SYS-C S,"C S-439: PRINCIPLES OF COMPUTER SYS-C S, Section no. 51020",A,1,Computer Science
Spring 2024,51025,C S, 342,NEURAL NETWORKS,"C S-342: NEURAL NETWORKS, Section no. 51025",Other,2,Computer Science
Spring 2024,51025,C S, 342,NEURAL NETWORKS,"C S-342: NEURAL NETWORKS, Section no. 51025",C,2,Computer Science
Spring 2024,51025,C S, 342,NEURAL NETWORKS,"C S-342: NEURAL NETWORKS, Section no. 51025",B-,2,Computer Science
Spring 2024,51025,C S, 342,NEURAL NETWORKS,"C S-342: NEURAL NETWORKS, Section no. 51025",B,2,Computer Science
Spring 2024,51025,C S, 342,NEURAL NETWORKS,"C S-342: NEURAL NETWORKS, Section no. 51025",B+,3,Computer Science
Spring 2024,51025,C S, 342,NEURAL NETWORKS,"C S-342: NEURAL NETWORKS, Section no. 51025",A-,5,Computer Science
Spring 2024,51025,C S, 342,NEURAL NETWORKS,"C S-342: NEURAL NETWORKS, Section no. 51025",A,75,Computer Science
Spring 2024,51030,C S, 342S,INTRO TO SPEECH/AUDIO PROCESSG,"C S-342S: INTRO TO SPEECH/AUDIO PROCESSG, Section no. 51030",Other,6,Computer Science
Spring 2024,51030,C S, 342S,INTRO TO SPEECH/AUDIO PROCESSG,"C S-342S: INTRO TO SPEECH/AUDIO PROCESSG, Section no. 51030",C-,1,Computer Science
Spring 2024,51030,C S, 342S,INTRO TO SPEECH/AUDIO PROCESSG,"C S-342S: INTRO TO SPEECH/AUDIO PROCESSG, Section no. 51030",C,2,Computer Science
Spring 2024,51030,C S, 342S,INTRO TO SPEECH/AUDIO PROCESSG,"C S-342S: INTRO TO SPEECH/AUDIO PROCESSG, Section no. 51030",B-,3,Computer Science
Spring 2024,51030,C S, 342S,INTRO TO SPEECH/AUDIO PROCESSG,"C S-342S: INTRO TO SPEECH/AUDIO PROCESSG, Section no. 51030",B,3,Computer Science
Spring 2024,51030,C S, 342S,INTRO TO SPEECH/AUDIO PROCESSG,"C S-342S: INTRO TO SPEECH/AUDIO PROCESSG, Section no. 51030",B+,6,Computer Science
Spring 2024,51030,C S, 342S,INTRO TO SPEECH/AUDIO PROCESSG,"C S-342S: INTRO TO SPEECH/AUDIO PROCESSG, Section no. 51030",A-,7,Computer Science
Spring 2024,51030,C S, 342S,INTRO TO SPEECH/AUDIO PROCESSG,"C S-342S: INTRO TO SPEECH/AUDIO PROCESSG, Section no. 51030",A,30,Computer Science
Spring 2024,51040,C S, 345H,PROGRAMMING LANGUAGES: HONORS,"C S-345H: PROGRAMMING LANGUAGES: HONORS, Section no. 51040",F,1,Computer Science
Spring 2024,51040,C S, 345H,PROGRAMMING LANGUAGES: HONORS,"C S-345H: PROGRAMMING LANGUAGES: HONORS, Section no. 51040",A-,2,Computer Science
Spring 2024,51040,C S, 345H,PROGRAMMING LANGUAGES: HONORS,"C S-345H: PROGRAMMING LANGUAGES: HONORS, Section no. 51040",A,62,Computer Science
Spring 2024,51045,C S, 347,DATA MANAGEMENT,"C S-347: DATA MANAGEMENT, Section no. 51045",D-,1,Computer Science
Spring 2024,51045,C S, 347,DATA MANAGEMENT,"C S-347: DATA MANAGEMENT, Section no. 51045",B-,2,Computer Science
Spring 2024,51045,C S, 347,DATA MANAGEMENT,"C S-347: DATA MANAGEMENT, Section no. 51045",B,5,Computer Science
Spring 2024,51045,C S, 347,DATA MANAGEMENT,"C S-347: DATA MANAGEMENT, Section no. 51045",B+,13,Computer Science
Spring 2024,51045,C S, 347,DATA MANAGEMENT,"C S-347: DATA MANAGEMENT, Section no. 51045",A-,27,Computer Science
Spring 2024,51045,C S, 347,DATA MANAGEMENT,"C S-347: DATA MANAGEMENT, Section no. 51045",A,9,Computer Science
Spring 2024,51050,C S, 349,CONTEMP ISSUES IN COMPUTER SCI,"C S-349: CONTEMP ISSUES IN COMPUTER SCI, Section no. 51050",C-,1,Computer Science
Spring 2024,51050,C S, 349,CONTEMP ISSUES IN COMPUTER SCI,"C S-349: CONTEMP ISSUES IN COMPUTER SCI, Section no. 51050",C+,2,Computer Science
Spring 2024,51050,C S, 349,CONTEMP ISSUES IN COMPUTER SCI,"C S-349: CONTEMP ISSUES IN COMPUTER SCI, Section no. 51050",B-,1,Computer Science
Spring 2024,51050,C S, 349,CONTEMP ISSUES IN COMPUTER SCI,"C S-349: CONTEMP ISSUES IN COMPUTER SCI, Section no. 51050",B,1,Computer Science
Spring 2024,51050,C S, 349,CONTEMP ISSUES IN COMPUTER SCI,"C S-349: CONTEMP ISSUES IN COMPUTER SCI, Section no. 51050",B+,3,Computer Science
Spring 2024,51050,C S, 349,CONTEMP ISSUES IN COMPUTER SCI,"C S-349: CONTEMP ISSUES IN COMPUTER SCI, Section no. 51050",A-,10,Computer Science
Spring 2024,51050,C S, 349,CONTEMP ISSUES IN COMPUTER SCI,"C S-349: CONTEMP ISSUES IN COMPUTER SCI, Section no. 51050",A,30,Computer Science
Spring 2024,51055,C S, 349,CONTEMP ISSUES IN COMPUTER SCI,"C S-349: CONTEMP ISSUES IN COMPUTER SCI, Section no. 51055",C-,1,Computer Science
Spring 2024,51055,C S, 349,CONTEMP ISSUES IN COMPUTER SCI,"C S-349: CONTEMP ISSUES IN COMPUTER SCI, Section no. 51055",C,1,Computer Science
Spring 2024,51055,C S, 349,CONTEMP ISSUES IN COMPUTER SCI,"C S-349: CONTEMP ISSUES IN COMPUTER SCI, Section no. 51055",B,1,Computer Science
Spring 2024,51055,C S, 349,CONTEMP ISSUES IN COMPUTER SCI,"C S-349: CONTEMP ISSUES IN COMPUTER SCI, Section no. 51055",B+,1,Computer Science
Spring 2024,51055,C S, 349,CONTEMP ISSUES IN COMPUTER SCI,"C S-349: CONTEMP ISSUES IN COMPUTER SCI, Section no. 51055",A-,11,Computer Science
Spring 2024,51055,C S, 349,CONTEMP ISSUES IN COMPUTER SCI,"C S-349: CONTEMP ISSUES IN COMPUTER SCI, Section no. 51055",A,33,Computer Science
Spring 2024,51060,C S, 350C,ADVANCED COMP ARCHITECTURE,"C S-350C: ADVANCED COMP ARCHITECTURE, Section no. 51060",Other,32,Computer Science
Spring 2024,51060,C S, 350C,ADVANCED COMP ARCHITECTURE,"C S-350C: ADVANCED COMP ARCHITECTURE, Section no. 51060",F,1,Computer Science
Spring 2024,51060,C S, 350C,ADVANCED COMP ARCHITECTURE,"C S-350C: ADVANCED COMP ARCHITECTURE, Section no. 51060",D,1,Computer Science
Spring 2024,51060,C S, 350C,ADVANCED COMP ARCHITECTURE,"C S-350C: ADVANCED COMP ARCHITECTURE, Section no. 51060",C-,1,Computer Science
Spring 2024,51060,C S, 350C,ADVANCED COMP ARCHITECTURE,"C S-350C: ADVANCED COMP ARCHITECTURE, Section no. 51060",C,1,Computer Science
Spring 2024,51060,C S, 350C,ADVANCED COMP ARCHITECTURE,"C S-350C: ADVANCED COMP ARCHITECTURE, Section no. 51060",B-,1,Computer Science
Spring 2024,51060,C S, 350C,ADVANCED COMP ARCHITECTURE,"C S-350C: ADVANCED COMP ARCHITECTURE, Section no. 51060",B,3,Computer Science
Spring 2024,51060,C S, 350C,ADVANCED COMP ARCHITECTURE,"C S-350C: ADVANCED COMP ARCHITECTURE, Section no. 51060",B+,2,Computer Science
Spring 2024,51060,C S, 350C,ADVANCED COMP ARCHITECTURE,"C S-350C: ADVANCED COMP ARCHITECTURE, Section no. 51060",A-,2,Computer Science
Spring 2024,51060,C S, 350C,ADVANCED COMP ARCHITECTURE,"C S-350C: ADVANCED COMP ARCHITECTURE, Section no. 51060",A,3,Computer Science
Spring 2024,51065,C S, 353,THEORY OF COMPUTATION,"C S-353: THEORY OF COMPUTATION, Section no. 51065",Other,2,Computer Science
Spring 2024,51065,C S, 353,THEORY OF COMPUTATION,"C S-353: THEORY OF COMPUTATION, Section no. 51065",D,1,Computer Science
Spring 2024,51065,C S, 353,THEORY OF COMPUTATION,"C S-353: THEORY OF COMPUTATION, Section no. 51065",C,6,Computer Science
Spring 2024,51065,C S, 353,THEORY OF COMPUTATION,"C S-353: THEORY OF COMPUTATION, Section no. 51065",B-,1,Computer Science
Spring 2024,51065,C S, 353,THEORY OF COMPUTATION,"C S-353: THEORY OF COMPUTATION, Section no. 51065",B,1,Computer Science
Spring 2024,51065,C S, 353,THEORY OF COMPUTATION,"C S-353: THEORY OF COMPUTATION, Section no. 51065",B+,2,Computer Science
Spring 2024,51065,C S, 353,THEORY OF COMPUTATION,"C S-353: THEORY OF COMPUTATION, Section no. 51065",A,14,Computer Science
Spring 2024,51070,C S, 354,COMPUTER GRAPHICS,"C S-354: COMPUTER GRAPHICS, Section no. 51070",Other,11,Computer Science
Spring 2024,51070,C S, 354,COMPUTER GRAPHICS,"C S-354: COMPUTER GRAPHICS, Section no. 51070",C+,1,Computer Science
Spring 2024,51070,C S, 354,COMPUTER GRAPHICS,"C S-354: COMPUTER GRAPHICS, Section no. 51070",B-,1,Computer Science
Spring 2024,51070,C S, 354,COMPUTER GRAPHICS,"C S-354: COMPUTER GRAPHICS, Section no. 51070",B,2,Computer Science
Spring 2024,51070,C S, 354,COMPUTER GRAPHICS,"C S-354: COMPUTER GRAPHICS, Section no. 51070",B+,7,Computer Science
Spring 2024,51070,C S, 354,COMPUTER GRAPHICS,"C S-354: COMPUTER GRAPHICS, Section no. 51070",A-,3,Computer Science
Spring 2024,51070,C S, 354,COMPUTER GRAPHICS,"C S-354: COMPUTER GRAPHICS, Section no. 51070",A,33,Computer Science
Spring 2024,51075,C S, 354H,COMPUTER GRAPHICS: HONORS,"C S-354H: COMPUTER GRAPHICS: HONORS, Section no. 51075",F,1,Computer Science
Spring 2024,51075,C S, 354H,COMPUTER GRAPHICS: HONORS,"C S-354H: COMPUTER GRAPHICS: HONORS, Section no. 51075",D+,1,Computer Science
Spring 2024,51075,C S, 354H,COMPUTER GRAPHICS: HONORS,"C S-354H: COMPUTER GRAPHICS: HONORS, Section no. 51075",C-,1,Computer Science
Spring 2024,51075,C S, 354H,COMPUTER GRAPHICS: HONORS,"C S-354H: COMPUTER GRAPHICS: HONORS, Section no. 51075",C+,2,Computer Science
Spring 2024,51075,C S, 354H,COMPUTER GRAPHICS: HONORS,"C S-354H: COMPUTER GRAPHICS: HONORS, Section no. 51075",B+,1,Computer Science
Spring 2024,51075,C S, 354H,COMPUTER GRAPHICS: HONORS,"C S-354H: COMPUTER GRAPHICS: HONORS, Section no. 51075",A-,7,Computer Science
Spring 2024,51075,C S, 354H,COMPUTER GRAPHICS: HONORS,"C S-354H: COMPUTER GRAPHICS: HONORS, Section no. 51075",A,27,Computer Science
Spring 2024,51080,C S, 354T,GAME DEV CAPSTNE: 3-D GAMES,"C S-354T: GAME DEV CAPSTNE: 3-D GAMES, Section no. 51080",A-,2,Computer Science
Spring 2024,51080,C S, 354T,GAME DEV CAPSTNE: 3-D GAMES,"C S-354T: GAME DEV CAPSTNE: 3-D GAMES, Section no. 51080",A,10,Computer Science
Spring 2024,51085,C S, 356,COMPUTER NETWORKS,"C S-356: COMPUTER NETWORKS, Section no. 51085",Other,1,Computer Science
Spring 2024,51085,C S, 356,COMPUTER NETWORKS,"C S-356: COMPUTER NETWORKS, Section no. 51085",C,3,Computer Science
Spring 2024,51085,C S, 356,COMPUTER NETWORKS,"C S-356: COMPUTER NETWORKS, Section no. 51085",C+,2,Computer Science
Spring 2024,51085,C S, 356,COMPUTER NETWORKS,"C S-356: COMPUTER NETWORKS, Section no. 51085",B-,3,Computer Science
Spring 2024,51085,C S, 356,COMPUTER NETWORKS,"C S-356: COMPUTER NETWORKS, Section no. 51085",B,6,Computer Science
Spring 2024,51085,C S, 356,COMPUTER NETWORKS,"C S-356: COMPUTER NETWORKS, Section no. 51085",B+,13,Computer Science
Spring 2024,51085,C S, 356,COMPUTER NETWORKS,"C S-356: COMPUTER NETWORKS, Section no. 51085",A-,14,Computer Science
Spring 2024,51085,C S, 356,COMPUTER NETWORKS,"C S-356: COMPUTER NETWORKS, Section no. 51085",A,18,Computer Science
Spring 2024,51095,C S, 360V,VIRTUALIZATION,"C S-360V: VIRTUALIZATION, Section no. 51095",Other,6,Computer Science
Spring 2024,51095,C S, 360V,VIRTUALIZATION,"C S-360V: VIRTUALIZATION, Section no. 51095",C+,1,Computer Science
Spring 2024,51095,C S, 360V,VIRTUALIZATION,"C S-360V: VIRTUALIZATION, Section no. 51095",B-,1,Computer Science
Spring 2024,51095,C S, 360V,VIRTUALIZATION,"C S-360V: VIRTUALIZATION, Section no. 51095",B,6,Computer Science
Spring 2024,51095,C S, 360V,VIRTUALIZATION,"C S-360V: VIRTUALIZATION, Section no. 51095",B+,8,Computer Science
Spring 2024,51095,C S, 360V,VIRTUALIZATION,"C S-360V: VIRTUALIZATION, Section no. 51095",A-,12,Computer Science
Spring 2024,51095,C S, 360V,VIRTUALIZATION,"C S-360V: VIRTUALIZATION, Section no. 51095",A,20,Computer Science
Spring 2024,51100,C S, 361S,NETWORK SECURITY/PRIVACY-WB,"C S-361S: NETWORK SECURITY/PRIVACY-WB, Section no. 51100",Other,13,Computer Science
Spring 2024,51100,C S, 361S,NETWORK SECURITY/PRIVACY-WB,"C S-361S: NETWORK SECURITY/PRIVACY-WB, Section no. 51100",F,4,Computer Science
Spring 2024,51100,C S, 361S,NETWORK SECURITY/PRIVACY-WB,"C S-361S: NETWORK SECURITY/PRIVACY-WB, Section no. 51100",B-,1,Computer Science
Spring 2024,51100,C S, 361S,NETWORK SECURITY/PRIVACY-WB,"C S-361S: NETWORK SECURITY/PRIVACY-WB, Section no. 51100",B,1,Computer Science
Spring 2024,51100,C S, 361S,NETWORK SECURITY/PRIVACY-WB,"C S-361S: NETWORK SECURITY/PRIVACY-WB, Section no. 51100",B+,2,Computer Science
Spring 2024,51100,C S, 361S,NETWORK SECURITY/PRIVACY-WB,"C S-361S: NETWORK SECURITY/PRIVACY-WB, Section no. 51100",A-,6,Computer Science
Spring 2024,51100,C S, 361S,NETWORK SECURITY/PRIVACY-WB,"C S-361S: NETWORK SECURITY/PRIVACY-WB, Section no. 51100",A,14,Computer Science
Spring 2024,51110,C S, 363M,PRINCIPLES OF MACHINE LEARN I,"C S-363M: PRINCIPLES OF MACHINE LEARN I, Section no. 51110",Other,2,Computer Science
Spring 2024,51110,C S, 363M,PRINCIPLES OF MACHINE LEARN I,"C S-363M: PRINCIPLES OF MACHINE LEARN I, Section no. 51110",C,2,Computer Science
Spring 2024,51110,C S, 363M,PRINCIPLES OF MACHINE LEARN I,"C S-363M: PRINCIPLES OF MACHINE LEARN I, Section no. 51110",C+,2,Computer Science
Spring 2024,51110,C S, 363M,PRINCIPLES OF MACHINE LEARN I,"C S-363M: PRINCIPLES OF MACHINE LEARN I, Section no. 51110",B-,4,Computer Science
Spring 2024,51110,C S, 363M,PRINCIPLES OF MACHINE LEARN I,"C S-363M: PRINCIPLES OF MACHINE LEARN I, Section no. 51110",B,9,Computer Science
Spring 2024,51110,C S, 363M,PRINCIPLES OF MACHINE LEARN I,"C S-363M: PRINCIPLES OF MACHINE LEARN I, Section no. 51110",B+,6,Computer Science
Spring 2024,51110,C S, 363M,PRINCIPLES OF MACHINE LEARN I,"C S-363M: PRINCIPLES OF MACHINE LEARN I, Section no. 51110",A-,11,Computer Science
Spring 2024,51110,C S, 363M,PRINCIPLES OF MACHINE LEARN I,"C S-363M: PRINCIPLES OF MACHINE LEARN I, Section no. 51110",A,26,Computer Science
Spring 2024,51115,C S, 363M,PRINCIPLES OF MACHINE LEARN I,"C S-363M: PRINCIPLES OF MACHINE LEARN I, Section no. 51115",Other,1,Computer Science
Spring 2024,51115,C S, 363M,PRINCIPLES OF MACHINE LEARN I,"C S-363M: PRINCIPLES OF MACHINE LEARN I, Section no. 51115",F,1,Computer Science
Spring 2024,51115,C S, 363M,PRINCIPLES OF MACHINE LEARN I,"C S-363M: PRINCIPLES OF MACHINE LEARN I, Section no. 51115",C,3,Computer Science
Spring 2024,51115,C S, 363M,PRINCIPLES OF MACHINE LEARN I,"C S-363M: PRINCIPLES OF MACHINE LEARN I, Section no. 51115",C+,1,Computer Science
Spring 2024,51115,C S, 363M,PRINCIPLES OF MACHINE LEARN I,"C S-363M: PRINCIPLES OF MACHINE LEARN I, Section no. 51115",B-,6,Computer Science
Spring 2024,51115,C S, 363M,PRINCIPLES OF MACHINE LEARN I,"C S-363M: PRINCIPLES OF MACHINE LEARN I, Section no. 51115",B,8,Computer Science
Spring 2024,51115,C S, 363M,PRINCIPLES OF MACHINE LEARN I,"C S-363M: PRINCIPLES OF MACHINE LEARN I, Section no. 51115",B+,6,Computer Science
Spring 2024,51115,C S, 363M,PRINCIPLES OF MACHINE LEARN I,"C S-363M: PRINCIPLES OF MACHINE LEARN I, Section no. 51115",A-,15,Computer Science
Spring 2024,51115,C S, 363M,PRINCIPLES OF MACHINE LEARN I,"C S-363M: PRINCIPLES OF MACHINE LEARN I, Section no. 51115",A,20,Computer Science
Spring 2024,51120,C S, 363M,PRINCIPLES OF MACHINE LEARN I,"C S-363M: PRINCIPLES OF MACHINE LEARN I, Section no. 51120",F,1,Computer Science
Spring 2024,51120,C S, 363M,PRINCIPLES OF MACHINE LEARN I,"C S-363M: PRINCIPLES OF MACHINE LEARN I, Section no. 51120",D+,2,Computer Science
Spring 2024,51120,C S, 363M,PRINCIPLES OF MACHINE LEARN I,"C S-363M: PRINCIPLES OF MACHINE LEARN I, Section no. 51120",C,2,Computer Science
Spring 2024,51120,C S, 363M,PRINCIPLES OF MACHINE LEARN I,"C S-363M: PRINCIPLES OF MACHINE LEARN I, Section no. 51120",C+,6,Computer Science
Spring 2024,51120,C S, 363M,PRINCIPLES OF MACHINE LEARN I,"C S-363M: PRINCIPLES OF MACHINE LEARN I, Section no. 51120",B-,4,Computer Science
Spring 2024,51120,C S, 363M,PRINCIPLES OF MACHINE LEARN I,"C S-363M: PRINCIPLES OF MACHINE LEARN I, Section no. 51120",B,13,Computer Science
Spring 2024,51120,C S, 363M,PRINCIPLES OF MACHINE LEARN I,"C S-363M: PRINCIPLES OF MACHINE LEARN I, Section no. 51120",B+,8,Computer Science
Spring 2024,51120,C S, 363M,PRINCIPLES OF MACHINE LEARN I,"C S-363M: PRINCIPLES OF MACHINE LEARN I, Section no. 51120",A-,16,Computer Science
Spring 2024,51120,C S, 363M,PRINCIPLES OF MACHINE LEARN I,"C S-363M: PRINCIPLES OF MACHINE LEARN I, Section no. 51120",A,24,Computer Science
Spring 2024,51125,C S, 364M,PRINCIPL OF MACHINE LEARN II,"C S-364M: PRINCIPL OF MACHINE LEARN II, Section no. 51125",Other,4,Computer Science
Spring 2024,51125,C S, 364M,PRINCIPL OF MACHINE LEARN II,"C S-364M: PRINCIPL OF MACHINE LEARN II, Section no. 51125",B,4,Computer Science
Spring 2024,51125,C S, 364M,PRINCIPL OF MACHINE LEARN II,"C S-364M: PRINCIPL OF MACHINE LEARN II, Section no. 51125",B+,5,Computer Science
Spring 2024,51125,C S, 364M,PRINCIPL OF MACHINE LEARN II,"C S-364M: PRINCIPL OF MACHINE LEARN II, Section no. 51125",A-,14,Computer Science
Spring 2024,51125,C S, 364M,PRINCIPL OF MACHINE LEARN II,"C S-364M: PRINCIPL OF MACHINE LEARN II, Section no. 51125",A,31,Computer Science
Spring 2024,51145,C S, 371D,DISTRIBUTED COMPUTING,"C S-371D: DISTRIBUTED COMPUTING, Section no. 51145",Other,9,Computer Science
Spring 2024,51145,C S, 371D,DISTRIBUTED COMPUTING,"C S-371D: DISTRIBUTED COMPUTING, Section no. 51145",C-,1,Computer Science
Spring 2024,51145,C S, 371D,DISTRIBUTED COMPUTING,"C S-371D: DISTRIBUTED COMPUTING, Section no. 51145",C,1,Computer Science
Spring 2024,51145,C S, 371D,DISTRIBUTED COMPUTING,"C S-371D: DISTRIBUTED COMPUTING, Section no. 51145",C+,1,Computer Science
Spring 2024,51145,C S, 371D,DISTRIBUTED COMPUTING,"C S-371D: DISTRIBUTED COMPUTING, Section no. 51145",B-,6,Computer Science
Spring 2024,51145,C S, 371D,DISTRIBUTED COMPUTING,"C S-371D: DISTRIBUTED COMPUTING, Section no. 51145",B,9,Computer Science
Spring 2024,51145,C S, 371D,DISTRIBUTED COMPUTING,"C S-371D: DISTRIBUTED COMPUTING, Section no. 51145",A,30,Computer Science
Spring 2024,51150,C S, 371L,IOS MOBILE COMPUTING,"C S-371L: IOS MOBILE COMPUTING, Section no. 51150",Other,1,Computer Science
Spring 2024,51150,C S, 371L,IOS MOBILE COMPUTING,"C S-371L: IOS MOBILE COMPUTING, Section no. 51150",D-,1,Computer Science
Spring 2024,51150,C S, 371L,IOS MOBILE COMPUTING,"C S-371L: IOS MOBILE COMPUTING, Section no. 51150",C+,1,Computer Science
Spring 2024,51150,C S, 371L,IOS MOBILE COMPUTING,"C S-371L: IOS MOBILE COMPUTING, Section no. 51150",B-,2,Computer Science
Spring 2024,51150,C S, 371L,IOS MOBILE COMPUTING,"C S-371L: IOS MOBILE COMPUTING, Section no. 51150",B,1,Computer Science
Spring 2024,51150,C S, 371L,IOS MOBILE COMPUTING,"C S-371L: IOS MOBILE COMPUTING, Section no. 51150",B+,6,Computer Science
Spring 2024,51150,C S, 371L,IOS MOBILE COMPUTING,"C S-371L: IOS MOBILE COMPUTING, Section no. 51150",A-,11,Computer Science
Spring 2024,51150,C S, 371L,IOS MOBILE COMPUTING,"C S-371L: IOS MOBILE COMPUTING, Section no. 51150",A,37,Computer Science
Spring 2024,51155,C S, 371M,MOBILE COMPUTING,"C S-371M: MOBILE COMPUTING, Section no. 51155",Other,3,Computer Science
Spring 2024,51155,C S, 371M,MOBILE COMPUTING,"C S-371M: MOBILE COMPUTING, Section no. 51155",D-,1,Computer Science
Spring 2024,51155,C S, 371M,MOBILE COMPUTING,"C S-371M: MOBILE COMPUTING, Section no. 51155",C-,3,Computer Science
Spring 2024,51155,C S, 371M,MOBILE COMPUTING,"C S-371M: MOBILE COMPUTING, Section no. 51155",C,5,Computer Science
Spring 2024,51155,C S, 371M,MOBILE COMPUTING,"C S-371M: MOBILE COMPUTING, Section no. 51155",C+,1,Computer Science
Spring 2024,51155,C S, 371M,MOBILE COMPUTING,"C S-371M: MOBILE COMPUTING, Section no. 51155",B-,1,Computer Science
Spring 2024,51155,C S, 371M,MOBILE COMPUTING,"C S-371M: MOBILE COMPUTING, Section no. 51155",B,8,Computer Science
Spring 2024,51155,C S, 371M,MOBILE COMPUTING,"C S-371M: MOBILE COMPUTING, Section no. 51155",B+,6,Computer Science
Spring 2024,51155,C S, 371M,MOBILE COMPUTING,"C S-371M: MOBILE COMPUTING, Section no. 51155",A-,16,Computer Science
Spring 2024,51155,C S, 371M,MOBILE COMPUTING,"C S-371M: MOBILE COMPUTING, Section no. 51155",A,16,Computer Science
Spring 2024,51165,C S, 371P,OBJECT-ORIENTED PROGRAMMING,"C S-371P: OBJECT-ORIENTED PROGRAMMING, Section no. 51165",Other,5,Computer Science
Spring 2024,51165,C S, 371P,OBJECT-ORIENTED PROGRAMMING,"C S-371P: OBJECT-ORIENTED PROGRAMMING, Section no. 51165",F,2,Computer Science
Spring 2024,51165,C S, 371P,OBJECT-ORIENTED PROGRAMMING,"C S-371P: OBJECT-ORIENTED PROGRAMMING, Section no. 51165",D-,1,Computer Science
Spring 2024,51165,C S, 371P,OBJECT-ORIENTED PROGRAMMING,"C S-371P: OBJECT-ORIENTED PROGRAMMING, Section no. 51165",D+,1,Computer Science
Spring 2024,51165,C S, 371P,OBJECT-ORIENTED PROGRAMMING,"C S-371P: OBJECT-ORIENTED PROGRAMMING, Section no. 51165",C-,3,Computer Science
Spring 2024,51165,C S, 371P,OBJECT-ORIENTED PROGRAMMING,"C S-371P: OBJECT-ORIENTED PROGRAMMING, Section no. 51165",C+,2,Computer Science
Spring 2024,51165,C S, 371P,OBJECT-ORIENTED PROGRAMMING,"C S-371P: OBJECT-ORIENTED PROGRAMMING, Section no. 51165",B-,1,Computer Science
Spring 2024,51165,C S, 371P,OBJECT-ORIENTED PROGRAMMING,"C S-371P: OBJECT-ORIENTED PROGRAMMING, Section no. 51165",B,3,Computer Science
Spring 2024,51165,C S, 371P,OBJECT-ORIENTED PROGRAMMING,"C S-371P: OBJECT-ORIENTED PROGRAMMING, Section no. 51165",B+,9,Computer Science
Spring 2024,51165,C S, 371P,OBJECT-ORIENTED PROGRAMMING,"C S-371P: OBJECT-ORIENTED PROGRAMMING, Section no. 51165",A,45,Computer Science
Spring 2024,51170,C S, 373,SOFTWARE ENGINEERING,"C S-373: SOFTWARE ENGINEERING, Section no. 51170",D+,1,Computer Science
Spring 2024,51170,C S, 373,SOFTWARE ENGINEERING,"C S-373: SOFTWARE ENGINEERING, Section no. 51170",C-,1,Computer Science
Spring 2024,51170,C S, 373,SOFTWARE ENGINEERING,"C S-373: SOFTWARE ENGINEERING, Section no. 51170",C,1,Computer Science
Spring 2024,51170,C S, 373,SOFTWARE ENGINEERING,"C S-373: SOFTWARE ENGINEERING, Section no. 51170",A-,1,Computer Science
Spring 2024,51170,C S, 373,SOFTWARE ENGINEERING,"C S-373: SOFTWARE ENGINEERING, Section no. 51170",A,55,Computer Science
Spring 2024,51175,C S, 373,SOFTWARE ENGINEERING,"C S-373: SOFTWARE ENGINEERING, Section no. 51175",Other,3,Computer Science
Spring 2024,51175,C S, 373,SOFTWARE ENGINEERING,"C S-373: SOFTWARE ENGINEERING, Section no. 51175",C,1,Computer Science
Spring 2024,51175,C S, 373,SOFTWARE ENGINEERING,"C S-373: SOFTWARE ENGINEERING, Section no. 51175",C+,3,Computer Science
Spring 2024,51175,C S, 373,SOFTWARE ENGINEERING,"C S-373: SOFTWARE ENGINEERING, Section no. 51175",B-,4,Computer Science
Spring 2024,51175,C S, 373,SOFTWARE ENGINEERING,"C S-373: SOFTWARE ENGINEERING, Section no. 51175",B,3,Computer Science
Spring 2024,51175,C S, 373,SOFTWARE ENGINEERING,"C S-373: SOFTWARE ENGINEERING, Section no. 51175",B+,5,Computer Science
Spring 2024,51175,C S, 373,SOFTWARE ENGINEERING,"C S-373: SOFTWARE ENGINEERING, Section no. 51175",A-,2,Computer Science
Spring 2024,51175,C S, 373,SOFTWARE ENGINEERING,"C S-373: SOFTWARE ENGINEERING, Section no. 51175",A,38,Computer Science
Spring 2024,51180,C S, 374L,LONGHORN STARTUP,"C S-374L: LONGHORN STARTUP, Section no. 51180",B-,1,Computer Science
Spring 2024,51180,C S, 374L,LONGHORN STARTUP,"C S-374L: LONGHORN STARTUP, Section no. 51180",B,2,Computer Science
Spring 2024,51180,C S, 374L,LONGHORN STARTUP,"C S-374L: LONGHORN STARTUP, Section no. 51180",A-,5,Computer Science
Spring 2024,51180,C S, 374L,LONGHORN STARTUP,"C S-374L: LONGHORN STARTUP, Section no. 51180",A,13,Computer Science
Spring 2024,51185,C S, 375,COMPILERS,"C S-375: COMPILERS, Section no. 51185",Other,5,Computer Science
Spring 2024,51185,C S, 375,COMPILERS,"C S-375: COMPILERS, Section no. 51185",F,1,Computer Science
Spring 2024,51185,C S, 375,COMPILERS,"C S-375: COMPILERS, Section no. 51185",D,1,Computer Science
Spring 2024,51185,C S, 375,COMPILERS,"C S-375: COMPILERS, Section no. 51185",C-,1,Computer Science
Spring 2024,51185,C S, 375,COMPILERS,"C S-375: COMPILERS, Section no. 51185",C,1,Computer Science
Spring 2024,51185,C S, 375,COMPILERS,"C S-375: COMPILERS, Section no. 51185",C+,1,Computer Science
Spring 2024,51185,C S, 375,COMPILERS,"C S-375: COMPILERS, Section no. 51185",B-,1,Computer Science
Spring 2024,51185,C S, 375,COMPILERS,"C S-375: COMPILERS, Section no. 51185",B,4,Computer Science
Spring 2024,51185,C S, 375,COMPILERS,"C S-375: COMPILERS, Section no. 51185",B+,4,Computer Science
Spring 2024,51185,C S, 375,COMPILERS,"C S-375: COMPILERS, Section no. 51185",A-,5,Computer Science
Spring 2024,51185,C S, 375,COMPILERS,"C S-375: COMPILERS, Section no. 51185",A,36,Computer Science
Spring 2024,51195,C S, 378,CLOUD COMPUTING-WB,"C S-378: CLOUD COMPUTING-WB, Section no. 51195",D,1,Computer Science
Spring 2024,51195,C S, 378,CLOUD COMPUTING-WB,"C S-378: CLOUD COMPUTING-WB, Section no. 51195",C,1,Computer Science
Spring 2024,51195,C S, 378,CLOUD COMPUTING-WB,"C S-378: CLOUD COMPUTING-WB, Section no. 51195",C+,2,Computer Science
Spring 2024,51195,C S, 378,CLOUD COMPUTING-WB,"C S-378: CLOUD COMPUTING-WB, Section no. 51195",B-,1,Computer Science
Spring 2024,51195,C S, 378,CLOUD COMPUTING-WB,"C S-378: CLOUD COMPUTING-WB, Section no. 51195",B+,5,Computer Science
Spring 2024,51195,C S, 378,CLOUD COMPUTING-WB,"C S-378: CLOUD COMPUTING-WB, Section no. 51195",A-,15,Computer Science
Spring 2024,51195,C S, 378,CLOUD COMPUTING-WB,"C S-378: CLOUD COMPUTING-WB, Section no. 51195",A,35,Computer Science
Spring 2024,51200,C S, 378,CYBERPHYSICAL SYSTEMS,"C S-378: CYBERPHYSICAL SYSTEMS, Section no. 51200",C,1,Computer Science
Spring 2024,51200,C S, 378,CYBERPHYSICAL SYSTEMS,"C S-378: CYBERPHYSICAL SYSTEMS, Section no. 51200",A-,8,Computer Science
Spring 2024,51200,C S, 378,CYBERPHYSICAL SYSTEMS,"C S-378: CYBERPHYSICAL SYSTEMS, Section no. 51200",A,11,Computer Science
Spring 2024,51205,C S, 378,ENERGY EFFICIENT COMPUTING,"C S-378: ENERGY EFFICIENT COMPUTING, Section no. 51205",Other,2,Computer Science
Spring 2024,51205,C S, 378,ENERGY EFFICIENT COMPUTING,"C S-378: ENERGY EFFICIENT COMPUTING, Section no. 51205",B+,1,Computer Science
Spring 2024,51205,C S, 378,ENERGY EFFICIENT COMPUTING,"C S-378: ENERGY EFFICIENT COMPUTING, Section no. 51205",A-,7,Computer Science
Spring 2024,51205,C S, 378,ENERGY EFFICIENT COMPUTING,"C S-378: ENERGY EFFICIENT COMPUTING, Section no. 51205",A,49,Computer Science
Spring 2024,51210,C S, 378,ENERGY EFFICIENT COMPUTING,"C S-378: ENERGY EFFICIENT COMPUTING, Section no. 51210",F,1,Computer Science
Spring 2024,51210,C S, 378,ENERGY EFFICIENT COMPUTING,"C S-378: ENERGY EFFICIENT COMPUTING, Section no. 51210",C+,1,Computer Science
Spring 2024,51210,C S, 378,ENERGY EFFICIENT COMPUTING,"C S-378: ENERGY EFFICIENT COMPUTING, Section no. 51210",B,2,Computer Science
Spring 2024,51210,C S, 378,ENERGY EFFICIENT COMPUTING,"C S-378: ENERGY EFFICIENT COMPUTING, Section no. 51210",B+,3,Computer Science
Spring 2024,51210,C S, 378,ENERGY EFFICIENT COMPUTING,"C S-378: ENERGY EFFICIENT COMPUTING, Section no. 51210",A-,9,Computer Science
Spring 2024,51210,C S, 378,ENERGY EFFICIENT COMPUTING,"C S-378: ENERGY EFFICIENT COMPUTING, Section no. 51210",A,37,Computer Science
Spring 2024,51215,C S, 378,ETHICAL HACKING,"C S-378: ETHICAL HACKING, Section no. 51215",Other,3,Computer Science
Spring 2024,51215,C S, 378,ETHICAL HACKING,"C S-378: ETHICAL HACKING, Section no. 51215",F,1,Computer Science
Spring 2024,51215,C S, 378,ETHICAL HACKING,"C S-378: ETHICAL HACKING, Section no. 51215",C,1,Computer Science
Spring 2024,51215,C S, 378,ETHICAL HACKING,"C S-378: ETHICAL HACKING, Section no. 51215",B-,2,Computer Science
Spring 2024,51215,C S, 378,ETHICAL HACKING,"C S-378: ETHICAL HACKING, Section no. 51215",B,3,Computer Science
Spring 2024,51215,C S, 378,ETHICAL HACKING,"C S-378: ETHICAL HACKING, Section no. 51215",B+,4,Computer Science
Spring 2024,51215,C S, 378,ETHICAL HACKING,"C S-378: ETHICAL HACKING, Section no. 51215",A-,5,Computer Science
Spring 2024,51215,C S, 378,ETHICAL HACKING,"C S-378: ETHICAL HACKING, Section no. 51215",A,39,Computer Science
Spring 2024,51225,C S, 378,INTRO TO HUMAN/COMP INTERACT,"C S-378: INTRO TO HUMAN/COMP INTERACT, Section no. 51225",Other,1,Computer Science
Spring 2024,51225,C S, 378,INTRO TO HUMAN/COMP INTERACT,"C S-378: INTRO TO HUMAN/COMP INTERACT, Section no. 51225",C+,2,Computer Science
Spring 2024,51225,C S, 378,INTRO TO HUMAN/COMP INTERACT,"C S-378: INTRO TO HUMAN/COMP INTERACT, Section no. 51225",B-,3,Computer Science
Spring 2024,51225,C S, 378,INTRO TO HUMAN/COMP INTERACT,"C S-378: INTRO TO HUMAN/COMP INTERACT, Section no. 51225",B,7,Computer Science
Spring 2024,51225,C S, 378,INTRO TO HUMAN/COMP INTERACT,"C S-378: INTRO TO HUMAN/COMP INTERACT, Section no. 51225",B+,7,Computer Science
Spring 2024,51225,C S, 378,INTRO TO HUMAN/COMP INTERACT,"C S-378: INTRO TO HUMAN/COMP INTERACT, Section no. 51225",A-,15,Computer Science
Spring 2024,51225,C S, 378,INTRO TO HUMAN/COMP INTERACT,"C S-378: INTRO TO HUMAN/COMP INTERACT, Section no. 51225",A,25,Computer Science
Spring 2024,51230,C S, 378,INTRODUCTORY GAME THEORY,"C S-378: INTRODUCTORY GAME THEORY, Section no. 51230",Other,4,Computer Science
Spring 2024,51230,C S, 378,INTRODUCTORY GAME THEORY,"C S-378: INTRODUCTORY GAME THEORY, Section no. 51230",A-,3,Computer Science
Spring 2024,51230,C S, 378,INTRODUCTORY GAME THEORY,"C S-378: INTRODUCTORY GAME THEORY, Section no. 51230",A,4,Computer Science
Spring 2024,51240,C S, 378,PROG CORRECTNESS/PERFORMNC,"C S-378: PROG CORRECTNESS/PERFORMNC, Section no. 51240",Other,8,Computer Science
Spring 2024,51240,C S, 378,PROG CORRECTNESS/PERFORMNC,"C S-378: PROG CORRECTNESS/PERFORMNC, Section no. 51240",B,6,Computer Science
Spring 2024,51240,C S, 378,PROG CORRECTNESS/PERFORMNC,"C S-378: PROG CORRECTNESS/PERFORMNC, Section no. 51240",B+,4,Computer Science
Spring 2024,51240,C S, 378,PROG CORRECTNESS/PERFORMNC,"C S-378: PROG CORRECTNESS/PERFORMNC, Section no. 51240",A-,12,Computer Science
Spring 2024,51240,C S, 378,PROG CORRECTNESS/PERFORMNC,"C S-378: PROG CORRECTNESS/PERFORMNC, Section no. 51240",A,26,Computer Science
Spring 2024,51245,C S, 378,RANDOMIZED ALGORITHMS,"C S-378: RANDOMIZED ALGORITHMS, Section no. 51245",Other,1,Computer Science
Spring 2024,51245,C S, 378,RANDOMIZED ALGORITHMS,"C S-378: RANDOMIZED ALGORITHMS, Section no. 51245",F,2,Computer Science
Spring 2024,51245,C S, 378,RANDOMIZED ALGORITHMS,"C S-378: RANDOMIZED ALGORITHMS, Section no. 51245",C-,1,Computer Science
Spring 2024,51245,C S, 378,RANDOMIZED ALGORITHMS,"C S-378: RANDOMIZED ALGORITHMS, Section no. 51245",C,3,Computer Science
Spring 2024,51245,C S, 378,RANDOMIZED ALGORITHMS,"C S-378: RANDOMIZED ALGORITHMS, Section no. 51245",C+,1,Computer Science
Spring 2024,51245,C S, 378,RANDOMIZED ALGORITHMS,"C S-378: RANDOMIZED ALGORITHMS, Section no. 51245",B-,2,Computer Science
Spring 2024,51245,C S, 378,RANDOMIZED ALGORITHMS,"C S-378: RANDOMIZED ALGORITHMS, Section no. 51245",B+,3,Computer Science
Spring 2024,51245,C S, 378,RANDOMIZED ALGORITHMS,"C S-378: RANDOMIZED ALGORITHMS, Section no. 51245",A-,3,Computer Science
Spring 2024,51245,C S, 378,RANDOMIZED ALGORITHMS,"C S-378: RANDOMIZED ALGORITHMS, Section no. 51245",A,6,Computer Science
Spring 2024,51250,C S, 378,SYMBOLIC PROGRAMMING,"C S-378: SYMBOLIC PROGRAMMING, Section no. 51250",Other,2,Computer Science
Spring 2024,51250,C S, 378,SYMBOLIC PROGRAMMING,"C S-378: SYMBOLIC PROGRAMMING, Section no. 51250",F,1,Computer Science
Spring 2024,51250,C S, 378,SYMBOLIC PROGRAMMING,"C S-378: SYMBOLIC PROGRAMMING, Section no. 51250",C,1,Computer Science
Spring 2024,51250,C S, 378,SYMBOLIC PROGRAMMING,"C S-378: SYMBOLIC PROGRAMMING, Section no. 51250",C+,1,Computer Science
Spring 2024,51250,C S, 378,SYMBOLIC PROGRAMMING,"C S-378: SYMBOLIC PROGRAMMING, Section no. 51250",B-,1,Computer Science
Spring 2024,51250,C S, 378,SYMBOLIC PROGRAMMING,"C S-378: SYMBOLIC PROGRAMMING, Section no. 51250",B,1,Computer Science
Spring 2024,51250,C S, 378,SYMBOLIC PROGRAMMING,"C S-378: SYMBOLIC PROGRAMMING, Section no. 51250",B+,7,Computer Science
Spring 2024,51250,C S, 378,SYMBOLIC PROGRAMMING,"C S-378: SYMBOLIC PROGRAMMING, Section no. 51250",A-,7,Computer Science
Spring 2024,51250,C S, 378,SYMBOLIC PROGRAMMING,"C S-378: SYMBOLIC PROGRAMMING, Section no. 51250",A,39,Computer Science
Spring 2024,51255,C S, 178H,INTRO TO COMP SCI RSCH: HONORS,"C S-178H: INTRO TO COMP SCI RSCH: HONORS, Section no. 51255",A-,3,Computer Science
Spring 2024,51255,C S, 178H,INTRO TO COMP SCI RSCH: HONORS,"C S-178H: INTRO TO COMP SCI RSCH: HONORS, Section no. 51255",A,58,Computer Science
Spring 2024,51265,C S, 380C,COMPILERS,"C S-380C: COMPILERS, Section no. 51265",C,1,Computer Science
Spring 2024,51265,C S, 380C,COMPILERS,"C S-380C: COMPILERS, Section no. 51265",B,3,Computer Science
Spring 2024,51265,C S, 380C,COMPILERS,"C S-380C: COMPILERS, Section no. 51265",A,9,Computer Science
Spring 2024,51270,C S, 380L,ADVANCED OPERATING SYSTEMS,"C S-380L: ADVANCED OPERATING SYSTEMS, Section no. 51270",Other,1,Computer Science
Spring 2024,51270,C S, 380L,ADVANCED OPERATING SYSTEMS,"C S-380L: ADVANCED OPERATING SYSTEMS, Section no. 51270",B,2,Computer Science
Spring 2024,51270,C S, 380L,ADVANCED OPERATING SYSTEMS,"C S-380L: ADVANCED OPERATING SYSTEMS, Section no. 51270",B+,1,Computer Science
Spring 2024,51270,C S, 380L,ADVANCED OPERATING SYSTEMS,"C S-380L: ADVANCED OPERATING SYSTEMS, Section no. 51270",A-,3,Computer Science
Spring 2024,51270,C S, 380L,ADVANCED OPERATING SYSTEMS,"C S-380L: ADVANCED OPERATING SYSTEMS, Section no. 51270",A,4,Computer Science
Spring 2024,51275,C S, 380L,ADVANCED OPERATING SYSTEMS-WB,"C S-380L: ADVANCED OPERATING SYSTEMS-WB, Section no. 51275",Other,23,Computer Science
Spring 2024,51275,C S, 380L,ADVANCED OPERATING SYSTEMS-WB,"C S-380L: ADVANCED OPERATING SYSTEMS-WB, Section no. 51275",F,4,Computer Science
Spring 2024,51275,C S, 380L,ADVANCED OPERATING SYSTEMS-WB,"C S-380L: ADVANCED OPERATING SYSTEMS-WB, Section no. 51275",C+,1,Computer Science
Spring 2024,51275,C S, 380L,ADVANCED OPERATING SYSTEMS-WB,"C S-380L: ADVANCED OPERATING SYSTEMS-WB, Section no. 51275",B-,4,Computer Science
Spring 2024,51275,C S, 380L,ADVANCED OPERATING SYSTEMS-WB,"C S-380L: ADVANCED OPERATING SYSTEMS-WB, Section no. 51275",B,3,Computer Science
Spring 2024,51275,C S, 380L,ADVANCED OPERATING SYSTEMS-WB,"C S-380L: ADVANCED OPERATING SYSTEMS-WB, Section no. 51275",B+,21,Computer Science
Spring 2024,51275,C S, 380L,ADVANCED OPERATING SYSTEMS-WB,"C S-380L: ADVANCED OPERATING SYSTEMS-WB, Section no. 51275",A-,58,Computer Science
Spring 2024,51275,C S, 380L,ADVANCED OPERATING SYSTEMS-WB,"C S-380L: ADVANCED OPERATING SYSTEMS-WB, Section no. 51275",A,101,Computer Science
Spring 2024,51280,C S, 383C,NUMRCL ANLY: LINEAR ALGEBRA-WB,"C S-383C: NUMRCL ANLY: LINEAR ALGEBRA-WB, Section no. 51280",Other,30,Computer Science
Spring 2024,51280,C S, 383C,NUMRCL ANLY: LINEAR ALGEBRA-WB,"C S-383C: NUMRCL ANLY: LINEAR ALGEBRA-WB, Section no. 51280",F,1,Computer Science
Spring 2024,51280,C S, 383C,NUMRCL ANLY: LINEAR ALGEBRA-WB,"C S-383C: NUMRCL ANLY: LINEAR ALGEBRA-WB, Section no. 51280",D,1,Computer Science
Spring 2024,51280,C S, 383C,NUMRCL ANLY: LINEAR ALGEBRA-WB,"C S-383C: NUMRCL ANLY: LINEAR ALGEBRA-WB, Section no. 51280",C,9,Computer Science
Spring 2024,51280,C S, 383C,NUMRCL ANLY: LINEAR ALGEBRA-WB,"C S-383C: NUMRCL ANLY: LINEAR ALGEBRA-WB, Section no. 51280",C+,3,Computer Science
Spring 2024,51280,C S, 383C,NUMRCL ANLY: LINEAR ALGEBRA-WB,"C S-383C: NUMRCL ANLY: LINEAR ALGEBRA-WB, Section no. 51280",B-,10,Computer Science
Spring 2024,51280,C S, 383C,NUMRCL ANLY: LINEAR ALGEBRA-WB,"C S-383C: NUMRCL ANLY: LINEAR ALGEBRA-WB, Section no. 51280",B,40,Computer Science
Spring 2024,51280,C S, 383C,NUMRCL ANLY: LINEAR ALGEBRA-WB,"C S-383C: NUMRCL ANLY: LINEAR ALGEBRA-WB, Section no. 51280",B+,21,Computer Science
Spring 2024,51280,C S, 383C,NUMRCL ANLY: LINEAR ALGEBRA-WB,"C S-383C: NUMRCL ANLY: LINEAR ALGEBRA-WB, Section no. 51280",A-,7,Computer Science
Spring 2024,51280,C S, 383C,NUMRCL ANLY: LINEAR ALGEBRA-WB,"C S-383C: NUMRCL ANLY: LINEAR ALGEBRA-WB, Section no. 51280",A,26,Computer Science
Spring 2024,51285,C S, 384G,COMPUTER GRAPHICS,"C S-384G: COMPUTER GRAPHICS, Section no. 51285",Other,2,Computer Science
Spring 2024,51285,C S, 384G,COMPUTER GRAPHICS,"C S-384G: COMPUTER GRAPHICS, Section no. 51285",A-,1,Computer Science
Spring 2024,51285,C S, 384G,COMPUTER GRAPHICS,"C S-384G: COMPUTER GRAPHICS, Section no. 51285",A,13,Computer Science
Spring 2024,51289,C S, 384P,PHYSICAL SIMULTN COMP GRAPHICS,"C S-384P: PHYSICAL SIMULTN COMP GRAPHICS, Section no. 51289",Other,2,Computer Science
Spring 2024,51289,C S, 384P,PHYSICAL SIMULTN COMP GRAPHICS,"C S-384P: PHYSICAL SIMULTN COMP GRAPHICS, Section no. 51289",B-,1,Computer Science
Spring 2024,51289,C S, 384P,PHYSICAL SIMULTN COMP GRAPHICS,"C S-384P: PHYSICAL SIMULTN COMP GRAPHICS, Section no. 51289",A,10,Computer Science
Spring 2024,51290,C S, 386D,DATABASE SYSTEMS,"C S-386D: DATABASE SYSTEMS, Section no. 51290",Other,2,Computer Science
Spring 2024,51290,C S, 386D,DATABASE SYSTEMS,"C S-386D: DATABASE SYSTEMS, Section no. 51290",B,1,Computer Science
Spring 2024,51290,C S, 386D,DATABASE SYSTEMS,"C S-386D: DATABASE SYSTEMS, Section no. 51290",B+,1,Computer Science
Spring 2024,51290,C S, 386D,DATABASE SYSTEMS,"C S-386D: DATABASE SYSTEMS, Section no. 51290",A-,2,Computer Science
Spring 2024,51290,C S, 386D,DATABASE SYSTEMS,"C S-386D: DATABASE SYSTEMS, Section no. 51290",A,6,Computer Science
Spring 2024,51295,C S, 386L,PROGRAMMING LANGUAGES,"C S-386L: PROGRAMMING LANGUAGES, Section no. 51295",Other,2,Computer Science
Spring 2024,51295,C S, 386L,PROGRAMMING LANGUAGES,"C S-386L: PROGRAMMING LANGUAGES, Section no. 51295",B+,1,Computer Science
Spring 2024,51295,C S, 386L,PROGRAMMING LANGUAGES,"C S-386L: PROGRAMMING LANGUAGES, Section no. 51295",A-,4,Computer Science
Spring 2024,51295,C S, 386L,PROGRAMMING LANGUAGES,"C S-386L: PROGRAMMING LANGUAGES, Section no. 51295",A,26,Computer Science
Spring 2024,51299,C S, 386P,ANDROID PROGRAMMING-WB,"C S-386P: ANDROID PROGRAMMING-WB, Section no. 51299",Other,34,Computer Science
Spring 2024,51299,C S, 386P,ANDROID PROGRAMMING-WB,"C S-386P: ANDROID PROGRAMMING-WB, Section no. 51299",F,13,Computer Science
Spring 2024,51299,C S, 386P,ANDROID PROGRAMMING-WB,"C S-386P: ANDROID PROGRAMMING-WB, Section no. 51299",D+,1,Computer Science
Spring 2024,51299,C S, 386P,ANDROID PROGRAMMING-WB,"C S-386P: ANDROID PROGRAMMING-WB, Section no. 51299",C,3,Computer Science
Spring 2024,51299,C S, 386P,ANDROID PROGRAMMING-WB,"C S-386P: ANDROID PROGRAMMING-WB, Section no. 51299",C+,8,Computer Science
Spring 2024,51299,C S, 386P,ANDROID PROGRAMMING-WB,"C S-386P: ANDROID PROGRAMMING-WB, Section no. 51299",B-,6,Computer Science
Spring 2024,51299,C S, 386P,ANDROID PROGRAMMING-WB,"C S-386P: ANDROID PROGRAMMING-WB, Section no. 51299",B,14,Computer Science
Spring 2024,51299,C S, 386P,ANDROID PROGRAMMING-WB,"C S-386P: ANDROID PROGRAMMING-WB, Section no. 51299",B+,12,Computer Science
Spring 2024,51299,C S, 386P,ANDROID PROGRAMMING-WB,"C S-386P: ANDROID PROGRAMMING-WB, Section no. 51299",A-,24,Computer Science
Spring 2024,51299,C S, 386P,ANDROID PROGRAMMING-WB,"C S-386P: ANDROID PROGRAMMING-WB, Section no. 51299",A,257,Computer Science
Spring 2024,51300,C S, 388,NATURAL LANGUAGE PROCESSING,"C S-388: NATURAL LANGUAGE PROCESSING, Section no. 51300",Other,2,Computer Science
Spring 2024,51300,C S, 388,NATURAL LANGUAGE PROCESSING,"C S-388: NATURAL LANGUAGE PROCESSING, Section no. 51300",B+,3,Computer Science
Spring 2024,51300,C S, 388,NATURAL LANGUAGE PROCESSING,"C S-388: NATURAL LANGUAGE PROCESSING, Section no. 51300",A-,12,Computer Science
Spring 2024,51300,C S, 388,NATURAL LANGUAGE PROCESSING,"C S-388: NATURAL LANGUAGE PROCESSING, Section no. 51300",A,33,Computer Science
Spring 2024,51305,C S, 388G,ALGORITHMS: TECHNIQUES & THRY,"C S-388G: ALGORITHMS: TECHNIQUES & THRY, Section no. 51305",Other,2,Computer Science
Spring 2024,51305,C S, 388G,ALGORITHMS: TECHNIQUES & THRY,"C S-388G: ALGORITHMS: TECHNIQUES & THRY, Section no. 51305",C+,3,Computer Science
Spring 2024,51305,C S, 388G,ALGORITHMS: TECHNIQUES & THRY,"C S-388G: ALGORITHMS: TECHNIQUES & THRY, Section no. 51305",B-,9,Computer Science
Spring 2024,51305,C S, 388G,ALGORITHMS: TECHNIQUES & THRY,"C S-388G: ALGORITHMS: TECHNIQUES & THRY, Section no. 51305",B,2,Computer Science
Spring 2024,51305,C S, 388G,ALGORITHMS: TECHNIQUES & THRY,"C S-388G: ALGORITHMS: TECHNIQUES & THRY, Section no. 51305",B+,1,Computer Science
Spring 2024,51305,C S, 388G,ALGORITHMS: TECHNIQUES & THRY,"C S-388G: ALGORITHMS: TECHNIQUES & THRY, Section no. 51305",A-,6,Computer Science
Spring 2024,51305,C S, 388G,ALGORITHMS: TECHNIQUES & THRY,"C S-388G: ALGORITHMS: TECHNIQUES & THRY, Section no. 51305",A,7,Computer Science
Spring 2024,51310,C S, 388G,ALGORITHMS: TECHNQS & THRY-WB,"C S-388G: ALGORITHMS: TECHNQS & THRY-WB, Section no. 51310",Other,16,Computer Science
Spring 2024,51310,C S, 388G,ALGORITHMS: TECHNQS & THRY-WB,"C S-388G: ALGORITHMS: TECHNQS & THRY-WB, Section no. 51310",F,1,Computer Science
Spring 2024,51310,C S, 388G,ALGORITHMS: TECHNQS & THRY-WB,"C S-388G: ALGORITHMS: TECHNQS & THRY-WB, Section no. 51310",B-,4,Computer Science
Spring 2024,51310,C S, 388G,ALGORITHMS: TECHNQS & THRY-WB,"C S-388G: ALGORITHMS: TECHNQS & THRY-WB, Section no. 51310",B,9,Computer Science
Spring 2024,51310,C S, 388G,ALGORITHMS: TECHNQS & THRY-WB,"C S-388G: ALGORITHMS: TECHNQS & THRY-WB, Section no. 51310",B+,13,Computer Science
Spring 2024,51310,C S, 388G,ALGORITHMS: TECHNQS & THRY-WB,"C S-388G: ALGORITHMS: TECHNQS & THRY-WB, Section no. 51310",A-,15,Computer Science
Spring 2024,51310,C S, 388G,ALGORITHMS: TECHNQS & THRY-WB,"C S-388G: ALGORITHMS: TECHNQS & THRY-WB, Section no. 51310",A,14,Computer Science
Spring 2024,51315,C S, 388J,OPTIMIZATION-WB,"C S-388J: OPTIMIZATION-WB, Section no. 51315",Other,5,Computer Science
Spring 2024,51315,C S, 388J,OPTIMIZATION-WB,"C S-388J: OPTIMIZATION-WB, Section no. 51315",C,1,Computer Science
Spring 2024,51315,C S, 388J,OPTIMIZATION-WB,"C S-388J: OPTIMIZATION-WB, Section no. 51315",C+,1,Computer Science
Spring 2024,51315,C S, 388J,OPTIMIZATION-WB,"C S-388J: OPTIMIZATION-WB, Section no. 51315",B-,1,Computer Science
Spring 2024,51315,C S, 388J,OPTIMIZATION-WB,"C S-388J: OPTIMIZATION-WB, Section no. 51315",B,4,Computer Science
Spring 2024,51315,C S, 388J,OPTIMIZATION-WB,"C S-388J: OPTIMIZATION-WB, Section no. 51315",B+,4,Computer Science
Spring 2024,51315,C S, 388J,OPTIMIZATION-WB,"C S-388J: OPTIMIZATION-WB, Section no. 51315",A-,8,Computer Science
Spring 2024,51315,C S, 388J,OPTIMIZATION-WB,"C S-388J: OPTIMIZATION-WB, Section no. 51315",A,5,Computer Science
Spring 2024,51320,C S, 388K,ONLINE LEARN/OPTIMIZATION-WB,"C S-388K: ONLINE LEARN/OPTIMIZATION-WB, Section no. 51320",Other,9,Computer Science
Spring 2024,51320,C S, 388K,ONLINE LEARN/OPTIMIZATION-WB,"C S-388K: ONLINE LEARN/OPTIMIZATION-WB, Section no. 51320",F,1,Computer Science
Spring 2024,51320,C S, 388K,ONLINE LEARN/OPTIMIZATION-WB,"C S-388K: ONLINE LEARN/OPTIMIZATION-WB, Section no. 51320",C+,1,Computer Science
Spring 2024,51320,C S, 388K,ONLINE LEARN/OPTIMIZATION-WB,"C S-388K: ONLINE LEARN/OPTIMIZATION-WB, Section no. 51320",B,15,Computer Science
Spring 2024,51320,C S, 388K,ONLINE LEARN/OPTIMIZATION-WB,"C S-388K: ONLINE LEARN/OPTIMIZATION-WB, Section no. 51320",B+,29,Computer Science
Spring 2024,51320,C S, 388K,ONLINE LEARN/OPTIMIZATION-WB,"C S-388K: ONLINE LEARN/OPTIMIZATION-WB, Section no. 51320",A-,33,Computer Science
Spring 2024,51320,C S, 388K,ONLINE LEARN/OPTIMIZATION-WB,"C S-388K: ONLINE LEARN/OPTIMIZATION-WB, Section no. 51320",A,45,Computer Science
Spring 2024,51329,C S, 389L,AUTOMATED LOGICAL REASONING-WB,"C S-389L: AUTOMATED LOGICAL REASONING-WB, Section no. 51329",Other,7,Computer Science
Spring 2024,51329,C S, 389L,AUTOMATED LOGICAL REASONING-WB,"C S-389L: AUTOMATED LOGICAL REASONING-WB, Section no. 51329",C,1,Computer Science
Spring 2024,51329,C S, 389L,AUTOMATED LOGICAL REASONING-WB,"C S-389L: AUTOMATED LOGICAL REASONING-WB, Section no. 51329",C+,1,Computer Science
Spring 2024,51329,C S, 389L,AUTOMATED LOGICAL REASONING-WB,"C S-389L: AUTOMATED LOGICAL REASONING-WB, Section no. 51329",B-,2,Computer Science
Spring 2024,51329,C S, 389L,AUTOMATED LOGICAL REASONING-WB,"C S-389L: AUTOMATED LOGICAL REASONING-WB, Section no. 51329",B,3,Computer Science
Spring 2024,51329,C S, 389L,AUTOMATED LOGICAL REASONING-WB,"C S-389L: AUTOMATED LOGICAL REASONING-WB, Section no. 51329",B+,13,Computer Science
Spring 2024,51329,C S, 389L,AUTOMATED LOGICAL REASONING-WB,"C S-389L: AUTOMATED LOGICAL REASONING-WB, Section no. 51329",A-,9,Computer Science
Spring 2024,51329,C S, 389L,AUTOMATED LOGICAL REASONING-WB,"C S-389L: AUTOMATED LOGICAL REASONING-WB, Section no. 51329",A,12,Computer Science
Spring 2024,51335,C S, 391L,MACHINE LEARNING-WB,"C S-391L: MACHINE LEARNING-WB, Section no. 51335",Other,17,Computer Science
Spring 2024,51335,C S, 391L,MACHINE LEARNING-WB,"C S-391L: MACHINE LEARNING-WB, Section no. 51335",F,2,Computer Science
Spring 2024,51335,C S, 391L,MACHINE LEARNING-WB,"C S-391L: MACHINE LEARNING-WB, Section no. 51335",D-,1,Computer Science
Spring 2024,51335,C S, 391L,MACHINE LEARNING-WB,"C S-391L: MACHINE LEARNING-WB, Section no. 51335",D+,2,Computer Science
Spring 2024,51335,C S, 391L,MACHINE LEARNING-WB,"C S-391L: MACHINE LEARNING-WB, Section no. 51335",C+,1,Computer Science
Spring 2024,51335,C S, 391L,MACHINE LEARNING-WB,"C S-391L: MACHINE LEARNING-WB, Section no. 51335",B-,3,Computer Science
Spring 2024,51335,C S, 391L,MACHINE LEARNING-WB,"C S-391L: MACHINE LEARNING-WB, Section no. 51335",B,7,Computer Science
Spring 2024,51335,C S, 391L,MACHINE LEARNING-WB,"C S-391L: MACHINE LEARNING-WB, Section no. 51335",B+,20,Computer Science
Spring 2024,51335,C S, 391L,MACHINE LEARNING-WB,"C S-391L: MACHINE LEARNING-WB, Section no. 51335",A-,12,Computer Science
Spring 2024,51335,C S, 391L,MACHINE LEARNING-WB,"C S-391L: MACHINE LEARNING-WB, Section no. 51335",A,15,Computer Science
Spring 2024,51340,C S, 393P,PROGRAM SYNTHESIS,"C S-393P: PROGRAM SYNTHESIS, Section no. 51340",Other,3,Computer Science
Spring 2024,51340,C S, 393P,PROGRAM SYNTHESIS,"C S-393P: PROGRAM SYNTHESIS, Section no. 51340",C,1,Computer Science
Spring 2024,51340,C S, 393P,PROGRAM SYNTHESIS,"C S-393P: PROGRAM SYNTHESIS, Section no. 51340",B+,1,Computer Science
Spring 2024,51340,C S, 393P,PROGRAM SYNTHESIS,"C S-393P: PROGRAM SYNTHESIS, Section no. 51340",A-,2,Computer Science
Spring 2024,51340,C S, 393P,PROGRAM SYNTHESIS,"C S-393P: PROGRAM SYNTHESIS, Section no. 51340",A,22,Computer Science
Spring 2024,51345,C S, 393R,AUTONOMOUS ROBOTS,"C S-393R: AUTONOMOUS ROBOTS, Section no. 51345",Other,5,Computer Science
Spring 2024,51345,C S, 393R,AUTONOMOUS ROBOTS,"C S-393R: AUTONOMOUS ROBOTS, Section no. 51345",A-,3,Computer Science
Spring 2024,51345,C S, 393R,AUTONOMOUS ROBOTS,"C S-393R: AUTONOMOUS ROBOTS, Section no. 51345",A,25,Computer Science
Spring 2024,51350,C S, 394D,DEEP LEARNING-WB,"C S-394D: DEEP LEARNING-WB, Section no. 51350",Other,37,Computer Science
Spring 2024,51350,C S, 394D,DEEP LEARNING-WB,"C S-394D: DEEP LEARNING-WB, Section no. 51350",F,4,Computer Science
Spring 2024,51350,C S, 394D,DEEP LEARNING-WB,"C S-394D: DEEP LEARNING-WB, Section no. 51350",C-,1,Computer Science
Spring 2024,51350,C S, 394D,DEEP LEARNING-WB,"C S-394D: DEEP LEARNING-WB, Section no. 51350",C+,2,Computer Science
Spring 2024,51350,C S, 394D,DEEP LEARNING-WB,"C S-394D: DEEP LEARNING-WB, Section no. 51350",B,9,Computer Science
Spring 2024,51350,C S, 394D,DEEP LEARNING-WB,"C S-394D: DEEP LEARNING-WB, Section no. 51350",B+,12,Computer Science
Spring 2024,51350,C S, 394D,DEEP LEARNING-WB,"C S-394D: DEEP LEARNING-WB, Section no. 51350",A-,17,Computer Science
Spring 2024,51350,C S, 394D,DEEP LEARNING-WB,"C S-394D: DEEP LEARNING-WB, Section no. 51350",A,35,Computer Science
Spring 2024,51355,C S, 394R,REINFORCEMENT LEARN: THRY/PRAC,"C S-394R: REINFORCEMENT LEARN: THRY/PRAC, Section no. 51355",Other,6,Computer Science
Spring 2024,51355,C S, 394R,REINFORCEMENT LEARN: THRY/PRAC,"C S-394R: REINFORCEMENT LEARN: THRY/PRAC, Section no. 51355",F,1,Computer Science
Spring 2024,51355,C S, 394R,REINFORCEMENT LEARN: THRY/PRAC,"C S-394R: REINFORCEMENT LEARN: THRY/PRAC, Section no. 51355",B-,2,Computer Science
Spring 2024,51355,C S, 394R,REINFORCEMENT LEARN: THRY/PRAC,"C S-394R: REINFORCEMENT LEARN: THRY/PRAC, Section no. 51355",B,3,Computer Science
Spring 2024,51355,C S, 394R,REINFORCEMENT LEARN: THRY/PRAC,"C S-394R: REINFORCEMENT LEARN: THRY/PRAC, Section no. 51355",B+,12,Computer Science
Spring 2024,51355,C S, 394R,REINFORCEMENT LEARN: THRY/PRAC,"C S-394R: REINFORCEMENT LEARN: THRY/PRAC, Section no. 51355",A-,22,Computer Science
Spring 2024,51355,C S, 394R,REINFORCEMENT LEARN: THRY/PRAC,"C S-394R: REINFORCEMENT LEARN: THRY/PRAC, Section no. 51355",A,38,Computer Science
Spring 2024,51390,C S, 395T,ADV ROBOT MANIPULAT/LEARNING,"C S-395T: ADV ROBOT MANIPULAT/LEARNING, Section no. 51390",Other,1,Computer Science
Spring 2024,51390,C S, 395T,ADV ROBOT MANIPULAT/LEARNING,"C S-395T: ADV ROBOT MANIPULAT/LEARNING, Section no. 51390",B,1,Computer Science
Spring 2024,51390,C S, 395T,ADV ROBOT MANIPULAT/LEARNING,"C S-395T: ADV ROBOT MANIPULAT/LEARNING, Section no. 51390",B+,2,Computer Science
Spring 2024,51390,C S, 395T,ADV ROBOT MANIPULAT/LEARNING,"C S-395T: ADV ROBOT MANIPULAT/LEARNING, Section no. 51390",A-,4,Computer Science
Spring 2024,51390,C S, 395T,ADV ROBOT MANIPULAT/LEARNING,"C S-395T: ADV ROBOT MANIPULAT/LEARNING, Section no. 51390",A,8,Computer Science
Spring 2024,51395,C S, 395T,CONTINUOUS ALGORITHMS,"C S-395T: CONTINUOUS ALGORITHMS, Section no. 51395",Other,5,Computer Science
Spring 2024,51395,C S, 395T,CONTINUOUS ALGORITHMS,"C S-395T: CONTINUOUS ALGORITHMS, Section no. 51395",B,2,Computer Science
Spring 2024,51395,C S, 395T,CONTINUOUS ALGORITHMS,"C S-395T: CONTINUOUS ALGORITHMS, Section no. 51395",B+,1,Computer Science
Spring 2024,51395,C S, 395T,CONTINUOUS ALGORITHMS,"C S-395T: CONTINUOUS ALGORITHMS, Section no. 51395",A,13,Computer Science
Spring 2024,51398,C S, 395T,SIMPL-WB,"C S-395T: SIMPL-WB, Section no. 51398",Other,30,Computer Science
Spring 2024,51398,C S, 395T,SIMPL-WB,"C S-395T: SIMPL-WB, Section no. 51398",F,3,Computer Science
Spring 2024,51398,C S, 395T,SIMPL-WB,"C S-395T: SIMPL-WB, Section no. 51398",D,1,Computer Science
Spring 2024,51398,C S, 395T,SIMPL-WB,"C S-395T: SIMPL-WB, Section no. 51398",D+,2,Computer Science
Spring 2024,51398,C S, 395T,SIMPL-WB,"C S-395T: SIMPL-WB, Section no. 51398",C,3,Computer Science
Spring 2024,51398,C S, 395T,SIMPL-WB,"C S-395T: SIMPL-WB, Section no. 51398",C+,2,Computer Science
Spring 2024,51398,C S, 395T,SIMPL-WB,"C S-395T: SIMPL-WB, Section no. 51398",B,14,Computer Science
Spring 2024,51398,C S, 395T,SIMPL-WB,"C S-395T: SIMPL-WB, Section no. 51398",B+,10,Computer Science
Spring 2024,51398,C S, 395T,SIMPL-WB,"C S-395T: SIMPL-WB, Section no. 51398",A-,1,Computer Science
Spring 2024,51398,C S, 395T,SIMPL-WB,"C S-395T: SIMPL-WB, Section no. 51398",A,71,Computer Science
Spring 2024,51399,C S, 395T,LEARNING FOR 3D HUMANS,"C S-395T: LEARNING FOR 3D HUMANS, Section no. 51399",Other,4,Computer Science
Spring 2024,51399,C S, 395T,LEARNING FOR 3D HUMANS,"C S-395T: LEARNING FOR 3D HUMANS, Section no. 51399",B,1,Computer Science
Spring 2024,51399,C S, 395T,LEARNING FOR 3D HUMANS,"C S-395T: LEARNING FOR 3D HUMANS, Section no. 51399",A-,2,Computer Science
Spring 2024,51399,C S, 395T,LEARNING FOR 3D HUMANS,"C S-395T: LEARNING FOR 3D HUMANS, Section no. 51399",A,21,Computer Science
Spring 2024,51400,C S, 395T,TOPICS IN CRYPTOGRAPHY,"C S-395T: TOPICS IN CRYPTOGRAPHY, Section no. 51400",Other,1,Computer Science
Spring 2024,51400,C S, 395T,TOPICS IN CRYPTOGRAPHY,"C S-395T: TOPICS IN CRYPTOGRAPHY, Section no. 51400",B,1,Computer Science
Spring 2024,51400,C S, 395T,TOPICS IN CRYPTOGRAPHY,"C S-395T: TOPICS IN CRYPTOGRAPHY, Section no. 51400",A,12,Computer Science
Spring 2024,51404,C S, 395T,ADVANCED QUERY OPTIMIZATIONS,"C S-395T: ADVANCED QUERY OPTIMIZATIONS, Section no. 51404",B+,1,Computer Science
Spring 2024,51404,C S, 395T,ADVANCED QUERY OPTIMIZATIONS,"C S-395T: ADVANCED QUERY OPTIMIZATIONS, Section no. 51404",A-,2,Computer Science
Spring 2024,51404,C S, 395T,ADVANCED QUERY OPTIMIZATIONS,"C S-395T: ADVANCED QUERY OPTIMIZATIONS, Section no. 51404",A,3,Computer Science
Spring 2024,51405,C S, 395T,ELCT DSCVRY & DGTL EVIDENCE,"C S-395T: ELCT DSCVRY & DGTL EVIDENCE, Section no. 51405",Other,2,Computer Science
Spring 2024,51405,C S, 395T,ELCT DSCVRY & DGTL EVIDENCE,"C S-395T: ELCT DSCVRY & DGTL EVIDENCE, Section no. 51405",B+,1,Computer Science
Spring 2024,51405,C S, 395T,ELCT DSCVRY & DGTL EVIDENCE,"C S-395T: ELCT DSCVRY & DGTL EVIDENCE, Section no. 51405",A-,1,Computer Science
Spring 2024,51405,C S, 395T,ELCT DSCVRY & DGTL EVIDENCE,"C S-395T: ELCT DSCVRY & DGTL EVIDENCE, Section no. 51405",A,1,Computer Science
Spring 2024,51415,C S, 395T,GROUNDED NAT LANG PROCESSING,"C S-395T: GROUNDED NAT LANG PROCESSING, Section no. 51415",C,1,Computer Science
Spring 2024,51415,C S, 395T,GROUNDED NAT LANG PROCESSING,"C S-395T: GROUNDED NAT LANG PROCESSING, Section no. 51415",B-,1,Computer Science
Spring 2024,51415,C S, 395T,GROUNDED NAT LANG PROCESSING,"C S-395T: GROUNDED NAT LANG PROCESSING, Section no. 51415",B,4,Computer Science
Spring 2024,51415,C S, 395T,GROUNDED NAT LANG PROCESSING,"C S-395T: GROUNDED NAT LANG PROCESSING, Section no. 51415",B+,2,Computer Science
Spring 2024,51415,C S, 395T,GROUNDED NAT LANG PROCESSING,"C S-395T: GROUNDED NAT LANG PROCESSING, Section no. 51415",A-,8,Computer Science
Spring 2024,51415,C S, 395T,GROUNDED NAT LANG PROCESSING,"C S-395T: GROUNDED NAT LANG PROCESSING, Section no. 51415",A,14,Computer Science
Spring 2024,51430,C S, 395T,PREDICTION MECHANISMS COMP ARC,"C S-395T: PREDICTION MECHANISMS COMP ARC, Section no. 51430",Other,1,Computer Science
Spring 2024,51430,C S, 395T,PREDICTION MECHANISMS COMP ARC,"C S-395T: PREDICTION MECHANISMS COMP ARC, Section no. 51430",B-,3,Computer Science
Spring 2024,51430,C S, 395T,PREDICTION MECHANISMS COMP ARC,"C S-395T: PREDICTION MECHANISMS COMP ARC, Section no. 51430",B,1,Computer Science
Spring 2024,51430,C S, 395T,PREDICTION MECHANISMS COMP ARC,"C S-395T: PREDICTION MECHANISMS COMP ARC, Section no. 51430",A-,2,Computer Science
Spring 2024,51430,C S, 395T,PREDICTION MECHANISMS COMP ARC,"C S-395T: PREDICTION MECHANISMS COMP ARC, Section no. 51430",A,9,Computer Science
Spring 2024,51445,C S, 395T,QUANTUM INFORMATION SCIENCE-WB,"C S-395T: QUANTUM INFORMATION SCIENCE-WB, Section no. 51445",Other,14,Computer Science
Spring 2024,51445,C S, 395T,QUANTUM INFORMATION SCIENCE-WB,"C S-395T: QUANTUM INFORMATION SCIENCE-WB, Section no. 51445",F,1,Computer Science
Spring 2024,51445,C S, 395T,QUANTUM INFORMATION SCIENCE-WB,"C S-395T: QUANTUM INFORMATION SCIENCE-WB, Section no. 51445",C,3,Computer Science
Spring 2024,51445,C S, 395T,QUANTUM INFORMATION SCIENCE-WB,"C S-395T: QUANTUM INFORMATION SCIENCE-WB, Section no. 51445",C+,4,Computer Science
Spring 2024,51445,C S, 395T,QUANTUM INFORMATION SCIENCE-WB,"C S-395T: QUANTUM INFORMATION SCIENCE-WB, Section no. 51445",B-,1,Computer Science
Spring 2024,51445,C S, 395T,QUANTUM INFORMATION SCIENCE-WB,"C S-395T: QUANTUM INFORMATION SCIENCE-WB, Section no. 51445",B,10,Computer Science
Spring 2024,51445,C S, 395T,QUANTUM INFORMATION SCIENCE-WB,"C S-395T: QUANTUM INFORMATION SCIENCE-WB, Section no. 51445",B+,4,Computer Science
Spring 2024,51445,C S, 395T,QUANTUM INFORMATION SCIENCE-WB,"C S-395T: QUANTUM INFORMATION SCIENCE-WB, Section no. 51445",A-,3,Computer Science
Spring 2024,51445,C S, 395T,QUANTUM INFORMATION SCIENCE-WB,"C S-395T: QUANTUM INFORMATION SCIENCE-WB, Section no. 51445",A,10,Computer Science
Spring 2024,51450,C S, 395T,THE MODEL CHECKING PARADIGM,"C S-395T: THE MODEL CHECKING PARADIGM, Section no. 51450",Other,5,Computer Science
Spring 2024,51450,C S, 395T,THE MODEL CHECKING PARADIGM,"C S-395T: THE MODEL CHECKING PARADIGM, Section no. 51450",B,5,Computer Science
Spring 2024,51450,C S, 395T,THE MODEL CHECKING PARADIGM,"C S-395T: THE MODEL CHECKING PARADIGM, Section no. 51450",B+,4,Computer Science
Spring 2024,51450,C S, 395T,THE MODEL CHECKING PARADIGM,"C S-395T: THE MODEL CHECKING PARADIGM, Section no. 51450",A-,11,Computer Science
Spring 2024,51450,C S, 395T,THE MODEL CHECKING PARADIGM,"C S-395T: THE MODEL CHECKING PARADIGM, Section no. 51450",A,5,Computer Science
Spring 2024,51455,C S, 395T,THEORETICAL STATISTICS,"C S-395T: THEORETICAL STATISTICS, Section no. 51455",Other,2,Computer Science
Spring 2024,51455,C S, 395T,THEORETICAL STATISTICS,"C S-395T: THEORETICAL STATISTICS, Section no. 51455",A-,1,Computer Science
Spring 2024,51455,C S, 395T,THEORETICAL STATISTICS,"C S-395T: THEORETICAL STATISTICS, Section no. 51455",A,4,Computer Science
Spring 2024,56355,DSC, 381,PROB/SIM-BASD INFR DATA SCI-WB,"DSC-381: PROB/SIM-BASD INFR DATA SCI-WB, Section no. 56355",Other,53,Data Science
Spring 2024,56355,DSC, 381,PROB/SIM-BASD INFR DATA SCI-WB,"DSC-381: PROB/SIM-BASD INFR DATA SCI-WB, Section no. 56355",F,6,Data Science
Spring 2024,56355,DSC, 381,PROB/SIM-BASD INFR DATA SCI-WB,"DSC-381: PROB/SIM-BASD INFR DATA SCI-WB, Section no. 56355",D,1,Data Science
Spring 2024,56355,DSC, 381,PROB/SIM-BASD INFR DATA SCI-WB,"DSC-381: PROB/SIM-BASD INFR DATA SCI-WB, Section no. 56355",D+,3,Data Science
Spring 2024,56355,DSC, 381,PROB/SIM-BASD INFR DATA SCI-WB,"DSC-381: PROB/SIM-BASD INFR DATA SCI-WB, Section no. 56355",C-,4,Data Science
Spring 2024,56355,DSC, 381,PROB/SIM-BASD INFR DATA SCI-WB,"DSC-381: PROB/SIM-BASD INFR DATA SCI-WB, Section no. 56355",C,4,Data Science
Spring 2024,56355,DSC, 381,PROB/SIM-BASD INFR DATA SCI-WB,"DSC-381: PROB/SIM-BASD INFR DATA SCI-WB, Section no. 56355",C+,6,Data Science
Spring 2024,56355,DSC, 381,PROB/SIM-BASD INFR DATA SCI-WB,"DSC-381: PROB/SIM-BASD INFR DATA SCI-WB, Section no. 56355",B-,14,Data Science
Spring 2024,56355,DSC, 381,PROB/SIM-BASD INFR DATA SCI-WB,"DSC-381: PROB/SIM-BASD INFR DATA SCI-WB, Section no. 56355",B,29,Data Science
Spring 2024,56355,DSC, 381,PROB/SIM-BASD INFR DATA SCI-WB,"DSC-381: PROB/SIM-BASD INFR DATA SCI-WB, Section no. 56355",B+,43,Data Science
Spring 2024,56355,DSC, 381,PROB/SIM-BASD INFR DATA SCI-WB,"DSC-381: PROB/SIM-BASD INFR DATA SCI-WB, Section no. 56355",A-,40,Data Science
Spring 2024,56355,DSC, 381,PROB/SIM-BASD INFR DATA SCI-WB,"DSC-381: PROB/SIM-BASD INFR DATA SCI-WB, Section no. 56355",A,94,Data Science
Spring 2024,56360,DSC, 382,FNDTNS REGRSSION/PRED MODEL-WB,"DSC-382: FNDTNS REGRSSION/PRED MODEL-WB, Section no. 56360",Other,16,Data Science
Spring 2024,56360,DSC, 382,FNDTNS REGRSSION/PRED MODEL-WB,"DSC-382: FNDTNS REGRSSION/PRED MODEL-WB, Section no. 56360",F,2,Data Science
Spring 2024,56360,DSC, 382,FNDTNS REGRSSION/PRED MODEL-WB,"DSC-382: FNDTNS REGRSSION/PRED MODEL-WB, Section no. 56360",C,1,Data Science
Spring 2024,56360,DSC, 382,FNDTNS REGRSSION/PRED MODEL-WB,"DSC-382: FNDTNS REGRSSION/PRED MODEL-WB, Section no. 56360",B-,3,Data Science
Spring 2024,56360,DSC, 382,FNDTNS REGRSSION/PRED MODEL-WB,"DSC-382: FNDTNS REGRSSION/PRED MODEL-WB, Section no. 56360",B,9,Data Science
Spring 2024,56360,DSC, 382,FNDTNS REGRSSION/PRED MODEL-WB,"DSC-382: FNDTNS REGRSSION/PRED MODEL-WB, Section no. 56360",B+,8,Data Science
Spring 2024,56360,DSC, 382,FNDTNS REGRSSION/PRED MODEL-WB,"DSC-382: FNDTNS REGRSSION/PRED MODEL-WB, Section no. 56360",A-,22,Data Science
Spring 2024,56360,DSC, 382,FNDTNS REGRSSION/PRED MODEL-WB,"DSC-382: FNDTNS REGRSSION/PRED MODEL-WB, Section no. 56360",A,176,Data Science
Spring 2024,56370,DSC, 385,DATA EXPLR/VISUALIZATN-WB,"DSC-385: DATA EXPLR/VISUALIZATN-WB, Section no. 56370",Other,5,Data Science
Spring 2024,56370,DSC, 385,DATA EXPLR/VISUALIZATN-WB,"DSC-385: DATA EXPLR/VISUALIZATN-WB, Section no. 56370",F,4,Data Science
Spring 2024,56370,DSC, 385,DATA EXPLR/VISUALIZATN-WB,"DSC-385: DATA EXPLR/VISUALIZATN-WB, Section no. 56370",D,1,Data Science
Spring 2024,56370,DSC, 385,DATA EXPLR/VISUALIZATN-WB,"DSC-385: DATA EXPLR/VISUALIZATN-WB, Section no. 56370",C,2,Data Science
Spring 2024,56370,DSC, 385,DATA EXPLR/VISUALIZATN-WB,"DSC-385: DATA EXPLR/VISUALIZATN-WB, Section no. 56370",B,13,Data Science
Spring 2024,56370,DSC, 385,DATA EXPLR/VISUALIZATN-WB,"DSC-385: DATA EXPLR/VISUALIZATN-WB, Section no. 56370",A,184,Data Science
Spring 2024,56380,DSC, 388J,OPTIMIZATION-WB,"DSC-388J: OPTIMIZATION-WB, Section no. 56380",Other,3,Data Science
Spring 2024,56380,DSC, 388J,OPTIMIZATION-WB,"DSC-388J: OPTIMIZATION-WB, Section no. 56380",C,4,Data Science
Spring 2024,56380,DSC, 388J,OPTIMIZATION-WB,"DSC-388J: OPTIMIZATION-WB, Section no. 56380",C+,5,Data Science
Spring 2024,56380,DSC, 388J,OPTIMIZATION-WB,"DSC-388J: OPTIMIZATION-WB, Section no. 56380",B,19,Data Science
Spring 2024,56380,DSC, 388J,OPTIMIZATION-WB,"DSC-388J: OPTIMIZATION-WB, Section no. 56380",B+,24,Data Science
Spring 2024,56380,DSC, 388J,OPTIMIZATION-WB,"DSC-388J: OPTIMIZATION-WB, Section no. 56380",A-,43,Data Science
Spring 2024,56380,DSC, 388J,OPTIMIZATION-WB,"DSC-388J: OPTIMIZATION-WB, Section no. 56380",A,47,Data Science
Spring 2024,56385,DSC, 391L,PRINCIPLES MACHINE LEARNING-WB,"DSC-391L: PRINCIPLES MACHINE LEARNING-WB, Section no. 56385",Other,15,Data Science
Spring 2024,56385,DSC, 391L,PRINCIPLES MACHINE LEARNING-WB,"DSC-391L: PRINCIPLES MACHINE LEARNING-WB, Section no. 56385",F,2,Data Science
Spring 2024,56385,DSC, 391L,PRINCIPLES MACHINE LEARNING-WB,"DSC-391L: PRINCIPLES MACHINE LEARNING-WB, Section no. 56385",D-,1,Data Science
Spring 2024,56385,DSC, 391L,PRINCIPLES MACHINE LEARNING-WB,"DSC-391L: PRINCIPLES MACHINE LEARNING-WB, Section no. 56385",C-,1,Data Science
Spring 2024,56385,DSC, 391L,PRINCIPLES MACHINE LEARNING-WB,"DSC-391L: PRINCIPLES MACHINE LEARNING-WB, Section no. 56385",C,3,Data Science
Spring 2024,56385,DSC, 391L,PRINCIPLES MACHINE LEARNING-WB,"DSC-391L: PRINCIPLES MACHINE LEARNING-WB, Section no. 56385",C+,3,Data Science
Spring 2024,56385,DSC, 391L,PRINCIPLES MACHINE LEARNING-WB,"DSC-391L: PRINCIPLES MACHINE LEARNING-WB, Section no. 56385",B-,3,Data Science
Spring 2024,56385,DSC, 391L,PRINCIPLES MACHINE LEARNING-WB,"DSC-391L: PRINCIPLES MACHINE LEARNING-WB, Section no. 56385",B,20,Data Science
Spring 2024,56385,DSC, 391L,PRINCIPLES MACHINE LEARNING-WB,"DSC-391L: PRINCIPLES MACHINE LEARNING-WB, Section no. 56385",B+,37,Data Science
Spring 2024,56385,DSC, 391L,PRINCIPLES MACHINE LEARNING-WB,"DSC-391L: PRINCIPLES MACHINE LEARNING-WB, Section no. 56385",A-,26,Data Science
Spring 2024,56385,DSC, 391L,PRINCIPLES MACHINE LEARNING-WB,"DSC-391L: PRINCIPLES MACHINE LEARNING-WB, Section no. 56385",A,43,Data Science
Spring 2024,56390,DSC, 394D,DEEP LEARNING-WB,"DSC-394D: DEEP LEARNING-WB, Section no. 56390",Other,38,Data Science
Spring 2024,56390,DSC, 394D,DEEP LEARNING-WB,"DSC-394D: DEEP LEARNING-WB, Section no. 56390",F,2,Data Science
Spring 2024,56390,DSC, 394D,DEEP LEARNING-WB,"DSC-394D: DEEP LEARNING-WB, Section no. 56390",C-,3,Data Science
Spring 2024,56390,DSC, 394D,DEEP LEARNING-WB,"DSC-394D: DEEP LEARNING-WB, Section no. 56390",C,2,Data Science
Spring 2024,56390,DSC, 394D,DEEP LEARNING-WB,"DSC-394D: DEEP LEARNING-WB, Section no. 56390",C+,4,Data Science
Spring 2024,56390,DSC, 394D,DEEP LEARNING-WB,"DSC-394D: DEEP LEARNING-WB, Section no. 56390",B,22,Data Science
Spring 2024,56390,DSC, 394D,DEEP LEARNING-WB,"DSC-394D: DEEP LEARNING-WB, Section no. 56390",B+,17,Data Science
Spring 2024,56390,DSC, 394D,DEEP LEARNING-WB,"DSC-394D: DEEP LEARNING-WB, Section no. 56390",A-,44,Data Science
Spring 2024,56390,DSC, 394D,DEEP LEARNING-WB,"DSC-394D: DEEP LEARNING-WB, Section no. 56390",A,62,Data Science
Spring 2024,56395,DSC, 395T,DATA STRUCTURES/ALGORITHM-WB,"DSC-395T: DATA STRUCTURES/ALGORITHM-WB, Section no. 56395",Other,56,Data Science
Spring 2024,56395,DSC, 395T,DATA STRUCTURES/ALGORITHM-WB,"DSC-395T: DATA STRUCTURES/ALGORITHM-WB, Section no. 56395",C,7,Data Science
Spring 2024,56395,DSC, 395T,DATA STRUCTURES/ALGORITHM-WB,"DSC-395T: DATA STRUCTURES/ALGORITHM-WB, Section no. 56395",C+,6,Data Science
Spring 2024,56395,DSC, 395T,DATA STRUCTURES/ALGORITHM-WB,"DSC-395T: DATA STRUCTURES/ALGORITHM-WB, Section no. 56395",B-,5,Data Science
Spring 2024,56395,DSC, 395T,DATA STRUCTURES/ALGORITHM-WB,"DSC-395T: DATA STRUCTURES/ALGORITHM-WB, Section no. 56395",B,43,Data Science
Spring 2024,56395,DSC, 395T,DATA STRUCTURES/ALGORITHM-WB,"DSC-395T: DATA STRUCTURES/ALGORITHM-WB, Section no. 56395",B+,44,Data Science
Spring 2024,56395,DSC, 395T,DATA STRUCTURES/ALGORITHM-WB,"DSC-395T: DATA STRUCTURES/ALGORITHM-WB, Section no. 56395",A-,18,Data Science
Spring 2024,56395,DSC, 395T,DATA STRUCTURES/ALGORITHM-WB,"DSC-395T: DATA STRUCTURES/ALGORITHM-WB, Section no. 56395",A,77,Data Science
Spring 2024,56400,DSC, 395T,DATA SCI HLTH DISC/INNVTN-WB,"DSC-395T: DATA SCI HLTH DISC/INNVTN-WB, Section no. 56400",Other,7,Data Science
Spring 2024,56400,DSC, 395T,DATA SCI HLTH DISC/INNVTN-WB,"DSC-395T: DATA SCI HLTH DISC/INNVTN-WB, Section no. 56400",C,3,Data Science
Spring 2024,56400,DSC, 395T,DATA SCI HLTH DISC/INNVTN-WB,"DSC-395T: DATA SCI HLTH DISC/INNVTN-WB, Section no. 56400",B-,11,Data Science
Spring 2024,56400,DSC, 395T,DATA SCI HLTH DISC/INNVTN-WB,"DSC-395T: DATA SCI HLTH DISC/INNVTN-WB, Section no. 56400",B,12,Data Science
Spring 2024,56400,DSC, 395T,DATA SCI HLTH DISC/INNVTN-WB,"DSC-395T: DATA SCI HLTH DISC/INNVTN-WB, Section no. 56400",B+,16,Data Science
Spring 2024,56400,DSC, 395T,DATA SCI HLTH DISC/INNVTN-WB,"DSC-395T: DATA SCI HLTH DISC/INNVTN-WB, Section no. 56400",A-,17,Data Science
Spring 2024,56400,DSC, 395T,DATA SCI HLTH DISC/INNVTN-WB,"DSC-395T: DATA SCI HLTH DISC/INNVTN-WB, Section no. 56400",A,134,Data Science
Summer 2024,84667,A I,W391L,MACHINE LEARNING-WB,"A I-W391L: MACHINE LEARNING-WB, Section no. 84667",Other,18,
Summer 2024,84667,A I,W391L,MACHINE LEARNING-WB,"A I-W391L: MACHINE LEARNING-WB, Section no. 84667",F,1,
Summer 2024,84667,A I,W391L,MACHINE LEARNING-WB,"A I-W391L: MACHINE LEARNING-WB, Section no. 84667",C,1,
Summer 2024,84667,A I,W391L,MACHINE LEARNING-WB,"A I-W391L: MACHINE LEARNING-WB, Section no. 84667",C+,5,
Summer 2024,84667,A I,W391L,MACHINE LEARNING-WB,"A I-W391L: MACHINE LEARNING-WB, Section no. 84667",B-,8,
Summer 2024,84667,A I,W391L,MACHINE LEARNING-WB,"A I-W391L: MACHINE LEARNING-WB, Section no. 84667",B,16,
Summer 2024,84667,A I,W391L,MACHINE LEARNING-WB,"A I-W391L: MACHINE LEARNING-WB, Section no. 84667",B+,10,
Summer 2024,84667,A I,W391L,MACHINE LEARNING-WB,"A I-W391L: MACHINE LEARNING-WB, Section no. 84667",A-,7,
Summer 2024,84667,A I,W391L,MACHINE LEARNING-WB,"A I-W391L: MACHINE LEARNING-WB, Section no. 84667",A,15,
Summer 2024,84668,A I,W394D,DEEP LEARNING-WB,"A I-W394D: DEEP LEARNING-WB, Section no. 84668",Other,7,
Summer 2024,84668,A I,W394D,DEEP LEARNING-WB,"A I-W394D: DEEP LEARNING-WB, Section no. 84668",F,2,
Summer 2024,84668,A I,W394D,DEEP LEARNING-WB,"A I-W394D: DEEP LEARNING-WB, Section no. 84668",D-,1,
Summer 2024,84668,A I,W394D,DEEP LEARNING-WB,"A I-W394D: DEEP LEARNING-WB, Section no. 84668",D,1,
Summer 2024,84668,A I,W394D,DEEP LEARNING-WB,"A I-W394D: DEEP LEARNING-WB, Section no. 84668",D+,1,
Summer 2024,84668,A I,W394D,DEEP LEARNING-WB,"A I-W394D: DEEP LEARNING-WB, Section no. 84668",C-,1,
Summer 2024,84668,A I,W394D,DEEP LEARNING-WB,"A I-W394D: DEEP LEARNING-WB, Section no. 84668",C+,2,
Summer 2024,84668,A I,W394D,DEEP LEARNING-WB,"A I-W394D: DEEP LEARNING-WB, Section no. 84668",B,9,
Summer 2024,84668,A I,W394D,DEEP LEARNING-WB,"A I-W394D: DEEP LEARNING-WB, Section no. 84668",B+,6,
Summer 2024,84668,A I,W394D,DEEP LEARNING-WB,"A I-W394D: DEEP LEARNING-WB, Section no. 84668",A-,10,
Summer 2024,84668,A I,W394D,DEEP LEARNING-WB,"A I-W394D: DEEP LEARNING-WB, Section no. 84668",A,114,
Summer 2024,84669,A I,W394R,REINFRCMNT LEARN: THRY/PRAC-WB,"A I-W394R: REINFRCMNT LEARN: THRY/PRAC-WB, Section no. 84669",Other,13,
Summer 2024,84669,A I,W394R,REINFRCMNT LEARN: THRY/PRAC-WB,"A I-W394R: REINFRCMNT LEARN: THRY/PRAC-WB, Section no. 84669",F,2,
Summer 2024,84669,A I,W394R,REINFRCMNT LEARN: THRY/PRAC-WB,"A I-W394R: REINFRCMNT LEARN: THRY/PRAC-WB, Section no. 84669",C,1,
Summer 2024,84669,A I,W394R,REINFRCMNT LEARN: THRY/PRAC-WB,"A I-W394R: REINFRCMNT LEARN: THRY/PRAC-WB, Section no. 84669",C+,2,
Summer 2024,84669,A I,W394R,REINFRCMNT LEARN: THRY/PRAC-WB,"A I-W394R: REINFRCMNT LEARN: THRY/PRAC-WB, Section no. 84669",B-,4,
Summer 2024,84669,A I,W394R,REINFRCMNT LEARN: THRY/PRAC-WB,"A I-W394R: REINFRCMNT LEARN: THRY/PRAC-WB, Section no. 84669",B,17,
Summer 2024,84669,A I,W394R,REINFRCMNT LEARN: THRY/PRAC-WB,"A I-W394R: REINFRCMNT LEARN: THRY/PRAC-WB, Section no. 84669",B+,20,
Summer 2024,84669,A I,W394R,REINFRCMNT LEARN: THRY/PRAC-WB,"A I-W394R: REINFRCMNT LEARN: THRY/PRAC-WB, Section no. 84669",A-,31,
Summer 2024,84669,A I,W394R,REINFRCMNT LEARN: THRY/PRAC-WB,"A I-W394R: REINFRCMNT LEARN: THRY/PRAC-WB, Section no. 84669",A,27,
Summer 2024,84695,C S,N303E,ELEMS OF COMPUTERS/PROGRAMMING,"C S-N303E: ELEMS OF COMPUTERS/PROGRAMMING, Section no. 84695",Other,8,Computer Science
Summer 2024,84695,C S,N303E,ELEMS OF COMPUTERS/PROGRAMMING,"C S-N303E: ELEMS OF COMPUTERS/PROGRAMMING, Section no. 84695",F,4,Computer Science
Summer 2024,84695,C S,N303E,ELEMS OF COMPUTERS/PROGRAMMING,"C S-N303E: ELEMS OF COMPUTERS/PROGRAMMING, Section no. 84695",D,3,Computer Science
Summer 2024,84695,C S,N303E,ELEMS OF COMPUTERS/PROGRAMMING,"C S-N303E: ELEMS OF COMPUTERS/PROGRAMMING, Section no. 84695",C-,2,Computer Science
Summer 2024,84695,C S,N303E,ELEMS OF COMPUTERS/PROGRAMMING,"C S-N303E: ELEMS OF COMPUTERS/PROGRAMMING, Section no. 84695",C,2,Computer Science
Summer 2024,84695,C S,N303E,ELEMS OF COMPUTERS/PROGRAMMING,"C S-N303E: ELEMS OF COMPUTERS/PROGRAMMING, Section no. 84695",C+,3,Computer Science
Summer 2024,84695,C S,N303E,ELEMS OF COMPUTERS/PROGRAMMING,"C S-N303E: ELEMS OF COMPUTERS/PROGRAMMING, Section no. 84695",B-,3,Computer Science
Summer 2024,84695,C S,N303E,ELEMS OF COMPUTERS/PROGRAMMING,"C S-N303E: ELEMS OF COMPUTERS/PROGRAMMING, Section no. 84695",B,4,Computer Science
Summer 2024,84695,C S,N303E,ELEMS OF COMPUTERS/PROGRAMMING,"C S-N303E: ELEMS OF COMPUTERS/PROGRAMMING, Section no. 84695",B+,1,Computer Science
Summer 2024,84695,C S,N303E,ELEMS OF COMPUTERS/PROGRAMMING,"C S-N303E: ELEMS OF COMPUTERS/PROGRAMMING, Section no. 84695",A-,2,Computer Science
Summer 2024,84695,C S,N303E,ELEMS OF COMPUTERS/PROGRAMMING,"C S-N303E: ELEMS OF COMPUTERS/PROGRAMMING, Section no. 84695",A,15,Computer Science
Summer 2024,84700,C S,N313E,ELEMENTS OF SOFTWARE DESIGN,"C S-N313E: ELEMENTS OF SOFTWARE DESIGN, Section no. 84700",Other,16,Computer Science
Summer 2024,84700,C S,N313E,ELEMENTS OF SOFTWARE DESIGN,"C S-N313E: ELEMENTS OF SOFTWARE DESIGN, Section no. 84700",F,4,Computer Science
Summer 2024,84700,C S,N313E,ELEMENTS OF SOFTWARE DESIGN,"C S-N313E: ELEMENTS OF SOFTWARE DESIGN, Section no. 84700",D+,1,Computer Science
Summer 2024,84700,C S,N313E,ELEMENTS OF SOFTWARE DESIGN,"C S-N313E: ELEMENTS OF SOFTWARE DESIGN, Section no. 84700",C-,4,Computer Science
Summer 2024,84700,C S,N313E,ELEMENTS OF SOFTWARE DESIGN,"C S-N313E: ELEMENTS OF SOFTWARE DESIGN, Section no. 84700",C,4,Computer Science
Summer 2024,84700,C S,N313E,ELEMENTS OF SOFTWARE DESIGN,"C S-N313E: ELEMENTS OF SOFTWARE DESIGN, Section no. 84700",C+,4,Computer Science
Summer 2024,84700,C S,N313E,ELEMENTS OF SOFTWARE DESIGN,"C S-N313E: ELEMENTS OF SOFTWARE DESIGN, Section no. 84700",B-,5,Computer Science
Summer 2024,84700,C S,N313E,ELEMENTS OF SOFTWARE DESIGN,"C S-N313E: ELEMENTS OF SOFTWARE DESIGN, Section no. 84700",B,9,Computer Science
Summer 2024,84700,C S,N313E,ELEMENTS OF SOFTWARE DESIGN,"C S-N313E: ELEMENTS OF SOFTWARE DESIGN, Section no. 84700",B+,5,Computer Science
Summer 2024,84700,C S,N313E,ELEMENTS OF SOFTWARE DESIGN,"C S-N313E: ELEMENTS OF SOFTWARE DESIGN, Section no. 84700",A-,3,Computer Science
Summer 2024,84700,C S,N313E,ELEMENTS OF SOFTWARE DESIGN,"C S-N313E: ELEMENTS OF SOFTWARE DESIGN, Section no. 84700",A,14,Computer Science
Summer 2024,84703,C S,N324E,ELEM OF GRAPHICS/VISUALIZATN,"C S-N324E: ELEM OF GRAPHICS/VISUALIZATN, Section no. 84703",Other,4,Computer Science
Summer 2024,84703,C S,N324E,ELEM OF GRAPHICS/VISUALIZATN,"C S-N324E: ELEM OF GRAPHICS/VISUALIZATN, Section no. 84703",C,1,Computer Science
Summer 2024,84703,C S,N324E,ELEM OF GRAPHICS/VISUALIZATN,"C S-N324E: ELEM OF GRAPHICS/VISUALIZATN, Section no. 84703",B-,1,Computer Science
Summer 2024,84703,C S,N324E,ELEM OF GRAPHICS/VISUALIZATN,"C S-N324E: ELEM OF GRAPHICS/VISUALIZATN, Section no. 84703",B,1,Computer Science
Summer 2024,84703,C S,N324E,ELEM OF GRAPHICS/VISUALIZATN,"C S-N324E: ELEM OF GRAPHICS/VISUALIZATN, Section no. 84703",B+,2,Computer Science
Summer 2024,84703,C S,N324E,ELEM OF GRAPHICS/VISUALIZATN,"C S-N324E: ELEM OF GRAPHICS/VISUALIZATN, Section no. 84703",A-,2,Computer Science
Summer 2024,84703,C S,N324E,ELEM OF GRAPHICS/VISUALIZATN,"C S-N324E: ELEM OF GRAPHICS/VISUALIZATN, Section no. 84703",A,28,Computer Science
Summer 2024,84704,C S,N326E,ELEMENTS OF NETWORKING,"C S-N326E: ELEMENTS OF NETWORKING, Section no. 84704",C+,1,Computer Science
Summer 2024,84704,C S,N326E,ELEMENTS OF NETWORKING,"C S-N326E: ELEMENTS OF NETWORKING, Section no. 84704",B,1,Computer Science
Summer 2024,84704,C S,N326E,ELEMENTS OF NETWORKING,"C S-N326E: ELEMENTS OF NETWORKING, Section no. 84704",B+,5,Computer Science
Summer 2024,84704,C S,N326E,ELEMENTS OF NETWORKING,"C S-N326E: ELEMENTS OF NETWORKING, Section no. 84704",A,8,Computer Science
Summer 2024,84709,C S,N327E,ELEMENTS OF DATABASES,"C S-N327E: ELEMENTS OF DATABASES, Section no. 84709",F,1,Computer Science
Summer 2024,84709,C S,N327E,ELEMENTS OF DATABASES,"C S-N327E: ELEMENTS OF DATABASES, Section no. 84709",B,4,Computer Science
Summer 2024,84709,C S,N327E,ELEMENTS OF DATABASES,"C S-N327E: ELEMENTS OF DATABASES, Section no. 84709",B+,6,Computer Science
Summer 2024,84709,C S,N327E,ELEMENTS OF DATABASES,"C S-N327E: ELEMENTS OF DATABASES, Section no. 84709",A-,10,Computer Science
Summer 2024,84709,C S,N327E,ELEMENTS OF DATABASES,"C S-N327E: ELEMENTS OF DATABASES, Section no. 84709",A,9,Computer Science
Summer 2024,84714,C S,N329E,ELEMENTS OF DATA ANALYTICS,"C S-N329E: ELEMENTS OF DATA ANALYTICS, Section no. 84714",Other,2,Computer Science
Summer 2024,84714,C S,N329E,ELEMENTS OF DATA ANALYTICS,"C S-N329E: ELEMENTS OF DATA ANALYTICS, Section no. 84714",C-,1,Computer Science
Summer 2024,84714,C S,N329E,ELEMENTS OF DATA ANALYTICS,"C S-N329E: ELEMENTS OF DATA ANALYTICS, Section no. 84714",C,1,Computer Science
Summer 2024,84714,C S,N329E,ELEMENTS OF DATA ANALYTICS,"C S-N329E: ELEMENTS OF DATA ANALYTICS, Section no. 84714",B-,2,Computer Science
Summer 2024,84714,C S,N329E,ELEMENTS OF DATA ANALYTICS,"C S-N329E: ELEMENTS OF DATA ANALYTICS, Section no. 84714",B,4,Computer Science
Summer 2024,84714,C S,N329E,ELEMENTS OF DATA ANALYTICS,"C S-N329E: ELEMENTS OF DATA ANALYTICS, Section no. 84714",B+,4,Computer Science
Summer 2024,84714,C S,N329E,ELEMENTS OF DATA ANALYTICS,"C S-N329E: ELEMENTS OF DATA ANALYTICS, Section no. 84714",A-,15,Computer Science
Summer 2024,84714,C S,N329E,ELEMENTS OF DATA ANALYTICS,"C S-N329E: ELEMENTS OF DATA ANALYTICS, Section no. 84714",A,27,Computer Science
Summer 2024,84719,C S,N349,CONTEMP ISSUES IN COMPUTER SCI,"C S-N349: CONTEMP ISSUES IN COMPUTER SCI, Section no. 84719",F,1,Computer Science
Summer 2024,84719,C S,N349,CONTEMP ISSUES IN COMPUTER SCI,"C S-N349: CONTEMP ISSUES IN COMPUTER SCI, Section no. 84719",B-,1,Computer Science
Summer 2024,84719,C S,N349,CONTEMP ISSUES IN COMPUTER SCI,"C S-N349: CONTEMP ISSUES IN COMPUTER SCI, Section no. 84719",B,3,Computer Science
Summer 2024,84719,C S,N349,CONTEMP ISSUES IN COMPUTER SCI,"C S-N349: CONTEMP ISSUES IN COMPUTER SCI, Section no. 84719",B+,2,Computer Science
Summer 2024,84719,C S,N349,CONTEMP ISSUES IN COMPUTER SCI,"C S-N349: CONTEMP ISSUES IN COMPUTER SCI, Section no. 84719",A-,5,Computer Science
Summer 2024,84719,C S,N349,CONTEMP ISSUES IN COMPUTER SCI,"C S-N349: CONTEMP ISSUES IN COMPUTER SCI, Section no. 84719",A,29,Computer Science
Summer 2024,84739,C S,W371L,IOS MOBILE COMPUTING,"C S-W371L: IOS MOBILE COMPUTING, Section no. 84739",Other,1,Computer Science
Summer 2024,84739,C S,W371L,IOS MOBILE COMPUTING,"C S-W371L: IOS MOBILE COMPUTING, Section no. 84739",B,3,Computer Science
Summer 2024,84739,C S,W371L,IOS MOBILE COMPUTING,"C S-W371L: IOS MOBILE COMPUTING, Section no. 84739",B+,2,Computer Science
Summer 2024,84739,C S,W371L,IOS MOBILE COMPUTING,"C S-W371L: IOS MOBILE COMPUTING, Section no. 84739",A-,4,Computer Science
Summer 2024,84739,C S,W371L,IOS MOBILE COMPUTING,"C S-W371L: IOS MOBILE COMPUTING, Section no. 84739",A,19,Computer Science
Summer 2024,84740,C S,N373,SOFTWARE ENGINEERING,"C S-N373: SOFTWARE ENGINEERING, Section no. 84740",C+,1,Computer Science
Summer 2024,84740,C S,N373,SOFTWARE ENGINEERING,"C S-N373: SOFTWARE ENGINEERING, Section no. 84740",B-,1,Computer Science
Summer 2024,84740,C S,N373,SOFTWARE ENGINEERING,"C S-N373: SOFTWARE ENGINEERING, Section no. 84740",B,1,Computer Science
Summer 2024,84740,C S,N373,SOFTWARE ENGINEERING,"C S-N373: SOFTWARE ENGINEERING, Section no. 84740",B+,1,Computer Science
Summer 2024,84740,C S,N373,SOFTWARE ENGINEERING,"C S-N373: SOFTWARE ENGINEERING, Section no. 84740",A-,5,Computer Science
Summer 2024,84740,C S,N373,SOFTWARE ENGINEERING,"C S-N373: SOFTWARE ENGINEERING, Section no. 84740",A,28,Computer Science
Summer 2024,84744,C S,N378,CLOUD COMPUTING,"C S-N378: CLOUD COMPUTING, Section no. 84744",Other,10,Computer Science
Summer 2024,84744,C S,N378,CLOUD COMPUTING,"C S-N378: CLOUD COMPUTING, Section no. 84744",F,2,Computer Science
Summer 2024,84744,C S,N378,CLOUD COMPUTING,"C S-N378: CLOUD COMPUTING, Section no. 84744",C,1,Computer Science
Summer 2024,84744,C S,N378,CLOUD COMPUTING,"C S-N378: CLOUD COMPUTING, Section no. 84744",B,1,Computer Science
Summer 2024,84744,C S,N378,CLOUD COMPUTING,"C S-N378: CLOUD COMPUTING, Section no. 84744",B+,2,Computer Science
Summer 2024,84744,C S,N378,CLOUD COMPUTING,"C S-N378: CLOUD COMPUTING, Section no. 84744",A-,11,Computer Science
Summer 2024,84744,C S,N378,CLOUD COMPUTING,"C S-N378: CLOUD COMPUTING, Section no. 84744",A,21,Computer Science
Summer 2024,84745,C S,W383C,NUMRCL ANLY: LINEAR ALGEBRA-WB,"C S-W383C: NUMRCL ANLY: LINEAR ALGEBRA-WB, Section no. 84745",Other,12,Computer Science
Summer 2024,84745,C S,W383C,NUMRCL ANLY: LINEAR ALGEBRA-WB,"C S-W383C: NUMRCL ANLY: LINEAR ALGEBRA-WB, Section no. 84745",C,21,Computer Science
Summer 2024,84745,C S,W383C,NUMRCL ANLY: LINEAR ALGEBRA-WB,"C S-W383C: NUMRCL ANLY: LINEAR ALGEBRA-WB, Section no. 84745",B-,5,Computer Science
Summer 2024,84745,C S,W383C,NUMRCL ANLY: LINEAR ALGEBRA-WB,"C S-W383C: NUMRCL ANLY: LINEAR ALGEBRA-WB, Section no. 84745",B,30,Computer Science
Summer 2024,84745,C S,W383C,NUMRCL ANLY: LINEAR ALGEBRA-WB,"C S-W383C: NUMRCL ANLY: LINEAR ALGEBRA-WB, Section no. 84745",B+,5,Computer Science
Summer 2024,84745,C S,W383C,NUMRCL ANLY: LINEAR ALGEBRA-WB,"C S-W383C: NUMRCL ANLY: LINEAR ALGEBRA-WB, Section no. 84745",A-,3,Computer Science
Summer 2024,84745,C S,W383C,NUMRCL ANLY: LINEAR ALGEBRA-WB,"C S-W383C: NUMRCL ANLY: LINEAR ALGEBRA-WB, Section no. 84745",A,29,Computer Science
Summer 2024,84750,C S,W391L,MACHINE LEARNING-WB,"C S-W391L: MACHINE LEARNING-WB, Section no. 84750",Other,10,Computer Science
Summer 2024,84750,C S,W391L,MACHINE LEARNING-WB,"C S-W391L: MACHINE LEARNING-WB, Section no. 84750",D,1,Computer Science
Summer 2024,84750,C S,W391L,MACHINE LEARNING-WB,"C S-W391L: MACHINE LEARNING-WB, Section no. 84750",C+,3,Computer Science
Summer 2024,84750,C S,W391L,MACHINE LEARNING-WB,"C S-W391L: MACHINE LEARNING-WB, Section no. 84750",B-,6,Computer Science
Summer 2024,84750,C S,W391L,MACHINE LEARNING-WB,"C S-W391L: MACHINE LEARNING-WB, Section no. 84750",B,7,Computer Science
Summer 2024,84750,C S,W391L,MACHINE LEARNING-WB,"C S-W391L: MACHINE LEARNING-WB, Section no. 84750",B+,14,Computer Science
Summer 2024,84750,C S,W391L,MACHINE LEARNING-WB,"C S-W391L: MACHINE LEARNING-WB, Section no. 84750",A-,9,Computer Science
Summer 2024,84750,C S,W391L,MACHINE LEARNING-WB,"C S-W391L: MACHINE LEARNING-WB, Section no. 84750",A,20,Computer Science
Summer 2024,84755,C S,W394D,DEEP LEARNING-WB,"C S-W394D: DEEP LEARNING-WB, Section no. 84755",Other,2,Computer Science
Summer 2024,84755,C S,W394D,DEEP LEARNING-WB,"C S-W394D: DEEP LEARNING-WB, Section no. 84755",F,1,Computer Science
Summer 2024,84755,C S,W394D,DEEP LEARNING-WB,"C S-W394D: DEEP LEARNING-WB, Section no. 84755",D-,1,Computer Science
Summer 2024,84755,C S,W394D,DEEP LEARNING-WB,"C S-W394D: DEEP LEARNING-WB, Section no. 84755",B,4,Computer Science
Summer 2024,84755,C S,W394D,DEEP LEARNING-WB,"C S-W394D: DEEP LEARNING-WB, Section no. 84755",A-,4,Computer Science
Summer 2024,84755,C S,W394D,DEEP LEARNING-WB,"C S-W394D: DEEP LEARNING-WB, Section no. 84755",A,74,Computer Science
Summer 2024,84759,C S,W394R,REINFRCMNT LEARN: THRY/PRAC-WB,"C S-W394R: REINFRCMNT LEARN: THRY/PRAC-WB, Section no. 84759",Other,11,Computer Science
Summer 2024,84759,C S,W394R,REINFRCMNT LEARN: THRY/PRAC-WB,"C S-W394R: REINFRCMNT LEARN: THRY/PRAC-WB, Section no. 84759",C,3,Computer Science
Summer 2024,84759,C S,W394R,REINFRCMNT LEARN: THRY/PRAC-WB,"C S-W394R: REINFRCMNT LEARN: THRY/PRAC-WB, Section no. 84759",C+,4,Computer Science
Summer 2024,84759,C S,W394R,REINFRCMNT LEARN: THRY/PRAC-WB,"C S-W394R: REINFRCMNT LEARN: THRY/PRAC-WB, Section no. 84759",B-,8,Computer Science
Summer 2024,84759,C S,W394R,REINFRCMNT LEARN: THRY/PRAC-WB,"C S-W394R: REINFRCMNT LEARN: THRY/PRAC-WB, Section no. 84759",B,18,Computer Science
Summer 2024,84759,C S,W394R,REINFRCMNT LEARN: THRY/PRAC-WB,"C S-W394R: REINFRCMNT LEARN: THRY/PRAC-WB, Section no. 84759",B+,24,Computer Science
Summer 2024,84759,C S,W394R,REINFRCMNT LEARN: THRY/PRAC-WB,"C S-W394R: REINFRCMNT LEARN: THRY/PRAC-WB, Section no. 84759",A-,28,Computer Science
Summer 2024,84759,C S,W394R,REINFRCMNT LEARN: THRY/PRAC-WB,"C S-W394R: REINFRCMNT LEARN: THRY/PRAC-WB, Section no. 84759",A,52,Computer Science
Summer 2024,86180,DSC,W382,FNDTNS REGRSSION/PRED MODEL-WB,"DSC-W382: FNDTNS REGRSSION/PRED MODEL-WB, Section no. 86180",Other,18,Data Science
Summer 2024,86180,DSC,W382,FNDTNS REGRSSION/PRED MODEL-WB,"DSC-W382: FNDTNS REGRSSION/PRED MODEL-WB, Section no. 86180",F,2,Data Science
Summer 2024,86180,DSC,W382,FNDTNS REGRSSION/PRED MODEL-WB,"DSC-W382: FNDTNS REGRSSION/PRED MODEL-WB, Section no. 86180",C,1,Data Science
Summer 2024,86180,DSC,W382,FNDTNS REGRSSION/PRED MODEL-WB,"DSC-W382: FNDTNS REGRSSION/PRED MODEL-WB, Section no. 86180",C+,1,Data Science
Summer 2024,86180,DSC,W382,FNDTNS REGRSSION/PRED MODEL-WB,"DSC-W382: FNDTNS REGRSSION/PRED MODEL-WB, Section no. 86180",B-,3,Data Science
Summer 2024,86180,DSC,W382,FNDTNS REGRSSION/PRED MODEL-WB,"DSC-W382: FNDTNS REGRSSION/PRED MODEL-WB, Section no. 86180",B+,7,Data Science
Summer 2024,86180,DSC,W382,FNDTNS REGRSSION/PRED MODEL-WB,"DSC-W382: FNDTNS REGRSSION/PRED MODEL-WB, Section no. 86180",A-,8,Data Science
Summer 2024,86180,DSC,W382,FNDTNS REGRSSION/PRED MODEL-WB,"DSC-W382: FNDTNS REGRSSION/PRED MODEL-WB, Section no. 86180",A,166,Data Science
Summer 2024,86185,DSC,W383,ADV PREDCTV MDLS COMPLX DAT-WB,"DSC-W383: ADV PREDCTV MDLS COMPLX DAT-WB, Section no. 86185",Other,13,Data Science
Summer 2024,86185,DSC,W383,ADV PREDCTV MDLS COMPLX DAT-WB,"DSC-W383: ADV PREDCTV MDLS COMPLX DAT-WB, Section no. 86185",B-,2,Data Science
Summer 2024,86185,DSC,W383,ADV PREDCTV MDLS COMPLX DAT-WB,"DSC-W383: ADV PREDCTV MDLS COMPLX DAT-WB, Section no. 86185",B,12,Data Science
Summer 2024,86185,DSC,W383,ADV PREDCTV MDLS COMPLX DAT-WB,"DSC-W383: ADV PREDCTV MDLS COMPLX DAT-WB, Section no. 86185",B+,27,Data Science
Summer 2024,86185,DSC,W383,ADV PREDCTV MDLS COMPLX DAT-WB,"DSC-W383: ADV PREDCTV MDLS COMPLX DAT-WB, Section no. 86185",A-,58,Data Science
Summer 2024,86185,DSC,W383,ADV PREDCTV MDLS COMPLX DAT-WB,"DSC-W383: ADV PREDCTV MDLS COMPLX DAT-WB, Section no. 86185",A,129,Data Science
Summer 2024,86190,DSC,W391L,PRINCIPLES MACHINE LEARNING-WB,"DSC-W391L: PRINCIPLES MACHINE LEARNING-WB, Section no. 86190",Other,13,Data Science
Summer 2024,86190,DSC,W391L,PRINCIPLES MACHINE LEARNING-WB,"DSC-W391L: PRINCIPLES MACHINE LEARNING-WB, Section no. 86190",C,1,Data Science
Summer 2024,86190,DSC,W391L,PRINCIPLES MACHINE LEARNING-WB,"DSC-W391L: PRINCIPLES MACHINE LEARNING-WB, Section no. 86190",C+,3,Data Science
Summer 2024,86190,DSC,W391L,PRINCIPLES MACHINE LEARNING-WB,"DSC-W391L: PRINCIPLES MACHINE LEARNING-WB, Section no. 86190",B-,8,Data Science
Summer 2024,86190,DSC,W391L,PRINCIPLES MACHINE LEARNING-WB,"DSC-W391L: PRINCIPLES MACHINE LEARNING-WB, Section no. 86190",B,18,Data Science
Summer 2024,86190,DSC,W391L,PRINCIPLES MACHINE LEARNING-WB,"DSC-W391L: PRINCIPLES MACHINE LEARNING-WB, Section no. 86190",B+,24,Data Science
Summer 2024,86190,DSC,W391L,PRINCIPLES MACHINE LEARNING-WB,"DSC-W391L: PRINCIPLES MACHINE LEARNING-WB, Section no. 86190",A-,27,Data Science
Summer 2024,86190,DSC,W391L,PRINCIPLES MACHINE LEARNING-WB,"DSC-W391L: PRINCIPLES MACHINE LEARNING-WB, Section no. 86190",A,29,Data Science
Summer 2024,86195,DSC,W394D,DEEP LEARNING-WB,"DSC-W394D: DEEP LEARNING-WB, Section no. 86195",Other,1,Data Science
Summer 2024,86195,DSC,W394D,DEEP LEARNING-WB,"DSC-W394D: DEEP LEARNING-WB, Section no. 86195",F,1,Data Science
Summer 2024,86195,DSC,W394D,DEEP LEARNING-WB,"DSC-W394D: DEEP LEARNING-WB, Section no. 86195",C,2,Data Science
Summer 2024,86195,DSC,W394D,DEEP LEARNING-WB,"DSC-W394D: DEEP LEARNING-WB, Section no. 86195",C+,3,Data Science
Summer 2024,86195,DSC,W394D,DEEP LEARNING-WB,"DSC-W394D: DEEP LEARNING-WB, Section no. 86195",B,8,Data Science
Summer 2024,86195,DSC,W394D,DEEP LEARNING-WB,"DSC-W394D: DEEP LEARNING-WB, Section no. 86195",B+,3,Data Science
Summer 2024,86195,DSC,W394D,DEEP LEARNING-WB,"DSC-W394D: DEEP LEARNING-WB, Section no. 86195",A-,12,Data Science
Summer 2024,86195,DSC,W394D,DEEP LEARNING-WB,"DSC-W394D: DEEP LEARNING-WB, Section no. 86195",A,75,Data Science
Summer 2024,86196,DSC,W395T,REINFORCEMENT LEARNING-WB,"DSC-W395T: REINFORCEMENT LEARNING-WB, Section no. 86196",Other,4,Data Science
Summer 2024,86196,DSC,W395T,REINFORCEMENT LEARNING-WB,"DSC-W395T: REINFORCEMENT LEARNING-WB, Section no. 86196",F,1,Data Science
Summer 2024,86196,DSC,W395T,REINFORCEMENT LEARNING-WB,"DSC-W395T: REINFORCEMENT LEARNING-WB, Section no. 86196",C,2,Data Science
Summer 2024,86196,DSC,W395T,REINFORCEMENT LEARNING-WB,"DSC-W395T: REINFORCEMENT LEARNING-WB, Section no. 86196",C+,2,Data Science
Summer 2024,86196,DSC,W395T,REINFORCEMENT LEARNING-WB,"DSC-W395T: REINFORCEMENT LEARNING-WB, Section no. 86196",B-,5,Data Science
Summer 2024,86196,DSC,W395T,REINFORCEMENT LEARNING-WB,"DSC-W395T: REINFORCEMENT LEARNING-WB, Section no. 86196",B,14,Data Science
Summer 2024,86196,DSC,W395T,REINFORCEMENT LEARNING-WB,"DSC-W395T: REINFORCEMENT LEARNING-WB, Section no. 86196",B+,14,Data Science
Summer 2024,86196,DSC,W395T,REINFORCEMENT LEARNING-WB,"DSC-W395T: REINFORCEMENT LEARNING-WB, Section no. 86196",A-,25,Data Science
Summer 2024,86196,DSC,W395T,REINFORCEMENT LEARNING-WB,"DSC-W395T: REINFORCEMENT LEARNING-WB, Section no. 86196",A,38,Data Science
