Semester,Section Number,Course Prefix,Course Number,Course Title,Course,Letter Grade,Count of letter grade,Department/Program
Fall 2024,49961,A I, 395T,CASE STUDIES/MACHINE LEARN-WB,"A I-395T: CASE STUDIES/MACHINE LEARN-WB, Section no. 49961",Other,18,
Fall 2024,49961,A I, 395T,CASE STUDIES/MACHINE LEARN-WB,"A I-395T: CASE STUDIES/MACHINE LEARN-WB, Section no. 49961",F,3,
Fall 2024,49961,A I, 395T,CASE STUDIES/MACHINE LEARN-WB,"A I-395T: CASE STUDIES/MACHINE LEARN-WB, Section no. 49961",D+,1,
Fall 2024,49961,A I, 395T,CASE STUDIES/MACHINE LEARN-WB,"A I-395T: CASE STUDIES/MACHINE LEARN-WB, Section no. 49961",C,1,
Fall 2024,49961,A I, 395T,CASE STUDIES/MACHINE LEARN-WB,"A I-395T: CASE STUDIES/MACHINE LEARN-WB, Section no. 49961",C+,1,
Fall 2024,49961,A I, 395T,CASE STUDIES/MACHINE LEARN-WB,"A I-395T: CASE STUDIES/MACHINE LEARN-WB, Section no. 49961",B-,6,
Fall 2024,49961,A I, 395T,CASE STUDIES/MACHINE LEARN-WB,"A I-395T: CASE STUDIES/MACHINE LEARN-WB, Section no. 49961",B,7,
Fall 2024,49961,A I, 395T,CASE STUDIES/MACHINE LEARN-WB,"A I-395T: CASE STUDIES/MACHINE LEARN-WB, Section no. 49961",B+,14,
Fall 2024,49961,A I, 395T,CASE STUDIES/MACHINE LEARN-WB,"A I-395T: CASE STUDIES/MACHINE LEARN-WB, Section no. 49961",A-,39,
Fall 2024,49961,A I, 395T,CASE STUDIES/MACHINE LEARN-WB,"A I-395T: CASE STUDIES/MACHINE LEARN-WB, Section no. 49961",A,251,
Fall 2024,49962,A I, 388,NATURAL LANGUAGE PROCESSING-WB,"A I-388: NATURAL LANGUAGE PROCESSING-WB, Section no. 49962",Other,27,
Fall 2024,49962,A I, 388,NATURAL LANGUAGE PROCESSING-WB,"A I-388: NATURAL LANGUAGE PROCESSING-WB, Section no. 49962",F,3,
Fall 2024,49962,A I, 388,NATURAL LANGUAGE PROCESSING-WB,"A I-388: NATURAL LANGUAGE PROCESSING-WB, Section no. 49962",C,1,
Fall 2024,49962,A I, 388,NATURAL LANGUAGE PROCESSING-WB,"A I-388: NATURAL LANGUAGE PROCESSING-WB, Section no. 49962",C+,5,
Fall 2024,49962,A I, 388,NATURAL LANGUAGE PROCESSING-WB,"A I-388: NATURAL LANGUAGE PROCESSING-WB, Section no. 49962",B-,6,
Fall 2024,49962,A I, 388,NATURAL LANGUAGE PROCESSING-WB,"A I-388: NATURAL LANGUAGE PROCESSING-WB, Section no. 49962",B,13,
Fall 2024,49962,A I, 388,NATURAL LANGUAGE PROCESSING-WB,"A I-388: NATURAL LANGUAGE PROCESSING-WB, Section no. 49962",B+,52,
Fall 2024,49962,A I, 388,NATURAL LANGUAGE PROCESSING-WB,"A I-388: NATURAL LANGUAGE PROCESSING-WB, Section no. 49962",A-,73,
Fall 2024,49962,A I, 388,NATURAL LANGUAGE PROCESSING-WB,"A I-388: NATURAL LANGUAGE PROCESSING-WB, Section no. 49962",A,83,
Fall 2024,49963,A I, 388J,OPTIMIZATION-WB,"A I-388J: OPTIMIZATION-WB, Section no. 49963",C+,1,
Fall 2024,49963,A I, 388J,OPTIMIZATION-WB,"A I-388J: OPTIMIZATION-WB, Section no. 49963",B,3,
Fall 2024,49963,A I, 388J,OPTIMIZATION-WB,"A I-388J: OPTIMIZATION-WB, Section no. 49963",B+,2,
Fall 2024,49963,A I, 388J,OPTIMIZATION-WB,"A I-388J: OPTIMIZATION-WB, Section no. 49963",A-,3,
Fall 2024,49963,A I, 388J,OPTIMIZATION-WB,"A I-388J: OPTIMIZATION-WB, Section no. 49963",A,8,
Fall 2024,49964,A I, 388U,PLAN/SRCH/RSN UNDR UNCERTY-WB,"A I-388U: PLAN/SRCH/RSN UNDR UNCERTY-WB, Section no. 49964",Other,24,
Fall 2024,49964,A I, 388U,PLAN/SRCH/RSN UNDR UNCERTY-WB,"A I-388U: PLAN/SRCH/RSN UNDR UNCERTY-WB, Section no. 49964",F,6,
Fall 2024,49964,A I, 388U,PLAN/SRCH/RSN UNDR UNCERTY-WB,"A I-388U: PLAN/SRCH/RSN UNDR UNCERTY-WB, Section no. 49964",D+,1,
Fall 2024,49964,A I, 388U,PLAN/SRCH/RSN UNDR UNCERTY-WB,"A I-388U: PLAN/SRCH/RSN UNDR UNCERTY-WB, Section no. 49964",C-,2,
Fall 2024,49964,A I, 388U,PLAN/SRCH/RSN UNDR UNCERTY-WB,"A I-388U: PLAN/SRCH/RSN UNDR UNCERTY-WB, Section no. 49964",C+,4,
Fall 2024,49964,A I, 388U,PLAN/SRCH/RSN UNDR UNCERTY-WB,"A I-388U: PLAN/SRCH/RSN UNDR UNCERTY-WB, Section no. 49964",B-,12,
Fall 2024,49964,A I, 388U,PLAN/SRCH/RSN UNDR UNCERTY-WB,"A I-388U: PLAN/SRCH/RSN UNDR UNCERTY-WB, Section no. 49964",B,10,
Fall 2024,49964,A I, 388U,PLAN/SRCH/RSN UNDR UNCERTY-WB,"A I-388U: PLAN/SRCH/RSN UNDR UNCERTY-WB, Section no. 49964",B+,6,
Fall 2024,49964,A I, 388U,PLAN/SRCH/RSN UNDR UNCERTY-WB,"A I-388U: PLAN/SRCH/RSN UNDR UNCERTY-WB, Section no. 49964",A-,21,
Fall 2024,49964,A I, 388U,PLAN/SRCH/RSN UNDR UNCERTY-WB,"A I-388U: PLAN/SRCH/RSN UNDR UNCERTY-WB, Section no. 49964",A,92,
Fall 2024,49965,A I, 391L,MACHINE LEARNING-WB,"A I-391L: MACHINE LEARNING-WB, Section no. 49965",Other,46,
Fall 2024,49965,A I, 391L,MACHINE LEARNING-WB,"A I-391L: MACHINE LEARNING-WB, Section no. 49965",F,7,
Fall 2024,49965,A I, 391L,MACHINE LEARNING-WB,"A I-391L: MACHINE LEARNING-WB, Section no. 49965",D-,1,
Fall 2024,49965,A I, 391L,MACHINE LEARNING-WB,"A I-391L: MACHINE LEARNING-WB, Section no. 49965",D,3,
Fall 2024,49965,A I, 391L,MACHINE LEARNING-WB,"A I-391L: MACHINE LEARNING-WB, Section no. 49965",D+,1,
Fall 2024,49965,A I, 391L,MACHINE LEARNING-WB,"A I-391L: MACHINE LEARNING-WB, Section no. 49965",C-,1,
Fall 2024,49965,A I, 391L,MACHINE LEARNING-WB,"A I-391L: MACHINE LEARNING-WB, Section no. 49965",C,5,
Fall 2024,49965,A I, 391L,MACHINE LEARNING-WB,"A I-391L: MACHINE LEARNING-WB, Section no. 49965",C+,10,
Fall 2024,49965,A I, 391L,MACHINE LEARNING-WB,"A I-391L: MACHINE LEARNING-WB, Section no. 49965",B-,17,
Fall 2024,49965,A I, 391L,MACHINE LEARNING-WB,"A I-391L: MACHINE LEARNING-WB, Section no. 49965",B,13,
Fall 2024,49965,A I, 391L,MACHINE LEARNING-WB,"A I-391L: MACHINE LEARNING-WB, Section no. 49965",B+,81,
Fall 2024,49965,A I, 391L,MACHINE LEARNING-WB,"A I-391L: MACHINE LEARNING-WB, Section no. 49965",A-,37,
Fall 2024,49965,A I, 391L,MACHINE LEARNING-WB,"A I-391L: MACHINE LEARNING-WB, Section no. 49965",A,38,
Fall 2024,49966,A I, 394D,DEEP LEARNING-WB,"A I-394D: DEEP LEARNING-WB, Section no. 49966",Other,14,
Fall 2024,49966,A I, 394D,DEEP LEARNING-WB,"A I-394D: DEEP LEARNING-WB, Section no. 49966",F,3,
Fall 2024,49966,A I, 394D,DEEP LEARNING-WB,"A I-394D: DEEP LEARNING-WB, Section no. 49966",D-,2,
Fall 2024,49966,A I, 394D,DEEP LEARNING-WB,"A I-394D: DEEP LEARNING-WB, Section no. 49966",C-,1,
Fall 2024,49966,A I, 394D,DEEP LEARNING-WB,"A I-394D: DEEP LEARNING-WB, Section no. 49966",C,4,
Fall 2024,49966,A I, 394D,DEEP LEARNING-WB,"A I-394D: DEEP LEARNING-WB, Section no. 49966",C+,3,
Fall 2024,49966,A I, 394D,DEEP LEARNING-WB,"A I-394D: DEEP LEARNING-WB, Section no. 49966",B,11,
Fall 2024,49966,A I, 394D,DEEP LEARNING-WB,"A I-394D: DEEP LEARNING-WB, Section no. 49966",B+,11,
Fall 2024,49966,A I, 394D,DEEP LEARNING-WB,"A I-394D: DEEP LEARNING-WB, Section no. 49966",A-,21,
Fall 2024,49966,A I, 394D,DEEP LEARNING-WB,"A I-394D: DEEP LEARNING-WB, Section no. 49966",A,242,
Fall 2024,49967,A I, 394R,REINFRCMNT LEARN: THRY/PRAC-WB,"A I-394R: REINFRCMNT LEARN: THRY/PRAC-WB, Section no. 49967",Other,2,
Fall 2024,49967,A I, 394R,REINFRCMNT LEARN: THRY/PRAC-WB,"A I-394R: REINFRCMNT LEARN: THRY/PRAC-WB, Section no. 49967",F,3,
Fall 2024,49967,A I, 394R,REINFRCMNT LEARN: THRY/PRAC-WB,"A I-394R: REINFRCMNT LEARN: THRY/PRAC-WB, Section no. 49967",D,2,
Fall 2024,49967,A I, 394R,REINFRCMNT LEARN: THRY/PRAC-WB,"A I-394R: REINFRCMNT LEARN: THRY/PRAC-WB, Section no. 49967",D+,1,
Fall 2024,49967,A I, 394R,REINFRCMNT LEARN: THRY/PRAC-WB,"A I-394R: REINFRCMNT LEARN: THRY/PRAC-WB, Section no. 49967",C+,4,
Fall 2024,49967,A I, 394R,REINFRCMNT LEARN: THRY/PRAC-WB,"A I-394R: REINFRCMNT LEARN: THRY/PRAC-WB, Section no. 49967",B-,4,
Fall 2024,49967,A I, 394R,REINFRCMNT LEARN: THRY/PRAC-WB,"A I-394R: REINFRCMNT LEARN: THRY/PRAC-WB, Section no. 49967",B,6,
Fall 2024,49967,A I, 394R,REINFRCMNT LEARN: THRY/PRAC-WB,"A I-394R: REINFRCMNT LEARN: THRY/PRAC-WB, Section no. 49967",B+,9,
Fall 2024,49967,A I, 394R,REINFRCMNT LEARN: THRY/PRAC-WB,"A I-394R: REINFRCMNT LEARN: THRY/PRAC-WB, Section no. 49967",A-,8,
Fall 2024,49967,A I, 394R,REINFRCMNT LEARN: THRY/PRAC-WB,"A I-394R: REINFRCMNT LEARN: THRY/PRAC-WB, Section no. 49967",A,15,
Fall 2024,49968,A I, 395T,A I IN HEALTHCARE-WB,"A I-395T: A I IN HEALTHCARE-WB, Section no. 49968",Other,9,
Fall 2024,49968,A I, 395T,A I IN HEALTHCARE-WB,"A I-395T: A I IN HEALTHCARE-WB, Section no. 49968",C,1,
Fall 2024,49968,A I, 395T,A I IN HEALTHCARE-WB,"A I-395T: A I IN HEALTHCARE-WB, Section no. 49968",B-,1,
Fall 2024,49968,A I, 395T,A I IN HEALTHCARE-WB,"A I-395T: A I IN HEALTHCARE-WB, Section no. 49968",B,1,
Fall 2024,49968,A I, 395T,A I IN HEALTHCARE-WB,"A I-395T: A I IN HEALTHCARE-WB, Section no. 49968",B+,1,
Fall 2024,49968,A I, 395T,A I IN HEALTHCARE-WB,"A I-395T: A I IN HEALTHCARE-WB, Section no. 49968",A-,5,
Fall 2024,49968,A I, 395T,A I IN HEALTHCARE-WB,"A I-395T: A I IN HEALTHCARE-WB, Section no. 49968",A,80,
Fall 2024,49969,A I, 395T,ETHICS IN AI-WB,"A I-395T: ETHICS IN AI-WB, Section no. 49969",Other,12,
Fall 2024,49969,A I, 395T,ETHICS IN AI-WB,"A I-395T: ETHICS IN AI-WB, Section no. 49969",F,4,
Fall 2024,49969,A I, 395T,ETHICS IN AI-WB,"A I-395T: ETHICS IN AI-WB, Section no. 49969",C,1,
Fall 2024,49969,A I, 395T,ETHICS IN AI-WB,"A I-395T: ETHICS IN AI-WB, Section no. 49969",B-,1,
Fall 2024,49969,A I, 395T,ETHICS IN AI-WB,"A I-395T: ETHICS IN AI-WB, Section no. 49969",B,8,
Fall 2024,49969,A I, 395T,ETHICS IN AI-WB,"A I-395T: ETHICS IN AI-WB, Section no. 49969",B+,9,
Fall 2024,49969,A I, 395T,ETHICS IN AI-WB,"A I-395T: ETHICS IN AI-WB, Section no. 49969",A-,24,
Fall 2024,49969,A I, 395T,ETHICS IN AI-WB,"A I-395T: ETHICS IN AI-WB, Section no. 49969",A,446,
Fall 2024,49990,C S, 303E,ELEMS OF COMPTRS/PROGRAMMNG-WB,"C S-303E: ELEMS OF COMPTRS/PROGRAMMNG-WB, Section no. 49990",Other,44,Computer Science
Fall 2024,49990,C S, 303E,ELEMS OF COMPTRS/PROGRAMMNG-WB,"C S-303E: ELEMS OF COMPTRS/PROGRAMMNG-WB, Section no. 49990",D,2,Computer Science
Fall 2024,49990,C S, 303E,ELEMS OF COMPTRS/PROGRAMMNG-WB,"C S-303E: ELEMS OF COMPTRS/PROGRAMMNG-WB, Section no. 49990",C-,6,Computer Science
Fall 2024,49990,C S, 303E,ELEMS OF COMPTRS/PROGRAMMNG-WB,"C S-303E: ELEMS OF COMPTRS/PROGRAMMNG-WB, Section no. 49990",C,9,Computer Science
Fall 2024,49990,C S, 303E,ELEMS OF COMPTRS/PROGRAMMNG-WB,"C S-303E: ELEMS OF COMPTRS/PROGRAMMNG-WB, Section no. 49990",C+,7,Computer Science
Fall 2024,49990,C S, 303E,ELEMS OF COMPTRS/PROGRAMMNG-WB,"C S-303E: ELEMS OF COMPTRS/PROGRAMMNG-WB, Section no. 49990",B-,9,Computer Science
Fall 2024,49990,C S, 303E,ELEMS OF COMPTRS/PROGRAMMNG-WB,"C S-303E: ELEMS OF COMPTRS/PROGRAMMNG-WB, Section no. 49990",B,15,Computer Science
Fall 2024,49990,C S, 303E,ELEMS OF COMPTRS/PROGRAMMNG-WB,"C S-303E: ELEMS OF COMPTRS/PROGRAMMNG-WB, Section no. 49990",B+,11,Computer Science
Fall 2024,49990,C S, 303E,ELEMS OF COMPTRS/PROGRAMMNG-WB,"C S-303E: ELEMS OF COMPTRS/PROGRAMMNG-WB, Section no. 49990",A-,13,Computer Science
Fall 2024,49990,C S, 303E,ELEMS OF COMPTRS/PROGRAMMNG-WB,"C S-303E: ELEMS OF COMPTRS/PROGRAMMNG-WB, Section no. 49990",A,72,Computer Science
Fall 2024,49995,C S, 303E,ELEMS OF COMPTRS/PROGRAMMNG-WB,"C S-303E: ELEMS OF COMPTRS/PROGRAMMNG-WB, Section no. 49995",Other,31,Computer Science
Fall 2024,49995,C S, 303E,ELEMS OF COMPTRS/PROGRAMMNG-WB,"C S-303E: ELEMS OF COMPTRS/PROGRAMMNG-WB, Section no. 49995",F,7,Computer Science
Fall 2024,49995,C S, 303E,ELEMS OF COMPTRS/PROGRAMMNG-WB,"C S-303E: ELEMS OF COMPTRS/PROGRAMMNG-WB, Section no. 49995",D,4,Computer Science
Fall 2024,49995,C S, 303E,ELEMS OF COMPTRS/PROGRAMMNG-WB,"C S-303E: ELEMS OF COMPTRS/PROGRAMMNG-WB, Section no. 49995",C-,9,Computer Science
Fall 2024,49995,C S, 303E,ELEMS OF COMPTRS/PROGRAMMNG-WB,"C S-303E: ELEMS OF COMPTRS/PROGRAMMNG-WB, Section no. 49995",C,9,Computer Science
Fall 2024,49995,C S, 303E,ELEMS OF COMPTRS/PROGRAMMNG-WB,"C S-303E: ELEMS OF COMPTRS/PROGRAMMNG-WB, Section no. 49995",C+,6,Computer Science
Fall 2024,49995,C S, 303E,ELEMS OF COMPTRS/PROGRAMMNG-WB,"C S-303E: ELEMS OF COMPTRS/PROGRAMMNG-WB, Section no. 49995",B-,8,Computer Science
Fall 2024,49995,C S, 303E,ELEMS OF COMPTRS/PROGRAMMNG-WB,"C S-303E: ELEMS OF COMPTRS/PROGRAMMNG-WB, Section no. 49995",B,12,Computer Science
Fall 2024,49995,C S, 303E,ELEMS OF COMPTRS/PROGRAMMNG-WB,"C S-303E: ELEMS OF COMPTRS/PROGRAMMNG-WB, Section no. 49995",B+,13,Computer Science
Fall 2024,49995,C S, 303E,ELEMS OF COMPTRS/PROGRAMMNG-WB,"C S-303E: ELEMS OF COMPTRS/PROGRAMMNG-WB, Section no. 49995",A-,12,Computer Science
Fall 2024,49995,C S, 303E,ELEMS OF COMPTRS/PROGRAMMNG-WB,"C S-303E: ELEMS OF COMPTRS/PROGRAMMNG-WB, Section no. 49995",A,72,Computer Science
Fall 2024,50000,C S, 303E,ELEMS OF COMPTRS/PROGRAMMNG-WB,"C S-303E: ELEMS OF COMPTRS/PROGRAMMNG-WB, Section no. 50000",Other,33,Computer Science
Fall 2024,50000,C S, 303E,ELEMS OF COMPTRS/PROGRAMMNG-WB,"C S-303E: ELEMS OF COMPTRS/PROGRAMMNG-WB, Section no. 50000",F,4,Computer Science
Fall 2024,50000,C S, 303E,ELEMS OF COMPTRS/PROGRAMMNG-WB,"C S-303E: ELEMS OF COMPTRS/PROGRAMMNG-WB, Section no. 50000",D,4,Computer Science
Fall 2024,50000,C S, 303E,ELEMS OF COMPTRS/PROGRAMMNG-WB,"C S-303E: ELEMS OF COMPTRS/PROGRAMMNG-WB, Section no. 50000",C-,4,Computer Science
Fall 2024,50000,C S, 303E,ELEMS OF COMPTRS/PROGRAMMNG-WB,"C S-303E: ELEMS OF COMPTRS/PROGRAMMNG-WB, Section no. 50000",C,8,Computer Science
Fall 2024,50000,C S, 303E,ELEMS OF COMPTRS/PROGRAMMNG-WB,"C S-303E: ELEMS OF COMPTRS/PROGRAMMNG-WB, Section no. 50000",C+,8,Computer Science
Fall 2024,50000,C S, 303E,ELEMS OF COMPTRS/PROGRAMMNG-WB,"C S-303E: ELEMS OF COMPTRS/PROGRAMMNG-WB, Section no. 50000",B-,17,Computer Science
Fall 2024,50000,C S, 303E,ELEMS OF COMPTRS/PROGRAMMNG-WB,"C S-303E: ELEMS OF COMPTRS/PROGRAMMNG-WB, Section no. 50000",B,14,Computer Science
Fall 2024,50000,C S, 303E,ELEMS OF COMPTRS/PROGRAMMNG-WB,"C S-303E: ELEMS OF COMPTRS/PROGRAMMNG-WB, Section no. 50000",B+,9,Computer Science
Fall 2024,50000,C S, 303E,ELEMS OF COMPTRS/PROGRAMMNG-WB,"C S-303E: ELEMS OF COMPTRS/PROGRAMMNG-WB, Section no. 50000",A-,18,Computer Science
Fall 2024,50000,C S, 303E,ELEMS OF COMPTRS/PROGRAMMNG-WB,"C S-303E: ELEMS OF COMPTRS/PROGRAMMNG-WB, Section no. 50000",A,76,Computer Science
Fall 2024,50005,C S, 303E,ELEMS OF COMPUTERS/PROGRAMMING,"C S-303E: ELEMS OF COMPUTERS/PROGRAMMING, Section no. 50005",Other,25,Computer Science
Fall 2024,50005,C S, 303E,ELEMS OF COMPUTERS/PROGRAMMING,"C S-303E: ELEMS OF COMPUTERS/PROGRAMMING, Section no. 50005",F,4,Computer Science
Fall 2024,50005,C S, 303E,ELEMS OF COMPUTERS/PROGRAMMING,"C S-303E: ELEMS OF COMPUTERS/PROGRAMMING, Section no. 50005",D-,2,Computer Science
Fall 2024,50005,C S, 303E,ELEMS OF COMPUTERS/PROGRAMMING,"C S-303E: ELEMS OF COMPUTERS/PROGRAMMING, Section no. 50005",D,1,Computer Science
Fall 2024,50005,C S, 303E,ELEMS OF COMPUTERS/PROGRAMMING,"C S-303E: ELEMS OF COMPUTERS/PROGRAMMING, Section no. 50005",D+,3,Computer Science
Fall 2024,50005,C S, 303E,ELEMS OF COMPUTERS/PROGRAMMING,"C S-303E: ELEMS OF COMPUTERS/PROGRAMMING, Section no. 50005",C-,6,Computer Science
Fall 2024,50005,C S, 303E,ELEMS OF COMPUTERS/PROGRAMMING,"C S-303E: ELEMS OF COMPUTERS/PROGRAMMING, Section no. 50005",C,9,Computer Science
Fall 2024,50005,C S, 303E,ELEMS OF COMPUTERS/PROGRAMMING,"C S-303E: ELEMS OF COMPUTERS/PROGRAMMING, Section no. 50005",C+,12,Computer Science
Fall 2024,50005,C S, 303E,ELEMS OF COMPUTERS/PROGRAMMING,"C S-303E: ELEMS OF COMPUTERS/PROGRAMMING, Section no. 50005",B-,10,Computer Science
Fall 2024,50005,C S, 303E,ELEMS OF COMPUTERS/PROGRAMMING,"C S-303E: ELEMS OF COMPUTERS/PROGRAMMING, Section no. 50005",B,23,Computer Science
Fall 2024,50005,C S, 303E,ELEMS OF COMPUTERS/PROGRAMMING,"C S-303E: ELEMS OF COMPUTERS/PROGRAMMING, Section no. 50005",B+,18,Computer Science
Fall 2024,50005,C S, 303E,ELEMS OF COMPUTERS/PROGRAMMING,"C S-303E: ELEMS OF COMPUTERS/PROGRAMMING, Section no. 50005",A-,25,Computer Science
Fall 2024,50005,C S, 303E,ELEMS OF COMPUTERS/PROGRAMMING,"C S-303E: ELEMS OF COMPUTERS/PROGRAMMING, Section no. 50005",A,59,Computer Science
Fall 2024,50010,C S, 303E,ELEMS OF COMPUTERS/PROGRAMMING,"C S-303E: ELEMS OF COMPUTERS/PROGRAMMING, Section no. 50010",Other,36,Computer Science
Fall 2024,50010,C S, 303E,ELEMS OF COMPUTERS/PROGRAMMING,"C S-303E: ELEMS OF COMPUTERS/PROGRAMMING, Section no. 50010",F,6,Computer Science
Fall 2024,50010,C S, 303E,ELEMS OF COMPUTERS/PROGRAMMING,"C S-303E: ELEMS OF COMPUTERS/PROGRAMMING, Section no. 50010",D-,1,Computer Science
Fall 2024,50010,C S, 303E,ELEMS OF COMPUTERS/PROGRAMMING,"C S-303E: ELEMS OF COMPUTERS/PROGRAMMING, Section no. 50010",D,8,Computer Science
Fall 2024,50010,C S, 303E,ELEMS OF COMPUTERS/PROGRAMMING,"C S-303E: ELEMS OF COMPUTERS/PROGRAMMING, Section no. 50010",D+,4,Computer Science
Fall 2024,50010,C S, 303E,ELEMS OF COMPUTERS/PROGRAMMING,"C S-303E: ELEMS OF COMPUTERS/PROGRAMMING, Section no. 50010",C-,8,Computer Science
Fall 2024,50010,C S, 303E,ELEMS OF COMPUTERS/PROGRAMMING,"C S-303E: ELEMS OF COMPUTERS/PROGRAMMING, Section no. 50010",C,9,Computer Science
Fall 2024,50010,C S, 303E,ELEMS OF COMPUTERS/PROGRAMMING,"C S-303E: ELEMS OF COMPUTERS/PROGRAMMING, Section no. 50010",C+,11,Computer Science
Fall 2024,50010,C S, 303E,ELEMS OF COMPUTERS/PROGRAMMING,"C S-303E: ELEMS OF COMPUTERS/PROGRAMMING, Section no. 50010",B-,10,Computer Science
Fall 2024,50010,C S, 303E,ELEMS OF COMPUTERS/PROGRAMMING,"C S-303E: ELEMS OF COMPUTERS/PROGRAMMING, Section no. 50010",B,19,Computer Science
Fall 2024,50010,C S, 303E,ELEMS OF COMPUTERS/PROGRAMMING,"C S-303E: ELEMS OF COMPUTERS/PROGRAMMING, Section no. 50010",B+,21,Computer Science
Fall 2024,50010,C S, 303E,ELEMS OF COMPUTERS/PROGRAMMING,"C S-303E: ELEMS OF COMPUTERS/PROGRAMMING, Section no. 50010",A-,14,Computer Science
Fall 2024,50010,C S, 303E,ELEMS OF COMPUTERS/PROGRAMMING,"C S-303E: ELEMS OF COMPUTERS/PROGRAMMING, Section no. 50010",A,49,Computer Science
Fall 2024,50015,C S, 104C,COMPETITIVE PROGRAMMING,"C S-104C: COMPETITIVE PROGRAMMING, Section no. 50015",Other,12,Computer Science
Fall 2024,50015,C S, 104C,COMPETITIVE PROGRAMMING,"C S-104C: COMPETITIVE PROGRAMMING, Section no. 50015",F,1,Computer Science
Fall 2024,50015,C S, 104C,COMPETITIVE PROGRAMMING,"C S-104C: COMPETITIVE PROGRAMMING, Section no. 50015",D,1,Computer Science
Fall 2024,50015,C S, 104C,COMPETITIVE PROGRAMMING,"C S-104C: COMPETITIVE PROGRAMMING, Section no. 50015",B,1,Computer Science
Fall 2024,50015,C S, 104C,COMPETITIVE PROGRAMMING,"C S-104C: COMPETITIVE PROGRAMMING, Section no. 50015",A,43,Computer Science
Fall 2024,50019,C S, 109,C/LINUX PROGRAMMING,"C S-109: C/LINUX PROGRAMMING, Section no. 50019",Other,5,Computer Science
Fall 2024,50019,C S, 109,C/LINUX PROGRAMMING,"C S-109: C/LINUX PROGRAMMING, Section no. 50019",D-,1,Computer Science
Fall 2024,50019,C S, 109,C/LINUX PROGRAMMING,"C S-109: C/LINUX PROGRAMMING, Section no. 50019",D,1,Computer Science
Fall 2024,50019,C S, 109,C/LINUX PROGRAMMING,"C S-109: C/LINUX PROGRAMMING, Section no. 50019",C+,1,Computer Science
Fall 2024,50019,C S, 109,C/LINUX PROGRAMMING,"C S-109: C/LINUX PROGRAMMING, Section no. 50019",B-,1,Computer Science
Fall 2024,50019,C S, 109,C/LINUX PROGRAMMING,"C S-109: C/LINUX PROGRAMMING, Section no. 50019",B,2,Computer Science
Fall 2024,50019,C S, 109,C/LINUX PROGRAMMING,"C S-109: C/LINUX PROGRAMMING, Section no. 50019",B+,1,Computer Science
Fall 2024,50019,C S, 109,C/LINUX PROGRAMMING,"C S-109: C/LINUX PROGRAMMING, Section no. 50019",A-,1,Computer Science
Fall 2024,50019,C S, 109,C/LINUX PROGRAMMING,"C S-109: C/LINUX PROGRAMMING, Section no. 50019",A,6,Computer Science
Fall 2024,50024,C S, 309,AI LITERACY: ESSENT OF AI-WB,"C S-309: AI LITERACY: ESSENT OF AI-WB, Section no. 50024",Other,7,Computer Science
Fall 2024,50024,C S, 309,AI LITERACY: ESSENT OF AI-WB,"C S-309: AI LITERACY: ESSENT OF AI-WB, Section no. 50024",F,7,Computer Science
Fall 2024,50024,C S, 309,AI LITERACY: ESSENT OF AI-WB,"C S-309: AI LITERACY: ESSENT OF AI-WB, Section no. 50024",D-,1,Computer Science
Fall 2024,50024,C S, 309,AI LITERACY: ESSENT OF AI-WB,"C S-309: AI LITERACY: ESSENT OF AI-WB, Section no. 50024",C-,1,Computer Science
Fall 2024,50024,C S, 309,AI LITERACY: ESSENT OF AI-WB,"C S-309: AI LITERACY: ESSENT OF AI-WB, Section no. 50024",C,4,Computer Science
Fall 2024,50024,C S, 309,AI LITERACY: ESSENT OF AI-WB,"C S-309: AI LITERACY: ESSENT OF AI-WB, Section no. 50024",C+,4,Computer Science
Fall 2024,50024,C S, 309,AI LITERACY: ESSENT OF AI-WB,"C S-309: AI LITERACY: ESSENT OF AI-WB, Section no. 50024",B-,6,Computer Science
Fall 2024,50024,C S, 309,AI LITERACY: ESSENT OF AI-WB,"C S-309: AI LITERACY: ESSENT OF AI-WB, Section no. 50024",B,5,Computer Science
Fall 2024,50024,C S, 309,AI LITERACY: ESSENT OF AI-WB,"C S-309: AI LITERACY: ESSENT OF AI-WB, Section no. 50024",B+,9,Computer Science
Fall 2024,50024,C S, 309,AI LITERACY: ESSENT OF AI-WB,"C S-309: AI LITERACY: ESSENT OF AI-WB, Section no. 50024",A-,11,Computer Science
Fall 2024,50024,C S, 309,AI LITERACY: ESSENT OF AI-WB,"C S-309: AI LITERACY: ESSENT OF AI-WB, Section no. 50024",A,156,Computer Science
Fall 2024,50025,C S, 311,DISCRETE MATH FOR COMPUTER SCI,"C S-311: DISCRETE MATH FOR COMPUTER SCI, Section no. 50025",Other,2,Computer Science
Fall 2024,50025,C S, 311,DISCRETE MATH FOR COMPUTER SCI,"C S-311: DISCRETE MATH FOR COMPUTER SCI, Section no. 50025",C-,2,Computer Science
Fall 2024,50025,C S, 311,DISCRETE MATH FOR COMPUTER SCI,"C S-311: DISCRETE MATH FOR COMPUTER SCI, Section no. 50025",C,2,Computer Science
Fall 2024,50025,C S, 311,DISCRETE MATH FOR COMPUTER SCI,"C S-311: DISCRETE MATH FOR COMPUTER SCI, Section no. 50025",C+,1,Computer Science
Fall 2024,50025,C S, 311,DISCRETE MATH FOR COMPUTER SCI,"C S-311: DISCRETE MATH FOR COMPUTER SCI, Section no. 50025",B-,4,Computer Science
Fall 2024,50025,C S, 311,DISCRETE MATH FOR COMPUTER SCI,"C S-311: DISCRETE MATH FOR COMPUTER SCI, Section no. 50025",B+,1,Computer Science
Fall 2024,50025,C S, 311,DISCRETE MATH FOR COMPUTER SCI,"C S-311: DISCRETE MATH FOR COMPUTER SCI, Section no. 50025",A-,5,Computer Science
Fall 2024,50025,C S, 311,DISCRETE MATH FOR COMPUTER SCI,"C S-311: DISCRETE MATH FOR COMPUTER SCI, Section no. 50025",A,4,Computer Science
Fall 2024,50030,C S, 311,DISCRETE MATH FOR COMPUTER SCI,"C S-311: DISCRETE MATH FOR COMPUTER SCI, Section no. 50030",Other,1,Computer Science
Fall 2024,50030,C S, 311,DISCRETE MATH FOR COMPUTER SCI,"C S-311: DISCRETE MATH FOR COMPUTER SCI, Section no. 50030",D,2,Computer Science
Fall 2024,50030,C S, 311,DISCRETE MATH FOR COMPUTER SCI,"C S-311: DISCRETE MATH FOR COMPUTER SCI, Section no. 50030",C-,2,Computer Science
Fall 2024,50030,C S, 311,DISCRETE MATH FOR COMPUTER SCI,"C S-311: DISCRETE MATH FOR COMPUTER SCI, Section no. 50030",C,1,Computer Science
Fall 2024,50030,C S, 311,DISCRETE MATH FOR COMPUTER SCI,"C S-311: DISCRETE MATH FOR COMPUTER SCI, Section no. 50030",B-,4,Computer Science
Fall 2024,50030,C S, 311,DISCRETE MATH FOR COMPUTER SCI,"C S-311: DISCRETE MATH FOR COMPUTER SCI, Section no. 50030",B,3,Computer Science
Fall 2024,50030,C S, 311,DISCRETE MATH FOR COMPUTER SCI,"C S-311: DISCRETE MATH FOR COMPUTER SCI, Section no. 50030",B+,3,Computer Science
Fall 2024,50030,C S, 311,DISCRETE MATH FOR COMPUTER SCI,"C S-311: DISCRETE MATH FOR COMPUTER SCI, Section no. 50030",A-,2,Computer Science
Fall 2024,50030,C S, 311,DISCRETE MATH FOR COMPUTER SCI,"C S-311: DISCRETE MATH FOR COMPUTER SCI, Section no. 50030",A,3,Computer Science
Fall 2024,50040,C S, 311,DISCRETE MATH FOR COMPUTER SCI,"C S-311: DISCRETE MATH FOR COMPUTER SCI, Section no. 50040",Other,1,Computer Science
Fall 2024,50040,C S, 311,DISCRETE MATH FOR COMPUTER SCI,"C S-311: DISCRETE MATH FOR COMPUTER SCI, Section no. 50040",D,2,Computer Science
Fall 2024,50040,C S, 311,DISCRETE MATH FOR COMPUTER SCI,"C S-311: DISCRETE MATH FOR COMPUTER SCI, Section no. 50040",C-,2,Computer Science
Fall 2024,50040,C S, 311,DISCRETE MATH FOR COMPUTER SCI,"C S-311: DISCRETE MATH FOR COMPUTER SCI, Section no. 50040",C,1,Computer Science
Fall 2024,50040,C S, 311,DISCRETE MATH FOR COMPUTER SCI,"C S-311: DISCRETE MATH FOR COMPUTER SCI, Section no. 50040",C+,2,Computer Science
Fall 2024,50040,C S, 311,DISCRETE MATH FOR COMPUTER SCI,"C S-311: DISCRETE MATH FOR COMPUTER SCI, Section no. 50040",B-,2,Computer Science
Fall 2024,50040,C S, 311,DISCRETE MATH FOR COMPUTER SCI,"C S-311: DISCRETE MATH FOR COMPUTER SCI, Section no. 50040",B,2,Computer Science
Fall 2024,50040,C S, 311,DISCRETE MATH FOR COMPUTER SCI,"C S-311: DISCRETE MATH FOR COMPUTER SCI, Section no. 50040",B+,2,Computer Science
Fall 2024,50040,C S, 311,DISCRETE MATH FOR COMPUTER SCI,"C S-311: DISCRETE MATH FOR COMPUTER SCI, Section no. 50040",A-,2,Computer Science
Fall 2024,50040,C S, 311,DISCRETE MATH FOR COMPUTER SCI,"C S-311: DISCRETE MATH FOR COMPUTER SCI, Section no. 50040",A,1,Computer Science
Fall 2024,50045,C S, 311,DISCRETE MATH FOR COMPUTER SCI,"C S-311: DISCRETE MATH FOR COMPUTER SCI, Section no. 50045",D,1,Computer Science
Fall 2024,50045,C S, 311,DISCRETE MATH FOR COMPUTER SCI,"C S-311: DISCRETE MATH FOR COMPUTER SCI, Section no. 50045",C-,2,Computer Science
Fall 2024,50045,C S, 311,DISCRETE MATH FOR COMPUTER SCI,"C S-311: DISCRETE MATH FOR COMPUTER SCI, Section no. 50045",C,4,Computer Science
Fall 2024,50045,C S, 311,DISCRETE MATH FOR COMPUTER SCI,"C S-311: DISCRETE MATH FOR COMPUTER SCI, Section no. 50045",C+,1,Computer Science
Fall 2024,50045,C S, 311,DISCRETE MATH FOR COMPUTER SCI,"C S-311: DISCRETE MATH FOR COMPUTER SCI, Section no. 50045",B-,2,Computer Science
Fall 2024,50045,C S, 311,DISCRETE MATH FOR COMPUTER SCI,"C S-311: DISCRETE MATH FOR COMPUTER SCI, Section no. 50045",B,3,Computer Science
Fall 2024,50045,C S, 311,DISCRETE MATH FOR COMPUTER SCI,"C S-311: DISCRETE MATH FOR COMPUTER SCI, Section no. 50045",B+,3,Computer Science
Fall 2024,50045,C S, 311,DISCRETE MATH FOR COMPUTER SCI,"C S-311: DISCRETE MATH FOR COMPUTER SCI, Section no. 50045",A-,1,Computer Science
Fall 2024,50045,C S, 311,DISCRETE MATH FOR COMPUTER SCI,"C S-311: DISCRETE MATH FOR COMPUTER SCI, Section no. 50045",A,2,Computer Science
Fall 2024,50050,C S, 311,DISCRETE MATH FOR COMPUTER SCI,"C S-311: DISCRETE MATH FOR COMPUTER SCI, Section no. 50050",Other,2,Computer Science
Fall 2024,50050,C S, 311,DISCRETE MATH FOR COMPUTER SCI,"C S-311: DISCRETE MATH FOR COMPUTER SCI, Section no. 50050",D,1,Computer Science
Fall 2024,50050,C S, 311,DISCRETE MATH FOR COMPUTER SCI,"C S-311: DISCRETE MATH FOR COMPUTER SCI, Section no. 50050",C-,3,Computer Science
Fall 2024,50050,C S, 311,DISCRETE MATH FOR COMPUTER SCI,"C S-311: DISCRETE MATH FOR COMPUTER SCI, Section no. 50050",C+,2,Computer Science
Fall 2024,50050,C S, 311,DISCRETE MATH FOR COMPUTER SCI,"C S-311: DISCRETE MATH FOR COMPUTER SCI, Section no. 50050",B-,5,Computer Science
Fall 2024,50050,C S, 311,DISCRETE MATH FOR COMPUTER SCI,"C S-311: DISCRETE MATH FOR COMPUTER SCI, Section no. 50050",B,1,Computer Science
Fall 2024,50050,C S, 311,DISCRETE MATH FOR COMPUTER SCI,"C S-311: DISCRETE MATH FOR COMPUTER SCI, Section no. 50050",B+,1,Computer Science
Fall 2024,50050,C S, 311,DISCRETE MATH FOR COMPUTER SCI,"C S-311: DISCRETE MATH FOR COMPUTER SCI, Section no. 50050",A-,4,Computer Science
Fall 2024,50050,C S, 311,DISCRETE MATH FOR COMPUTER SCI,"C S-311: DISCRETE MATH FOR COMPUTER SCI, Section no. 50050",A,1,Computer Science
Fall 2024,50055,C S, 311,DISCRETE MATH FOR COMPUTER SCI,"C S-311: DISCRETE MATH FOR COMPUTER SCI, Section no. 50055",Other,2,Computer Science
Fall 2024,50055,C S, 311,DISCRETE MATH FOR COMPUTER SCI,"C S-311: DISCRETE MATH FOR COMPUTER SCI, Section no. 50055",D,1,Computer Science
Fall 2024,50055,C S, 311,DISCRETE MATH FOR COMPUTER SCI,"C S-311: DISCRETE MATH FOR COMPUTER SCI, Section no. 50055",C-,3,Computer Science
Fall 2024,50055,C S, 311,DISCRETE MATH FOR COMPUTER SCI,"C S-311: DISCRETE MATH FOR COMPUTER SCI, Section no. 50055",C,3,Computer Science
Fall 2024,50055,C S, 311,DISCRETE MATH FOR COMPUTER SCI,"C S-311: DISCRETE MATH FOR COMPUTER SCI, Section no. 50055",B-,4,Computer Science
Fall 2024,50055,C S, 311,DISCRETE MATH FOR COMPUTER SCI,"C S-311: DISCRETE MATH FOR COMPUTER SCI, Section no. 50055",B,1,Computer Science
Fall 2024,50055,C S, 311,DISCRETE MATH FOR COMPUTER SCI,"C S-311: DISCRETE MATH FOR COMPUTER SCI, Section no. 50055",B+,3,Computer Science
Fall 2024,50055,C S, 311,DISCRETE MATH FOR COMPUTER SCI,"C S-311: DISCRETE MATH FOR COMPUTER SCI, Section no. 50055",A-,1,Computer Science
Fall 2024,50055,C S, 311,DISCRETE MATH FOR COMPUTER SCI,"C S-311: DISCRETE MATH FOR COMPUTER SCI, Section no. 50055",A,5,Computer Science
Fall 2024,50060,C S, 311,DISCRETE MATH FOR COMPUTER SCI,"C S-311: DISCRETE MATH FOR COMPUTER SCI, Section no. 50060",D,1,Computer Science
Fall 2024,50060,C S, 311,DISCRETE MATH FOR COMPUTER SCI,"C S-311: DISCRETE MATH FOR COMPUTER SCI, Section no. 50060",C-,4,Computer Science
Fall 2024,50060,C S, 311,DISCRETE MATH FOR COMPUTER SCI,"C S-311: DISCRETE MATH FOR COMPUTER SCI, Section no. 50060",C+,1,Computer Science
Fall 2024,50060,C S, 311,DISCRETE MATH FOR COMPUTER SCI,"C S-311: DISCRETE MATH FOR COMPUTER SCI, Section no. 50060",B-,1,Computer Science
Fall 2024,50060,C S, 311,DISCRETE MATH FOR COMPUTER SCI,"C S-311: DISCRETE MATH FOR COMPUTER SCI, Section no. 50060",B,7,Computer Science
Fall 2024,50060,C S, 311,DISCRETE MATH FOR COMPUTER SCI,"C S-311: DISCRETE MATH FOR COMPUTER SCI, Section no. 50060",B+,3,Computer Science
Fall 2024,50060,C S, 311,DISCRETE MATH FOR COMPUTER SCI,"C S-311: DISCRETE MATH FOR COMPUTER SCI, Section no. 50060",A-,3,Computer Science
Fall 2024,50060,C S, 311,DISCRETE MATH FOR COMPUTER SCI,"C S-311: DISCRETE MATH FOR COMPUTER SCI, Section no. 50060",A,1,Computer Science
Fall 2024,50065,C S, 311,DISCRETE MATH FOR COMPUTER SCI,"C S-311: DISCRETE MATH FOR COMPUTER SCI, Section no. 50065",F,1,Computer Science
Fall 2024,50065,C S, 311,DISCRETE MATH FOR COMPUTER SCI,"C S-311: DISCRETE MATH FOR COMPUTER SCI, Section no. 50065",C-,1,Computer Science
Fall 2024,50065,C S, 311,DISCRETE MATH FOR COMPUTER SCI,"C S-311: DISCRETE MATH FOR COMPUTER SCI, Section no. 50065",C,1,Computer Science
Fall 2024,50065,C S, 311,DISCRETE MATH FOR COMPUTER SCI,"C S-311: DISCRETE MATH FOR COMPUTER SCI, Section no. 50065",B-,5,Computer Science
Fall 2024,50065,C S, 311,DISCRETE MATH FOR COMPUTER SCI,"C S-311: DISCRETE MATH FOR COMPUTER SCI, Section no. 50065",B,2,Computer Science
Fall 2024,50065,C S, 311,DISCRETE MATH FOR COMPUTER SCI,"C S-311: DISCRETE MATH FOR COMPUTER SCI, Section no. 50065",B+,4,Computer Science
Fall 2024,50065,C S, 311,DISCRETE MATH FOR COMPUTER SCI,"C S-311: DISCRETE MATH FOR COMPUTER SCI, Section no. 50065",A-,2,Computer Science
Fall 2024,50065,C S, 311,DISCRETE MATH FOR COMPUTER SCI,"C S-311: DISCRETE MATH FOR COMPUTER SCI, Section no. 50065",A,7,Computer Science
Fall 2024,50070,C S, 311,DISCRETE MATH FOR COMPUTER SCI,"C S-311: DISCRETE MATH FOR COMPUTER SCI, Section no. 50070",Other,2,Computer Science
Fall 2024,50070,C S, 311,DISCRETE MATH FOR COMPUTER SCI,"C S-311: DISCRETE MATH FOR COMPUTER SCI, Section no. 50070",F,1,Computer Science
Fall 2024,50070,C S, 311,DISCRETE MATH FOR COMPUTER SCI,"C S-311: DISCRETE MATH FOR COMPUTER SCI, Section no. 50070",D,1,Computer Science
Fall 2024,50070,C S, 311,DISCRETE MATH FOR COMPUTER SCI,"C S-311: DISCRETE MATH FOR COMPUTER SCI, Section no. 50070",C-,2,Computer Science
Fall 2024,50070,C S, 311,DISCRETE MATH FOR COMPUTER SCI,"C S-311: DISCRETE MATH FOR COMPUTER SCI, Section no. 50070",C,1,Computer Science
Fall 2024,50070,C S, 311,DISCRETE MATH FOR COMPUTER SCI,"C S-311: DISCRETE MATH FOR COMPUTER SCI, Section no. 50070",C+,3,Computer Science
Fall 2024,50070,C S, 311,DISCRETE MATH FOR COMPUTER SCI,"C S-311: DISCRETE MATH FOR COMPUTER SCI, Section no. 50070",B-,3,Computer Science
Fall 2024,50070,C S, 311,DISCRETE MATH FOR COMPUTER SCI,"C S-311: DISCRETE MATH FOR COMPUTER SCI, Section no. 50070",B,3,Computer Science
Fall 2024,50070,C S, 311,DISCRETE MATH FOR COMPUTER SCI,"C S-311: DISCRETE MATH FOR COMPUTER SCI, Section no. 50070",A,3,Computer Science
Fall 2024,50075,C S, 311,DISCRETE MATH FOR COMPUTER SCI,"C S-311: DISCRETE MATH FOR COMPUTER SCI, Section no. 50075",Other,2,Computer Science
Fall 2024,50075,C S, 311,DISCRETE MATH FOR COMPUTER SCI,"C S-311: DISCRETE MATH FOR COMPUTER SCI, Section no. 50075",F,1,Computer Science
Fall 2024,50075,C S, 311,DISCRETE MATH FOR COMPUTER SCI,"C S-311: DISCRETE MATH FOR COMPUTER SCI, Section no. 50075",C-,1,Computer Science
Fall 2024,50075,C S, 311,DISCRETE MATH FOR COMPUTER SCI,"C S-311: DISCRETE MATH FOR COMPUTER SCI, Section no. 50075",B-,8,Computer Science
Fall 2024,50075,C S, 311,DISCRETE MATH FOR COMPUTER SCI,"C S-311: DISCRETE MATH FOR COMPUTER SCI, Section no. 50075",B,4,Computer Science
Fall 2024,50075,C S, 311,DISCRETE MATH FOR COMPUTER SCI,"C S-311: DISCRETE MATH FOR COMPUTER SCI, Section no. 50075",B+,2,Computer Science
Fall 2024,50075,C S, 311,DISCRETE MATH FOR COMPUTER SCI,"C S-311: DISCRETE MATH FOR COMPUTER SCI, Section no. 50075",A-,2,Computer Science
Fall 2024,50075,C S, 311,DISCRETE MATH FOR COMPUTER SCI,"C S-311: DISCRETE MATH FOR COMPUTER SCI, Section no. 50075",A,4,Computer Science
Fall 2024,50080,C S, 311,DISCRETE MATH FOR COMPUTER SCI,"C S-311: DISCRETE MATH FOR COMPUTER SCI, Section no. 50080",F,1,Computer Science
Fall 2024,50080,C S, 311,DISCRETE MATH FOR COMPUTER SCI,"C S-311: DISCRETE MATH FOR COMPUTER SCI, Section no. 50080",C-,2,Computer Science
Fall 2024,50080,C S, 311,DISCRETE MATH FOR COMPUTER SCI,"C S-311: DISCRETE MATH FOR COMPUTER SCI, Section no. 50080",C,1,Computer Science
Fall 2024,50080,C S, 311,DISCRETE MATH FOR COMPUTER SCI,"C S-311: DISCRETE MATH FOR COMPUTER SCI, Section no. 50080",B-,5,Computer Science
Fall 2024,50080,C S, 311,DISCRETE MATH FOR COMPUTER SCI,"C S-311: DISCRETE MATH FOR COMPUTER SCI, Section no. 50080",B,2,Computer Science
Fall 2024,50080,C S, 311,DISCRETE MATH FOR COMPUTER SCI,"C S-311: DISCRETE MATH FOR COMPUTER SCI, Section no. 50080",B+,3,Computer Science
Fall 2024,50080,C S, 311,DISCRETE MATH FOR COMPUTER SCI,"C S-311: DISCRETE MATH FOR COMPUTER SCI, Section no. 50080",A-,2,Computer Science
Fall 2024,50080,C S, 311,DISCRETE MATH FOR COMPUTER SCI,"C S-311: DISCRETE MATH FOR COMPUTER SCI, Section no. 50080",A,3,Computer Science
Fall 2024,50085,C S, 311,DISCRETE MATH FOR COMPUTER SCI,"C S-311: DISCRETE MATH FOR COMPUTER SCI, Section no. 50085",C-,1,Computer Science
Fall 2024,50085,C S, 311,DISCRETE MATH FOR COMPUTER SCI,"C S-311: DISCRETE MATH FOR COMPUTER SCI, Section no. 50085",C+,5,Computer Science
Fall 2024,50085,C S, 311,DISCRETE MATH FOR COMPUTER SCI,"C S-311: DISCRETE MATH FOR COMPUTER SCI, Section no. 50085",B-,4,Computer Science
Fall 2024,50085,C S, 311,DISCRETE MATH FOR COMPUTER SCI,"C S-311: DISCRETE MATH FOR COMPUTER SCI, Section no. 50085",B,4,Computer Science
Fall 2024,50085,C S, 311,DISCRETE MATH FOR COMPUTER SCI,"C S-311: DISCRETE MATH FOR COMPUTER SCI, Section no. 50085",B+,2,Computer Science
Fall 2024,50085,C S, 311,DISCRETE MATH FOR COMPUTER SCI,"C S-311: DISCRETE MATH FOR COMPUTER SCI, Section no. 50085",A-,1,Computer Science
Fall 2024,50085,C S, 311,DISCRETE MATH FOR COMPUTER SCI,"C S-311: DISCRETE MATH FOR COMPUTER SCI, Section no. 50085",A,4,Computer Science
Fall 2024,50087,C S, 311,DISCRETE MATH FOR COMPUTER SCI,"C S-311: DISCRETE MATH FOR COMPUTER SCI, Section no. 50087",B,1,Computer Science
Fall 2024,50087,C S, 311,DISCRETE MATH FOR COMPUTER SCI,"C S-311: DISCRETE MATH FOR COMPUTER SCI, Section no. 50087",B+,2,Computer Science
Fall 2024,50087,C S, 311,DISCRETE MATH FOR COMPUTER SCI,"C S-311: DISCRETE MATH FOR COMPUTER SCI, Section no. 50087",A-,5,Computer Science
Fall 2024,50087,C S, 311,DISCRETE MATH FOR COMPUTER SCI,"C S-311: DISCRETE MATH FOR COMPUTER SCI, Section no. 50087",A,10,Computer Science
Fall 2024,50088,C S, 311,DISCRETE MATH FOR COMPUTER SCI,"C S-311: DISCRETE MATH FOR COMPUTER SCI, Section no. 50088",C-,1,Computer Science
Fall 2024,50088,C S, 311,DISCRETE MATH FOR COMPUTER SCI,"C S-311: DISCRETE MATH FOR COMPUTER SCI, Section no. 50088",B-,1,Computer Science
Fall 2024,50088,C S, 311,DISCRETE MATH FOR COMPUTER SCI,"C S-311: DISCRETE MATH FOR COMPUTER SCI, Section no. 50088",B,1,Computer Science
Fall 2024,50088,C S, 311,DISCRETE MATH FOR COMPUTER SCI,"C S-311: DISCRETE MATH FOR COMPUTER SCI, Section no. 50088",B+,5,Computer Science
Fall 2024,50088,C S, 311,DISCRETE MATH FOR COMPUTER SCI,"C S-311: DISCRETE MATH FOR COMPUTER SCI, Section no. 50088",A-,4,Computer Science
Fall 2024,50088,C S, 311,DISCRETE MATH FOR COMPUTER SCI,"C S-311: DISCRETE MATH FOR COMPUTER SCI, Section no. 50088",A,5,Computer Science
Fall 2024,50089,C S, 311,DISCRETE MATH FOR COMPUTER SCI,"C S-311: DISCRETE MATH FOR COMPUTER SCI, Section no. 50089",B+,4,Computer Science
Fall 2024,50089,C S, 311,DISCRETE MATH FOR COMPUTER SCI,"C S-311: DISCRETE MATH FOR COMPUTER SCI, Section no. 50089",A-,7,Computer Science
Fall 2024,50089,C S, 311,DISCRETE MATH FOR COMPUTER SCI,"C S-311: DISCRETE MATH FOR COMPUTER SCI, Section no. 50089",A,6,Computer Science
Fall 2024,50090,C S, 311H,DISCRETE MATH COMP SCI: HONORS,"C S-311H: DISCRETE MATH COMP SCI: HONORS, Section no. 50090",C,1,Computer Science
Fall 2024,50090,C S, 311H,DISCRETE MATH COMP SCI: HONORS,"C S-311H: DISCRETE MATH COMP SCI: HONORS, Section no. 50090",B-,3,Computer Science
Fall 2024,50090,C S, 311H,DISCRETE MATH COMP SCI: HONORS,"C S-311H: DISCRETE MATH COMP SCI: HONORS, Section no. 50090",B,11,Computer Science
Fall 2024,50090,C S, 311H,DISCRETE MATH COMP SCI: HONORS,"C S-311H: DISCRETE MATH COMP SCI: HONORS, Section no. 50090",B+,12,Computer Science
Fall 2024,50090,C S, 311H,DISCRETE MATH COMP SCI: HONORS,"C S-311H: DISCRETE MATH COMP SCI: HONORS, Section no. 50090",A-,10,Computer Science
Fall 2024,50090,C S, 311H,DISCRETE MATH COMP SCI: HONORS,"C S-311H: DISCRETE MATH COMP SCI: HONORS, Section no. 50090",A,6,Computer Science
Fall 2024,50095,C S, 311H,DISCRETE MATH COMP SCI: HONORS,"C S-311H: DISCRETE MATH COMP SCI: HONORS, Section no. 50095",B-,1,Computer Science
Fall 2024,50095,C S, 311H,DISCRETE MATH COMP SCI: HONORS,"C S-311H: DISCRETE MATH COMP SCI: HONORS, Section no. 50095",B+,5,Computer Science
Fall 2024,50095,C S, 311H,DISCRETE MATH COMP SCI: HONORS,"C S-311H: DISCRETE MATH COMP SCI: HONORS, Section no. 50095",A-,3,Computer Science
Fall 2024,50095,C S, 311H,DISCRETE MATH COMP SCI: HONORS,"C S-311H: DISCRETE MATH COMP SCI: HONORS, Section no. 50095",A,14,Computer Science
Fall 2024,50100,C S, 311H,DISCRETE MATH COMP SCI: HONORS,"C S-311H: DISCRETE MATH COMP SCI: HONORS, Section no. 50100",B-,2,Computer Science
Fall 2024,50100,C S, 311H,DISCRETE MATH COMP SCI: HONORS,"C S-311H: DISCRETE MATH COMP SCI: HONORS, Section no. 50100",B+,4,Computer Science
Fall 2024,50100,C S, 311H,DISCRETE MATH COMP SCI: HONORS,"C S-311H: DISCRETE MATH COMP SCI: HONORS, Section no. 50100",A-,3,Computer Science
Fall 2024,50100,C S, 311H,DISCRETE MATH COMP SCI: HONORS,"C S-311H: DISCRETE MATH COMP SCI: HONORS, Section no. 50100",A,16,Computer Science
Fall 2024,50105,C S, 312,INTRODUCTION TO PROGRAMMING,"C S-312: INTRODUCTION TO PROGRAMMING, Section no. 50105",C,4,Computer Science
Fall 2024,50105,C S, 312,INTRODUCTION TO PROGRAMMING,"C S-312: INTRODUCTION TO PROGRAMMING, Section no. 50105",C+,1,Computer Science
Fall 2024,50105,C S, 312,INTRODUCTION TO PROGRAMMING,"C S-312: INTRODUCTION TO PROGRAMMING, Section no. 50105",B-,1,Computer Science
Fall 2024,50105,C S, 312,INTRODUCTION TO PROGRAMMING,"C S-312: INTRODUCTION TO PROGRAMMING, Section no. 50105",B,1,Computer Science
Fall 2024,50105,C S, 312,INTRODUCTION TO PROGRAMMING,"C S-312: INTRODUCTION TO PROGRAMMING, Section no. 50105",B+,2,Computer Science
Fall 2024,50105,C S, 312,INTRODUCTION TO PROGRAMMING,"C S-312: INTRODUCTION TO PROGRAMMING, Section no. 50105",A-,7,Computer Science
Fall 2024,50105,C S, 312,INTRODUCTION TO PROGRAMMING,"C S-312: INTRODUCTION TO PROGRAMMING, Section no. 50105",A,7,Computer Science
Fall 2024,50110,C S, 312,INTRODUCTION TO PROGRAMMING,"C S-312: INTRODUCTION TO PROGRAMMING, Section no. 50110",Other,3,Computer Science
Fall 2024,50110,C S, 312,INTRODUCTION TO PROGRAMMING,"C S-312: INTRODUCTION TO PROGRAMMING, Section no. 50110",F,1,Computer Science
Fall 2024,50110,C S, 312,INTRODUCTION TO PROGRAMMING,"C S-312: INTRODUCTION TO PROGRAMMING, Section no. 50110",D,1,Computer Science
Fall 2024,50110,C S, 312,INTRODUCTION TO PROGRAMMING,"C S-312: INTRODUCTION TO PROGRAMMING, Section no. 50110",D+,1,Computer Science
Fall 2024,50110,C S, 312,INTRODUCTION TO PROGRAMMING,"C S-312: INTRODUCTION TO PROGRAMMING, Section no. 50110",B-,1,Computer Science
Fall 2024,50110,C S, 312,INTRODUCTION TO PROGRAMMING,"C S-312: INTRODUCTION TO PROGRAMMING, Section no. 50110",B,2,Computer Science
Fall 2024,50110,C S, 312,INTRODUCTION TO PROGRAMMING,"C S-312: INTRODUCTION TO PROGRAMMING, Section no. 50110",B+,5,Computer Science
Fall 2024,50110,C S, 312,INTRODUCTION TO PROGRAMMING,"C S-312: INTRODUCTION TO PROGRAMMING, Section no. 50110",A-,3,Computer Science
Fall 2024,50110,C S, 312,INTRODUCTION TO PROGRAMMING,"C S-312: INTRODUCTION TO PROGRAMMING, Section no. 50110",A,4,Computer Science
Fall 2024,50115,C S, 312,INTRODUCTION TO PROGRAMMING,"C S-312: INTRODUCTION TO PROGRAMMING, Section no. 50115",Other,1,Computer Science
Fall 2024,50115,C S, 312,INTRODUCTION TO PROGRAMMING,"C S-312: INTRODUCTION TO PROGRAMMING, Section no. 50115",D-,1,Computer Science
Fall 2024,50115,C S, 312,INTRODUCTION TO PROGRAMMING,"C S-312: INTRODUCTION TO PROGRAMMING, Section no. 50115",C-,2,Computer Science
Fall 2024,50115,C S, 312,INTRODUCTION TO PROGRAMMING,"C S-312: INTRODUCTION TO PROGRAMMING, Section no. 50115",C+,4,Computer Science
Fall 2024,50115,C S, 312,INTRODUCTION TO PROGRAMMING,"C S-312: INTRODUCTION TO PROGRAMMING, Section no. 50115",B-,2,Computer Science
Fall 2024,50115,C S, 312,INTRODUCTION TO PROGRAMMING,"C S-312: INTRODUCTION TO PROGRAMMING, Section no. 50115",B,6,Computer Science
Fall 2024,50115,C S, 312,INTRODUCTION TO PROGRAMMING,"C S-312: INTRODUCTION TO PROGRAMMING, Section no. 50115",B+,1,Computer Science
Fall 2024,50115,C S, 312,INTRODUCTION TO PROGRAMMING,"C S-312: INTRODUCTION TO PROGRAMMING, Section no. 50115",A-,3,Computer Science
Fall 2024,50115,C S, 312,INTRODUCTION TO PROGRAMMING,"C S-312: INTRODUCTION TO PROGRAMMING, Section no. 50115",A,2,Computer Science
Fall 2024,50120,C S, 312,INTRODUCTION TO PROGRAMMING,"C S-312: INTRODUCTION TO PROGRAMMING, Section no. 50120",Other,7,Computer Science
Fall 2024,50120,C S, 312,INTRODUCTION TO PROGRAMMING,"C S-312: INTRODUCTION TO PROGRAMMING, Section no. 50120",D,1,Computer Science
Fall 2024,50120,C S, 312,INTRODUCTION TO PROGRAMMING,"C S-312: INTRODUCTION TO PROGRAMMING, Section no. 50120",C,1,Computer Science
Fall 2024,50120,C S, 312,INTRODUCTION TO PROGRAMMING,"C S-312: INTRODUCTION TO PROGRAMMING, Section no. 50120",C+,4,Computer Science
Fall 2024,50120,C S, 312,INTRODUCTION TO PROGRAMMING,"C S-312: INTRODUCTION TO PROGRAMMING, Section no. 50120",B-,2,Computer Science
Fall 2024,50120,C S, 312,INTRODUCTION TO PROGRAMMING,"C S-312: INTRODUCTION TO PROGRAMMING, Section no. 50120",A-,5,Computer Science
Fall 2024,50120,C S, 312,INTRODUCTION TO PROGRAMMING,"C S-312: INTRODUCTION TO PROGRAMMING, Section no. 50120",A,2,Computer Science
Fall 2024,50130,C S, 312,INTRODUCTION TO PROGRAMMING,"C S-312: INTRODUCTION TO PROGRAMMING, Section no. 50130",Other,3,Computer Science
Fall 2024,50130,C S, 312,INTRODUCTION TO PROGRAMMING,"C S-312: INTRODUCTION TO PROGRAMMING, Section no. 50130",C-,1,Computer Science
Fall 2024,50130,C S, 312,INTRODUCTION TO PROGRAMMING,"C S-312: INTRODUCTION TO PROGRAMMING, Section no. 50130",C,4,Computer Science
Fall 2024,50130,C S, 312,INTRODUCTION TO PROGRAMMING,"C S-312: INTRODUCTION TO PROGRAMMING, Section no. 50130",C+,1,Computer Science
Fall 2024,50130,C S, 312,INTRODUCTION TO PROGRAMMING,"C S-312: INTRODUCTION TO PROGRAMMING, Section no. 50130",B,4,Computer Science
Fall 2024,50130,C S, 312,INTRODUCTION TO PROGRAMMING,"C S-312: INTRODUCTION TO PROGRAMMING, Section no. 50130",B+,4,Computer Science
Fall 2024,50130,C S, 312,INTRODUCTION TO PROGRAMMING,"C S-312: INTRODUCTION TO PROGRAMMING, Section no. 50130",A-,4,Computer Science
Fall 2024,50130,C S, 312,INTRODUCTION TO PROGRAMMING,"C S-312: INTRODUCTION TO PROGRAMMING, Section no. 50130",A,2,Computer Science
Fall 2024,50140,C S, 312,INTRODUCTION TO PROGRAMMING,"C S-312: INTRODUCTION TO PROGRAMMING, Section no. 50140",F,1,Computer Science
Fall 2024,50140,C S, 312,INTRODUCTION TO PROGRAMMING,"C S-312: INTRODUCTION TO PROGRAMMING, Section no. 50140",C-,1,Computer Science
Fall 2024,50140,C S, 312,INTRODUCTION TO PROGRAMMING,"C S-312: INTRODUCTION TO PROGRAMMING, Section no. 50140",B-,1,Computer Science
Fall 2024,50140,C S, 312,INTRODUCTION TO PROGRAMMING,"C S-312: INTRODUCTION TO PROGRAMMING, Section no. 50140",B,3,Computer Science
Fall 2024,50140,C S, 312,INTRODUCTION TO PROGRAMMING,"C S-312: INTRODUCTION TO PROGRAMMING, Section no. 50140",B+,3,Computer Science
Fall 2024,50140,C S, 312,INTRODUCTION TO PROGRAMMING,"C S-312: INTRODUCTION TO PROGRAMMING, Section no. 50140",A-,5,Computer Science
Fall 2024,50140,C S, 312,INTRODUCTION TO PROGRAMMING,"C S-312: INTRODUCTION TO PROGRAMMING, Section no. 50140",A,11,Computer Science
Fall 2024,50145,C S, 312,INTRODUCTION TO PROGRAMMING,"C S-312: INTRODUCTION TO PROGRAMMING, Section no. 50145",Other,3,Computer Science
Fall 2024,50145,C S, 312,INTRODUCTION TO PROGRAMMING,"C S-312: INTRODUCTION TO PROGRAMMING, Section no. 50145",F,3,Computer Science
Fall 2024,50145,C S, 312,INTRODUCTION TO PROGRAMMING,"C S-312: INTRODUCTION TO PROGRAMMING, Section no. 50145",D-,1,Computer Science
Fall 2024,50145,C S, 312,INTRODUCTION TO PROGRAMMING,"C S-312: INTRODUCTION TO PROGRAMMING, Section no. 50145",D,1,Computer Science
Fall 2024,50145,C S, 312,INTRODUCTION TO PROGRAMMING,"C S-312: INTRODUCTION TO PROGRAMMING, Section no. 50145",C-,2,Computer Science
Fall 2024,50145,C S, 312,INTRODUCTION TO PROGRAMMING,"C S-312: INTRODUCTION TO PROGRAMMING, Section no. 50145",C,3,Computer Science
Fall 2024,50145,C S, 312,INTRODUCTION TO PROGRAMMING,"C S-312: INTRODUCTION TO PROGRAMMING, Section no. 50145",B-,1,Computer Science
Fall 2024,50145,C S, 312,INTRODUCTION TO PROGRAMMING,"C S-312: INTRODUCTION TO PROGRAMMING, Section no. 50145",B,4,Computer Science
Fall 2024,50145,C S, 312,INTRODUCTION TO PROGRAMMING,"C S-312: INTRODUCTION TO PROGRAMMING, Section no. 50145",B+,2,Computer Science
Fall 2024,50145,C S, 312,INTRODUCTION TO PROGRAMMING,"C S-312: INTRODUCTION TO PROGRAMMING, Section no. 50145",A-,1,Computer Science
Fall 2024,50145,C S, 312,INTRODUCTION TO PROGRAMMING,"C S-312: INTRODUCTION TO PROGRAMMING, Section no. 50145",A,4,Computer Science
Fall 2024,50156,C S, 312,INTRODUCTION TO PROGRAMMING,"C S-312: INTRODUCTION TO PROGRAMMING, Section no. 50156",Other,2,Computer Science
Fall 2024,50156,C S, 312,INTRODUCTION TO PROGRAMMING,"C S-312: INTRODUCTION TO PROGRAMMING, Section no. 50156",C,2,Computer Science
Fall 2024,50156,C S, 312,INTRODUCTION TO PROGRAMMING,"C S-312: INTRODUCTION TO PROGRAMMING, Section no. 50156",C+,3,Computer Science
Fall 2024,50156,C S, 312,INTRODUCTION TO PROGRAMMING,"C S-312: INTRODUCTION TO PROGRAMMING, Section no. 50156",B-,3,Computer Science
Fall 2024,50156,C S, 312,INTRODUCTION TO PROGRAMMING,"C S-312: INTRODUCTION TO PROGRAMMING, Section no. 50156",B,5,Computer Science
Fall 2024,50156,C S, 312,INTRODUCTION TO PROGRAMMING,"C S-312: INTRODUCTION TO PROGRAMMING, Section no. 50156",B+,1,Computer Science
Fall 2024,50156,C S, 312,INTRODUCTION TO PROGRAMMING,"C S-312: INTRODUCTION TO PROGRAMMING, Section no. 50156",A-,1,Computer Science
Fall 2024,50156,C S, 312,INTRODUCTION TO PROGRAMMING,"C S-312: INTRODUCTION TO PROGRAMMING, Section no. 50156",A,2,Computer Science
Fall 2024,50157,C S, 312,INTRODUCTION TO PROGRAMMING,"C S-312: INTRODUCTION TO PROGRAMMING, Section no. 50157",C,1,Computer Science
Fall 2024,50157,C S, 312,INTRODUCTION TO PROGRAMMING,"C S-312: INTRODUCTION TO PROGRAMMING, Section no. 50157",C+,4,Computer Science
Fall 2024,50157,C S, 312,INTRODUCTION TO PROGRAMMING,"C S-312: INTRODUCTION TO PROGRAMMING, Section no. 50157",B-,3,Computer Science
Fall 2024,50157,C S, 312,INTRODUCTION TO PROGRAMMING,"C S-312: INTRODUCTION TO PROGRAMMING, Section no. 50157",B,6,Computer Science
Fall 2024,50157,C S, 312,INTRODUCTION TO PROGRAMMING,"C S-312: INTRODUCTION TO PROGRAMMING, Section no. 50157",B+,5,Computer Science
Fall 2024,50157,C S, 312,INTRODUCTION TO PROGRAMMING,"C S-312: INTRODUCTION TO PROGRAMMING, Section no. 50157",A-,2,Computer Science
Fall 2024,50157,C S, 312,INTRODUCTION TO PROGRAMMING,"C S-312: INTRODUCTION TO PROGRAMMING, Section no. 50157",A,4,Computer Science
Fall 2024,50158,C S, 312,INTRODUCTION TO PROGRAMMING,"C S-312: INTRODUCTION TO PROGRAMMING, Section no. 50158",Other,3,Computer Science
Fall 2024,50158,C S, 312,INTRODUCTION TO PROGRAMMING,"C S-312: INTRODUCTION TO PROGRAMMING, Section no. 50158",D,1,Computer Science
Fall 2024,50158,C S, 312,INTRODUCTION TO PROGRAMMING,"C S-312: INTRODUCTION TO PROGRAMMING, Section no. 50158",C-,2,Computer Science
Fall 2024,50158,C S, 312,INTRODUCTION TO PROGRAMMING,"C S-312: INTRODUCTION TO PROGRAMMING, Section no. 50158",C,1,Computer Science
Fall 2024,50158,C S, 312,INTRODUCTION TO PROGRAMMING,"C S-312: INTRODUCTION TO PROGRAMMING, Section no. 50158",C+,3,Computer Science
Fall 2024,50158,C S, 312,INTRODUCTION TO PROGRAMMING,"C S-312: INTRODUCTION TO PROGRAMMING, Section no. 50158",B-,4,Computer Science
Fall 2024,50158,C S, 312,INTRODUCTION TO PROGRAMMING,"C S-312: INTRODUCTION TO PROGRAMMING, Section no. 50158",B,3,Computer Science
Fall 2024,50158,C S, 312,INTRODUCTION TO PROGRAMMING,"C S-312: INTRODUCTION TO PROGRAMMING, Section no. 50158",B+,3,Computer Science
Fall 2024,50158,C S, 312,INTRODUCTION TO PROGRAMMING,"C S-312: INTRODUCTION TO PROGRAMMING, Section no. 50158",A-,2,Computer Science
Fall 2024,50158,C S, 312,INTRODUCTION TO PROGRAMMING,"C S-312: INTRODUCTION TO PROGRAMMING, Section no. 50158",A,2,Computer Science
Fall 2024,50159,C S, 312,INTRODUCTION TO PROGRAMMING,"C S-312: INTRODUCTION TO PROGRAMMING, Section no. 50159",Other,1,Computer Science
Fall 2024,50159,C S, 312,INTRODUCTION TO PROGRAMMING,"C S-312: INTRODUCTION TO PROGRAMMING, Section no. 50159",F,3,Computer Science
Fall 2024,50159,C S, 312,INTRODUCTION TO PROGRAMMING,"C S-312: INTRODUCTION TO PROGRAMMING, Section no. 50159",C,1,Computer Science
Fall 2024,50159,C S, 312,INTRODUCTION TO PROGRAMMING,"C S-312: INTRODUCTION TO PROGRAMMING, Section no. 50159",C+,2,Computer Science
Fall 2024,50159,C S, 312,INTRODUCTION TO PROGRAMMING,"C S-312: INTRODUCTION TO PROGRAMMING, Section no. 50159",B-,2,Computer Science
Fall 2024,50159,C S, 312,INTRODUCTION TO PROGRAMMING,"C S-312: INTRODUCTION TO PROGRAMMING, Section no. 50159",B,4,Computer Science
Fall 2024,50159,C S, 312,INTRODUCTION TO PROGRAMMING,"C S-312: INTRODUCTION TO PROGRAMMING, Section no. 50159",B+,2,Computer Science
Fall 2024,50159,C S, 312,INTRODUCTION TO PROGRAMMING,"C S-312: INTRODUCTION TO PROGRAMMING, Section no. 50159",A,5,Computer Science
Fall 2024,50160,C S, 313E,ELEMENTS OF SOFTWARE DESIGN,"C S-313E: ELEMENTS OF SOFTWARE DESIGN, Section no. 50160",Other,6,Computer Science
Fall 2024,50160,C S, 313E,ELEMENTS OF SOFTWARE DESIGN,"C S-313E: ELEMENTS OF SOFTWARE DESIGN, Section no. 50160",C,2,Computer Science
Fall 2024,50160,C S, 313E,ELEMENTS OF SOFTWARE DESIGN,"C S-313E: ELEMENTS OF SOFTWARE DESIGN, Section no. 50160",B-,3,Computer Science
Fall 2024,50160,C S, 313E,ELEMENTS OF SOFTWARE DESIGN,"C S-313E: ELEMENTS OF SOFTWARE DESIGN, Section no. 50160",B,4,Computer Science
Fall 2024,50160,C S, 313E,ELEMENTS OF SOFTWARE DESIGN,"C S-313E: ELEMENTS OF SOFTWARE DESIGN, Section no. 50160",B+,5,Computer Science
Fall 2024,50160,C S, 313E,ELEMENTS OF SOFTWARE DESIGN,"C S-313E: ELEMENTS OF SOFTWARE DESIGN, Section no. 50160",A-,5,Computer Science
Fall 2024,50160,C S, 313E,ELEMENTS OF SOFTWARE DESIGN,"C S-313E: ELEMENTS OF SOFTWARE DESIGN, Section no. 50160",A,70,Computer Science
Fall 2024,50165,C S, 313E,ELEMENTS OF SOFTWARE DESIGN,"C S-313E: ELEMENTS OF SOFTWARE DESIGN, Section no. 50165",Other,2,Computer Science
Fall 2024,50165,C S, 313E,ELEMENTS OF SOFTWARE DESIGN,"C S-313E: ELEMENTS OF SOFTWARE DESIGN, Section no. 50165",C,2,Computer Science
Fall 2024,50165,C S, 313E,ELEMENTS OF SOFTWARE DESIGN,"C S-313E: ELEMENTS OF SOFTWARE DESIGN, Section no. 50165",C+,1,Computer Science
Fall 2024,50165,C S, 313E,ELEMENTS OF SOFTWARE DESIGN,"C S-313E: ELEMENTS OF SOFTWARE DESIGN, Section no. 50165",B,1,Computer Science
Fall 2024,50165,C S, 313E,ELEMENTS OF SOFTWARE DESIGN,"C S-313E: ELEMENTS OF SOFTWARE DESIGN, Section no. 50165",B+,5,Computer Science
Fall 2024,50165,C S, 313E,ELEMENTS OF SOFTWARE DESIGN,"C S-313E: ELEMENTS OF SOFTWARE DESIGN, Section no. 50165",A-,19,Computer Science
Fall 2024,50165,C S, 313E,ELEMENTS OF SOFTWARE DESIGN,"C S-313E: ELEMENTS OF SOFTWARE DESIGN, Section no. 50165",A,82,Computer Science
Fall 2024,50175,C S, 313E,ELEMENTS OF SOFTWARE DESIGN,"C S-313E: ELEMENTS OF SOFTWARE DESIGN, Section no. 50175",Other,10,Computer Science
Fall 2024,50175,C S, 313E,ELEMENTS OF SOFTWARE DESIGN,"C S-313E: ELEMENTS OF SOFTWARE DESIGN, Section no. 50175",F,3,Computer Science
Fall 2024,50175,C S, 313E,ELEMENTS OF SOFTWARE DESIGN,"C S-313E: ELEMENTS OF SOFTWARE DESIGN, Section no. 50175",C+,1,Computer Science
Fall 2024,50175,C S, 313E,ELEMENTS OF SOFTWARE DESIGN,"C S-313E: ELEMENTS OF SOFTWARE DESIGN, Section no. 50175",B-,2,Computer Science
Fall 2024,50175,C S, 313E,ELEMENTS OF SOFTWARE DESIGN,"C S-313E: ELEMENTS OF SOFTWARE DESIGN, Section no. 50175",B,4,Computer Science
Fall 2024,50175,C S, 313E,ELEMENTS OF SOFTWARE DESIGN,"C S-313E: ELEMENTS OF SOFTWARE DESIGN, Section no. 50175",B+,4,Computer Science
Fall 2024,50175,C S, 313E,ELEMENTS OF SOFTWARE DESIGN,"C S-313E: ELEMENTS OF SOFTWARE DESIGN, Section no. 50175",A-,9,Computer Science
Fall 2024,50175,C S, 313E,ELEMENTS OF SOFTWARE DESIGN,"C S-313E: ELEMENTS OF SOFTWARE DESIGN, Section no. 50175",A,82,Computer Science
Fall 2024,50180,C S, 313E,ELEMENTS OF SOFTWARE DESIGN,"C S-313E: ELEMENTS OF SOFTWARE DESIGN, Section no. 50180",Other,4,Computer Science
Fall 2024,50180,C S, 313E,ELEMENTS OF SOFTWARE DESIGN,"C S-313E: ELEMENTS OF SOFTWARE DESIGN, Section no. 50180",C-,2,Computer Science
Fall 2024,50180,C S, 313E,ELEMENTS OF SOFTWARE DESIGN,"C S-313E: ELEMENTS OF SOFTWARE DESIGN, Section no. 50180",C,1,Computer Science
Fall 2024,50180,C S, 313E,ELEMENTS OF SOFTWARE DESIGN,"C S-313E: ELEMENTS OF SOFTWARE DESIGN, Section no. 50180",C+,3,Computer Science
Fall 2024,50180,C S, 313E,ELEMENTS OF SOFTWARE DESIGN,"C S-313E: ELEMENTS OF SOFTWARE DESIGN, Section no. 50180",B-,2,Computer Science
Fall 2024,50180,C S, 313E,ELEMENTS OF SOFTWARE DESIGN,"C S-313E: ELEMENTS OF SOFTWARE DESIGN, Section no. 50180",B,6,Computer Science
Fall 2024,50180,C S, 313E,ELEMENTS OF SOFTWARE DESIGN,"C S-313E: ELEMENTS OF SOFTWARE DESIGN, Section no. 50180",B+,5,Computer Science
Fall 2024,50180,C S, 313E,ELEMENTS OF SOFTWARE DESIGN,"C S-313E: ELEMENTS OF SOFTWARE DESIGN, Section no. 50180",A-,7,Computer Science
Fall 2024,50180,C S, 313E,ELEMENTS OF SOFTWARE DESIGN,"C S-313E: ELEMENTS OF SOFTWARE DESIGN, Section no. 50180",A,86,Computer Science
Fall 2024,50183,C S, 313E,ELEMENTS OF SOFTWARE DESIGN,"C S-313E: ELEMENTS OF SOFTWARE DESIGN, Section no. 50183",Other,7,Computer Science
Fall 2024,50183,C S, 313E,ELEMENTS OF SOFTWARE DESIGN,"C S-313E: ELEMENTS OF SOFTWARE DESIGN, Section no. 50183",F,1,Computer Science
Fall 2024,50183,C S, 313E,ELEMENTS OF SOFTWARE DESIGN,"C S-313E: ELEMENTS OF SOFTWARE DESIGN, Section no. 50183",C-,2,Computer Science
Fall 2024,50183,C S, 313E,ELEMENTS OF SOFTWARE DESIGN,"C S-313E: ELEMENTS OF SOFTWARE DESIGN, Section no. 50183",C,3,Computer Science
Fall 2024,50183,C S, 313E,ELEMENTS OF SOFTWARE DESIGN,"C S-313E: ELEMENTS OF SOFTWARE DESIGN, Section no. 50183",C+,2,Computer Science
Fall 2024,50183,C S, 313E,ELEMENTS OF SOFTWARE DESIGN,"C S-313E: ELEMENTS OF SOFTWARE DESIGN, Section no. 50183",B-,3,Computer Science
Fall 2024,50183,C S, 313E,ELEMENTS OF SOFTWARE DESIGN,"C S-313E: ELEMENTS OF SOFTWARE DESIGN, Section no. 50183",B,2,Computer Science
Fall 2024,50183,C S, 313E,ELEMENTS OF SOFTWARE DESIGN,"C S-313E: ELEMENTS OF SOFTWARE DESIGN, Section no. 50183",B+,6,Computer Science
Fall 2024,50183,C S, 313E,ELEMENTS OF SOFTWARE DESIGN,"C S-313E: ELEMENTS OF SOFTWARE DESIGN, Section no. 50183",A-,6,Computer Science
Fall 2024,50183,C S, 313E,ELEMENTS OF SOFTWARE DESIGN,"C S-313E: ELEMENTS OF SOFTWARE DESIGN, Section no. 50183",A,28,Computer Science
Fall 2024,50184,C S, 313E,ELEMENTS OF SOFTWARE DESIGN,"C S-313E: ELEMENTS OF SOFTWARE DESIGN, Section no. 50184",Other,4,Computer Science
Fall 2024,50184,C S, 313E,ELEMENTS OF SOFTWARE DESIGN,"C S-313E: ELEMENTS OF SOFTWARE DESIGN, Section no. 50184",F,1,Computer Science
Fall 2024,50184,C S, 313E,ELEMENTS OF SOFTWARE DESIGN,"C S-313E: ELEMENTS OF SOFTWARE DESIGN, Section no. 50184",D-,1,Computer Science
Fall 2024,50184,C S, 313E,ELEMENTS OF SOFTWARE DESIGN,"C S-313E: ELEMENTS OF SOFTWARE DESIGN, Section no. 50184",C-,2,Computer Science
Fall 2024,50184,C S, 313E,ELEMENTS OF SOFTWARE DESIGN,"C S-313E: ELEMENTS OF SOFTWARE DESIGN, Section no. 50184",C+,1,Computer Science
Fall 2024,50184,C S, 313E,ELEMENTS OF SOFTWARE DESIGN,"C S-313E: ELEMENTS OF SOFTWARE DESIGN, Section no. 50184",B-,5,Computer Science
Fall 2024,50184,C S, 313E,ELEMENTS OF SOFTWARE DESIGN,"C S-313E: ELEMENTS OF SOFTWARE DESIGN, Section no. 50184",B,3,Computer Science
Fall 2024,50184,C S, 313E,ELEMENTS OF SOFTWARE DESIGN,"C S-313E: ELEMENTS OF SOFTWARE DESIGN, Section no. 50184",B+,3,Computer Science
Fall 2024,50184,C S, 313E,ELEMENTS OF SOFTWARE DESIGN,"C S-313E: ELEMENTS OF SOFTWARE DESIGN, Section no. 50184",A-,3,Computer Science
Fall 2024,50184,C S, 313E,ELEMENTS OF SOFTWARE DESIGN,"C S-313E: ELEMENTS OF SOFTWARE DESIGN, Section no. 50184",A,22,Computer Science
Fall 2024,50185,C S, 314,DATA STRUCTURES,"C S-314: DATA STRUCTURES, Section no. 50185",D+,2,Computer Science
Fall 2024,50185,C S, 314,DATA STRUCTURES,"C S-314: DATA STRUCTURES, Section no. 50185",C-,1,Computer Science
Fall 2024,50185,C S, 314,DATA STRUCTURES,"C S-314: DATA STRUCTURES, Section no. 50185",C,4,Computer Science
Fall 2024,50185,C S, 314,DATA STRUCTURES,"C S-314: DATA STRUCTURES, Section no. 50185",C+,1,Computer Science
Fall 2024,50185,C S, 314,DATA STRUCTURES,"C S-314: DATA STRUCTURES, Section no. 50185",B-,3,Computer Science
Fall 2024,50185,C S, 314,DATA STRUCTURES,"C S-314: DATA STRUCTURES, Section no. 50185",B,3,Computer Science
Fall 2024,50185,C S, 314,DATA STRUCTURES,"C S-314: DATA STRUCTURES, Section no. 50185",B+,2,Computer Science
Fall 2024,50185,C S, 314,DATA STRUCTURES,"C S-314: DATA STRUCTURES, Section no. 50185",A,4,Computer Science
Fall 2024,50190,C S, 314,DATA STRUCTURES,"C S-314: DATA STRUCTURES, Section no. 50190",Other,9,Computer Science
Fall 2024,50190,C S, 314,DATA STRUCTURES,"C S-314: DATA STRUCTURES, Section no. 50190",C,2,Computer Science
Fall 2024,50190,C S, 314,DATA STRUCTURES,"C S-314: DATA STRUCTURES, Section no. 50190",C+,1,Computer Science
Fall 2024,50190,C S, 314,DATA STRUCTURES,"C S-314: DATA STRUCTURES, Section no. 50190",B-,2,Computer Science
Fall 2024,50190,C S, 314,DATA STRUCTURES,"C S-314: DATA STRUCTURES, Section no. 50190",B+,1,Computer Science
Fall 2024,50190,C S, 314,DATA STRUCTURES,"C S-314: DATA STRUCTURES, Section no. 50190",A-,1,Computer Science
Fall 2024,50190,C S, 314,DATA STRUCTURES,"C S-314: DATA STRUCTURES, Section no. 50190",A,2,Computer Science
Fall 2024,50195,C S, 314,DATA STRUCTURES,"C S-314: DATA STRUCTURES, Section no. 50195",D+,1,Computer Science
Fall 2024,50195,C S, 314,DATA STRUCTURES,"C S-314: DATA STRUCTURES, Section no. 50195",C-,1,Computer Science
Fall 2024,50195,C S, 314,DATA STRUCTURES,"C S-314: DATA STRUCTURES, Section no. 50195",C+,1,Computer Science
Fall 2024,50195,C S, 314,DATA STRUCTURES,"C S-314: DATA STRUCTURES, Section no. 50195",B-,4,Computer Science
Fall 2024,50195,C S, 314,DATA STRUCTURES,"C S-314: DATA STRUCTURES, Section no. 50195",B,3,Computer Science
Fall 2024,50195,C S, 314,DATA STRUCTURES,"C S-314: DATA STRUCTURES, Section no. 50195",B+,2,Computer Science
Fall 2024,50195,C S, 314,DATA STRUCTURES,"C S-314: DATA STRUCTURES, Section no. 50195",A,7,Computer Science
Fall 2024,50205,C S, 314,DATA STRUCTURES,"C S-314: DATA STRUCTURES, Section no. 50205",D,3,Computer Science
Fall 2024,50205,C S, 314,DATA STRUCTURES,"C S-314: DATA STRUCTURES, Section no. 50205",C,2,Computer Science
Fall 2024,50205,C S, 314,DATA STRUCTURES,"C S-314: DATA STRUCTURES, Section no. 50205",B-,2,Computer Science
Fall 2024,50205,C S, 314,DATA STRUCTURES,"C S-314: DATA STRUCTURES, Section no. 50205",B,4,Computer Science
Fall 2024,50205,C S, 314,DATA STRUCTURES,"C S-314: DATA STRUCTURES, Section no. 50205",B+,4,Computer Science
Fall 2024,50205,C S, 314,DATA STRUCTURES,"C S-314: DATA STRUCTURES, Section no. 50205",A-,1,Computer Science
Fall 2024,50205,C S, 314,DATA STRUCTURES,"C S-314: DATA STRUCTURES, Section no. 50205",A,2,Computer Science
Fall 2024,50210,C S, 314,DATA STRUCTURES,"C S-314: DATA STRUCTURES, Section no. 50210",Other,6,Computer Science
Fall 2024,50210,C S, 314,DATA STRUCTURES,"C S-314: DATA STRUCTURES, Section no. 50210",D,3,Computer Science
Fall 2024,50210,C S, 314,DATA STRUCTURES,"C S-314: DATA STRUCTURES, Section no. 50210",C-,3,Computer Science
Fall 2024,50210,C S, 314,DATA STRUCTURES,"C S-314: DATA STRUCTURES, Section no. 50210",C,3,Computer Science
Fall 2024,50215,C S, 314,DATA STRUCTURES,"C S-314: DATA STRUCTURES, Section no. 50215",Other,1,Computer Science
Fall 2024,50215,C S, 314,DATA STRUCTURES,"C S-314: DATA STRUCTURES, Section no. 50215",D-,1,Computer Science
Fall 2024,50215,C S, 314,DATA STRUCTURES,"C S-314: DATA STRUCTURES, Section no. 50215",C-,3,Computer Science
Fall 2024,50215,C S, 314,DATA STRUCTURES,"C S-314: DATA STRUCTURES, Section no. 50215",C,1,Computer Science
Fall 2024,50215,C S, 314,DATA STRUCTURES,"C S-314: DATA STRUCTURES, Section no. 50215",C+,1,Computer Science
Fall 2024,50215,C S, 314,DATA STRUCTURES,"C S-314: DATA STRUCTURES, Section no. 50215",B-,3,Computer Science
Fall 2024,50215,C S, 314,DATA STRUCTURES,"C S-314: DATA STRUCTURES, Section no. 50215",B,3,Computer Science
Fall 2024,50215,C S, 314,DATA STRUCTURES,"C S-314: DATA STRUCTURES, Section no. 50215",A-,1,Computer Science
Fall 2024,50215,C S, 314,DATA STRUCTURES,"C S-314: DATA STRUCTURES, Section no. 50215",A,3,Computer Science
Fall 2024,50220,C S, 314,DATA STRUCTURES,"C S-314: DATA STRUCTURES, Section no. 50220",Other,1,Computer Science
Fall 2024,50220,C S, 314,DATA STRUCTURES,"C S-314: DATA STRUCTURES, Section no. 50220",D,2,Computer Science
Fall 2024,50220,C S, 314,DATA STRUCTURES,"C S-314: DATA STRUCTURES, Section no. 50220",C,3,Computer Science
Fall 2024,50220,C S, 314,DATA STRUCTURES,"C S-314: DATA STRUCTURES, Section no. 50220",B-,1,Computer Science
Fall 2024,50220,C S, 314,DATA STRUCTURES,"C S-314: DATA STRUCTURES, Section no. 50220",B,4,Computer Science
Fall 2024,50220,C S, 314,DATA STRUCTURES,"C S-314: DATA STRUCTURES, Section no. 50220",B+,4,Computer Science
Fall 2024,50220,C S, 314,DATA STRUCTURES,"C S-314: DATA STRUCTURES, Section no. 50220",A,5,Computer Science
Fall 2024,50225,C S, 314,DATA STRUCTURES,"C S-314: DATA STRUCTURES, Section no. 50225",Other,2,Computer Science
Fall 2024,50225,C S, 314,DATA STRUCTURES,"C S-314: DATA STRUCTURES, Section no. 50225",D+,1,Computer Science
Fall 2024,50225,C S, 314,DATA STRUCTURES,"C S-314: DATA STRUCTURES, Section no. 50225",C-,2,Computer Science
Fall 2024,50225,C S, 314,DATA STRUCTURES,"C S-314: DATA STRUCTURES, Section no. 50225",C,3,Computer Science
Fall 2024,50225,C S, 314,DATA STRUCTURES,"C S-314: DATA STRUCTURES, Section no. 50225",C+,2,Computer Science
Fall 2024,50225,C S, 314,DATA STRUCTURES,"C S-314: DATA STRUCTURES, Section no. 50225",B-,3,Computer Science
Fall 2024,50225,C S, 314,DATA STRUCTURES,"C S-314: DATA STRUCTURES, Section no. 50225",B,3,Computer Science
Fall 2024,50225,C S, 314,DATA STRUCTURES,"C S-314: DATA STRUCTURES, Section no. 50225",A-,2,Computer Science
Fall 2024,50225,C S, 314,DATA STRUCTURES,"C S-314: DATA STRUCTURES, Section no. 50225",A,3,Computer Science
Fall 2024,50230,C S, 314,DATA STRUCTURES,"C S-314: DATA STRUCTURES, Section no. 50230",Other,3,Computer Science
Fall 2024,50230,C S, 314,DATA STRUCTURES,"C S-314: DATA STRUCTURES, Section no. 50230",D,1,Computer Science
Fall 2024,50230,C S, 314,DATA STRUCTURES,"C S-314: DATA STRUCTURES, Section no. 50230",D+,1,Computer Science
Fall 2024,50230,C S, 314,DATA STRUCTURES,"C S-314: DATA STRUCTURES, Section no. 50230",C-,2,Computer Science
Fall 2024,50230,C S, 314,DATA STRUCTURES,"C S-314: DATA STRUCTURES, Section no. 50230",C,3,Computer Science
Fall 2024,50230,C S, 314,DATA STRUCTURES,"C S-314: DATA STRUCTURES, Section no. 50230",B-,1,Computer Science
Fall 2024,50230,C S, 314,DATA STRUCTURES,"C S-314: DATA STRUCTURES, Section no. 50230",B,1,Computer Science
Fall 2024,50235,C S, 314,DATA STRUCTURES,"C S-314: DATA STRUCTURES, Section no. 50235",Other,2,Computer Science
Fall 2024,50235,C S, 314,DATA STRUCTURES,"C S-314: DATA STRUCTURES, Section no. 50235",D,1,Computer Science
Fall 2024,50235,C S, 314,DATA STRUCTURES,"C S-314: DATA STRUCTURES, Section no. 50235",D+,1,Computer Science
Fall 2024,50235,C S, 314,DATA STRUCTURES,"C S-314: DATA STRUCTURES, Section no. 50235",B,6,Computer Science
Fall 2024,50235,C S, 314,DATA STRUCTURES,"C S-314: DATA STRUCTURES, Section no. 50235",A,3,Computer Science
Fall 2024,50240,C S, 314,DATA STRUCTURES,"C S-314: DATA STRUCTURES, Section no. 50240",C-,1,Computer Science
Fall 2024,50240,C S, 314,DATA STRUCTURES,"C S-314: DATA STRUCTURES, Section no. 50240",C,3,Computer Science
Fall 2024,50240,C S, 314,DATA STRUCTURES,"C S-314: DATA STRUCTURES, Section no. 50240",B,6,Computer Science
Fall 2024,50240,C S, 314,DATA STRUCTURES,"C S-314: DATA STRUCTURES, Section no. 50240",B+,1,Computer Science
Fall 2024,50240,C S, 314,DATA STRUCTURES,"C S-314: DATA STRUCTURES, Section no. 50240",A-,1,Computer Science
Fall 2024,50240,C S, 314,DATA STRUCTURES,"C S-314: DATA STRUCTURES, Section no. 50240",A,6,Computer Science
Fall 2024,50245,C S, 314,DATA STRUCTURES,"C S-314: DATA STRUCTURES, Section no. 50245",D+,1,Computer Science
Fall 2024,50245,C S, 314,DATA STRUCTURES,"C S-314: DATA STRUCTURES, Section no. 50245",C,1,Computer Science
Fall 2024,50245,C S, 314,DATA STRUCTURES,"C S-314: DATA STRUCTURES, Section no. 50245",B-,2,Computer Science
Fall 2024,50245,C S, 314,DATA STRUCTURES,"C S-314: DATA STRUCTURES, Section no. 50245",B,5,Computer Science
Fall 2024,50245,C S, 314,DATA STRUCTURES,"C S-314: DATA STRUCTURES, Section no. 50245",B+,2,Computer Science
Fall 2024,50245,C S, 314,DATA STRUCTURES,"C S-314: DATA STRUCTURES, Section no. 50245",A-,1,Computer Science
Fall 2024,50245,C S, 314,DATA STRUCTURES,"C S-314: DATA STRUCTURES, Section no. 50245",A,9,Computer Science
Fall 2024,50250,C S, 314,DATA STRUCTURES,"C S-314: DATA STRUCTURES, Section no. 50250",Other,9,Computer Science
Fall 2024,50250,C S, 314,DATA STRUCTURES,"C S-314: DATA STRUCTURES, Section no. 50250",F,2,Computer Science
Fall 2024,50250,C S, 314,DATA STRUCTURES,"C S-314: DATA STRUCTURES, Section no. 50250",D-,1,Computer Science
Fall 2024,50250,C S, 314,DATA STRUCTURES,"C S-314: DATA STRUCTURES, Section no. 50250",D,1,Computer Science
Fall 2024,50250,C S, 314,DATA STRUCTURES,"C S-314: DATA STRUCTURES, Section no. 50250",C+,2,Computer Science
Fall 2024,50250,C S, 314,DATA STRUCTURES,"C S-314: DATA STRUCTURES, Section no. 50250",B-,1,Computer Science
Fall 2024,50250,C S, 314,DATA STRUCTURES,"C S-314: DATA STRUCTURES, Section no. 50250",B,1,Computer Science
Fall 2024,50250,C S, 314,DATA STRUCTURES,"C S-314: DATA STRUCTURES, Section no. 50250",A,2,Computer Science
Fall 2024,50255,C S, 314,DATA STRUCTURES,"C S-314: DATA STRUCTURES, Section no. 50255",Other,1,Computer Science
Fall 2024,50255,C S, 314,DATA STRUCTURES,"C S-314: DATA STRUCTURES, Section no. 50255",D-,1,Computer Science
Fall 2024,50255,C S, 314,DATA STRUCTURES,"C S-314: DATA STRUCTURES, Section no. 50255",C-,1,Computer Science
Fall 2024,50255,C S, 314,DATA STRUCTURES,"C S-314: DATA STRUCTURES, Section no. 50255",C,2,Computer Science
Fall 2024,50255,C S, 314,DATA STRUCTURES,"C S-314: DATA STRUCTURES, Section no. 50255",B-,1,Computer Science
Fall 2024,50255,C S, 314,DATA STRUCTURES,"C S-314: DATA STRUCTURES, Section no. 50255",B+,3,Computer Science
Fall 2024,50255,C S, 314,DATA STRUCTURES,"C S-314: DATA STRUCTURES, Section no. 50255",A-,2,Computer Science
Fall 2024,50255,C S, 314,DATA STRUCTURES,"C S-314: DATA STRUCTURES, Section no. 50255",A,7,Computer Science
Fall 2024,50256,C S, 314,DATA STRUCTURES,"C S-314: DATA STRUCTURES, Section no. 50256",Other,1,Computer Science
Fall 2024,50256,C S, 314,DATA STRUCTURES,"C S-314: DATA STRUCTURES, Section no. 50256",C,2,Computer Science
Fall 2024,50256,C S, 314,DATA STRUCTURES,"C S-314: DATA STRUCTURES, Section no. 50256",C+,1,Computer Science
Fall 2024,50256,C S, 314,DATA STRUCTURES,"C S-314: DATA STRUCTURES, Section no. 50256",B-,1,Computer Science
Fall 2024,50256,C S, 314,DATA STRUCTURES,"C S-314: DATA STRUCTURES, Section no. 50256",B,4,Computer Science
Fall 2024,50256,C S, 314,DATA STRUCTURES,"C S-314: DATA STRUCTURES, Section no. 50256",B+,1,Computer Science
Fall 2024,50256,C S, 314,DATA STRUCTURES,"C S-314: DATA STRUCTURES, Section no. 50256",A-,5,Computer Science
Fall 2024,50256,C S, 314,DATA STRUCTURES,"C S-314: DATA STRUCTURES, Section no. 50256",A,5,Computer Science
Fall 2024,50257,C S, 314,DATA STRUCTURES,"C S-314: DATA STRUCTURES, Section no. 50257",Other,2,Computer Science
Fall 2024,50257,C S, 314,DATA STRUCTURES,"C S-314: DATA STRUCTURES, Section no. 50257",D+,2,Computer Science
Fall 2024,50257,C S, 314,DATA STRUCTURES,"C S-314: DATA STRUCTURES, Section no. 50257",C-,2,Computer Science
Fall 2024,50257,C S, 314,DATA STRUCTURES,"C S-314: DATA STRUCTURES, Section no. 50257",C,5,Computer Science
Fall 2024,50257,C S, 314,DATA STRUCTURES,"C S-314: DATA STRUCTURES, Section no. 50257",B,6,Computer Science
Fall 2024,50257,C S, 314,DATA STRUCTURES,"C S-314: DATA STRUCTURES, Section no. 50257",B+,1,Computer Science
Fall 2024,50257,C S, 314,DATA STRUCTURES,"C S-314: DATA STRUCTURES, Section no. 50257",A,1,Computer Science
Fall 2024,50258,C S, 314,DATA STRUCTURES,"C S-314: DATA STRUCTURES, Section no. 50258",D-,1,Computer Science
Fall 2024,50258,C S, 314,DATA STRUCTURES,"C S-314: DATA STRUCTURES, Section no. 50258",D,2,Computer Science
Fall 2024,50258,C S, 314,DATA STRUCTURES,"C S-314: DATA STRUCTURES, Section no. 50258",C-,1,Computer Science
Fall 2024,50258,C S, 314,DATA STRUCTURES,"C S-314: DATA STRUCTURES, Section no. 50258",B-,1,Computer Science
Fall 2024,50258,C S, 314,DATA STRUCTURES,"C S-314: DATA STRUCTURES, Section no. 50258",B,1,Computer Science
Fall 2024,50258,C S, 314,DATA STRUCTURES,"C S-314: DATA STRUCTURES, Section no. 50258",B+,5,Computer Science
Fall 2024,50258,C S, 314,DATA STRUCTURES,"C S-314: DATA STRUCTURES, Section no. 50258",A-,2,Computer Science
Fall 2024,50258,C S, 314,DATA STRUCTURES,"C S-314: DATA STRUCTURES, Section no. 50258",A,1,Computer Science
Fall 2024,50259,C S, 314,DATA STRUCTURES,"C S-314: DATA STRUCTURES, Section no. 50259",D,1,Computer Science
Fall 2024,50259,C S, 314,DATA STRUCTURES,"C S-314: DATA STRUCTURES, Section no. 50259",D+,1,Computer Science
Fall 2024,50259,C S, 314,DATA STRUCTURES,"C S-314: DATA STRUCTURES, Section no. 50259",C-,2,Computer Science
Fall 2024,50259,C S, 314,DATA STRUCTURES,"C S-314: DATA STRUCTURES, Section no. 50259",C,1,Computer Science
Fall 2024,50259,C S, 314,DATA STRUCTURES,"C S-314: DATA STRUCTURES, Section no. 50259",C+,2,Computer Science
Fall 2024,50259,C S, 314,DATA STRUCTURES,"C S-314: DATA STRUCTURES, Section no. 50259",B-,1,Computer Science
Fall 2024,50259,C S, 314,DATA STRUCTURES,"C S-314: DATA STRUCTURES, Section no. 50259",B,3,Computer Science
Fall 2024,50259,C S, 314,DATA STRUCTURES,"C S-314: DATA STRUCTURES, Section no. 50259",B+,4,Computer Science
Fall 2024,50259,C S, 314,DATA STRUCTURES,"C S-314: DATA STRUCTURES, Section no. 50259",A-,1,Computer Science
Fall 2024,50259,C S, 314,DATA STRUCTURES,"C S-314: DATA STRUCTURES, Section no. 50259",A,2,Computer Science
Fall 2024,50260,C S, 314H,DATA STRUCTURES: HONORS,"C S-314H: DATA STRUCTURES: HONORS, Section no. 50260",Other,4,Computer Science
Fall 2024,50260,C S, 314H,DATA STRUCTURES: HONORS,"C S-314H: DATA STRUCTURES: HONORS, Section no. 50260",C+,1,Computer Science
Fall 2024,50260,C S, 314H,DATA STRUCTURES: HONORS,"C S-314H: DATA STRUCTURES: HONORS, Section no. 50260",B+,5,Computer Science
Fall 2024,50260,C S, 314H,DATA STRUCTURES: HONORS,"C S-314H: DATA STRUCTURES: HONORS, Section no. 50260",A-,3,Computer Science
Fall 2024,50260,C S, 314H,DATA STRUCTURES: HONORS,"C S-314H: DATA STRUCTURES: HONORS, Section no. 50260",A,12,Computer Science
Fall 2024,50265,C S, 314H,DATA STRUCTURES: HONORS,"C S-314H: DATA STRUCTURES: HONORS, Section no. 50265",Other,1,Computer Science
Fall 2024,50265,C S, 314H,DATA STRUCTURES: HONORS,"C S-314H: DATA STRUCTURES: HONORS, Section no. 50265",C+,1,Computer Science
Fall 2024,50265,C S, 314H,DATA STRUCTURES: HONORS,"C S-314H: DATA STRUCTURES: HONORS, Section no. 50265",B,3,Computer Science
Fall 2024,50265,C S, 314H,DATA STRUCTURES: HONORS,"C S-314H: DATA STRUCTURES: HONORS, Section no. 50265",B+,5,Computer Science
Fall 2024,50265,C S, 314H,DATA STRUCTURES: HONORS,"C S-314H: DATA STRUCTURES: HONORS, Section no. 50265",A-,7,Computer Science
Fall 2024,50265,C S, 314H,DATA STRUCTURES: HONORS,"C S-314H: DATA STRUCTURES: HONORS, Section no. 50265",A,8,Computer Science
Fall 2024,50270,C S, 314H,DATA STRUCTURES: HONORS,"C S-314H: DATA STRUCTURES: HONORS, Section no. 50270",Other,1,Computer Science
Fall 2024,50270,C S, 314H,DATA STRUCTURES: HONORS,"C S-314H: DATA STRUCTURES: HONORS, Section no. 50270",C+,3,Computer Science
Fall 2024,50270,C S, 314H,DATA STRUCTURES: HONORS,"C S-314H: DATA STRUCTURES: HONORS, Section no. 50270",B-,3,Computer Science
Fall 2024,50270,C S, 314H,DATA STRUCTURES: HONORS,"C S-314H: DATA STRUCTURES: HONORS, Section no. 50270",B,7,Computer Science
Fall 2024,50270,C S, 314H,DATA STRUCTURES: HONORS,"C S-314H: DATA STRUCTURES: HONORS, Section no. 50270",B+,4,Computer Science
Fall 2024,50270,C S, 314H,DATA STRUCTURES: HONORS,"C S-314H: DATA STRUCTURES: HONORS, Section no. 50270",A-,11,Computer Science
Fall 2024,50270,C S, 314H,DATA STRUCTURES: HONORS,"C S-314H: DATA STRUCTURES: HONORS, Section no. 50270",A,16,Computer Science
Fall 2024,50275,C S, 323E,ELEMENTS OF SCIENTIF COMPUTING,"C S-323E: ELEMENTS OF SCIENTIF COMPUTING, Section no. 50275",Other,3,Computer Science
Fall 2024,50275,C S, 323E,ELEMENTS OF SCIENTIF COMPUTING,"C S-323E: ELEMENTS OF SCIENTIF COMPUTING, Section no. 50275",F,1,Computer Science
Fall 2024,50275,C S, 323E,ELEMENTS OF SCIENTIF COMPUTING,"C S-323E: ELEMENTS OF SCIENTIF COMPUTING, Section no. 50275",C,3,Computer Science
Fall 2024,50275,C S, 323E,ELEMENTS OF SCIENTIF COMPUTING,"C S-323E: ELEMENTS OF SCIENTIF COMPUTING, Section no. 50275",B+,1,Computer Science
Fall 2024,50275,C S, 323E,ELEMENTS OF SCIENTIF COMPUTING,"C S-323E: ELEMENTS OF SCIENTIF COMPUTING, Section no. 50275",A-,5,Computer Science
Fall 2024,50275,C S, 323E,ELEMENTS OF SCIENTIF COMPUTING,"C S-323E: ELEMENTS OF SCIENTIF COMPUTING, Section no. 50275",A,52,Computer Science
Fall 2024,50280,C S, 324E,ELEM OF GRAPHICS/VISUALIZATN,"C S-324E: ELEM OF GRAPHICS/VISUALIZATN, Section no. 50280",Other,3,Computer Science
Fall 2024,50280,C S, 324E,ELEM OF GRAPHICS/VISUALIZATN,"C S-324E: ELEM OF GRAPHICS/VISUALIZATN, Section no. 50280",F,2,Computer Science
Fall 2024,50280,C S, 324E,ELEM OF GRAPHICS/VISUALIZATN,"C S-324E: ELEM OF GRAPHICS/VISUALIZATN, Section no. 50280",C-,2,Computer Science
Fall 2024,50280,C S, 324E,ELEM OF GRAPHICS/VISUALIZATN,"C S-324E: ELEM OF GRAPHICS/VISUALIZATN, Section no. 50280",C,1,Computer Science
Fall 2024,50280,C S, 324E,ELEM OF GRAPHICS/VISUALIZATN,"C S-324E: ELEM OF GRAPHICS/VISUALIZATN, Section no. 50280",B+,1,Computer Science
Fall 2024,50280,C S, 324E,ELEM OF GRAPHICS/VISUALIZATN,"C S-324E: ELEM OF GRAPHICS/VISUALIZATN, Section no. 50280",A-,1,Computer Science
Fall 2024,50280,C S, 324E,ELEM OF GRAPHICS/VISUALIZATN,"C S-324E: ELEM OF GRAPHICS/VISUALIZATN, Section no. 50280",A,50,Computer Science
Fall 2024,50285,C S, 326E,ELEMENTS OF NETWORKING,"C S-326E: ELEMENTS OF NETWORKING, Section no. 50285",Other,4,Computer Science
Fall 2024,50285,C S, 326E,ELEMENTS OF NETWORKING,"C S-326E: ELEMENTS OF NETWORKING, Section no. 50285",F,2,Computer Science
Fall 2024,50285,C S, 326E,ELEMENTS OF NETWORKING,"C S-326E: ELEMENTS OF NETWORKING, Section no. 50285",C+,2,Computer Science
Fall 2024,50285,C S, 326E,ELEMENTS OF NETWORKING,"C S-326E: ELEMENTS OF NETWORKING, Section no. 50285",B-,3,Computer Science
Fall 2024,50285,C S, 326E,ELEMENTS OF NETWORKING,"C S-326E: ELEMENTS OF NETWORKING, Section no. 50285",B,6,Computer Science
Fall 2024,50285,C S, 326E,ELEMENTS OF NETWORKING,"C S-326E: ELEMENTS OF NETWORKING, Section no. 50285",B+,6,Computer Science
Fall 2024,50285,C S, 326E,ELEMENTS OF NETWORKING,"C S-326E: ELEMENTS OF NETWORKING, Section no. 50285",A-,12,Computer Science
Fall 2024,50285,C S, 326E,ELEMENTS OF NETWORKING,"C S-326E: ELEMENTS OF NETWORKING, Section no. 50285",A,22,Computer Science
Fall 2024,50290,C S, 326E,ELEMENTS OF NETWORKING,"C S-326E: ELEMENTS OF NETWORKING, Section no. 50290",Other,6,Computer Science
Fall 2024,50290,C S, 326E,ELEMENTS OF NETWORKING,"C S-326E: ELEMENTS OF NETWORKING, Section no. 50290",C,1,Computer Science
Fall 2024,50290,C S, 326E,ELEMENTS OF NETWORKING,"C S-326E: ELEMENTS OF NETWORKING, Section no. 50290",C+,2,Computer Science
Fall 2024,50290,C S, 326E,ELEMENTS OF NETWORKING,"C S-326E: ELEMENTS OF NETWORKING, Section no. 50290",B,4,Computer Science
Fall 2024,50290,C S, 326E,ELEMENTS OF NETWORKING,"C S-326E: ELEMENTS OF NETWORKING, Section no. 50290",B+,4,Computer Science
Fall 2024,50290,C S, 326E,ELEMENTS OF NETWORKING,"C S-326E: ELEMENTS OF NETWORKING, Section no. 50290",A-,12,Computer Science
Fall 2024,50290,C S, 326E,ELEMENTS OF NETWORKING,"C S-326E: ELEMENTS OF NETWORKING, Section no. 50290",A,29,Computer Science
Fall 2024,50295,C S, 327E,ELEMENTS OF DATABASES,"C S-327E: ELEMENTS OF DATABASES, Section no. 50295",Other,1,Computer Science
Fall 2024,50295,C S, 327E,ELEMENTS OF DATABASES,"C S-327E: ELEMENTS OF DATABASES, Section no. 50295",C-,1,Computer Science
Fall 2024,50295,C S, 327E,ELEMENTS OF DATABASES,"C S-327E: ELEMENTS OF DATABASES, Section no. 50295",C+,1,Computer Science
Fall 2024,50295,C S, 327E,ELEMENTS OF DATABASES,"C S-327E: ELEMENTS OF DATABASES, Section no. 50295",B-,4,Computer Science
Fall 2024,50295,C S, 327E,ELEMENTS OF DATABASES,"C S-327E: ELEMENTS OF DATABASES, Section no. 50295",B,6,Computer Science
Fall 2024,50295,C S, 327E,ELEMENTS OF DATABASES,"C S-327E: ELEMENTS OF DATABASES, Section no. 50295",B+,13,Computer Science
Fall 2024,50295,C S, 327E,ELEMENTS OF DATABASES,"C S-327E: ELEMENTS OF DATABASES, Section no. 50295",A-,15,Computer Science
Fall 2024,50295,C S, 327E,ELEMENTS OF DATABASES,"C S-327E: ELEMENTS OF DATABASES, Section no. 50295",A,18,Computer Science
Fall 2024,50300,C S, 327E,ELEMENTS OF DATABASES,"C S-327E: ELEMENTS OF DATABASES, Section no. 50300",C,1,Computer Science
Fall 2024,50300,C S, 327E,ELEMENTS OF DATABASES,"C S-327E: ELEMENTS OF DATABASES, Section no. 50300",C+,3,Computer Science
Fall 2024,50300,C S, 327E,ELEMENTS OF DATABASES,"C S-327E: ELEMENTS OF DATABASES, Section no. 50300",B-,3,Computer Science
Fall 2024,50300,C S, 327E,ELEMENTS OF DATABASES,"C S-327E: ELEMENTS OF DATABASES, Section no. 50300",B,8,Computer Science
Fall 2024,50300,C S, 327E,ELEMENTS OF DATABASES,"C S-327E: ELEMENTS OF DATABASES, Section no. 50300",B+,5,Computer Science
Fall 2024,50300,C S, 327E,ELEMENTS OF DATABASES,"C S-327E: ELEMENTS OF DATABASES, Section no. 50300",A-,14,Computer Science
Fall 2024,50300,C S, 327E,ELEMENTS OF DATABASES,"C S-327E: ELEMENTS OF DATABASES, Section no. 50300",A,26,Computer Science
Fall 2024,50308,C S, 327E,ELEMENTS OF DATABASES,"C S-327E: ELEMENTS OF DATABASES, Section no. 50308",Other,1,Computer Science
Fall 2024,50308,C S, 327E,ELEMENTS OF DATABASES,"C S-327E: ELEMENTS OF DATABASES, Section no. 50308",C,1,Computer Science
Fall 2024,50308,C S, 327E,ELEMENTS OF DATABASES,"C S-327E: ELEMENTS OF DATABASES, Section no. 50308",C+,2,Computer Science
Fall 2024,50308,C S, 327E,ELEMENTS OF DATABASES,"C S-327E: ELEMENTS OF DATABASES, Section no. 50308",B-,6,Computer Science
Fall 2024,50308,C S, 327E,ELEMENTS OF DATABASES,"C S-327E: ELEMENTS OF DATABASES, Section no. 50308",B,8,Computer Science
Fall 2024,50308,C S, 327E,ELEMENTS OF DATABASES,"C S-327E: ELEMENTS OF DATABASES, Section no. 50308",B+,13,Computer Science
Fall 2024,50308,C S, 327E,ELEMENTS OF DATABASES,"C S-327E: ELEMENTS OF DATABASES, Section no. 50308",A-,10,Computer Science
Fall 2024,50308,C S, 327E,ELEMENTS OF DATABASES,"C S-327E: ELEMENTS OF DATABASES, Section no. 50308",A,20,Computer Science
Fall 2024,50309,C S, 327E,ELEMENTS OF DATABASES,"C S-327E: ELEMENTS OF DATABASES, Section no. 50309",Other,3,Computer Science
Fall 2024,50309,C S, 327E,ELEMENTS OF DATABASES,"C S-327E: ELEMENTS OF DATABASES, Section no. 50309",C-,2,Computer Science
Fall 2024,50309,C S, 327E,ELEMENTS OF DATABASES,"C S-327E: ELEMENTS OF DATABASES, Section no. 50309",C,2,Computer Science
Fall 2024,50309,C S, 327E,ELEMENTS OF DATABASES,"C S-327E: ELEMENTS OF DATABASES, Section no. 50309",C+,2,Computer Science
Fall 2024,50309,C S, 327E,ELEMENTS OF DATABASES,"C S-327E: ELEMENTS OF DATABASES, Section no. 50309",B-,5,Computer Science
Fall 2024,50309,C S, 327E,ELEMENTS OF DATABASES,"C S-327E: ELEMENTS OF DATABASES, Section no. 50309",B,4,Computer Science
Fall 2024,50309,C S, 327E,ELEMENTS OF DATABASES,"C S-327E: ELEMENTS OF DATABASES, Section no. 50309",B+,8,Computer Science
Fall 2024,50309,C S, 327E,ELEMENTS OF DATABASES,"C S-327E: ELEMENTS OF DATABASES, Section no. 50309",A-,12,Computer Science
Fall 2024,50309,C S, 327E,ELEMENTS OF DATABASES,"C S-327E: ELEMENTS OF DATABASES, Section no. 50309",A,26,Computer Science
Fall 2024,50310,C S, 429,COMP ORGANIZATN AND ARCH,"C S-429: COMP ORGANIZATN AND ARCH, Section no. 50310",Other,2,Computer Science
Fall 2024,50310,C S, 429,COMP ORGANIZATN AND ARCH,"C S-429: COMP ORGANIZATN AND ARCH, Section no. 50310",F,2,Computer Science
Fall 2024,50310,C S, 429,COMP ORGANIZATN AND ARCH,"C S-429: COMP ORGANIZATN AND ARCH, Section no. 50310",D+,2,Computer Science
Fall 2024,50310,C S, 429,COMP ORGANIZATN AND ARCH,"C S-429: COMP ORGANIZATN AND ARCH, Section no. 50310",C-,1,Computer Science
Fall 2024,50310,C S, 429,COMP ORGANIZATN AND ARCH,"C S-429: COMP ORGANIZATN AND ARCH, Section no. 50310",C,4,Computer Science
Fall 2024,50310,C S, 429,COMP ORGANIZATN AND ARCH,"C S-429: COMP ORGANIZATN AND ARCH, Section no. 50310",C+,6,Computer Science
Fall 2024,50310,C S, 429,COMP ORGANIZATN AND ARCH,"C S-429: COMP ORGANIZATN AND ARCH, Section no. 50310",B-,4,Computer Science
Fall 2024,50310,C S, 429,COMP ORGANIZATN AND ARCH,"C S-429: COMP ORGANIZATN AND ARCH, Section no. 50310",B,3,Computer Science
Fall 2024,50310,C S, 429,COMP ORGANIZATN AND ARCH,"C S-429: COMP ORGANIZATN AND ARCH, Section no. 50310",B+,3,Computer Science
Fall 2024,50310,C S, 429,COMP ORGANIZATN AND ARCH,"C S-429: COMP ORGANIZATN AND ARCH, Section no. 50310",A,3,Computer Science
Fall 2024,50315,C S, 429,COMP ORGANIZATN AND ARCH,"C S-429: COMP ORGANIZATN AND ARCH, Section no. 50315",F,1,Computer Science
Fall 2024,50315,C S, 429,COMP ORGANIZATN AND ARCH,"C S-429: COMP ORGANIZATN AND ARCH, Section no. 50315",C-,4,Computer Science
Fall 2024,50315,C S, 429,COMP ORGANIZATN AND ARCH,"C S-429: COMP ORGANIZATN AND ARCH, Section no. 50315",C,3,Computer Science
Fall 2024,50315,C S, 429,COMP ORGANIZATN AND ARCH,"C S-429: COMP ORGANIZATN AND ARCH, Section no. 50315",C+,5,Computer Science
Fall 2024,50315,C S, 429,COMP ORGANIZATN AND ARCH,"C S-429: COMP ORGANIZATN AND ARCH, Section no. 50315",B-,8,Computer Science
Fall 2024,50315,C S, 429,COMP ORGANIZATN AND ARCH,"C S-429: COMP ORGANIZATN AND ARCH, Section no. 50315",B,3,Computer Science
Fall 2024,50315,C S, 429,COMP ORGANIZATN AND ARCH,"C S-429: COMP ORGANIZATN AND ARCH, Section no. 50315",B+,3,Computer Science
Fall 2024,50315,C S, 429,COMP ORGANIZATN AND ARCH,"C S-429: COMP ORGANIZATN AND ARCH, Section no. 50315",A-,1,Computer Science
Fall 2024,50315,C S, 429,COMP ORGANIZATN AND ARCH,"C S-429: COMP ORGANIZATN AND ARCH, Section no. 50315",A,2,Computer Science
Fall 2024,50320,C S, 429,COMP ORGANIZATN AND ARCH,"C S-429: COMP ORGANIZATN AND ARCH, Section no. 50320",Other,3,Computer Science
Fall 2024,50320,C S, 429,COMP ORGANIZATN AND ARCH,"C S-429: COMP ORGANIZATN AND ARCH, Section no. 50320",C-,3,Computer Science
Fall 2024,50320,C S, 429,COMP ORGANIZATN AND ARCH,"C S-429: COMP ORGANIZATN AND ARCH, Section no. 50320",C,3,Computer Science
Fall 2024,50320,C S, 429,COMP ORGANIZATN AND ARCH,"C S-429: COMP ORGANIZATN AND ARCH, Section no. 50320",C+,5,Computer Science
Fall 2024,50320,C S, 429,COMP ORGANIZATN AND ARCH,"C S-429: COMP ORGANIZATN AND ARCH, Section no. 50320",B-,6,Computer Science
Fall 2024,50320,C S, 429,COMP ORGANIZATN AND ARCH,"C S-429: COMP ORGANIZATN AND ARCH, Section no. 50320",B,2,Computer Science
Fall 2024,50320,C S, 429,COMP ORGANIZATN AND ARCH,"C S-429: COMP ORGANIZATN AND ARCH, Section no. 50320",B+,2,Computer Science
Fall 2024,50320,C S, 429,COMP ORGANIZATN AND ARCH,"C S-429: COMP ORGANIZATN AND ARCH, Section no. 50320",A-,1,Computer Science
Fall 2024,50320,C S, 429,COMP ORGANIZATN AND ARCH,"C S-429: COMP ORGANIZATN AND ARCH, Section no. 50320",A,1,Computer Science
Fall 2024,50325,C S, 429,COMP ORGANIZATN AND ARCH,"C S-429: COMP ORGANIZATN AND ARCH, Section no. 50325",Other,2,Computer Science
Fall 2024,50325,C S, 429,COMP ORGANIZATN AND ARCH,"C S-429: COMP ORGANIZATN AND ARCH, Section no. 50325",C,6,Computer Science
Fall 2024,50325,C S, 429,COMP ORGANIZATN AND ARCH,"C S-429: COMP ORGANIZATN AND ARCH, Section no. 50325",B-,4,Computer Science
Fall 2024,50325,C S, 429,COMP ORGANIZATN AND ARCH,"C S-429: COMP ORGANIZATN AND ARCH, Section no. 50325",B,1,Computer Science
Fall 2024,50325,C S, 429,COMP ORGANIZATN AND ARCH,"C S-429: COMP ORGANIZATN AND ARCH, Section no. 50325",B+,1,Computer Science
Fall 2024,50325,C S, 429,COMP ORGANIZATN AND ARCH,"C S-429: COMP ORGANIZATN AND ARCH, Section no. 50325",A,2,Computer Science
Fall 2024,50330,C S, 429,COMP ORGANIZATN AND ARCH,"C S-429: COMP ORGANIZATN AND ARCH, Section no. 50330",Other,2,Computer Science
Fall 2024,50330,C S, 429,COMP ORGANIZATN AND ARCH,"C S-429: COMP ORGANIZATN AND ARCH, Section no. 50330",D+,1,Computer Science
Fall 2024,50330,C S, 429,COMP ORGANIZATN AND ARCH,"C S-429: COMP ORGANIZATN AND ARCH, Section no. 50330",C-,4,Computer Science
Fall 2024,50330,C S, 429,COMP ORGANIZATN AND ARCH,"C S-429: COMP ORGANIZATN AND ARCH, Section no. 50330",C,4,Computer Science
Fall 2024,50330,C S, 429,COMP ORGANIZATN AND ARCH,"C S-429: COMP ORGANIZATN AND ARCH, Section no. 50330",C+,5,Computer Science
Fall 2024,50330,C S, 429,COMP ORGANIZATN AND ARCH,"C S-429: COMP ORGANIZATN AND ARCH, Section no. 50330",B-,4,Computer Science
Fall 2024,50330,C S, 429,COMP ORGANIZATN AND ARCH,"C S-429: COMP ORGANIZATN AND ARCH, Section no. 50330",B,3,Computer Science
Fall 2024,50330,C S, 429,COMP ORGANIZATN AND ARCH,"C S-429: COMP ORGANIZATN AND ARCH, Section no. 50330",B+,1,Computer Science
Fall 2024,50330,C S, 429,COMP ORGANIZATN AND ARCH,"C S-429: COMP ORGANIZATN AND ARCH, Section no. 50330",A-,3,Computer Science
Fall 2024,50330,C S, 429,COMP ORGANIZATN AND ARCH,"C S-429: COMP ORGANIZATN AND ARCH, Section no. 50330",A,2,Computer Science
Fall 2024,50335,C S, 429,COMP ORGANIZATN AND ARCH,"C S-429: COMP ORGANIZATN AND ARCH, Section no. 50335",Other,3,Computer Science
Fall 2024,50335,C S, 429,COMP ORGANIZATN AND ARCH,"C S-429: COMP ORGANIZATN AND ARCH, Section no. 50335",C-,1,Computer Science
Fall 2024,50335,C S, 429,COMP ORGANIZATN AND ARCH,"C S-429: COMP ORGANIZATN AND ARCH, Section no. 50335",C,2,Computer Science
Fall 2024,50335,C S, 429,COMP ORGANIZATN AND ARCH,"C S-429: COMP ORGANIZATN AND ARCH, Section no. 50335",C+,6,Computer Science
Fall 2024,50335,C S, 429,COMP ORGANIZATN AND ARCH,"C S-429: COMP ORGANIZATN AND ARCH, Section no. 50335",B-,2,Computer Science
Fall 2024,50335,C S, 429,COMP ORGANIZATN AND ARCH,"C S-429: COMP ORGANIZATN AND ARCH, Section no. 50335",B,6,Computer Science
Fall 2024,50335,C S, 429,COMP ORGANIZATN AND ARCH,"C S-429: COMP ORGANIZATN AND ARCH, Section no. 50335",B+,4,Computer Science
Fall 2024,50335,C S, 429,COMP ORGANIZATN AND ARCH,"C S-429: COMP ORGANIZATN AND ARCH, Section no. 50335",A-,3,Computer Science
Fall 2024,50335,C S, 429,COMP ORGANIZATN AND ARCH,"C S-429: COMP ORGANIZATN AND ARCH, Section no. 50335",A,3,Computer Science
Fall 2024,50340,C S, 429,COMP ORGANIZATN AND ARCH,"C S-429: COMP ORGANIZATN AND ARCH, Section no. 50340",Other,3,Computer Science
Fall 2024,50340,C S, 429,COMP ORGANIZATN AND ARCH,"C S-429: COMP ORGANIZATN AND ARCH, Section no. 50340",F,1,Computer Science
Fall 2024,50340,C S, 429,COMP ORGANIZATN AND ARCH,"C S-429: COMP ORGANIZATN AND ARCH, Section no. 50340",C,1,Computer Science
Fall 2024,50340,C S, 429,COMP ORGANIZATN AND ARCH,"C S-429: COMP ORGANIZATN AND ARCH, Section no. 50340",C+,6,Computer Science
Fall 2024,50340,C S, 429,COMP ORGANIZATN AND ARCH,"C S-429: COMP ORGANIZATN AND ARCH, Section no. 50340",B-,1,Computer Science
Fall 2024,50340,C S, 429,COMP ORGANIZATN AND ARCH,"C S-429: COMP ORGANIZATN AND ARCH, Section no. 50340",B,2,Computer Science
Fall 2024,50340,C S, 429,COMP ORGANIZATN AND ARCH,"C S-429: COMP ORGANIZATN AND ARCH, Section no. 50340",A,2,Computer Science
Fall 2024,50345,C S, 429,COMP ORGANIZATN AND ARCH,"C S-429: COMP ORGANIZATN AND ARCH, Section no. 50345",Other,3,Computer Science
Fall 2024,50345,C S, 429,COMP ORGANIZATN AND ARCH,"C S-429: COMP ORGANIZATN AND ARCH, Section no. 50345",D,1,Computer Science
Fall 2024,50345,C S, 429,COMP ORGANIZATN AND ARCH,"C S-429: COMP ORGANIZATN AND ARCH, Section no. 50345",C-,3,Computer Science
Fall 2024,50345,C S, 429,COMP ORGANIZATN AND ARCH,"C S-429: COMP ORGANIZATN AND ARCH, Section no. 50345",C,1,Computer Science
Fall 2024,50345,C S, 429,COMP ORGANIZATN AND ARCH,"C S-429: COMP ORGANIZATN AND ARCH, Section no. 50345",C+,4,Computer Science
Fall 2024,50345,C S, 429,COMP ORGANIZATN AND ARCH,"C S-429: COMP ORGANIZATN AND ARCH, Section no. 50345",B-,7,Computer Science
Fall 2024,50345,C S, 429,COMP ORGANIZATN AND ARCH,"C S-429: COMP ORGANIZATN AND ARCH, Section no. 50345",B,5,Computer Science
Fall 2024,50345,C S, 429,COMP ORGANIZATN AND ARCH,"C S-429: COMP ORGANIZATN AND ARCH, Section no. 50345",B+,4,Computer Science
Fall 2024,50345,C S, 429,COMP ORGANIZATN AND ARCH,"C S-429: COMP ORGANIZATN AND ARCH, Section no. 50345",A-,1,Computer Science
Fall 2024,50345,C S, 429,COMP ORGANIZATN AND ARCH,"C S-429: COMP ORGANIZATN AND ARCH, Section no. 50345",A,1,Computer Science
Fall 2024,50350,C S, 429,COMP ORGANIZATN AND ARCH,"C S-429: COMP ORGANIZATN AND ARCH, Section no. 50350",Other,6,Computer Science
Fall 2024,50350,C S, 429,COMP ORGANIZATN AND ARCH,"C S-429: COMP ORGANIZATN AND ARCH, Section no. 50350",C,3,Computer Science
Fall 2024,50350,C S, 429,COMP ORGANIZATN AND ARCH,"C S-429: COMP ORGANIZATN AND ARCH, Section no. 50350",C+,3,Computer Science
Fall 2024,50350,C S, 429,COMP ORGANIZATN AND ARCH,"C S-429: COMP ORGANIZATN AND ARCH, Section no. 50350",B-,3,Computer Science
Fall 2024,50350,C S, 429,COMP ORGANIZATN AND ARCH,"C S-429: COMP ORGANIZATN AND ARCH, Section no. 50350",B,2,Computer Science
Fall 2024,50350,C S, 429,COMP ORGANIZATN AND ARCH,"C S-429: COMP ORGANIZATN AND ARCH, Section no. 50350",B+,2,Computer Science
Fall 2024,50350,C S, 429,COMP ORGANIZATN AND ARCH,"C S-429: COMP ORGANIZATN AND ARCH, Section no. 50350",A-,1,Computer Science
Fall 2024,50350,C S, 429,COMP ORGANIZATN AND ARCH,"C S-429: COMP ORGANIZATN AND ARCH, Section no. 50350",A,1,Computer Science
Fall 2024,50355,C S, 329E,ELEMENTS OF DATA ANALYTICS,"C S-329E: ELEMENTS OF DATA ANALYTICS, Section no. 50355",Other,2,Computer Science
Fall 2024,50355,C S, 329E,ELEMENTS OF DATA ANALYTICS,"C S-329E: ELEMENTS OF DATA ANALYTICS, Section no. 50355",C,1,Computer Science
Fall 2024,50355,C S, 329E,ELEMENTS OF DATA ANALYTICS,"C S-329E: ELEMENTS OF DATA ANALYTICS, Section no. 50355",B-,3,Computer Science
Fall 2024,50355,C S, 329E,ELEMENTS OF DATA ANALYTICS,"C S-329E: ELEMENTS OF DATA ANALYTICS, Section no. 50355",B,11,Computer Science
Fall 2024,50355,C S, 329E,ELEMENTS OF DATA ANALYTICS,"C S-329E: ELEMENTS OF DATA ANALYTICS, Section no. 50355",B+,10,Computer Science
Fall 2024,50355,C S, 329E,ELEMENTS OF DATA ANALYTICS,"C S-329E: ELEMENTS OF DATA ANALYTICS, Section no. 50355",A-,15,Computer Science
Fall 2024,50355,C S, 329E,ELEMENTS OF DATA ANALYTICS,"C S-329E: ELEMENTS OF DATA ANALYTICS, Section no. 50355",A,18,Computer Science
Fall 2024,50368,C S, 329E,ELEMENTS OF DATA VISUALIZATION,"C S-329E: ELEMENTS OF DATA VISUALIZATION, Section no. 50368",Other,1,Computer Science
Fall 2024,50368,C S, 329E,ELEMENTS OF DATA VISUALIZATION,"C S-329E: ELEMENTS OF DATA VISUALIZATION, Section no. 50368",B,2,Computer Science
Fall 2024,50368,C S, 329E,ELEMENTS OF DATA VISUALIZATION,"C S-329E: ELEMENTS OF DATA VISUALIZATION, Section no. 50368",B+,1,Computer Science
Fall 2024,50368,C S, 329E,ELEMENTS OF DATA VISUALIZATION,"C S-329E: ELEMENTS OF DATA VISUALIZATION, Section no. 50368",A-,1,Computer Science
Fall 2024,50368,C S, 329E,ELEMENTS OF DATA VISUALIZATION,"C S-329E: ELEMENTS OF DATA VISUALIZATION, Section no. 50368",A,61,Computer Science
Fall 2024,50369,C S, 329E,ELEMENTS OF DATA VISUALIZATION,"C S-329E: ELEMENTS OF DATA VISUALIZATION, Section no. 50369",Other,1,Computer Science
Fall 2024,50369,C S, 329E,ELEMENTS OF DATA VISUALIZATION,"C S-329E: ELEMENTS OF DATA VISUALIZATION, Section no. 50369",B+,1,Computer Science
Fall 2024,50369,C S, 329E,ELEMENTS OF DATA VISUALIZATION,"C S-329E: ELEMENTS OF DATA VISUALIZATION, Section no. 50369",A,61,Computer Science
Fall 2024,50370,C S, 329E,ELEMENTS OF GAME DEVELOPMENT,"C S-329E: ELEMENTS OF GAME DEVELOPMENT, Section no. 50370",Other,2,Computer Science
Fall 2024,50370,C S, 329E,ELEMENTS OF GAME DEVELOPMENT,"C S-329E: ELEMENTS OF GAME DEVELOPMENT, Section no. 50370",C,1,Computer Science
Fall 2024,50370,C S, 329E,ELEMENTS OF GAME DEVELOPMENT,"C S-329E: ELEMENTS OF GAME DEVELOPMENT, Section no. 50370",B-,1,Computer Science
Fall 2024,50370,C S, 329E,ELEMENTS OF GAME DEVELOPMENT,"C S-329E: ELEMENTS OF GAME DEVELOPMENT, Section no. 50370",B,1,Computer Science
Fall 2024,50370,C S, 329E,ELEMENTS OF GAME DEVELOPMENT,"C S-329E: ELEMENTS OF GAME DEVELOPMENT, Section no. 50370",B+,5,Computer Science
Fall 2024,50370,C S, 329E,ELEMENTS OF GAME DEVELOPMENT,"C S-329E: ELEMENTS OF GAME DEVELOPMENT, Section no. 50370",A-,10,Computer Science
Fall 2024,50370,C S, 329E,ELEMENTS OF GAME DEVELOPMENT,"C S-329E: ELEMENTS OF GAME DEVELOPMENT, Section no. 50370",A,18,Computer Science
Fall 2024,50375,C S, 329E,ELEMENTS OF MOBILE COMPUTING,"C S-329E: ELEMENTS OF MOBILE COMPUTING, Section no. 50375",Other,6,Computer Science
Fall 2024,50375,C S, 329E,ELEMENTS OF MOBILE COMPUTING,"C S-329E: ELEMENTS OF MOBILE COMPUTING, Section no. 50375",F,1,Computer Science
Fall 2024,50375,C S, 329E,ELEMENTS OF MOBILE COMPUTING,"C S-329E: ELEMENTS OF MOBILE COMPUTING, Section no. 50375",C-,1,Computer Science
Fall 2024,50375,C S, 329E,ELEMENTS OF MOBILE COMPUTING,"C S-329E: ELEMENTS OF MOBILE COMPUTING, Section no. 50375",C+,1,Computer Science
Fall 2024,50375,C S, 329E,ELEMENTS OF MOBILE COMPUTING,"C S-329E: ELEMENTS OF MOBILE COMPUTING, Section no. 50375",B-,1,Computer Science
Fall 2024,50375,C S, 329E,ELEMENTS OF MOBILE COMPUTING,"C S-329E: ELEMENTS OF MOBILE COMPUTING, Section no. 50375",B,1,Computer Science
Fall 2024,50375,C S, 329E,ELEMENTS OF MOBILE COMPUTING,"C S-329E: ELEMENTS OF MOBILE COMPUTING, Section no. 50375",B+,2,Computer Science
Fall 2024,50375,C S, 329E,ELEMENTS OF MOBILE COMPUTING,"C S-329E: ELEMENTS OF MOBILE COMPUTING, Section no. 50375",A-,1,Computer Science
Fall 2024,50375,C S, 329E,ELEMENTS OF MOBILE COMPUTING,"C S-329E: ELEMENTS OF MOBILE COMPUTING, Section no. 50375",A,46,Computer Science
Fall 2024,50380,C S, 329E,ELEMENTS OF MOBILE COMPUTING,"C S-329E: ELEMENTS OF MOBILE COMPUTING, Section no. 50380",Other,3,Computer Science
Fall 2024,50380,C S, 329E,ELEMENTS OF MOBILE COMPUTING,"C S-329E: ELEMENTS OF MOBILE COMPUTING, Section no. 50380",B-,1,Computer Science
Fall 2024,50380,C S, 329E,ELEMENTS OF MOBILE COMPUTING,"C S-329E: ELEMENTS OF MOBILE COMPUTING, Section no. 50380",B,2,Computer Science
Fall 2024,50380,C S, 329E,ELEMENTS OF MOBILE COMPUTING,"C S-329E: ELEMENTS OF MOBILE COMPUTING, Section no. 50380",B+,4,Computer Science
Fall 2024,50380,C S, 329E,ELEMENTS OF MOBILE COMPUTING,"C S-329E: ELEMENTS OF MOBILE COMPUTING, Section no. 50380",A-,6,Computer Science
Fall 2024,50380,C S, 329E,ELEMENTS OF MOBILE COMPUTING,"C S-329E: ELEMENTS OF MOBILE COMPUTING, Section no. 50380",A,44,Computer Science
Fall 2024,50385,C S, 330E,ELMNTS SOFTWARE ENGINEER I,"C S-330E: ELMNTS SOFTWARE ENGINEER I, Section no. 50385",Other,2,Computer Science
Fall 2024,50385,C S, 330E,ELMNTS SOFTWARE ENGINEER I,"C S-330E: ELMNTS SOFTWARE ENGINEER I, Section no. 50385",C-,1,Computer Science
Fall 2024,50385,C S, 330E,ELMNTS SOFTWARE ENGINEER I,"C S-330E: ELMNTS SOFTWARE ENGINEER I, Section no. 50385",C,3,Computer Science
Fall 2024,50385,C S, 330E,ELMNTS SOFTWARE ENGINEER I,"C S-330E: ELMNTS SOFTWARE ENGINEER I, Section no. 50385",B-,2,Computer Science
Fall 2024,50385,C S, 330E,ELMNTS SOFTWARE ENGINEER I,"C S-330E: ELMNTS SOFTWARE ENGINEER I, Section no. 50385",B,5,Computer Science
Fall 2024,50385,C S, 330E,ELMNTS SOFTWARE ENGINEER I,"C S-330E: ELMNTS SOFTWARE ENGINEER I, Section no. 50385",B+,6,Computer Science
Fall 2024,50385,C S, 330E,ELMNTS SOFTWARE ENGINEER I,"C S-330E: ELMNTS SOFTWARE ENGINEER I, Section no. 50385",A-,13,Computer Science
Fall 2024,50385,C S, 330E,ELMNTS SOFTWARE ENGINEER I,"C S-330E: ELMNTS SOFTWARE ENGINEER I, Section no. 50385",A,36,Computer Science
Fall 2024,50390,C S, 330E,ELMNTS SOFTWARE ENGINEER I,"C S-330E: ELMNTS SOFTWARE ENGINEER I, Section no. 50390",Other,3,Computer Science
Fall 2024,50390,C S, 330E,ELMNTS SOFTWARE ENGINEER I,"C S-330E: ELMNTS SOFTWARE ENGINEER I, Section no. 50390",C,2,Computer Science
Fall 2024,50390,C S, 330E,ELMNTS SOFTWARE ENGINEER I,"C S-330E: ELMNTS SOFTWARE ENGINEER I, Section no. 50390",C+,4,Computer Science
Fall 2024,50390,C S, 330E,ELMNTS SOFTWARE ENGINEER I,"C S-330E: ELMNTS SOFTWARE ENGINEER I, Section no. 50390",B-,7,Computer Science
Fall 2024,50390,C S, 330E,ELMNTS SOFTWARE ENGINEER I,"C S-330E: ELMNTS SOFTWARE ENGINEER I, Section no. 50390",B,4,Computer Science
Fall 2024,50390,C S, 330E,ELMNTS SOFTWARE ENGINEER I,"C S-330E: ELMNTS SOFTWARE ENGINEER I, Section no. 50390",B+,12,Computer Science
Fall 2024,50390,C S, 330E,ELMNTS SOFTWARE ENGINEER I,"C S-330E: ELMNTS SOFTWARE ENGINEER I, Section no. 50390",A-,10,Computer Science
Fall 2024,50390,C S, 330E,ELMNTS SOFTWARE ENGINEER I,"C S-330E: ELMNTS SOFTWARE ENGINEER I, Section no. 50390",A,27,Computer Science
Fall 2024,50395,C S, 331,ALGORITHMS AND COMPLEXITY,"C S-331: ALGORITHMS AND COMPLEXITY, Section no. 50395",Other,5,Computer Science
Fall 2024,50395,C S, 331,ALGORITHMS AND COMPLEXITY,"C S-331: ALGORITHMS AND COMPLEXITY, Section no. 50395",C+,2,Computer Science
Fall 2024,50395,C S, 331,ALGORITHMS AND COMPLEXITY,"C S-331: ALGORITHMS AND COMPLEXITY, Section no. 50395",B-,2,Computer Science
Fall 2024,50395,C S, 331,ALGORITHMS AND COMPLEXITY,"C S-331: ALGORITHMS AND COMPLEXITY, Section no. 50395",B,4,Computer Science
Fall 2024,50395,C S, 331,ALGORITHMS AND COMPLEXITY,"C S-331: ALGORITHMS AND COMPLEXITY, Section no. 50395",B+,4,Computer Science
Fall 2024,50395,C S, 331,ALGORITHMS AND COMPLEXITY,"C S-331: ALGORITHMS AND COMPLEXITY, Section no. 50395",A-,3,Computer Science
Fall 2024,50395,C S, 331,ALGORITHMS AND COMPLEXITY,"C S-331: ALGORITHMS AND COMPLEXITY, Section no. 50395",A,4,Computer Science
Fall 2024,50400,C S, 331,ALGORITHMS AND COMPLEXITY,"C S-331: ALGORITHMS AND COMPLEXITY, Section no. 50400",Other,2,Computer Science
Fall 2024,50400,C S, 331,ALGORITHMS AND COMPLEXITY,"C S-331: ALGORITHMS AND COMPLEXITY, Section no. 50400",F,1,Computer Science
Fall 2024,50400,C S, 331,ALGORITHMS AND COMPLEXITY,"C S-331: ALGORITHMS AND COMPLEXITY, Section no. 50400",C,1,Computer Science
Fall 2024,50400,C S, 331,ALGORITHMS AND COMPLEXITY,"C S-331: ALGORITHMS AND COMPLEXITY, Section no. 50400",C+,2,Computer Science
Fall 2024,50400,C S, 331,ALGORITHMS AND COMPLEXITY,"C S-331: ALGORITHMS AND COMPLEXITY, Section no. 50400",B-,2,Computer Science
Fall 2024,50400,C S, 331,ALGORITHMS AND COMPLEXITY,"C S-331: ALGORITHMS AND COMPLEXITY, Section no. 50400",B,2,Computer Science
Fall 2024,50400,C S, 331,ALGORITHMS AND COMPLEXITY,"C S-331: ALGORITHMS AND COMPLEXITY, Section no. 50400",B+,3,Computer Science
Fall 2024,50400,C S, 331,ALGORITHMS AND COMPLEXITY,"C S-331: ALGORITHMS AND COMPLEXITY, Section no. 50400",A-,3,Computer Science
Fall 2024,50400,C S, 331,ALGORITHMS AND COMPLEXITY,"C S-331: ALGORITHMS AND COMPLEXITY, Section no. 50400",A,4,Computer Science
Fall 2024,50405,C S, 331,ALGORITHMS AND COMPLEXITY,"C S-331: ALGORITHMS AND COMPLEXITY, Section no. 50405",F,1,Computer Science
Fall 2024,50405,C S, 331,ALGORITHMS AND COMPLEXITY,"C S-331: ALGORITHMS AND COMPLEXITY, Section no. 50405",C,9,Computer Science
Fall 2024,50405,C S, 331,ALGORITHMS AND COMPLEXITY,"C S-331: ALGORITHMS AND COMPLEXITY, Section no. 50405",C+,4,Computer Science
Fall 2024,50405,C S, 331,ALGORITHMS AND COMPLEXITY,"C S-331: ALGORITHMS AND COMPLEXITY, Section no. 50405",B-,4,Computer Science
Fall 2024,50405,C S, 331,ALGORITHMS AND COMPLEXITY,"C S-331: ALGORITHMS AND COMPLEXITY, Section no. 50405",B,8,Computer Science
Fall 2024,50405,C S, 331,ALGORITHMS AND COMPLEXITY,"C S-331: ALGORITHMS AND COMPLEXITY, Section no. 50405",B+,2,Computer Science
Fall 2024,50405,C S, 331,ALGORITHMS AND COMPLEXITY,"C S-331: ALGORITHMS AND COMPLEXITY, Section no. 50405",A-,4,Computer Science
Fall 2024,50405,C S, 331,ALGORITHMS AND COMPLEXITY,"C S-331: ALGORITHMS AND COMPLEXITY, Section no. 50405",A,3,Computer Science
Fall 2024,50410,C S, 331,ALGORITHMS AND COMPLEXITY,"C S-331: ALGORITHMS AND COMPLEXITY, Section no. 50410",Other,3,Computer Science
Fall 2024,50410,C S, 331,ALGORITHMS AND COMPLEXITY,"C S-331: ALGORITHMS AND COMPLEXITY, Section no. 50410",C,4,Computer Science
Fall 2024,50410,C S, 331,ALGORITHMS AND COMPLEXITY,"C S-331: ALGORITHMS AND COMPLEXITY, Section no. 50410",C+,2,Computer Science
Fall 2024,50410,C S, 331,ALGORITHMS AND COMPLEXITY,"C S-331: ALGORITHMS AND COMPLEXITY, Section no. 50410",B-,4,Computer Science
Fall 2024,50410,C S, 331,ALGORITHMS AND COMPLEXITY,"C S-331: ALGORITHMS AND COMPLEXITY, Section no. 50410",B,8,Computer Science
Fall 2024,50410,C S, 331,ALGORITHMS AND COMPLEXITY,"C S-331: ALGORITHMS AND COMPLEXITY, Section no. 50410",B+,2,Computer Science
Fall 2024,50410,C S, 331,ALGORITHMS AND COMPLEXITY,"C S-331: ALGORITHMS AND COMPLEXITY, Section no. 50410",A-,2,Computer Science
Fall 2024,50410,C S, 331,ALGORITHMS AND COMPLEXITY,"C S-331: ALGORITHMS AND COMPLEXITY, Section no. 50410",A,6,Computer Science
Fall 2024,50415,C S, 331,ALGORITHMS AND COMPLEXITY,"C S-331: ALGORITHMS AND COMPLEXITY, Section no. 50415",Other,1,Computer Science
Fall 2024,50415,C S, 331,ALGORITHMS AND COMPLEXITY,"C S-331: ALGORITHMS AND COMPLEXITY, Section no. 50415",D-,1,Computer Science
Fall 2024,50415,C S, 331,ALGORITHMS AND COMPLEXITY,"C S-331: ALGORITHMS AND COMPLEXITY, Section no. 50415",C,3,Computer Science
Fall 2024,50415,C S, 331,ALGORITHMS AND COMPLEXITY,"C S-331: ALGORITHMS AND COMPLEXITY, Section no. 50415",B,10,Computer Science
Fall 2024,50415,C S, 331,ALGORITHMS AND COMPLEXITY,"C S-331: ALGORITHMS AND COMPLEXITY, Section no. 50415",B+,1,Computer Science
Fall 2024,50415,C S, 331,ALGORITHMS AND COMPLEXITY,"C S-331: ALGORITHMS AND COMPLEXITY, Section no. 50415",A-,5,Computer Science
Fall 2024,50415,C S, 331,ALGORITHMS AND COMPLEXITY,"C S-331: ALGORITHMS AND COMPLEXITY, Section no. 50415",A,10,Computer Science
Fall 2024,50420,C S, 331,ALGORITHMS AND COMPLEXITY,"C S-331: ALGORITHMS AND COMPLEXITY, Section no. 50420",C,5,Computer Science
Fall 2024,50420,C S, 331,ALGORITHMS AND COMPLEXITY,"C S-331: ALGORITHMS AND COMPLEXITY, Section no. 50420",B,10,Computer Science
Fall 2024,50420,C S, 331,ALGORITHMS AND COMPLEXITY,"C S-331: ALGORITHMS AND COMPLEXITY, Section no. 50420",B+,4,Computer Science
Fall 2024,50420,C S, 331,ALGORITHMS AND COMPLEXITY,"C S-331: ALGORITHMS AND COMPLEXITY, Section no. 50420",A-,4,Computer Science
Fall 2024,50420,C S, 331,ALGORITHMS AND COMPLEXITY,"C S-331: ALGORITHMS AND COMPLEXITY, Section no. 50420",A,9,Computer Science
Fall 2024,50430,C S, 439,PRINCIPLES OF COMPUTER SYS-C S,"C S-439: PRINCIPLES OF COMPUTER SYS-C S, Section no. 50430",Other,1,Computer Science
Fall 2024,50430,C S, 439,PRINCIPLES OF COMPUTER SYS-C S,"C S-439: PRINCIPLES OF COMPUTER SYS-C S, Section no. 50430",B-,2,Computer Science
Fall 2024,50430,C S, 439,PRINCIPLES OF COMPUTER SYS-C S,"C S-439: PRINCIPLES OF COMPUTER SYS-C S, Section no. 50430",B,7,Computer Science
Fall 2024,50430,C S, 439,PRINCIPLES OF COMPUTER SYS-C S,"C S-439: PRINCIPLES OF COMPUTER SYS-C S, Section no. 50430",B+,8,Computer Science
Fall 2024,50430,C S, 439,PRINCIPLES OF COMPUTER SYS-C S,"C S-439: PRINCIPLES OF COMPUTER SYS-C S, Section no. 50430",A-,2,Computer Science
Fall 2024,50430,C S, 439,PRINCIPLES OF COMPUTER SYS-C S,"C S-439: PRINCIPLES OF COMPUTER SYS-C S, Section no. 50430",A,4,Computer Science
Fall 2024,50435,C S, 439,PRINCIPLES OF COMPUTER SYS-C S,"C S-439: PRINCIPLES OF COMPUTER SYS-C S, Section no. 50435",Other,1,Computer Science
Fall 2024,50435,C S, 439,PRINCIPLES OF COMPUTER SYS-C S,"C S-439: PRINCIPLES OF COMPUTER SYS-C S, Section no. 50435",C+,2,Computer Science
Fall 2024,50435,C S, 439,PRINCIPLES OF COMPUTER SYS-C S,"C S-439: PRINCIPLES OF COMPUTER SYS-C S, Section no. 50435",B-,1,Computer Science
Fall 2024,50435,C S, 439,PRINCIPLES OF COMPUTER SYS-C S,"C S-439: PRINCIPLES OF COMPUTER SYS-C S, Section no. 50435",B,3,Computer Science
Fall 2024,50435,C S, 439,PRINCIPLES OF COMPUTER SYS-C S,"C S-439: PRINCIPLES OF COMPUTER SYS-C S, Section no. 50435",B+,6,Computer Science
Fall 2024,50435,C S, 439,PRINCIPLES OF COMPUTER SYS-C S,"C S-439: PRINCIPLES OF COMPUTER SYS-C S, Section no. 50435",A-,3,Computer Science
Fall 2024,50435,C S, 439,PRINCIPLES OF COMPUTER SYS-C S,"C S-439: PRINCIPLES OF COMPUTER SYS-C S, Section no. 50435",A,11,Computer Science
Fall 2024,50440,C S, 439,PRINCIPLES OF COMPUTER SYS-C S,"C S-439: PRINCIPLES OF COMPUTER SYS-C S, Section no. 50440",B-,1,Computer Science
Fall 2024,50440,C S, 439,PRINCIPLES OF COMPUTER SYS-C S,"C S-439: PRINCIPLES OF COMPUTER SYS-C S, Section no. 50440",B,4,Computer Science
Fall 2024,50440,C S, 439,PRINCIPLES OF COMPUTER SYS-C S,"C S-439: PRINCIPLES OF COMPUTER SYS-C S, Section no. 50440",B+,9,Computer Science
Fall 2024,50440,C S, 439,PRINCIPLES OF COMPUTER SYS-C S,"C S-439: PRINCIPLES OF COMPUTER SYS-C S, Section no. 50440",A-,4,Computer Science
Fall 2024,50440,C S, 439,PRINCIPLES OF COMPUTER SYS-C S,"C S-439: PRINCIPLES OF COMPUTER SYS-C S, Section no. 50440",A,8,Computer Science
Fall 2024,50445,C S, 439,PRINCIPLES OF COMPUTER SYS-C S,"C S-439: PRINCIPLES OF COMPUTER SYS-C S, Section no. 50445",Other,1,Computer Science
Fall 2024,50445,C S, 439,PRINCIPLES OF COMPUTER SYS-C S,"C S-439: PRINCIPLES OF COMPUTER SYS-C S, Section no. 50445",C+,2,Computer Science
Fall 2024,50445,C S, 439,PRINCIPLES OF COMPUTER SYS-C S,"C S-439: PRINCIPLES OF COMPUTER SYS-C S, Section no. 50445",B-,3,Computer Science
Fall 2024,50445,C S, 439,PRINCIPLES OF COMPUTER SYS-C S,"C S-439: PRINCIPLES OF COMPUTER SYS-C S, Section no. 50445",B,4,Computer Science
Fall 2024,50445,C S, 439,PRINCIPLES OF COMPUTER SYS-C S,"C S-439: PRINCIPLES OF COMPUTER SYS-C S, Section no. 50445",B+,5,Computer Science
Fall 2024,50445,C S, 439,PRINCIPLES OF COMPUTER SYS-C S,"C S-439: PRINCIPLES OF COMPUTER SYS-C S, Section no. 50445",A-,1,Computer Science
Fall 2024,50445,C S, 439,PRINCIPLES OF COMPUTER SYS-C S,"C S-439: PRINCIPLES OF COMPUTER SYS-C S, Section no. 50445",A,8,Computer Science
Fall 2024,50450,C S, 439,PRINCIPLES OF COMPUTER SYS-C S,"C S-439: PRINCIPLES OF COMPUTER SYS-C S, Section no. 50450",C,1,Computer Science
Fall 2024,50450,C S, 439,PRINCIPLES OF COMPUTER SYS-C S,"C S-439: PRINCIPLES OF COMPUTER SYS-C S, Section no. 50450",B-,1,Computer Science
Fall 2024,50450,C S, 439,PRINCIPLES OF COMPUTER SYS-C S,"C S-439: PRINCIPLES OF COMPUTER SYS-C S, Section no. 50450",B,4,Computer Science
Fall 2024,50450,C S, 439,PRINCIPLES OF COMPUTER SYS-C S,"C S-439: PRINCIPLES OF COMPUTER SYS-C S, Section no. 50450",B+,7,Computer Science
Fall 2024,50450,C S, 439,PRINCIPLES OF COMPUTER SYS-C S,"C S-439: PRINCIPLES OF COMPUTER SYS-C S, Section no. 50450",A-,8,Computer Science
Fall 2024,50450,C S, 439,PRINCIPLES OF COMPUTER SYS-C S,"C S-439: PRINCIPLES OF COMPUTER SYS-C S, Section no. 50450",A,7,Computer Science
Fall 2024,50455,C S, 439,PRINCIPLES OF COMPUTER SYS-C S,"C S-439: PRINCIPLES OF COMPUTER SYS-C S, Section no. 50455",C,1,Computer Science
Fall 2024,50455,C S, 439,PRINCIPLES OF COMPUTER SYS-C S,"C S-439: PRINCIPLES OF COMPUTER SYS-C S, Section no. 50455",C+,2,Computer Science
Fall 2024,50455,C S, 439,PRINCIPLES OF COMPUTER SYS-C S,"C S-439: PRINCIPLES OF COMPUTER SYS-C S, Section no. 50455",B-,2,Computer Science
Fall 2024,50455,C S, 439,PRINCIPLES OF COMPUTER SYS-C S,"C S-439: PRINCIPLES OF COMPUTER SYS-C S, Section no. 50455",B,7,Computer Science
Fall 2024,50455,C S, 439,PRINCIPLES OF COMPUTER SYS-C S,"C S-439: PRINCIPLES OF COMPUTER SYS-C S, Section no. 50455",B+,3,Computer Science
Fall 2024,50455,C S, 439,PRINCIPLES OF COMPUTER SYS-C S,"C S-439: PRINCIPLES OF COMPUTER SYS-C S, Section no. 50455",A-,5,Computer Science
Fall 2024,50455,C S, 439,PRINCIPLES OF COMPUTER SYS-C S,"C S-439: PRINCIPLES OF COMPUTER SYS-C S, Section no. 50455",A,7,Computer Science
Fall 2024,50460,C S, 439,PRINCIPLES OF COMPUTER SYS-C S,"C S-439: PRINCIPLES OF COMPUTER SYS-C S, Section no. 50460",Other,7,Computer Science
Fall 2024,50460,C S, 439,PRINCIPLES OF COMPUTER SYS-C S,"C S-439: PRINCIPLES OF COMPUTER SYS-C S, Section no. 50460",C+,3,Computer Science
Fall 2024,50460,C S, 439,PRINCIPLES OF COMPUTER SYS-C S,"C S-439: PRINCIPLES OF COMPUTER SYS-C S, Section no. 50460",B-,5,Computer Science
Fall 2024,50460,C S, 439,PRINCIPLES OF COMPUTER SYS-C S,"C S-439: PRINCIPLES OF COMPUTER SYS-C S, Section no. 50460",B,3,Computer Science
Fall 2024,50460,C S, 439,PRINCIPLES OF COMPUTER SYS-C S,"C S-439: PRINCIPLES OF COMPUTER SYS-C S, Section no. 50460",B+,3,Computer Science
Fall 2024,50460,C S, 439,PRINCIPLES OF COMPUTER SYS-C S,"C S-439: PRINCIPLES OF COMPUTER SYS-C S, Section no. 50460",A-,1,Computer Science
Fall 2024,50460,C S, 439,PRINCIPLES OF COMPUTER SYS-C S,"C S-439: PRINCIPLES OF COMPUTER SYS-C S, Section no. 50460",A,4,Computer Science
Fall 2024,50465,C S, 439,PRINCIPLES OF COMPUTER SYS-C S,"C S-439: PRINCIPLES OF COMPUTER SYS-C S, Section no. 50465",B-,2,Computer Science
Fall 2024,50465,C S, 439,PRINCIPLES OF COMPUTER SYS-C S,"C S-439: PRINCIPLES OF COMPUTER SYS-C S, Section no. 50465",B,7,Computer Science
Fall 2024,50465,C S, 439,PRINCIPLES OF COMPUTER SYS-C S,"C S-439: PRINCIPLES OF COMPUTER SYS-C S, Section no. 50465",B+,9,Computer Science
Fall 2024,50465,C S, 439,PRINCIPLES OF COMPUTER SYS-C S,"C S-439: PRINCIPLES OF COMPUTER SYS-C S, Section no. 50465",A-,3,Computer Science
Fall 2024,50465,C S, 439,PRINCIPLES OF COMPUTER SYS-C S,"C S-439: PRINCIPLES OF COMPUTER SYS-C S, Section no. 50465",A,3,Computer Science
Fall 2024,50470,C S, 439,PRINCIPLES OF COMPUTER SYS-C S,"C S-439: PRINCIPLES OF COMPUTER SYS-C S, Section no. 50470",C+,1,Computer Science
Fall 2024,50470,C S, 439,PRINCIPLES OF COMPUTER SYS-C S,"C S-439: PRINCIPLES OF COMPUTER SYS-C S, Section no. 50470",B-,1,Computer Science
Fall 2024,50470,C S, 439,PRINCIPLES OF COMPUTER SYS-C S,"C S-439: PRINCIPLES OF COMPUTER SYS-C S, Section no. 50470",B,5,Computer Science
Fall 2024,50470,C S, 439,PRINCIPLES OF COMPUTER SYS-C S,"C S-439: PRINCIPLES OF COMPUTER SYS-C S, Section no. 50470",B+,6,Computer Science
Fall 2024,50470,C S, 439,PRINCIPLES OF COMPUTER SYS-C S,"C S-439: PRINCIPLES OF COMPUTER SYS-C S, Section no. 50470",A-,4,Computer Science
Fall 2024,50470,C S, 439,PRINCIPLES OF COMPUTER SYS-C S,"C S-439: PRINCIPLES OF COMPUTER SYS-C S, Section no. 50470",A,5,Computer Science
Fall 2024,50475,C S, 439,PRINCIPLES OF COMPUTER SYS-C S,"C S-439: PRINCIPLES OF COMPUTER SYS-C S, Section no. 50475",Other,3,Computer Science
Fall 2024,50475,C S, 439,PRINCIPLES OF COMPUTER SYS-C S,"C S-439: PRINCIPLES OF COMPUTER SYS-C S, Section no. 50475",C+,1,Computer Science
Fall 2024,50475,C S, 439,PRINCIPLES OF COMPUTER SYS-C S,"C S-439: PRINCIPLES OF COMPUTER SYS-C S, Section no. 50475",B-,1,Computer Science
Fall 2024,50475,C S, 439,PRINCIPLES OF COMPUTER SYS-C S,"C S-439: PRINCIPLES OF COMPUTER SYS-C S, Section no. 50475",B,9,Computer Science
Fall 2024,50475,C S, 439,PRINCIPLES OF COMPUTER SYS-C S,"C S-439: PRINCIPLES OF COMPUTER SYS-C S, Section no. 50475",B+,6,Computer Science
Fall 2024,50475,C S, 439,PRINCIPLES OF COMPUTER SYS-C S,"C S-439: PRINCIPLES OF COMPUTER SYS-C S, Section no. 50475",A-,1,Computer Science
Fall 2024,50475,C S, 439,PRINCIPLES OF COMPUTER SYS-C S,"C S-439: PRINCIPLES OF COMPUTER SYS-C S, Section no. 50475",A,4,Computer Science
Fall 2024,50480,C S, 439,PRINCIPLES OF COMPUTER SYS-C S,"C S-439: PRINCIPLES OF COMPUTER SYS-C S, Section no. 50480",Other,3,Computer Science
Fall 2024,50480,C S, 439,PRINCIPLES OF COMPUTER SYS-C S,"C S-439: PRINCIPLES OF COMPUTER SYS-C S, Section no. 50480",C,1,Computer Science
Fall 2024,50480,C S, 439,PRINCIPLES OF COMPUTER SYS-C S,"C S-439: PRINCIPLES OF COMPUTER SYS-C S, Section no. 50480",C+,1,Computer Science
Fall 2024,50480,C S, 439,PRINCIPLES OF COMPUTER SYS-C S,"C S-439: PRINCIPLES OF COMPUTER SYS-C S, Section no. 50480",B-,4,Computer Science
Fall 2024,50480,C S, 439,PRINCIPLES OF COMPUTER SYS-C S,"C S-439: PRINCIPLES OF COMPUTER SYS-C S, Section no. 50480",B,5,Computer Science
Fall 2024,50480,C S, 439,PRINCIPLES OF COMPUTER SYS-C S,"C S-439: PRINCIPLES OF COMPUTER SYS-C S, Section no. 50480",B+,4,Computer Science
Fall 2024,50480,C S, 439,PRINCIPLES OF COMPUTER SYS-C S,"C S-439: PRINCIPLES OF COMPUTER SYS-C S, Section no. 50480",A-,2,Computer Science
Fall 2024,50480,C S, 439,PRINCIPLES OF COMPUTER SYS-C S,"C S-439: PRINCIPLES OF COMPUTER SYS-C S, Section no. 50480",A,5,Computer Science
Fall 2024,50485,C S, 439,PRINCIPLES OF COMPUTER SYS-C S,"C S-439: PRINCIPLES OF COMPUTER SYS-C S, Section no. 50485",Other,5,Computer Science
Fall 2024,50485,C S, 439,PRINCIPLES OF COMPUTER SYS-C S,"C S-439: PRINCIPLES OF COMPUTER SYS-C S, Section no. 50485",C,2,Computer Science
Fall 2024,50485,C S, 439,PRINCIPLES OF COMPUTER SYS-C S,"C S-439: PRINCIPLES OF COMPUTER SYS-C S, Section no. 50485",C+,2,Computer Science
Fall 2024,50485,C S, 439,PRINCIPLES OF COMPUTER SYS-C S,"C S-439: PRINCIPLES OF COMPUTER SYS-C S, Section no. 50485",B-,6,Computer Science
Fall 2024,50485,C S, 439,PRINCIPLES OF COMPUTER SYS-C S,"C S-439: PRINCIPLES OF COMPUTER SYS-C S, Section no. 50485",B,5,Computer Science
Fall 2024,50485,C S, 439,PRINCIPLES OF COMPUTER SYS-C S,"C S-439: PRINCIPLES OF COMPUTER SYS-C S, Section no. 50485",B+,3,Computer Science
Fall 2024,50485,C S, 439,PRINCIPLES OF COMPUTER SYS-C S,"C S-439: PRINCIPLES OF COMPUTER SYS-C S, Section no. 50485",A-,3,Computer Science
Fall 2024,50490,C S, 439H,PRINS OF COMPUTER SYS: HONORS,"C S-439H: PRINS OF COMPUTER SYS: HONORS, Section no. 50490",Other,5,Computer Science
Fall 2024,50490,C S, 439H,PRINS OF COMPUTER SYS: HONORS,"C S-439H: PRINS OF COMPUTER SYS: HONORS, Section no. 50490",C-,3,Computer Science
Fall 2024,50490,C S, 439H,PRINS OF COMPUTER SYS: HONORS,"C S-439H: PRINS OF COMPUTER SYS: HONORS, Section no. 50490",C,2,Computer Science
Fall 2024,50490,C S, 439H,PRINS OF COMPUTER SYS: HONORS,"C S-439H: PRINS OF COMPUTER SYS: HONORS, Section no. 50490",C+,6,Computer Science
Fall 2024,50490,C S, 439H,PRINS OF COMPUTER SYS: HONORS,"C S-439H: PRINS OF COMPUTER SYS: HONORS, Section no. 50490",B-,3,Computer Science
Fall 2024,50490,C S, 439H,PRINS OF COMPUTER SYS: HONORS,"C S-439H: PRINS OF COMPUTER SYS: HONORS, Section no. 50490",B,4,Computer Science
Fall 2024,50490,C S, 439H,PRINS OF COMPUTER SYS: HONORS,"C S-439H: PRINS OF COMPUTER SYS: HONORS, Section no. 50490",B+,8,Computer Science
Fall 2024,50490,C S, 439H,PRINS OF COMPUTER SYS: HONORS,"C S-439H: PRINS OF COMPUTER SYS: HONORS, Section no. 50490",A-,12,Computer Science
Fall 2024,50490,C S, 439H,PRINS OF COMPUTER SYS: HONORS,"C S-439H: PRINS OF COMPUTER SYS: HONORS, Section no. 50490",A,13,Computer Science
Fall 2024,50495,C S, 439H,PRINS OF COMPUTER SYS: HONORS,"C S-439H: PRINS OF COMPUTER SYS: HONORS, Section no. 50495",Other,1,Computer Science
Fall 2024,50495,C S, 439H,PRINS OF COMPUTER SYS: HONORS,"C S-439H: PRINS OF COMPUTER SYS: HONORS, Section no. 50495",C-,7,Computer Science
Fall 2024,50495,C S, 439H,PRINS OF COMPUTER SYS: HONORS,"C S-439H: PRINS OF COMPUTER SYS: HONORS, Section no. 50495",C,1,Computer Science
Fall 2024,50495,C S, 439H,PRINS OF COMPUTER SYS: HONORS,"C S-439H: PRINS OF COMPUTER SYS: HONORS, Section no. 50495",C+,2,Computer Science
Fall 2024,50495,C S, 439H,PRINS OF COMPUTER SYS: HONORS,"C S-439H: PRINS OF COMPUTER SYS: HONORS, Section no. 50495",B-,3,Computer Science
Fall 2024,50495,C S, 439H,PRINS OF COMPUTER SYS: HONORS,"C S-439H: PRINS OF COMPUTER SYS: HONORS, Section no. 50495",B,2,Computer Science
Fall 2024,50495,C S, 439H,PRINS OF COMPUTER SYS: HONORS,"C S-439H: PRINS OF COMPUTER SYS: HONORS, Section no. 50495",B+,6,Computer Science
Fall 2024,50495,C S, 439H,PRINS OF COMPUTER SYS: HONORS,"C S-439H: PRINS OF COMPUTER SYS: HONORS, Section no. 50495",A-,5,Computer Science
Fall 2024,50495,C S, 439H,PRINS OF COMPUTER SYS: HONORS,"C S-439H: PRINS OF COMPUTER SYS: HONORS, Section no. 50495",A,2,Computer Science
Fall 2024,50500,C S, 343,ARTIFICIAL INTELLIGENCE,"C S-343: ARTIFICIAL INTELLIGENCE, Section no. 50500",Other,7,Computer Science
Fall 2024,50500,C S, 343,ARTIFICIAL INTELLIGENCE,"C S-343: ARTIFICIAL INTELLIGENCE, Section no. 50500",C+,1,Computer Science
Fall 2024,50500,C S, 343,ARTIFICIAL INTELLIGENCE,"C S-343: ARTIFICIAL INTELLIGENCE, Section no. 50500",B-,4,Computer Science
Fall 2024,50500,C S, 343,ARTIFICIAL INTELLIGENCE,"C S-343: ARTIFICIAL INTELLIGENCE, Section no. 50500",B,9,Computer Science
Fall 2024,50500,C S, 343,ARTIFICIAL INTELLIGENCE,"C S-343: ARTIFICIAL INTELLIGENCE, Section no. 50500",B+,17,Computer Science
Fall 2024,50500,C S, 343,ARTIFICIAL INTELLIGENCE,"C S-343: ARTIFICIAL INTELLIGENCE, Section no. 50500",A-,8,Computer Science
Fall 2024,50500,C S, 343,ARTIFICIAL INTELLIGENCE,"C S-343: ARTIFICIAL INTELLIGENCE, Section no. 50500",A,12,Computer Science
Fall 2024,50504,C S, 343H,ARTIFICIAL INTELLIGENCE: HON,"C S-343H: ARTIFICIAL INTELLIGENCE: HON, Section no. 50504",Other,1,Computer Science
Fall 2024,50504,C S, 343H,ARTIFICIAL INTELLIGENCE: HON,"C S-343H: ARTIFICIAL INTELLIGENCE: HON, Section no. 50504",B-,6,Computer Science
Fall 2024,50504,C S, 343H,ARTIFICIAL INTELLIGENCE: HON,"C S-343H: ARTIFICIAL INTELLIGENCE: HON, Section no. 50504",B,11,Computer Science
Fall 2024,50504,C S, 343H,ARTIFICIAL INTELLIGENCE: HON,"C S-343H: ARTIFICIAL INTELLIGENCE: HON, Section no. 50504",B+,13,Computer Science
Fall 2024,50504,C S, 343H,ARTIFICIAL INTELLIGENCE: HON,"C S-343H: ARTIFICIAL INTELLIGENCE: HON, Section no. 50504",A-,1,Computer Science
Fall 2024,50504,C S, 343H,ARTIFICIAL INTELLIGENCE: HON,"C S-343H: ARTIFICIAL INTELLIGENCE: HON, Section no. 50504",A,29,Computer Science
Fall 2024,50505,C S, 346,CRYPTOGRAPHY,"C S-346: CRYPTOGRAPHY, Section no. 50505",Other,5,Computer Science
Fall 2024,50505,C S, 346,CRYPTOGRAPHY,"C S-346: CRYPTOGRAPHY, Section no. 50505",C,2,Computer Science
Fall 2024,50505,C S, 346,CRYPTOGRAPHY,"C S-346: CRYPTOGRAPHY, Section no. 50505",B-,4,Computer Science
Fall 2024,50505,C S, 346,CRYPTOGRAPHY,"C S-346: CRYPTOGRAPHY, Section no. 50505",B,8,Computer Science
Fall 2024,50505,C S, 346,CRYPTOGRAPHY,"C S-346: CRYPTOGRAPHY, Section no. 50505",B+,4,Computer Science
Fall 2024,50505,C S, 346,CRYPTOGRAPHY,"C S-346: CRYPTOGRAPHY, Section no. 50505",A-,4,Computer Science
Fall 2024,50505,C S, 346,CRYPTOGRAPHY,"C S-346: CRYPTOGRAPHY, Section no. 50505",A,8,Computer Science
Fall 2024,50510,C S, 347,DATA MANAGEMENT,"C S-347: DATA MANAGEMENT, Section no. 50510",Other,8,Computer Science
Fall 2024,50510,C S, 347,DATA MANAGEMENT,"C S-347: DATA MANAGEMENT, Section no. 50510",D-,1,Computer Science
Fall 2024,50510,C S, 347,DATA MANAGEMENT,"C S-347: DATA MANAGEMENT, Section no. 50510",C-,3,Computer Science
Fall 2024,50510,C S, 347,DATA MANAGEMENT,"C S-347: DATA MANAGEMENT, Section no. 50510",C,1,Computer Science
Fall 2024,50510,C S, 347,DATA MANAGEMENT,"C S-347: DATA MANAGEMENT, Section no. 50510",C+,2,Computer Science
Fall 2024,50510,C S, 347,DATA MANAGEMENT,"C S-347: DATA MANAGEMENT, Section no. 50510",B-,3,Computer Science
Fall 2024,50510,C S, 347,DATA MANAGEMENT,"C S-347: DATA MANAGEMENT, Section no. 50510",B,5,Computer Science
Fall 2024,50510,C S, 347,DATA MANAGEMENT,"C S-347: DATA MANAGEMENT, Section no. 50510",B+,3,Computer Science
Fall 2024,50510,C S, 347,DATA MANAGEMENT,"C S-347: DATA MANAGEMENT, Section no. 50510",A-,3,Computer Science
Fall 2024,50510,C S, 347,DATA MANAGEMENT,"C S-347: DATA MANAGEMENT, Section no. 50510",A,16,Computer Science
Fall 2024,50512,C S, 349,CONTEMP ISSUES IN COMPUTER SCI,"C S-349: CONTEMP ISSUES IN COMPUTER SCI, Section no. 50512",Other,1,Computer Science
Fall 2024,50512,C S, 349,CONTEMP ISSUES IN COMPUTER SCI,"C S-349: CONTEMP ISSUES IN COMPUTER SCI, Section no. 50512",B,1,Computer Science
Fall 2024,50512,C S, 349,CONTEMP ISSUES IN COMPUTER SCI,"C S-349: CONTEMP ISSUES IN COMPUTER SCI, Section no. 50512",A-,2,Computer Science
Fall 2024,50512,C S, 349,CONTEMP ISSUES IN COMPUTER SCI,"C S-349: CONTEMP ISSUES IN COMPUTER SCI, Section no. 50512",A,47,Computer Science
Fall 2024,50513,C S, 349,CONTEMP ISSUES IN COMPUTER SCI,"C S-349: CONTEMP ISSUES IN COMPUTER SCI, Section no. 50513",Other,1,Computer Science
Fall 2024,50513,C S, 349,CONTEMP ISSUES IN COMPUTER SCI,"C S-349: CONTEMP ISSUES IN COMPUTER SCI, Section no. 50513",B-,1,Computer Science
Fall 2024,50513,C S, 349,CONTEMP ISSUES IN COMPUTER SCI,"C S-349: CONTEMP ISSUES IN COMPUTER SCI, Section no. 50513",B,1,Computer Science
Fall 2024,50513,C S, 349,CONTEMP ISSUES IN COMPUTER SCI,"C S-349: CONTEMP ISSUES IN COMPUTER SCI, Section no. 50513",B+,1,Computer Science
Fall 2024,50513,C S, 349,CONTEMP ISSUES IN COMPUTER SCI,"C S-349: CONTEMP ISSUES IN COMPUTER SCI, Section no. 50513",A-,3,Computer Science
Fall 2024,50513,C S, 349,CONTEMP ISSUES IN COMPUTER SCI,"C S-349: CONTEMP ISSUES IN COMPUTER SCI, Section no. 50513",A,45,Computer Science
Fall 2024,50515,C S, 353,THEORY OF COMPUTATION,"C S-353: THEORY OF COMPUTATION, Section no. 50515",Other,3,Computer Science
Fall 2024,50515,C S, 353,THEORY OF COMPUTATION,"C S-353: THEORY OF COMPUTATION, Section no. 50515",B,1,Computer Science
Fall 2024,50515,C S, 353,THEORY OF COMPUTATION,"C S-353: THEORY OF COMPUTATION, Section no. 50515",B+,1,Computer Science
Fall 2024,50515,C S, 353,THEORY OF COMPUTATION,"C S-353: THEORY OF COMPUTATION, Section no. 50515",A-,2,Computer Science
Fall 2024,50515,C S, 353,THEORY OF COMPUTATION,"C S-353: THEORY OF COMPUTATION, Section no. 50515",A,5,Computer Science
Fall 2024,50520,C S, 354P,GAME PROGRAMMING PARADIGMS,"C S-354P: GAME PROGRAMMING PARADIGMS, Section no. 50520",Other,5,Computer Science
Fall 2024,50520,C S, 354P,GAME PROGRAMMING PARADIGMS,"C S-354P: GAME PROGRAMMING PARADIGMS, Section no. 50520",C,1,Computer Science
Fall 2024,50520,C S, 354P,GAME PROGRAMMING PARADIGMS,"C S-354P: GAME PROGRAMMING PARADIGMS, Section no. 50520",B,7,Computer Science
Fall 2024,50520,C S, 354P,GAME PROGRAMMING PARADIGMS,"C S-354P: GAME PROGRAMMING PARADIGMS, Section no. 50520",B+,3,Computer Science
Fall 2024,50520,C S, 354P,GAME PROGRAMMING PARADIGMS,"C S-354P: GAME PROGRAMMING PARADIGMS, Section no. 50520",A-,6,Computer Science
Fall 2024,50520,C S, 354P,GAME PROGRAMMING PARADIGMS,"C S-354P: GAME PROGRAMMING PARADIGMS, Section no. 50520",A,23,Computer Science
Fall 2024,50525,C S, 354R,GAME TECHNOLOGY,"C S-354R: GAME TECHNOLOGY, Section no. 50525",Other,4,Computer Science
Fall 2024,50525,C S, 354R,GAME TECHNOLOGY,"C S-354R: GAME TECHNOLOGY, Section no. 50525",F,3,Computer Science
Fall 2024,50525,C S, 354R,GAME TECHNOLOGY,"C S-354R: GAME TECHNOLOGY, Section no. 50525",C+,1,Computer Science
Fall 2024,50525,C S, 354R,GAME TECHNOLOGY,"C S-354R: GAME TECHNOLOGY, Section no. 50525",B,6,Computer Science
Fall 2024,50525,C S, 354R,GAME TECHNOLOGY,"C S-354R: GAME TECHNOLOGY, Section no. 50525",B+,3,Computer Science
Fall 2024,50525,C S, 354R,GAME TECHNOLOGY,"C S-354R: GAME TECHNOLOGY, Section no. 50525",A-,3,Computer Science
Fall 2024,50525,C S, 354R,GAME TECHNOLOGY,"C S-354R: GAME TECHNOLOGY, Section no. 50525",A,18,Computer Science
Fall 2024,50530,C S, 354S,GAME DEV CAPSTNE: 2-D GAMES,"C S-354S: GAME DEV CAPSTNE: 2-D GAMES, Section no. 50530",B,2,Computer Science
Fall 2024,50530,C S, 354S,GAME DEV CAPSTNE: 2-D GAMES,"C S-354S: GAME DEV CAPSTNE: 2-D GAMES, Section no. 50530",A-,4,Computer Science
Fall 2024,50530,C S, 354S,GAME DEV CAPSTNE: 2-D GAMES,"C S-354S: GAME DEV CAPSTNE: 2-D GAMES, Section no. 50530",A,7,Computer Science
Fall 2024,50535,C S, 356,COMPUTER NETWORKS,"C S-356: COMPUTER NETWORKS, Section no. 50535",Other,6,Computer Science
Fall 2024,50535,C S, 356,COMPUTER NETWORKS,"C S-356: COMPUTER NETWORKS, Section no. 50535",F,1,Computer Science
Fall 2024,50535,C S, 356,COMPUTER NETWORKS,"C S-356: COMPUTER NETWORKS, Section no. 50535",C+,1,Computer Science
Fall 2024,50535,C S, 356,COMPUTER NETWORKS,"C S-356: COMPUTER NETWORKS, Section no. 50535",B,2,Computer Science
Fall 2024,50535,C S, 356,COMPUTER NETWORKS,"C S-356: COMPUTER NETWORKS, Section no. 50535",B+,9,Computer Science
Fall 2024,50535,C S, 356,COMPUTER NETWORKS,"C S-356: COMPUTER NETWORKS, Section no. 50535",A,38,Computer Science
Fall 2024,50540,C S, 358H,INTRO TO QUANTUM INFO SCI: HON,"C S-358H: INTRO TO QUANTUM INFO SCI: HON, Section no. 50540",Other,8,Computer Science
Fall 2024,50540,C S, 358H,INTRO TO QUANTUM INFO SCI: HON,"C S-358H: INTRO TO QUANTUM INFO SCI: HON, Section no. 50540",D,3,Computer Science
Fall 2024,50540,C S, 358H,INTRO TO QUANTUM INFO SCI: HON,"C S-358H: INTRO TO QUANTUM INFO SCI: HON, Section no. 50540",C-,1,Computer Science
Fall 2024,50540,C S, 358H,INTRO TO QUANTUM INFO SCI: HON,"C S-358H: INTRO TO QUANTUM INFO SCI: HON, Section no. 50540",C+,4,Computer Science
Fall 2024,50540,C S, 358H,INTRO TO QUANTUM INFO SCI: HON,"C S-358H: INTRO TO QUANTUM INFO SCI: HON, Section no. 50540",B-,5,Computer Science
Fall 2024,50540,C S, 358H,INTRO TO QUANTUM INFO SCI: HON,"C S-358H: INTRO TO QUANTUM INFO SCI: HON, Section no. 50540",B,8,Computer Science
Fall 2024,50540,C S, 358H,INTRO TO QUANTUM INFO SCI: HON,"C S-358H: INTRO TO QUANTUM INFO SCI: HON, Section no. 50540",A-,3,Computer Science
Fall 2024,50540,C S, 358H,INTRO TO QUANTUM INFO SCI: HON,"C S-358H: INTRO TO QUANTUM INFO SCI: HON, Section no. 50540",A,12,Computer Science
Fall 2024,50549,C S, 361S,NETWORK SECURITY/PRIVACY-WB,"C S-361S: NETWORK SECURITY/PRIVACY-WB, Section no. 50549",Other,13,Computer Science
Fall 2024,50549,C S, 361S,NETWORK SECURITY/PRIVACY-WB,"C S-361S: NETWORK SECURITY/PRIVACY-WB, Section no. 50549",F,1,Computer Science
Fall 2024,50549,C S, 361S,NETWORK SECURITY/PRIVACY-WB,"C S-361S: NETWORK SECURITY/PRIVACY-WB, Section no. 50549",C,1,Computer Science
Fall 2024,50549,C S, 361S,NETWORK SECURITY/PRIVACY-WB,"C S-361S: NETWORK SECURITY/PRIVACY-WB, Section no. 50549",C+,1,Computer Science
Fall 2024,50549,C S, 361S,NETWORK SECURITY/PRIVACY-WB,"C S-361S: NETWORK SECURITY/PRIVACY-WB, Section no. 50549",B,2,Computer Science
Fall 2024,50549,C S, 361S,NETWORK SECURITY/PRIVACY-WB,"C S-361S: NETWORK SECURITY/PRIVACY-WB, Section no. 50549",B+,2,Computer Science
Fall 2024,50549,C S, 361S,NETWORK SECURITY/PRIVACY-WB,"C S-361S: NETWORK SECURITY/PRIVACY-WB, Section no. 50549",A-,1,Computer Science
Fall 2024,50549,C S, 361S,NETWORK SECURITY/PRIVACY-WB,"C S-361S: NETWORK SECURITY/PRIVACY-WB, Section no. 50549",A,2,Computer Science
Fall 2024,50550,C S, 363H,PRINCIP OF MACHIN LEARN I: HON,"C S-363H: PRINCIP OF MACHIN LEARN I: HON, Section no. 50550",Other,4,Computer Science
Fall 2024,50550,C S, 363H,PRINCIP OF MACHIN LEARN I: HON,"C S-363H: PRINCIP OF MACHIN LEARN I: HON, Section no. 50550",C,4,Computer Science
Fall 2024,50550,C S, 363H,PRINCIP OF MACHIN LEARN I: HON,"C S-363H: PRINCIP OF MACHIN LEARN I: HON, Section no. 50550",B-,4,Computer Science
Fall 2024,50550,C S, 363H,PRINCIP OF MACHIN LEARN I: HON,"C S-363H: PRINCIP OF MACHIN LEARN I: HON, Section no. 50550",B,8,Computer Science
Fall 2024,50550,C S, 363H,PRINCIP OF MACHIN LEARN I: HON,"C S-363H: PRINCIP OF MACHIN LEARN I: HON, Section no. 50550",B+,1,Computer Science
Fall 2024,50550,C S, 363H,PRINCIP OF MACHIN LEARN I: HON,"C S-363H: PRINCIP OF MACHIN LEARN I: HON, Section no. 50550",A-,7,Computer Science
Fall 2024,50550,C S, 363H,PRINCIP OF MACHIN LEARN I: HON,"C S-363H: PRINCIP OF MACHIN LEARN I: HON, Section no. 50550",A,26,Computer Science
Fall 2024,50555,C S, 363M,PRINCIPLES OF MACHINE LEARN I,"C S-363M: PRINCIPLES OF MACHINE LEARN I, Section no. 50555",Other,1,Computer Science
Fall 2024,50555,C S, 363M,PRINCIPLES OF MACHINE LEARN I,"C S-363M: PRINCIPLES OF MACHINE LEARN I, Section no. 50555",D,1,Computer Science
Fall 2024,50555,C S, 363M,PRINCIPLES OF MACHINE LEARN I,"C S-363M: PRINCIPLES OF MACHINE LEARN I, Section no. 50555",C,3,Computer Science
Fall 2024,50555,C S, 363M,PRINCIPLES OF MACHINE LEARN I,"C S-363M: PRINCIPLES OF MACHINE LEARN I, Section no. 50555",C+,2,Computer Science
Fall 2024,50555,C S, 363M,PRINCIPLES OF MACHINE LEARN I,"C S-363M: PRINCIPLES OF MACHINE LEARN I, Section no. 50555",B-,6,Computer Science
Fall 2024,50555,C S, 363M,PRINCIPLES OF MACHINE LEARN I,"C S-363M: PRINCIPLES OF MACHINE LEARN I, Section no. 50555",B,8,Computer Science
Fall 2024,50555,C S, 363M,PRINCIPLES OF MACHINE LEARN I,"C S-363M: PRINCIPLES OF MACHINE LEARN I, Section no. 50555",B+,12,Computer Science
Fall 2024,50555,C S, 363M,PRINCIPLES OF MACHINE LEARN I,"C S-363M: PRINCIPLES OF MACHINE LEARN I, Section no. 50555",A-,11,Computer Science
Fall 2024,50555,C S, 363M,PRINCIPLES OF MACHINE LEARN I,"C S-363M: PRINCIPLES OF MACHINE LEARN I, Section no. 50555",A,16,Computer Science
Fall 2024,50560,C S, 363M,PRINCIPLES OF MACHINE LEARN I,"C S-363M: PRINCIPLES OF MACHINE LEARN I, Section no. 50560",Other,3,Computer Science
Fall 2024,50560,C S, 363M,PRINCIPLES OF MACHINE LEARN I,"C S-363M: PRINCIPLES OF MACHINE LEARN I, Section no. 50560",C,3,Computer Science
Fall 2024,50560,C S, 363M,PRINCIPLES OF MACHINE LEARN I,"C S-363M: PRINCIPLES OF MACHINE LEARN I, Section no. 50560",B-,7,Computer Science
Fall 2024,50560,C S, 363M,PRINCIPLES OF MACHINE LEARN I,"C S-363M: PRINCIPLES OF MACHINE LEARN I, Section no. 50560",B,12,Computer Science
Fall 2024,50560,C S, 363M,PRINCIPLES OF MACHINE LEARN I,"C S-363M: PRINCIPLES OF MACHINE LEARN I, Section no. 50560",B+,7,Computer Science
Fall 2024,50560,C S, 363M,PRINCIPLES OF MACHINE LEARN I,"C S-363M: PRINCIPLES OF MACHINE LEARN I, Section no. 50560",A-,10,Computer Science
Fall 2024,50560,C S, 363M,PRINCIPLES OF MACHINE LEARN I,"C S-363M: PRINCIPLES OF MACHINE LEARN I, Section no. 50560",A,18,Computer Science
Fall 2024,50565,C S, 363M,PRINCIPLES OF MACHINE LEARN I,"C S-363M: PRINCIPLES OF MACHINE LEARN I, Section no. 50565",Other,2,Computer Science
Fall 2024,50565,C S, 363M,PRINCIPLES OF MACHINE LEARN I,"C S-363M: PRINCIPLES OF MACHINE LEARN I, Section no. 50565",F,1,Computer Science
Fall 2024,50565,C S, 363M,PRINCIPLES OF MACHINE LEARN I,"C S-363M: PRINCIPLES OF MACHINE LEARN I, Section no. 50565",D-,1,Computer Science
Fall 2024,50565,C S, 363M,PRINCIPLES OF MACHINE LEARN I,"C S-363M: PRINCIPLES OF MACHINE LEARN I, Section no. 50565",D,1,Computer Science
Fall 2024,50565,C S, 363M,PRINCIPLES OF MACHINE LEARN I,"C S-363M: PRINCIPLES OF MACHINE LEARN I, Section no. 50565",C-,2,Computer Science
Fall 2024,50565,C S, 363M,PRINCIPLES OF MACHINE LEARN I,"C S-363M: PRINCIPLES OF MACHINE LEARN I, Section no. 50565",C,1,Computer Science
Fall 2024,50565,C S, 363M,PRINCIPLES OF MACHINE LEARN I,"C S-363M: PRINCIPLES OF MACHINE LEARN I, Section no. 50565",C+,1,Computer Science
Fall 2024,50565,C S, 363M,PRINCIPLES OF MACHINE LEARN I,"C S-363M: PRINCIPLES OF MACHINE LEARN I, Section no. 50565",B-,4,Computer Science
Fall 2024,50565,C S, 363M,PRINCIPLES OF MACHINE LEARN I,"C S-363M: PRINCIPLES OF MACHINE LEARN I, Section no. 50565",B,9,Computer Science
Fall 2024,50565,C S, 363M,PRINCIPLES OF MACHINE LEARN I,"C S-363M: PRINCIPLES OF MACHINE LEARN I, Section no. 50565",B+,7,Computer Science
Fall 2024,50565,C S, 363M,PRINCIPLES OF MACHINE LEARN I,"C S-363M: PRINCIPLES OF MACHINE LEARN I, Section no. 50565",A-,6,Computer Science
Fall 2024,50565,C S, 363M,PRINCIPLES OF MACHINE LEARN I,"C S-363M: PRINCIPLES OF MACHINE LEARN I, Section no. 50565",A,25,Computer Science
Fall 2024,50570,C S, 364M,PRINCIPL OF MACHINE LEARN II,"C S-364M: PRINCIPL OF MACHINE LEARN II, Section no. 50570",Other,2,Computer Science
Fall 2024,50570,C S, 364M,PRINCIPL OF MACHINE LEARN II,"C S-364M: PRINCIPL OF MACHINE LEARN II, Section no. 50570",B+,3,Computer Science
Fall 2024,50570,C S, 364M,PRINCIPL OF MACHINE LEARN II,"C S-364M: PRINCIPL OF MACHINE LEARN II, Section no. 50570",A-,14,Computer Science
Fall 2024,50570,C S, 364M,PRINCIPL OF MACHINE LEARN II,"C S-364M: PRINCIPL OF MACHINE LEARN II, Section no. 50570",A,15,Computer Science
Fall 2024,50585,C S, 371L,IOS MOBILE COMPUTING,"C S-371L: IOS MOBILE COMPUTING, Section no. 50585",Other,2,Computer Science
Fall 2024,50585,C S, 371L,IOS MOBILE COMPUTING,"C S-371L: IOS MOBILE COMPUTING, Section no. 50585",F,1,Computer Science
Fall 2024,50585,C S, 371L,IOS MOBILE COMPUTING,"C S-371L: IOS MOBILE COMPUTING, Section no. 50585",C+,1,Computer Science
Fall 2024,50585,C S, 371L,IOS MOBILE COMPUTING,"C S-371L: IOS MOBILE COMPUTING, Section no. 50585",B,1,Computer Science
Fall 2024,50585,C S, 371L,IOS MOBILE COMPUTING,"C S-371L: IOS MOBILE COMPUTING, Section no. 50585",A-,7,Computer Science
Fall 2024,50585,C S, 371L,IOS MOBILE COMPUTING,"C S-371L: IOS MOBILE COMPUTING, Section no. 50585",A,46,Computer Science
Fall 2024,50590,C S, 371N,NATURAL LANGUAGE PROCESSING,"C S-371N: NATURAL LANGUAGE PROCESSING, Section no. 50590",Other,14,Computer Science
Fall 2024,50590,C S, 371N,NATURAL LANGUAGE PROCESSING,"C S-371N: NATURAL LANGUAGE PROCESSING, Section no. 50590",C-,1,Computer Science
Fall 2024,50590,C S, 371N,NATURAL LANGUAGE PROCESSING,"C S-371N: NATURAL LANGUAGE PROCESSING, Section no. 50590",C,1,Computer Science
Fall 2024,50590,C S, 371N,NATURAL LANGUAGE PROCESSING,"C S-371N: NATURAL LANGUAGE PROCESSING, Section no. 50590",C+,2,Computer Science
Fall 2024,50590,C S, 371N,NATURAL LANGUAGE PROCESSING,"C S-371N: NATURAL LANGUAGE PROCESSING, Section no. 50590",B-,6,Computer Science
Fall 2024,50590,C S, 371N,NATURAL LANGUAGE PROCESSING,"C S-371N: NATURAL LANGUAGE PROCESSING, Section no. 50590",B,9,Computer Science
Fall 2024,50590,C S, 371N,NATURAL LANGUAGE PROCESSING,"C S-371N: NATURAL LANGUAGE PROCESSING, Section no. 50590",B+,9,Computer Science
Fall 2024,50590,C S, 371N,NATURAL LANGUAGE PROCESSING,"C S-371N: NATURAL LANGUAGE PROCESSING, Section no. 50590",A-,15,Computer Science
Fall 2024,50590,C S, 371N,NATURAL LANGUAGE PROCESSING,"C S-371N: NATURAL LANGUAGE PROCESSING, Section no. 50590",A,20,Computer Science
Fall 2024,50595,C S, 371P,OBJECT-ORIENTED PROGRAMMING,"C S-371P: OBJECT-ORIENTED PROGRAMMING, Section no. 50595",Other,2,Computer Science
Fall 2024,50595,C S, 371P,OBJECT-ORIENTED PROGRAMMING,"C S-371P: OBJECT-ORIENTED PROGRAMMING, Section no. 50595",D-,1,Computer Science
Fall 2024,50595,C S, 371P,OBJECT-ORIENTED PROGRAMMING,"C S-371P: OBJECT-ORIENTED PROGRAMMING, Section no. 50595",C-,4,Computer Science
Fall 2024,50595,C S, 371P,OBJECT-ORIENTED PROGRAMMING,"C S-371P: OBJECT-ORIENTED PROGRAMMING, Section no. 50595",C,1,Computer Science
Fall 2024,50595,C S, 371P,OBJECT-ORIENTED PROGRAMMING,"C S-371P: OBJECT-ORIENTED PROGRAMMING, Section no. 50595",C+,1,Computer Science
Fall 2024,50595,C S, 371P,OBJECT-ORIENTED PROGRAMMING,"C S-371P: OBJECT-ORIENTED PROGRAMMING, Section no. 50595",B-,2,Computer Science
Fall 2024,50595,C S, 371P,OBJECT-ORIENTED PROGRAMMING,"C S-371P: OBJECT-ORIENTED PROGRAMMING, Section no. 50595",B,3,Computer Science
Fall 2024,50595,C S, 371P,OBJECT-ORIENTED PROGRAMMING,"C S-371P: OBJECT-ORIENTED PROGRAMMING, Section no. 50595",B+,5,Computer Science
Fall 2024,50595,C S, 371P,OBJECT-ORIENTED PROGRAMMING,"C S-371P: OBJECT-ORIENTED PROGRAMMING, Section no. 50595",A-,4,Computer Science
Fall 2024,50595,C S, 371P,OBJECT-ORIENTED PROGRAMMING,"C S-371P: OBJECT-ORIENTED PROGRAMMING, Section no. 50595",A,30,Computer Science
Fall 2024,50600,C S, 371P,OBJECT-ORIENTED PROGRAMMING,"C S-371P: OBJECT-ORIENTED PROGRAMMING, Section no. 50600",Other,2,Computer Science
Fall 2024,50600,C S, 371P,OBJECT-ORIENTED PROGRAMMING,"C S-371P: OBJECT-ORIENTED PROGRAMMING, Section no. 50600",F,1,Computer Science
Fall 2024,50600,C S, 371P,OBJECT-ORIENTED PROGRAMMING,"C S-371P: OBJECT-ORIENTED PROGRAMMING, Section no. 50600",D-,1,Computer Science
Fall 2024,50600,C S, 371P,OBJECT-ORIENTED PROGRAMMING,"C S-371P: OBJECT-ORIENTED PROGRAMMING, Section no. 50600",C-,2,Computer Science
Fall 2024,50600,C S, 371P,OBJECT-ORIENTED PROGRAMMING,"C S-371P: OBJECT-ORIENTED PROGRAMMING, Section no. 50600",C,3,Computer Science
Fall 2024,50600,C S, 371P,OBJECT-ORIENTED PROGRAMMING,"C S-371P: OBJECT-ORIENTED PROGRAMMING, Section no. 50600",C+,3,Computer Science
Fall 2024,50600,C S, 371P,OBJECT-ORIENTED PROGRAMMING,"C S-371P: OBJECT-ORIENTED PROGRAMMING, Section no. 50600",B-,1,Computer Science
Fall 2024,50600,C S, 371P,OBJECT-ORIENTED PROGRAMMING,"C S-371P: OBJECT-ORIENTED PROGRAMMING, Section no. 50600",B,4,Computer Science
Fall 2024,50600,C S, 371P,OBJECT-ORIENTED PROGRAMMING,"C S-371P: OBJECT-ORIENTED PROGRAMMING, Section no. 50600",B+,14,Computer Science
Fall 2024,50600,C S, 371P,OBJECT-ORIENTED PROGRAMMING,"C S-371P: OBJECT-ORIENTED PROGRAMMING, Section no. 50600",A-,3,Computer Science
Fall 2024,50600,C S, 371P,OBJECT-ORIENTED PROGRAMMING,"C S-371P: OBJECT-ORIENTED PROGRAMMING, Section no. 50600",A,26,Computer Science
Fall 2024,50605,C S, 371R,INFO RETRIEVAL AND WEB SEARCH,"C S-371R: INFO RETRIEVAL AND WEB SEARCH, Section no. 50605",Other,9,Computer Science
Fall 2024,50605,C S, 371R,INFO RETRIEVAL AND WEB SEARCH,"C S-371R: INFO RETRIEVAL AND WEB SEARCH, Section no. 50605",D,2,Computer Science
Fall 2024,50605,C S, 371R,INFO RETRIEVAL AND WEB SEARCH,"C S-371R: INFO RETRIEVAL AND WEB SEARCH, Section no. 50605",C-,2,Computer Science
Fall 2024,50605,C S, 371R,INFO RETRIEVAL AND WEB SEARCH,"C S-371R: INFO RETRIEVAL AND WEB SEARCH, Section no. 50605",C,4,Computer Science
Fall 2024,50605,C S, 371R,INFO RETRIEVAL AND WEB SEARCH,"C S-371R: INFO RETRIEVAL AND WEB SEARCH, Section no. 50605",C+,2,Computer Science
Fall 2024,50605,C S, 371R,INFO RETRIEVAL AND WEB SEARCH,"C S-371R: INFO RETRIEVAL AND WEB SEARCH, Section no. 50605",B-,5,Computer Science
Fall 2024,50605,C S, 371R,INFO RETRIEVAL AND WEB SEARCH,"C S-371R: INFO RETRIEVAL AND WEB SEARCH, Section no. 50605",B,8,Computer Science
Fall 2024,50605,C S, 371R,INFO RETRIEVAL AND WEB SEARCH,"C S-371R: INFO RETRIEVAL AND WEB SEARCH, Section no. 50605",B+,3,Computer Science
Fall 2024,50605,C S, 371R,INFO RETRIEVAL AND WEB SEARCH,"C S-371R: INFO RETRIEVAL AND WEB SEARCH, Section no. 50605",A-,9,Computer Science
Fall 2024,50605,C S, 371R,INFO RETRIEVAL AND WEB SEARCH,"C S-371R: INFO RETRIEVAL AND WEB SEARCH, Section no. 50605",A,12,Computer Science
Fall 2024,50610,C S, 373,SOFTWARE ENGINEERING,"C S-373: SOFTWARE ENGINEERING, Section no. 50610",B,1,Computer Science
Fall 2024,50610,C S, 373,SOFTWARE ENGINEERING,"C S-373: SOFTWARE ENGINEERING, Section no. 50610",B+,6,Computer Science
Fall 2024,50610,C S, 373,SOFTWARE ENGINEERING,"C S-373: SOFTWARE ENGINEERING, Section no. 50610",A-,7,Computer Science
Fall 2024,50610,C S, 373,SOFTWARE ENGINEERING,"C S-373: SOFTWARE ENGINEERING, Section no. 50610",A,44,Computer Science
Fall 2024,50615,C S, 373,SOFTWARE ENGINEERING,"C S-373: SOFTWARE ENGINEERING, Section no. 50615",Other,1,Computer Science
Fall 2024,50615,C S, 373,SOFTWARE ENGINEERING,"C S-373: SOFTWARE ENGINEERING, Section no. 50615",C+,1,Computer Science
Fall 2024,50615,C S, 373,SOFTWARE ENGINEERING,"C S-373: SOFTWARE ENGINEERING, Section no. 50615",B-,2,Computer Science
Fall 2024,50615,C S, 373,SOFTWARE ENGINEERING,"C S-373: SOFTWARE ENGINEERING, Section no. 50615",B,1,Computer Science
Fall 2024,50615,C S, 373,SOFTWARE ENGINEERING,"C S-373: SOFTWARE ENGINEERING, Section no. 50615",B+,3,Computer Science
Fall 2024,50615,C S, 373,SOFTWARE ENGINEERING,"C S-373: SOFTWARE ENGINEERING, Section no. 50615",A-,6,Computer Science
Fall 2024,50615,C S, 373,SOFTWARE ENGINEERING,"C S-373: SOFTWARE ENGINEERING, Section no. 50615",A,45,Computer Science
Fall 2024,50620,C S, 174S,LONGHORN STARTUP SEMINAR,"C S-174S: LONGHORN STARTUP SEMINAR, Section no. 50620",Other,8,Computer Science
Fall 2024,50620,C S, 174S,LONGHORN STARTUP SEMINAR,"C S-174S: LONGHORN STARTUP SEMINAR, Section no. 50620",F,3,Computer Science
Fall 2024,50620,C S, 174S,LONGHORN STARTUP SEMINAR,"C S-174S: LONGHORN STARTUP SEMINAR, Section no. 50620",A,44,Computer Science
Fall 2024,50625,C S, 375,COMPILERS,"C S-375: COMPILERS, Section no. 50625",Other,4,Computer Science
Fall 2024,50625,C S, 375,COMPILERS,"C S-375: COMPILERS, Section no. 50625",D,1,Computer Science
Fall 2024,50625,C S, 375,COMPILERS,"C S-375: COMPILERS, Section no. 50625",C-,2,Computer Science
Fall 2024,50625,C S, 375,COMPILERS,"C S-375: COMPILERS, Section no. 50625",C,3,Computer Science
Fall 2024,50625,C S, 375,COMPILERS,"C S-375: COMPILERS, Section no. 50625",C+,1,Computer Science
Fall 2024,50625,C S, 375,COMPILERS,"C S-375: COMPILERS, Section no. 50625",B,4,Computer Science
Fall 2024,50625,C S, 375,COMPILERS,"C S-375: COMPILERS, Section no. 50625",B+,1,Computer Science
Fall 2024,50625,C S, 375,COMPILERS,"C S-375: COMPILERS, Section no. 50625",A-,6,Computer Science
Fall 2024,50625,C S, 375,COMPILERS,"C S-375: COMPILERS, Section no. 50625",A,37,Computer Science
Fall 2024,50630,C S, 377P,PROGRAMMING FOR PERFORMANCE,"C S-377P: PROGRAMMING FOR PERFORMANCE, Section no. 50630",Other,7,Computer Science
Fall 2024,50630,C S, 377P,PROGRAMMING FOR PERFORMANCE,"C S-377P: PROGRAMMING FOR PERFORMANCE, Section no. 50630",B-,2,Computer Science
Fall 2024,50630,C S, 377P,PROGRAMMING FOR PERFORMANCE,"C S-377P: PROGRAMMING FOR PERFORMANCE, Section no. 50630",B,1,Computer Science
Fall 2024,50630,C S, 377P,PROGRAMMING FOR PERFORMANCE,"C S-377P: PROGRAMMING FOR PERFORMANCE, Section no. 50630",B+,10,Computer Science
Fall 2024,50630,C S, 377P,PROGRAMMING FOR PERFORMANCE,"C S-377P: PROGRAMMING FOR PERFORMANCE, Section no. 50630",A-,12,Computer Science
Fall 2024,50630,C S, 377P,PROGRAMMING FOR PERFORMANCE,"C S-377P: PROGRAMMING FOR PERFORMANCE, Section no. 50630",A,13,Computer Science
Fall 2024,50635,C S, 378,AUTON INTELLGNT ROBTCS II-FRI,"C S-378: AUTON INTELLGNT ROBTCS II-FRI, Section no. 50635",A-,2,Computer Science
Fall 2024,50635,C S, 378,AUTON INTELLGNT ROBTCS II-FRI,"C S-378: AUTON INTELLGNT ROBTCS II-FRI, Section no. 50635",A,25,Computer Science
Fall 2024,50640,C S, 378,BEHAVIORAL ETHICS: DIGITAL AGE,"C S-378: BEHAVIORAL ETHICS: DIGITAL AGE, Section no. 50640",B+,2,Computer Science
Fall 2024,50640,C S, 378,BEHAVIORAL ETHICS: DIGITAL AGE,"C S-378: BEHAVIORAL ETHICS: DIGITAL AGE, Section no. 50640",A-,1,Computer Science
Fall 2024,50640,C S, 378,BEHAVIORAL ETHICS: DIGITAL AGE,"C S-378: BEHAVIORAL ETHICS: DIGITAL AGE, Section no. 50640",A,46,Computer Science
Fall 2024,50645,C S, 378,BIG DATA IN BIOLOGY-FRI,"C S-378: BIG DATA IN BIOLOGY-FRI, Section no. 50645",Other,1,Computer Science
Fall 2024,50645,C S, 378,BIG DATA IN BIOLOGY-FRI,"C S-378: BIG DATA IN BIOLOGY-FRI, Section no. 50645",A-,2,Computer Science
Fall 2024,50645,C S, 378,BIG DATA IN BIOLOGY-FRI,"C S-378: BIG DATA IN BIOLOGY-FRI, Section no. 50645",A,11,Computer Science
Fall 2024,50655,C S, 378,CLOUD COMPUTING,"C S-378: CLOUD COMPUTING, Section no. 50655",Other,3,Computer Science
Fall 2024,50655,C S, 378,CLOUD COMPUTING,"C S-378: CLOUD COMPUTING, Section no. 50655",A-,3,Computer Science
Fall 2024,50655,C S, 378,CLOUD COMPUTING,"C S-378: CLOUD COMPUTING, Section no. 50655",A,41,Computer Science
Fall 2024,50660,C S, 378,CLOUD COMPUTING,"C S-378: CLOUD COMPUTING, Section no. 50660",Other,3,Computer Science
Fall 2024,50660,C S, 378,CLOUD COMPUTING,"C S-378: CLOUD COMPUTING, Section no. 50660",B,1,Computer Science
Fall 2024,50660,C S, 378,CLOUD COMPUTING,"C S-378: CLOUD COMPUTING, Section no. 50660",A-,2,Computer Science
Fall 2024,50660,C S, 378,CLOUD COMPUTING,"C S-378: CLOUD COMPUTING, Section no. 50660",A,28,Computer Science
Fall 2024,50670,C S, 378,ETHICAL HACKING,"C S-378: ETHICAL HACKING, Section no. 50670",Other,7,Computer Science
Fall 2024,50670,C S, 378,ETHICAL HACKING,"C S-378: ETHICAL HACKING, Section no. 50670",B-,1,Computer Science
Fall 2024,50670,C S, 378,ETHICAL HACKING,"C S-378: ETHICAL HACKING, Section no. 50670",B,1,Computer Science
Fall 2024,50670,C S, 378,ETHICAL HACKING,"C S-378: ETHICAL HACKING, Section no. 50670",A-,4,Computer Science
Fall 2024,50670,C S, 378,ETHICAL HACKING,"C S-378: ETHICAL HACKING, Section no. 50670",A,44,Computer Science
Fall 2024,50679,C S, 378,FNDTN OF DATA WAREHOUSING,"C S-378: FNDTN OF DATA WAREHOUSING, Section no. 50679",Other,4,Computer Science
Fall 2024,50679,C S, 378,FNDTN OF DATA WAREHOUSING,"C S-378: FNDTN OF DATA WAREHOUSING, Section no. 50679",C+,1,Computer Science
Fall 2024,50679,C S, 378,FNDTN OF DATA WAREHOUSING,"C S-378: FNDTN OF DATA WAREHOUSING, Section no. 50679",B-,3,Computer Science
Fall 2024,50679,C S, 378,FNDTN OF DATA WAREHOUSING,"C S-378: FNDTN OF DATA WAREHOUSING, Section no. 50679",B,3,Computer Science
Fall 2024,50679,C S, 378,FNDTN OF DATA WAREHOUSING,"C S-378: FNDTN OF DATA WAREHOUSING, Section no. 50679",A-,3,Computer Science
Fall 2024,50679,C S, 378,FNDTN OF DATA WAREHOUSING,"C S-378: FNDTN OF DATA WAREHOUSING, Section no. 50679",A,40,Computer Science
Fall 2024,50690,C S, 378,INTRODUCTORY GAME THEORY,"C S-378: INTRODUCTORY GAME THEORY, Section no. 50690",B-,1,Computer Science
Fall 2024,50690,C S, 378,INTRODUCTORY GAME THEORY,"C S-378: INTRODUCTORY GAME THEORY, Section no. 50690",B,2,Computer Science
Fall 2024,50690,C S, 378,INTRODUCTORY GAME THEORY,"C S-378: INTRODUCTORY GAME THEORY, Section no. 50690",B+,2,Computer Science
Fall 2024,50690,C S, 378,INTRODUCTORY GAME THEORY,"C S-378: INTRODUCTORY GAME THEORY, Section no. 50690",A-,1,Computer Science
Fall 2024,50690,C S, 378,INTRODUCTORY GAME THEORY,"C S-378: INTRODUCTORY GAME THEORY, Section no. 50690",A,7,Computer Science
Fall 2024,50700,C S, 378,MODERN WEB APPLICATIONS-WB,"C S-378: MODERN WEB APPLICATIONS-WB, Section no. 50700",Other,1,Computer Science
Fall 2024,50700,C S, 378,MODERN WEB APPLICATIONS-WB,"C S-378: MODERN WEB APPLICATIONS-WB, Section no. 50700",F,1,Computer Science
Fall 2024,50700,C S, 378,MODERN WEB APPLICATIONS-WB,"C S-378: MODERN WEB APPLICATIONS-WB, Section no. 50700",C+,1,Computer Science
Fall 2024,50700,C S, 378,MODERN WEB APPLICATIONS-WB,"C S-378: MODERN WEB APPLICATIONS-WB, Section no. 50700",B-,2,Computer Science
Fall 2024,50700,C S, 378,MODERN WEB APPLICATIONS-WB,"C S-378: MODERN WEB APPLICATIONS-WB, Section no. 50700",B,5,Computer Science
Fall 2024,50700,C S, 378,MODERN WEB APPLICATIONS-WB,"C S-378: MODERN WEB APPLICATIONS-WB, Section no. 50700",B+,4,Computer Science
Fall 2024,50700,C S, 378,MODERN WEB APPLICATIONS-WB,"C S-378: MODERN WEB APPLICATIONS-WB, Section no. 50700",A-,22,Computer Science
Fall 2024,50700,C S, 378,MODERN WEB APPLICATIONS-WB,"C S-378: MODERN WEB APPLICATIONS-WB, Section no. 50700",A,22,Computer Science
Fall 2024,50705,C S, 378,NLP SEMANTICS,"C S-378: NLP SEMANTICS, Section no. 50705",B,1,Computer Science
Fall 2024,50705,C S, 378,NLP SEMANTICS,"C S-378: NLP SEMANTICS, Section no. 50705",B+,3,Computer Science
Fall 2024,50705,C S, 378,NLP SEMANTICS,"C S-378: NLP SEMANTICS, Section no. 50705",A-,3,Computer Science
Fall 2024,50705,C S, 378,NLP SEMANTICS,"C S-378: NLP SEMANTICS, Section no. 50705",A,49,Computer Science
Fall 2024,50710,C S, 378,NEUROEVOLUTION,"C S-378: NEUROEVOLUTION, Section no. 50710",Other,4,Computer Science
Fall 2024,50710,C S, 378,NEUROEVOLUTION,"C S-378: NEUROEVOLUTION, Section no. 50710",B-,2,Computer Science
Fall 2024,50710,C S, 378,NEUROEVOLUTION,"C S-378: NEUROEVOLUTION, Section no. 50710",B,1,Computer Science
Fall 2024,50710,C S, 378,NEUROEVOLUTION,"C S-378: NEUROEVOLUTION, Section no. 50710",B+,1,Computer Science
Fall 2024,50710,C S, 378,NEUROEVOLUTION,"C S-378: NEUROEVOLUTION, Section no. 50710",A-,4,Computer Science
Fall 2024,50710,C S, 378,NEUROEVOLUTION,"C S-378: NEUROEVOLUTION, Section no. 50710",A,36,Computer Science
Fall 2024,50715,C S, 378,ENERGY EFFICIENT COMPUTING,"C S-378: ENERGY EFFICIENT COMPUTING, Section no. 50715",Other,4,Computer Science
Fall 2024,50715,C S, 378,ENERGY EFFICIENT COMPUTING,"C S-378: ENERGY EFFICIENT COMPUTING, Section no. 50715",F,1,Computer Science
Fall 2024,50715,C S, 378,ENERGY EFFICIENT COMPUTING,"C S-378: ENERGY EFFICIENT COMPUTING, Section no. 50715",B-,1,Computer Science
Fall 2024,50715,C S, 378,ENERGY EFFICIENT COMPUTING,"C S-378: ENERGY EFFICIENT COMPUTING, Section no. 50715",B,5,Computer Science
Fall 2024,50715,C S, 378,ENERGY EFFICIENT COMPUTING,"C S-378: ENERGY EFFICIENT COMPUTING, Section no. 50715",B+,3,Computer Science
Fall 2024,50715,C S, 378,ENERGY EFFICIENT COMPUTING,"C S-378: ENERGY EFFICIENT COMPUTING, Section no. 50715",A-,5,Computer Science
Fall 2024,50715,C S, 378,ENERGY EFFICIENT COMPUTING,"C S-378: ENERGY EFFICIENT COMPUTING, Section no. 50715",A,11,Computer Science
Fall 2024,50720,C S, 378,QUANTUM COMPUTING-FRI,"C S-378: QUANTUM COMPUTING-FRI, Section no. 50720",D,1,Computer Science
Fall 2024,50720,C S, 378,QUANTUM COMPUTING-FRI,"C S-378: QUANTUM COMPUTING-FRI, Section no. 50720",D+,1,Computer Science
Fall 2024,50720,C S, 378,QUANTUM COMPUTING-FRI,"C S-378: QUANTUM COMPUTING-FRI, Section no. 50720",C+,1,Computer Science
Fall 2024,50720,C S, 378,QUANTUM COMPUTING-FRI,"C S-378: QUANTUM COMPUTING-FRI, Section no. 50720",B-,1,Computer Science
Fall 2024,50720,C S, 378,QUANTUM COMPUTING-FRI,"C S-378: QUANTUM COMPUTING-FRI, Section no. 50720",B,2,Computer Science
Fall 2024,50720,C S, 378,QUANTUM COMPUTING-FRI,"C S-378: QUANTUM COMPUTING-FRI, Section no. 50720",B+,6,Computer Science
Fall 2024,50720,C S, 378,QUANTUM COMPUTING-FRI,"C S-378: QUANTUM COMPUTING-FRI, Section no. 50720",A-,7,Computer Science
Fall 2024,50720,C S, 378,QUANTUM COMPUTING-FRI,"C S-378: QUANTUM COMPUTING-FRI, Section no. 50720",A,6,Computer Science
Fall 2024,50730,C S, 378,SYMBOLIC PROGRAMMING,"C S-378: SYMBOLIC PROGRAMMING, Section no. 50730",Other,1,Computer Science
Fall 2024,50730,C S, 378,SYMBOLIC PROGRAMMING,"C S-378: SYMBOLIC PROGRAMMING, Section no. 50730",D,1,Computer Science
Fall 2024,50730,C S, 378,SYMBOLIC PROGRAMMING,"C S-378: SYMBOLIC PROGRAMMING, Section no. 50730",C+,2,Computer Science
Fall 2024,50730,C S, 378,SYMBOLIC PROGRAMMING,"C S-378: SYMBOLIC PROGRAMMING, Section no. 50730",B-,1,Computer Science
Fall 2024,50730,C S, 378,SYMBOLIC PROGRAMMING,"C S-378: SYMBOLIC PROGRAMMING, Section no. 50730",B,2,Computer Science
Fall 2024,50730,C S, 378,SYMBOLIC PROGRAMMING,"C S-378: SYMBOLIC PROGRAMMING, Section no. 50730",B+,3,Computer Science
Fall 2024,50730,C S, 378,SYMBOLIC PROGRAMMING,"C S-378: SYMBOLIC PROGRAMMING, Section no. 50730",A-,7,Computer Science
Fall 2024,50730,C S, 378,SYMBOLIC PROGRAMMING,"C S-378: SYMBOLIC PROGRAMMING, Section no. 50730",A,41,Computer Science
Fall 2024,50735,C S, 378,SYSTEMS FOR MACHINE LEARNING,"C S-378: SYSTEMS FOR MACHINE LEARNING, Section no. 50735",Other,1,Computer Science
Fall 2024,50735,C S, 378,SYSTEMS FOR MACHINE LEARNING,"C S-378: SYSTEMS FOR MACHINE LEARNING, Section no. 50735",B,1,Computer Science
Fall 2024,50735,C S, 378,SYSTEMS FOR MACHINE LEARNING,"C S-378: SYSTEMS FOR MACHINE LEARNING, Section no. 50735",B+,4,Computer Science
Fall 2024,50735,C S, 378,SYSTEMS FOR MACHINE LEARNING,"C S-378: SYSTEMS FOR MACHINE LEARNING, Section no. 50735",A-,2,Computer Science
Fall 2024,50735,C S, 378,SYSTEMS FOR MACHINE LEARNING,"C S-378: SYSTEMS FOR MACHINE LEARNING, Section no. 50735",A,51,Computer Science
Fall 2024,50753,C S, 380I,STRC/IMPLMNTN MDRN PR LANGS-WB,"C S-380I: STRC/IMPLMNTN MDRN PR LANGS-WB, Section no. 50753",Other,21,Computer Science
Fall 2024,50753,C S, 380I,STRC/IMPLMNTN MDRN PR LANGS-WB,"C S-380I: STRC/IMPLMNTN MDRN PR LANGS-WB, Section no. 50753",F,1,Computer Science
Fall 2024,50753,C S, 380I,STRC/IMPLMNTN MDRN PR LANGS-WB,"C S-380I: STRC/IMPLMNTN MDRN PR LANGS-WB, Section no. 50753",C-,1,Computer Science
Fall 2024,50753,C S, 380I,STRC/IMPLMNTN MDRN PR LANGS-WB,"C S-380I: STRC/IMPLMNTN MDRN PR LANGS-WB, Section no. 50753",C,5,Computer Science
Fall 2024,50753,C S, 380I,STRC/IMPLMNTN MDRN PR LANGS-WB,"C S-380I: STRC/IMPLMNTN MDRN PR LANGS-WB, Section no. 50753",C+,3,Computer Science
Fall 2024,50753,C S, 380I,STRC/IMPLMNTN MDRN PR LANGS-WB,"C S-380I: STRC/IMPLMNTN MDRN PR LANGS-WB, Section no. 50753",B-,2,Computer Science
Fall 2024,50753,C S, 380I,STRC/IMPLMNTN MDRN PR LANGS-WB,"C S-380I: STRC/IMPLMNTN MDRN PR LANGS-WB, Section no. 50753",B,7,Computer Science
Fall 2024,50753,C S, 380I,STRC/IMPLMNTN MDRN PR LANGS-WB,"C S-380I: STRC/IMPLMNTN MDRN PR LANGS-WB, Section no. 50753",B+,10,Computer Science
Fall 2024,50753,C S, 380I,STRC/IMPLMNTN MDRN PR LANGS-WB,"C S-380I: STRC/IMPLMNTN MDRN PR LANGS-WB, Section no. 50753",A-,16,Computer Science
Fall 2024,50753,C S, 380I,STRC/IMPLMNTN MDRN PR LANGS-WB,"C S-380I: STRC/IMPLMNTN MDRN PR LANGS-WB, Section no. 50753",A,20,Computer Science
Fall 2024,50754,C S, 380D,DISTRIBUTED COMPUTING I,"C S-380D: DISTRIBUTED COMPUTING I, Section no. 50754",Other,1,Computer Science
Fall 2024,50754,C S, 380D,DISTRIBUTED COMPUTING I,"C S-380D: DISTRIBUTED COMPUTING I, Section no. 50754",B+,1,Computer Science
Fall 2024,50754,C S, 380D,DISTRIBUTED COMPUTING I,"C S-380D: DISTRIBUTED COMPUTING I, Section no. 50754",A-,3,Computer Science
Fall 2024,50754,C S, 380D,DISTRIBUTED COMPUTING I,"C S-380D: DISTRIBUTED COMPUTING I, Section no. 50754",A,22,Computer Science
Fall 2024,50760,C S, 380P,PARALLEL SYSTEMS-WB,"C S-380P: PARALLEL SYSTEMS-WB, Section no. 50760",Other,40,Computer Science
Fall 2024,50760,C S, 380P,PARALLEL SYSTEMS-WB,"C S-380P: PARALLEL SYSTEMS-WB, Section no. 50760",F,2,Computer Science
Fall 2024,50760,C S, 380P,PARALLEL SYSTEMS-WB,"C S-380P: PARALLEL SYSTEMS-WB, Section no. 50760",C,5,Computer Science
Fall 2024,50760,C S, 380P,PARALLEL SYSTEMS-WB,"C S-380P: PARALLEL SYSTEMS-WB, Section no. 50760",B-,7,Computer Science
Fall 2024,50760,C S, 380P,PARALLEL SYSTEMS-WB,"C S-380P: PARALLEL SYSTEMS-WB, Section no. 50760",B,23,Computer Science
Fall 2024,50760,C S, 380P,PARALLEL SYSTEMS-WB,"C S-380P: PARALLEL SYSTEMS-WB, Section no. 50760",B+,8,Computer Science
Fall 2024,50760,C S, 380P,PARALLEL SYSTEMS-WB,"C S-380P: PARALLEL SYSTEMS-WB, Section no. 50760",A-,13,Computer Science
Fall 2024,50760,C S, 380P,PARALLEL SYSTEMS-WB,"C S-380P: PARALLEL SYSTEMS-WB, Section no. 50760",A,77,Computer Science
Fall 2024,50765,C S, 380S,THRY & PRAC OF SECURE SYSTEMS,"C S-380S: THRY & PRAC OF SECURE SYSTEMS, Section no. 50765",B,1,Computer Science
Fall 2024,50765,C S, 380S,THRY & PRAC OF SECURE SYSTEMS,"C S-380S: THRY & PRAC OF SECURE SYSTEMS, Section no. 50765",B+,4,Computer Science
Fall 2024,50765,C S, 380S,THRY & PRAC OF SECURE SYSTEMS,"C S-380S: THRY & PRAC OF SECURE SYSTEMS, Section no. 50765",A-,8,Computer Science
Fall 2024,50765,C S, 380S,THRY & PRAC OF SECURE SYSTEMS,"C S-380S: THRY & PRAC OF SECURE SYSTEMS, Section no. 50765",A,11,Computer Science
Fall 2024,50770,C S, 383C,NUMERICAL ANLY: LINEAR ALGEBRA,"C S-383C: NUMERICAL ANLY: LINEAR ALGEBRA, Section no. 50770",Other,3,Computer Science
Fall 2024,50770,C S, 383C,NUMERICAL ANLY: LINEAR ALGEBRA,"C S-383C: NUMERICAL ANLY: LINEAR ALGEBRA, Section no. 50770",A-,3,Computer Science
Fall 2024,50770,C S, 383C,NUMERICAL ANLY: LINEAR ALGEBRA,"C S-383C: NUMERICAL ANLY: LINEAR ALGEBRA, Section no. 50770",A,6,Computer Science
Fall 2024,50775,C S, 386C,DEPENDABLE COMPUTING SYSTEMS,"C S-386C: DEPENDABLE COMPUTING SYSTEMS, Section no. 50775",Other,1,Computer Science
Fall 2024,50775,C S, 386C,DEPENDABLE COMPUTING SYSTEMS,"C S-386C: DEPENDABLE COMPUTING SYSTEMS, Section no. 50775",B-,4,Computer Science
Fall 2024,50775,C S, 386C,DEPENDABLE COMPUTING SYSTEMS,"C S-386C: DEPENDABLE COMPUTING SYSTEMS, Section no. 50775",B,3,Computer Science
Fall 2024,50775,C S, 386C,DEPENDABLE COMPUTING SYSTEMS,"C S-386C: DEPENDABLE COMPUTING SYSTEMS, Section no. 50775",B+,6,Computer Science
Fall 2024,50775,C S, 386C,DEPENDABLE COMPUTING SYSTEMS,"C S-386C: DEPENDABLE COMPUTING SYSTEMS, Section no. 50775",A-,9,Computer Science
Fall 2024,50775,C S, 386C,DEPENDABLE COMPUTING SYSTEMS,"C S-386C: DEPENDABLE COMPUTING SYSTEMS, Section no. 50775",A,5,Computer Science
Fall 2024,50780,C S, 386D,DATABASE SYSTEMS,"C S-386D: DATABASE SYSTEMS, Section no. 50780",Other,1,Computer Science
Fall 2024,50780,C S, 386D,DATABASE SYSTEMS,"C S-386D: DATABASE SYSTEMS, Section no. 50780",B,1,Computer Science
Fall 2024,50780,C S, 386D,DATABASE SYSTEMS,"C S-386D: DATABASE SYSTEMS, Section no. 50780",B+,3,Computer Science
Fall 2024,50780,C S, 386D,DATABASE SYSTEMS,"C S-386D: DATABASE SYSTEMS, Section no. 50780",A-,1,Computer Science
Fall 2024,50780,C S, 386D,DATABASE SYSTEMS,"C S-386D: DATABASE SYSTEMS, Section no. 50780",A,15,Computer Science
Fall 2024,50790,C S, 388,NATURAL LANGUAGE PROCESSING-WB,"C S-388: NATURAL LANGUAGE PROCESSING-WB, Section no. 50790",Other,26,Computer Science
Fall 2024,50790,C S, 388,NATURAL LANGUAGE PROCESSING-WB,"C S-388: NATURAL LANGUAGE PROCESSING-WB, Section no. 50790",F,4,Computer Science
Fall 2024,50790,C S, 388,NATURAL LANGUAGE PROCESSING-WB,"C S-388: NATURAL LANGUAGE PROCESSING-WB, Section no. 50790",D+,1,Computer Science
Fall 2024,50790,C S, 388,NATURAL LANGUAGE PROCESSING-WB,"C S-388: NATURAL LANGUAGE PROCESSING-WB, Section no. 50790",C-,1,Computer Science
Fall 2024,50790,C S, 388,NATURAL LANGUAGE PROCESSING-WB,"C S-388: NATURAL LANGUAGE PROCESSING-WB, Section no. 50790",C,2,Computer Science
Fall 2024,50790,C S, 388,NATURAL LANGUAGE PROCESSING-WB,"C S-388: NATURAL LANGUAGE PROCESSING-WB, Section no. 50790",C+,2,Computer Science
Fall 2024,50790,C S, 388,NATURAL LANGUAGE PROCESSING-WB,"C S-388: NATURAL LANGUAGE PROCESSING-WB, Section no. 50790",B-,4,Computer Science
Fall 2024,50790,C S, 388,NATURAL LANGUAGE PROCESSING-WB,"C S-388: NATURAL LANGUAGE PROCESSING-WB, Section no. 50790",B,21,Computer Science
Fall 2024,50790,C S, 388,NATURAL LANGUAGE PROCESSING-WB,"C S-388: NATURAL LANGUAGE PROCESSING-WB, Section no. 50790",B+,38,Computer Science
Fall 2024,50790,C S, 388,NATURAL LANGUAGE PROCESSING-WB,"C S-388: NATURAL LANGUAGE PROCESSING-WB, Section no. 50790",A-,90,Computer Science
Fall 2024,50790,C S, 388,NATURAL LANGUAGE PROCESSING-WB,"C S-388: NATURAL LANGUAGE PROCESSING-WB, Section no. 50790",A,98,Computer Science
Fall 2024,50795,C S, 388C,COMBINATORICS AND GRAPH THEORY,"C S-388C: COMBINATORICS AND GRAPH THEORY, Section no. 50795",Other,2,Computer Science
Fall 2024,50795,C S, 388C,COMBINATORICS AND GRAPH THEORY,"C S-388C: COMBINATORICS AND GRAPH THEORY, Section no. 50795",B,4,Computer Science
Fall 2024,50795,C S, 388C,COMBINATORICS AND GRAPH THEORY,"C S-388C: COMBINATORICS AND GRAPH THEORY, Section no. 50795",B+,1,Computer Science
Fall 2024,50795,C S, 388C,COMBINATORICS AND GRAPH THEORY,"C S-388C: COMBINATORICS AND GRAPH THEORY, Section no. 50795",A-,8,Computer Science
Fall 2024,50795,C S, 388C,COMBINATORICS AND GRAPH THEORY,"C S-388C: COMBINATORICS AND GRAPH THEORY, Section no. 50795",A,15,Computer Science
Fall 2024,50800,C S, 388G,ALGORITHMS: TECHNIQUES & THRY,"C S-388G: ALGORITHMS: TECHNIQUES & THRY, Section no. 50800",Other,2,Computer Science
Fall 2024,50800,C S, 388G,ALGORITHMS: TECHNIQUES & THRY,"C S-388G: ALGORITHMS: TECHNIQUES & THRY, Section no. 50800",B-,2,Computer Science
Fall 2024,50800,C S, 388G,ALGORITHMS: TECHNIQUES & THRY,"C S-388G: ALGORITHMS: TECHNIQUES & THRY, Section no. 50800",B,3,Computer Science
Fall 2024,50800,C S, 388G,ALGORITHMS: TECHNIQUES & THRY,"C S-388G: ALGORITHMS: TECHNIQUES & THRY, Section no. 50800",B+,1,Computer Science
Fall 2024,50800,C S, 388G,ALGORITHMS: TECHNIQUES & THRY,"C S-388G: ALGORITHMS: TECHNIQUES & THRY, Section no. 50800",A-,2,Computer Science
Fall 2024,50800,C S, 388G,ALGORITHMS: TECHNIQUES & THRY,"C S-388G: ALGORITHMS: TECHNIQUES & THRY, Section no. 50800",A,5,Computer Science
Fall 2024,50805,C S, 388J,OPTIMIZATION-WB,"C S-388J: OPTIMIZATION-WB, Section no. 50805",Other,4,Computer Science
Fall 2024,50805,C S, 388J,OPTIMIZATION-WB,"C S-388J: OPTIMIZATION-WB, Section no. 50805",B,4,Computer Science
Fall 2024,50805,C S, 388J,OPTIMIZATION-WB,"C S-388J: OPTIMIZATION-WB, Section no. 50805",B+,2,Computer Science
Fall 2024,50805,C S, 388J,OPTIMIZATION-WB,"C S-388J: OPTIMIZATION-WB, Section no. 50805",A-,19,Computer Science
Fall 2024,50805,C S, 388J,OPTIMIZATION-WB,"C S-388J: OPTIMIZATION-WB, Section no. 50805",A,14,Computer Science
Fall 2024,50815,C S, 388U,PLAN/SRCH/REAS UNDR UNCERTY-WB,"C S-388U: PLAN/SRCH/REAS UNDR UNCERTY-WB, Section no. 50815",Other,19,Computer Science
Fall 2024,50815,C S, 388U,PLAN/SRCH/REAS UNDR UNCERTY-WB,"C S-388U: PLAN/SRCH/REAS UNDR UNCERTY-WB, Section no. 50815",F,4,Computer Science
Fall 2024,50815,C S, 388U,PLAN/SRCH/REAS UNDR UNCERTY-WB,"C S-388U: PLAN/SRCH/REAS UNDR UNCERTY-WB, Section no. 50815",D+,2,Computer Science
Fall 2024,50815,C S, 388U,PLAN/SRCH/REAS UNDR UNCERTY-WB,"C S-388U: PLAN/SRCH/REAS UNDR UNCERTY-WB, Section no. 50815",C-,1,Computer Science
Fall 2024,50815,C S, 388U,PLAN/SRCH/REAS UNDR UNCERTY-WB,"C S-388U: PLAN/SRCH/REAS UNDR UNCERTY-WB, Section no. 50815",C,5,Computer Science
Fall 2024,50815,C S, 388U,PLAN/SRCH/REAS UNDR UNCERTY-WB,"C S-388U: PLAN/SRCH/REAS UNDR UNCERTY-WB, Section no. 50815",C+,6,Computer Science
Fall 2024,50815,C S, 388U,PLAN/SRCH/REAS UNDR UNCERTY-WB,"C S-388U: PLAN/SRCH/REAS UNDR UNCERTY-WB, Section no. 50815",B-,13,Computer Science
Fall 2024,50815,C S, 388U,PLAN/SRCH/REAS UNDR UNCERTY-WB,"C S-388U: PLAN/SRCH/REAS UNDR UNCERTY-WB, Section no. 50815",B,12,Computer Science
Fall 2024,50815,C S, 388U,PLAN/SRCH/REAS UNDR UNCERTY-WB,"C S-388U: PLAN/SRCH/REAS UNDR UNCERTY-WB, Section no. 50815",B+,23,Computer Science
Fall 2024,50815,C S, 388U,PLAN/SRCH/REAS UNDR UNCERTY-WB,"C S-388U: PLAN/SRCH/REAS UNDR UNCERTY-WB, Section no. 50815",A-,41,Computer Science
Fall 2024,50815,C S, 388U,PLAN/SRCH/REAS UNDR UNCERTY-WB,"C S-388U: PLAN/SRCH/REAS UNDR UNCERTY-WB, Section no. 50815",A,216,Computer Science
Fall 2024,50825,C S, 391L,MACHINE LEARNING-WB,"C S-391L: MACHINE LEARNING-WB, Section no. 50825",Other,10,Computer Science
Fall 2024,50825,C S, 391L,MACHINE LEARNING-WB,"C S-391L: MACHINE LEARNING-WB, Section no. 50825",C,1,Computer Science
Fall 2024,50825,C S, 391L,MACHINE LEARNING-WB,"C S-391L: MACHINE LEARNING-WB, Section no. 50825",B-,3,Computer Science
Fall 2024,50825,C S, 391L,MACHINE LEARNING-WB,"C S-391L: MACHINE LEARNING-WB, Section no. 50825",B,6,Computer Science
Fall 2024,50825,C S, 391L,MACHINE LEARNING-WB,"C S-391L: MACHINE LEARNING-WB, Section no. 50825",B+,20,Computer Science
Fall 2024,50825,C S, 391L,MACHINE LEARNING-WB,"C S-391L: MACHINE LEARNING-WB, Section no. 50825",A-,14,Computer Science
Fall 2024,50825,C S, 391L,MACHINE LEARNING-WB,"C S-391L: MACHINE LEARNING-WB, Section no. 50825",A,27,Computer Science
Fall 2024,50835,C S, 394D,DEEP LEARNING-WB,"C S-394D: DEEP LEARNING-WB, Section no. 50835",Other,16,Computer Science
Fall 2024,50835,C S, 394D,DEEP LEARNING-WB,"C S-394D: DEEP LEARNING-WB, Section no. 50835",F,1,Computer Science
Fall 2024,50835,C S, 394D,DEEP LEARNING-WB,"C S-394D: DEEP LEARNING-WB, Section no. 50835",D+,1,Computer Science
Fall 2024,50835,C S, 394D,DEEP LEARNING-WB,"C S-394D: DEEP LEARNING-WB, Section no. 50835",B,13,Computer Science
Fall 2024,50835,C S, 394D,DEEP LEARNING-WB,"C S-394D: DEEP LEARNING-WB, Section no. 50835",B+,4,Computer Science
Fall 2024,50835,C S, 394D,DEEP LEARNING-WB,"C S-394D: DEEP LEARNING-WB, Section no. 50835",A-,12,Computer Science
Fall 2024,50835,C S, 394D,DEEP LEARNING-WB,"C S-394D: DEEP LEARNING-WB, Section no. 50835",A,174,Computer Science
Fall 2024,50840,C S, 394N,NEURAL NETWORKS,"C S-394N: NEURAL NETWORKS, Section no. 50840",B+,6,Computer Science
Fall 2024,50840,C S, 394N,NEURAL NETWORKS,"C S-394N: NEURAL NETWORKS, Section no. 50840",A-,10,Computer Science
Fall 2024,50840,C S, 394N,NEURAL NETWORKS,"C S-394N: NEURAL NETWORKS, Section no. 50840",A,5,Computer Science
Fall 2024,50845,C S, 394R,REINFRCMNT LEARN: THRY/PRAC-WB,"C S-394R: REINFRCMNT LEARN: THRY/PRAC-WB, Section no. 50845",Other,3,Computer Science
Fall 2024,50845,C S, 394R,REINFRCMNT LEARN: THRY/PRAC-WB,"C S-394R: REINFRCMNT LEARN: THRY/PRAC-WB, Section no. 50845",C,2,Computer Science
Fall 2024,50845,C S, 394R,REINFRCMNT LEARN: THRY/PRAC-WB,"C S-394R: REINFRCMNT LEARN: THRY/PRAC-WB, Section no. 50845",C+,1,Computer Science
Fall 2024,50845,C S, 394R,REINFRCMNT LEARN: THRY/PRAC-WB,"C S-394R: REINFRCMNT LEARN: THRY/PRAC-WB, Section no. 50845",B-,6,Computer Science
Fall 2024,50845,C S, 394R,REINFRCMNT LEARN: THRY/PRAC-WB,"C S-394R: REINFRCMNT LEARN: THRY/PRAC-WB, Section no. 50845",B,11,Computer Science
Fall 2024,50845,C S, 394R,REINFRCMNT LEARN: THRY/PRAC-WB,"C S-394R: REINFRCMNT LEARN: THRY/PRAC-WB, Section no. 50845",B+,11,Computer Science
Fall 2024,50845,C S, 394R,REINFRCMNT LEARN: THRY/PRAC-WB,"C S-394R: REINFRCMNT LEARN: THRY/PRAC-WB, Section no. 50845",A-,14,Computer Science
Fall 2024,50845,C S, 394R,REINFRCMNT LEARN: THRY/PRAC-WB,"C S-394R: REINFRCMNT LEARN: THRY/PRAC-WB, Section no. 50845",A,24,Computer Science
Fall 2024,50869,C S, 395T,ADV IN DEEP GENERATIVE MODELS,"C S-395T: ADV IN DEEP GENERATIVE MODELS, Section no. 50869",Other,3,Computer Science
Fall 2024,50869,C S, 395T,ADV IN DEEP GENERATIVE MODELS,"C S-395T: ADV IN DEEP GENERATIVE MODELS, Section no. 50869",A-,14,Computer Science
Fall 2024,50869,C S, 395T,ADV IN DEEP GENERATIVE MODELS,"C S-395T: ADV IN DEEP GENERATIVE MODELS, Section no. 50869",A,18,Computer Science
Fall 2024,50885,C S, 395T,ALGO PERSPECTIVE ON MICROECON,"C S-395T: ALGO PERSPECTIVE ON MICROECON, Section no. 50885",Other,4,Computer Science
Fall 2024,50885,C S, 395T,ALGO PERSPECTIVE ON MICROECON,"C S-395T: ALGO PERSPECTIVE ON MICROECON, Section no. 50885",B,3,Computer Science
Fall 2024,50885,C S, 395T,ALGO PERSPECTIVE ON MICROECON,"C S-395T: ALGO PERSPECTIVE ON MICROECON, Section no. 50885",B+,1,Computer Science
Fall 2024,50885,C S, 395T,ALGO PERSPECTIVE ON MICROECON,"C S-395T: ALGO PERSPECTIVE ON MICROECON, Section no. 50885",A,9,Computer Science
Fall 2024,50890,C S, 395T,CASE STUDIES/MACHINE LEARN-WB,"C S-395T: CASE STUDIES/MACHINE LEARN-WB, Section no. 50890",Other,10,Computer Science
Fall 2024,50890,C S, 395T,CASE STUDIES/MACHINE LEARN-WB,"C S-395T: CASE STUDIES/MACHINE LEARN-WB, Section no. 50890",F,3,Computer Science
Fall 2024,50890,C S, 395T,CASE STUDIES/MACHINE LEARN-WB,"C S-395T: CASE STUDIES/MACHINE LEARN-WB, Section no. 50890",C-,1,Computer Science
Fall 2024,50890,C S, 395T,CASE STUDIES/MACHINE LEARN-WB,"C S-395T: CASE STUDIES/MACHINE LEARN-WB, Section no. 50890",B-,2,Computer Science
Fall 2024,50890,C S, 395T,CASE STUDIES/MACHINE LEARN-WB,"C S-395T: CASE STUDIES/MACHINE LEARN-WB, Section no. 50890",B,2,Computer Science
Fall 2024,50890,C S, 395T,CASE STUDIES/MACHINE LEARN-WB,"C S-395T: CASE STUDIES/MACHINE LEARN-WB, Section no. 50890",B+,5,Computer Science
Fall 2024,50890,C S, 395T,CASE STUDIES/MACHINE LEARN-WB,"C S-395T: CASE STUDIES/MACHINE LEARN-WB, Section no. 50890",A-,36,Computer Science
Fall 2024,50890,C S, 395T,CASE STUDIES/MACHINE LEARN-WB,"C S-395T: CASE STUDIES/MACHINE LEARN-WB, Section no. 50890",A,247,Computer Science
Fall 2024,50895,C S, 395T,CONVEX OPTIMIZATION,"C S-395T: CONVEX OPTIMIZATION, Section no. 50895",Other,3,Computer Science
Fall 2024,50895,C S, 395T,CONVEX OPTIMIZATION,"C S-395T: CONVEX OPTIMIZATION, Section no. 50895",B+,2,Computer Science
Fall 2024,50895,C S, 395T,CONVEX OPTIMIZATION,"C S-395T: CONVEX OPTIMIZATION, Section no. 50895",A-,4,Computer Science
Fall 2024,50895,C S, 395T,CONVEX OPTIMIZATION,"C S-395T: CONVEX OPTIMIZATION, Section no. 50895",A,6,Computer Science
Fall 2024,50899,C S, 395T,CYBERSECURITY LAW/POLICY,"C S-395T: CYBERSECURITY LAW/POLICY, Section no. 50899",B-,1,Computer Science
Fall 2024,50899,C S, 395T,CYBERSECURITY LAW/POLICY,"C S-395T: CYBERSECURITY LAW/POLICY, Section no. 50899",B+,2,Computer Science
Fall 2024,50899,C S, 395T,CYBERSECURITY LAW/POLICY,"C S-395T: CYBERSECURITY LAW/POLICY, Section no. 50899",A-,5,Computer Science
Fall 2024,50900,C S, 395T,HUMAN-COMPUTER INTERACTION,"C S-395T: HUMAN-COMPUTER INTERACTION, Section no. 50900",Other,2,Computer Science
Fall 2024,50900,C S, 395T,HUMAN-COMPUTER INTERACTION,"C S-395T: HUMAN-COMPUTER INTERACTION, Section no. 50900",A-,6,Computer Science
Fall 2024,50900,C S, 395T,HUMAN-COMPUTER INTERACTION,"C S-395T: HUMAN-COMPUTER INTERACTION, Section no. 50900",A,21,Computer Science
Fall 2024,50910,C S, 395T,SPOKEN LANGUAGE TECHNOLOGIES,"C S-395T: SPOKEN LANGUAGE TECHNOLOGIES, Section no. 50910",Other,1,Computer Science
Fall 2024,50910,C S, 395T,SPOKEN LANGUAGE TECHNOLOGIES,"C S-395T: SPOKEN LANGUAGE TECHNOLOGIES, Section no. 50910",B-,1,Computer Science
Fall 2024,50910,C S, 395T,SPOKEN LANGUAGE TECHNOLOGIES,"C S-395T: SPOKEN LANGUAGE TECHNOLOGIES, Section no. 50910",B+,1,Computer Science
Fall 2024,50910,C S, 395T,SPOKEN LANGUAGE TECHNOLOGIES,"C S-395T: SPOKEN LANGUAGE TECHNOLOGIES, Section no. 50910",A-,6,Computer Science
Fall 2024,50910,C S, 395T,SPOKEN LANGUAGE TECHNOLOGIES,"C S-395T: SPOKEN LANGUAGE TECHNOLOGIES, Section no. 50910",A,18,Computer Science
Fall 2024,50920,C S, 395T,VIRTUALIZATION-WB,"C S-395T: VIRTUALIZATION-WB, Section no. 50920",Other,8,Computer Science
Fall 2024,50920,C S, 395T,VIRTUALIZATION-WB,"C S-395T: VIRTUALIZATION-WB, Section no. 50920",F,1,Computer Science
Fall 2024,50920,C S, 395T,VIRTUALIZATION-WB,"C S-395T: VIRTUALIZATION-WB, Section no. 50920",C+,2,Computer Science
Fall 2024,50920,C S, 395T,VIRTUALIZATION-WB,"C S-395T: VIRTUALIZATION-WB, Section no. 50920",B-,4,Computer Science
Fall 2024,50920,C S, 395T,VIRTUALIZATION-WB,"C S-395T: VIRTUALIZATION-WB, Section no. 50920",B,2,Computer Science
Fall 2024,50920,C S, 395T,VIRTUALIZATION-WB,"C S-395T: VIRTUALIZATION-WB, Section no. 50920",B+,15,Computer Science
Fall 2024,50920,C S, 395T,VIRTUALIZATION-WB,"C S-395T: VIRTUALIZATION-WB, Section no. 50920",A-,32,Computer Science
Fall 2024,50920,C S, 395T,VIRTUALIZATION-WB,"C S-395T: VIRTUALIZATION-WB, Section no. 50920",A,46,Computer Science
Fall 2024,57120,DSC, 381,PROBABLTY/SIMULTN INFERENCE-WB,"DSC-381: PROBABLTY/SIMULTN INFERENCE-WB, Section no. 57120",Other,40,Data Science
Fall 2024,57120,DSC, 381,PROBABLTY/SIMULTN INFERENCE-WB,"DSC-381: PROBABLTY/SIMULTN INFERENCE-WB, Section no. 57120",F,8,Data Science
Fall 2024,57120,DSC, 381,PROBABLTY/SIMULTN INFERENCE-WB,"DSC-381: PROBABLTY/SIMULTN INFERENCE-WB, Section no. 57120",D-,1,Data Science
Fall 2024,57120,DSC, 381,PROBABLTY/SIMULTN INFERENCE-WB,"DSC-381: PROBABLTY/SIMULTN INFERENCE-WB, Section no. 57120",D,2,Data Science
Fall 2024,57120,DSC, 381,PROBABLTY/SIMULTN INFERENCE-WB,"DSC-381: PROBABLTY/SIMULTN INFERENCE-WB, Section no. 57120",C-,4,Data Science
Fall 2024,57120,DSC, 381,PROBABLTY/SIMULTN INFERENCE-WB,"DSC-381: PROBABLTY/SIMULTN INFERENCE-WB, Section no. 57120",C,11,Data Science
Fall 2024,57120,DSC, 381,PROBABLTY/SIMULTN INFERENCE-WB,"DSC-381: PROBABLTY/SIMULTN INFERENCE-WB, Section no. 57120",C+,5,Data Science
Fall 2024,57120,DSC, 381,PROBABLTY/SIMULTN INFERENCE-WB,"DSC-381: PROBABLTY/SIMULTN INFERENCE-WB, Section no. 57120",B-,11,Data Science
Fall 2024,57120,DSC, 381,PROBABLTY/SIMULTN INFERENCE-WB,"DSC-381: PROBABLTY/SIMULTN INFERENCE-WB, Section no. 57120",B,30,Data Science
Fall 2024,57120,DSC, 381,PROBABLTY/SIMULTN INFERENCE-WB,"DSC-381: PROBABLTY/SIMULTN INFERENCE-WB, Section no. 57120",B+,36,Data Science
Fall 2024,57120,DSC, 381,PROBABLTY/SIMULTN INFERENCE-WB,"DSC-381: PROBABLTY/SIMULTN INFERENCE-WB, Section no. 57120",A-,38,Data Science
Fall 2024,57120,DSC, 381,PROBABLTY/SIMULTN INFERENCE-WB,"DSC-381: PROBABLTY/SIMULTN INFERENCE-WB, Section no. 57120",A,138,Data Science
Fall 2024,57125,DSC, 384,DSGN PRINCPLS/CAUSAL INFRNC-WB,"DSC-384: DSGN PRINCPLS/CAUSAL INFRNC-WB, Section no. 57125",Other,6,Data Science
Fall 2024,57125,DSC, 384,DSGN PRINCPLS/CAUSAL INFRNC-WB,"DSC-384: DSGN PRINCPLS/CAUSAL INFRNC-WB, Section no. 57125",F,1,Data Science
Fall 2024,57125,DSC, 384,DSGN PRINCPLS/CAUSAL INFRNC-WB,"DSC-384: DSGN PRINCPLS/CAUSAL INFRNC-WB, Section no. 57125",B-,2,Data Science
Fall 2024,57125,DSC, 384,DSGN PRINCPLS/CAUSAL INFRNC-WB,"DSC-384: DSGN PRINCPLS/CAUSAL INFRNC-WB, Section no. 57125",B,2,Data Science
Fall 2024,57125,DSC, 384,DSGN PRINCPLS/CAUSAL INFRNC-WB,"DSC-384: DSGN PRINCPLS/CAUSAL INFRNC-WB, Section no. 57125",B+,42,Data Science
Fall 2024,57125,DSC, 384,DSGN PRINCPLS/CAUSAL INFRNC-WB,"DSC-384: DSGN PRINCPLS/CAUSAL INFRNC-WB, Section no. 57125",A-,25,Data Science
Fall 2024,57125,DSC, 384,DSGN PRINCPLS/CAUSAL INFRNC-WB,"DSC-384: DSGN PRINCPLS/CAUSAL INFRNC-WB, Section no. 57125",A,6,Data Science
Fall 2024,57130,DSC, 385,DATA EXPLR/VISUALIZATN-WB,"DSC-385: DATA EXPLR/VISUALIZATN-WB, Section no. 57130",Other,6,Data Science
Fall 2024,57130,DSC, 385,DATA EXPLR/VISUALIZATN-WB,"DSC-385: DATA EXPLR/VISUALIZATN-WB, Section no. 57130",F,3,Data Science
Fall 2024,57130,DSC, 385,DATA EXPLR/VISUALIZATN-WB,"DSC-385: DATA EXPLR/VISUALIZATN-WB, Section no. 57130",C,1,Data Science
Fall 2024,57130,DSC, 385,DATA EXPLR/VISUALIZATN-WB,"DSC-385: DATA EXPLR/VISUALIZATN-WB, Section no. 57130",B,14,Data Science
Fall 2024,57130,DSC, 385,DATA EXPLR/VISUALIZATN-WB,"DSC-385: DATA EXPLR/VISUALIZATN-WB, Section no. 57130",A,235,Data Science
Fall 2024,57134,DSC, 388,NATURAL LANGUAGE PROCESSING-WB,"DSC-388: NATURAL LANGUAGE PROCESSING-WB, Section no. 57134",Other,20,Data Science
Fall 2024,57134,DSC, 388,NATURAL LANGUAGE PROCESSING-WB,"DSC-388: NATURAL LANGUAGE PROCESSING-WB, Section no. 57134",D,1,Data Science
Fall 2024,57134,DSC, 388,NATURAL LANGUAGE PROCESSING-WB,"DSC-388: NATURAL LANGUAGE PROCESSING-WB, Section no. 57134",D+,1,Data Science
Fall 2024,57134,DSC, 388,NATURAL LANGUAGE PROCESSING-WB,"DSC-388: NATURAL LANGUAGE PROCESSING-WB, Section no. 57134",C-,1,Data Science
Fall 2024,57134,DSC, 388,NATURAL LANGUAGE PROCESSING-WB,"DSC-388: NATURAL LANGUAGE PROCESSING-WB, Section no. 57134",C,2,Data Science
Fall 2024,57134,DSC, 388,NATURAL LANGUAGE PROCESSING-WB,"DSC-388: NATURAL LANGUAGE PROCESSING-WB, Section no. 57134",B-,10,Data Science
Fall 2024,57134,DSC, 388,NATURAL LANGUAGE PROCESSING-WB,"DSC-388: NATURAL LANGUAGE PROCESSING-WB, Section no. 57134",B,21,Data Science
Fall 2024,57134,DSC, 388,NATURAL LANGUAGE PROCESSING-WB,"DSC-388: NATURAL LANGUAGE PROCESSING-WB, Section no. 57134",B+,48,Data Science
Fall 2024,57134,DSC, 388,NATURAL LANGUAGE PROCESSING-WB,"DSC-388: NATURAL LANGUAGE PROCESSING-WB, Section no. 57134",A-,114,Data Science
Fall 2024,57134,DSC, 388,NATURAL LANGUAGE PROCESSING-WB,"DSC-388: NATURAL LANGUAGE PROCESSING-WB, Section no. 57134",A,76,Data Science
Fall 2024,57135,DSC, 388J,OPTIMIZATION-WB,"DSC-388J: OPTIMIZATION-WB, Section no. 57135",Other,1,Data Science
Fall 2024,57135,DSC, 388J,OPTIMIZATION-WB,"DSC-388J: OPTIMIZATION-WB, Section no. 57135",F,1,Data Science
Fall 2024,57135,DSC, 388J,OPTIMIZATION-WB,"DSC-388J: OPTIMIZATION-WB, Section no. 57135",B-,1,Data Science
Fall 2024,57135,DSC, 388J,OPTIMIZATION-WB,"DSC-388J: OPTIMIZATION-WB, Section no. 57135",B,3,Data Science
Fall 2024,57135,DSC, 388J,OPTIMIZATION-WB,"DSC-388J: OPTIMIZATION-WB, Section no. 57135",B+,3,Data Science
Fall 2024,57135,DSC, 388J,OPTIMIZATION-WB,"DSC-388J: OPTIMIZATION-WB, Section no. 57135",A-,13,Data Science
Fall 2024,57135,DSC, 388J,OPTIMIZATION-WB,"DSC-388J: OPTIMIZATION-WB, Section no. 57135",A,11,Data Science
Fall 2024,57140,DSC, 391L,PRINCIPLES MACHINE LEARNING-WB,"DSC-391L: PRINCIPLES MACHINE LEARNING-WB, Section no. 57140",Other,9,Data Science
Fall 2024,57140,DSC, 391L,PRINCIPLES MACHINE LEARNING-WB,"DSC-391L: PRINCIPLES MACHINE LEARNING-WB, Section no. 57140",F,2,Data Science
Fall 2024,57140,DSC, 391L,PRINCIPLES MACHINE LEARNING-WB,"DSC-391L: PRINCIPLES MACHINE LEARNING-WB, Section no. 57140",C-,2,Data Science
Fall 2024,57140,DSC, 391L,PRINCIPLES MACHINE LEARNING-WB,"DSC-391L: PRINCIPLES MACHINE LEARNING-WB, Section no. 57140",C,1,Data Science
Fall 2024,57140,DSC, 391L,PRINCIPLES MACHINE LEARNING-WB,"DSC-391L: PRINCIPLES MACHINE LEARNING-WB, Section no. 57140",C+,1,Data Science
Fall 2024,57140,DSC, 391L,PRINCIPLES MACHINE LEARNING-WB,"DSC-391L: PRINCIPLES MACHINE LEARNING-WB, Section no. 57140",B-,5,Data Science
Fall 2024,57140,DSC, 391L,PRINCIPLES MACHINE LEARNING-WB,"DSC-391L: PRINCIPLES MACHINE LEARNING-WB, Section no. 57140",B,9,Data Science
Fall 2024,57140,DSC, 391L,PRINCIPLES MACHINE LEARNING-WB,"DSC-391L: PRINCIPLES MACHINE LEARNING-WB, Section no. 57140",B+,26,Data Science
Fall 2024,57140,DSC, 391L,PRINCIPLES MACHINE LEARNING-WB,"DSC-391L: PRINCIPLES MACHINE LEARNING-WB, Section no. 57140",A-,27,Data Science
Fall 2024,57140,DSC, 391L,PRINCIPLES MACHINE LEARNING-WB,"DSC-391L: PRINCIPLES MACHINE LEARNING-WB, Section no. 57140",A,33,Data Science
Fall 2024,57145,DSC, 394D,DEEP LEARNING-WB,"DSC-394D: DEEP LEARNING-WB, Section no. 57145",Other,13,Data Science
Fall 2024,57145,DSC, 394D,DEEP LEARNING-WB,"DSC-394D: DEEP LEARNING-WB, Section no. 57145",F,1,Data Science
Fall 2024,57145,DSC, 394D,DEEP LEARNING-WB,"DSC-394D: DEEP LEARNING-WB, Section no. 57145",C,1,Data Science
Fall 2024,57145,DSC, 394D,DEEP LEARNING-WB,"DSC-394D: DEEP LEARNING-WB, Section no. 57145",C+,1,Data Science
Fall 2024,57145,DSC, 394D,DEEP LEARNING-WB,"DSC-394D: DEEP LEARNING-WB, Section no. 57145",B,7,Data Science
Fall 2024,57145,DSC, 394D,DEEP LEARNING-WB,"DSC-394D: DEEP LEARNING-WB, Section no. 57145",B+,4,Data Science
Fall 2024,57145,DSC, 394D,DEEP LEARNING-WB,"DSC-394D: DEEP LEARNING-WB, Section no. 57145",A-,17,Data Science
Fall 2024,57145,DSC, 394D,DEEP LEARNING-WB,"DSC-394D: DEEP LEARNING-WB, Section no. 57145",A,122,Data Science
Fall 2024,57148,DSC, 395T,DATA SCI HEAL DISCOV/INNOVT-WB,"DSC-395T: DATA SCI HEAL DISCOV/INNOVT-WB, Section no. 57148",Other,9,Data Science
Fall 2024,57148,DSC, 395T,DATA SCI HEAL DISCOV/INNOVT-WB,"DSC-395T: DATA SCI HEAL DISCOV/INNOVT-WB, Section no. 57148",B-,5,Data Science
Fall 2024,57148,DSC, 395T,DATA SCI HEAL DISCOV/INNOVT-WB,"DSC-395T: DATA SCI HEAL DISCOV/INNOVT-WB, Section no. 57148",B,11,Data Science
Fall 2024,57148,DSC, 395T,DATA SCI HEAL DISCOV/INNOVT-WB,"DSC-395T: DATA SCI HEAL DISCOV/INNOVT-WB, Section no. 57148",B+,18,Data Science
Fall 2024,57148,DSC, 395T,DATA SCI HEAL DISCOV/INNOVT-WB,"DSC-395T: DATA SCI HEAL DISCOV/INNOVT-WB, Section no. 57148",A-,31,Data Science
Fall 2024,57148,DSC, 395T,DATA SCI HEAL DISCOV/INNOVT-WB,"DSC-395T: DATA SCI HEAL DISCOV/INNOVT-WB, Section no. 57148",A,105,Data Science
Fall 2024,57149,DSC, 394R,REINFORCEMENT LEARNING-WB,"DSC-394R: REINFORCEMENT LEARNING-WB, Section no. 57149",Other,2,Data Science
Fall 2024,57149,DSC, 394R,REINFORCEMENT LEARNING-WB,"DSC-394R: REINFORCEMENT LEARNING-WB, Section no. 57149",D+,1,Data Science
Fall 2024,57149,DSC, 394R,REINFORCEMENT LEARNING-WB,"DSC-394R: REINFORCEMENT LEARNING-WB, Section no. 57149",C,7,Data Science
Fall 2024,57149,DSC, 394R,REINFORCEMENT LEARNING-WB,"DSC-394R: REINFORCEMENT LEARNING-WB, Section no. 57149",C+,4,Data Science
Fall 2024,57149,DSC, 394R,REINFORCEMENT LEARNING-WB,"DSC-394R: REINFORCEMENT LEARNING-WB, Section no. 57149",B-,4,Data Science
Fall 2024,57149,DSC, 394R,REINFORCEMENT LEARNING-WB,"DSC-394R: REINFORCEMENT LEARNING-WB, Section no. 57149",B,21,Data Science
Fall 2024,57149,DSC, 394R,REINFORCEMENT LEARNING-WB,"DSC-394R: REINFORCEMENT LEARNING-WB, Section no. 57149",B+,18,Data Science
Fall 2024,57149,DSC, 394R,REINFORCEMENT LEARNING-WB,"DSC-394R: REINFORCEMENT LEARNING-WB, Section no. 57149",A-,25,Data Science
Fall 2024,57149,DSC, 394R,REINFORCEMENT LEARNING-WB,"DSC-394R: REINFORCEMENT LEARNING-WB, Section no. 57149",A,40,Data Science
Fall 2024,57150,DSC, 395T,DATA STRUCTURES/ALGORITHM-WB,"DSC-395T: DATA STRUCTURES/ALGORITHM-WB, Section no. 57150",Other,39,Data Science
Fall 2024,57150,DSC, 395T,DATA STRUCTURES/ALGORITHM-WB,"DSC-395T: DATA STRUCTURES/ALGORITHM-WB, Section no. 57150",C,3,Data Science
Fall 2024,57150,DSC, 395T,DATA STRUCTURES/ALGORITHM-WB,"DSC-395T: DATA STRUCTURES/ALGORITHM-WB, Section no. 57150",C+,16,Data Science
Fall 2024,57150,DSC, 395T,DATA STRUCTURES/ALGORITHM-WB,"DSC-395T: DATA STRUCTURES/ALGORITHM-WB, Section no. 57150",B-,11,Data Science
Fall 2024,57150,DSC, 395T,DATA STRUCTURES/ALGORITHM-WB,"DSC-395T: DATA STRUCTURES/ALGORITHM-WB, Section no. 57150",B,44,Data Science
Fall 2024,57150,DSC, 395T,DATA STRUCTURES/ALGORITHM-WB,"DSC-395T: DATA STRUCTURES/ALGORITHM-WB, Section no. 57150",B+,78,Data Science
Fall 2024,57150,DSC, 395T,DATA STRUCTURES/ALGORITHM-WB,"DSC-395T: DATA STRUCTURES/ALGORITHM-WB, Section no. 57150",A-,27,Data Science
Fall 2024,57150,DSC, 395T,DATA STRUCTURES/ALGORITHM-WB,"DSC-395T: DATA STRUCTURES/ALGORITHM-WB, Section no. 57150",A,86,Data Science
Spring 2025,50465,A I, 388J,OPTIMIZATION-WB,"A I-388J: OPTIMIZATION-WB, Section no. 50465",Other,12,
Spring 2025,50465,A I, 388J,OPTIMIZATION-WB,"A I-388J: OPTIMIZATION-WB, Section no. 50465",F,4,
Spring 2025,50465,A I, 388J,OPTIMIZATION-WB,"A I-388J: OPTIMIZATION-WB, Section no. 50465",C+,2,
Spring 2025,50465,A I, 388J,OPTIMIZATION-WB,"A I-388J: OPTIMIZATION-WB, Section no. 50465",B-,2,
Spring 2025,50465,A I, 388J,OPTIMIZATION-WB,"A I-388J: OPTIMIZATION-WB, Section no. 50465",B,22,
Spring 2025,50465,A I, 388J,OPTIMIZATION-WB,"A I-388J: OPTIMIZATION-WB, Section no. 50465",B+,33,
Spring 2025,50465,A I, 388J,OPTIMIZATION-WB,"A I-388J: OPTIMIZATION-WB, Section no. 50465",A-,24,
Spring 2025,50465,A I, 388J,OPTIMIZATION-WB,"A I-388J: OPTIMIZATION-WB, Section no. 50465",A,26,
Spring 2025,50469,A I, 388K,ONLINE LEARN/OPTIMIZATION-WB,"A I-388K: ONLINE LEARN/OPTIMIZATION-WB, Section no. 50469",Other,4,
Spring 2025,50469,A I, 388K,ONLINE LEARN/OPTIMIZATION-WB,"A I-388K: ONLINE LEARN/OPTIMIZATION-WB, Section no. 50469",F,1,
Spring 2025,50469,A I, 388K,ONLINE LEARN/OPTIMIZATION-WB,"A I-388K: ONLINE LEARN/OPTIMIZATION-WB, Section no. 50469",B,1,
Spring 2025,50469,A I, 388K,ONLINE LEARN/OPTIMIZATION-WB,"A I-388K: ONLINE LEARN/OPTIMIZATION-WB, Section no. 50469",B+,18,
Spring 2025,50469,A I, 388K,ONLINE LEARN/OPTIMIZATION-WB,"A I-388K: ONLINE LEARN/OPTIMIZATION-WB, Section no. 50469",A-,22,
Spring 2025,50469,A I, 388K,ONLINE LEARN/OPTIMIZATION-WB,"A I-388K: ONLINE LEARN/OPTIMIZATION-WB, Section no. 50469",A,109,
Spring 2025,50470,A I, 389L,AUTOMATED LOGICAL REASONING-WB,"A I-389L: AUTOMATED LOGICAL REASONING-WB, Section no. 50470",Other,11,
Spring 2025,50470,A I, 389L,AUTOMATED LOGICAL REASONING-WB,"A I-389L: AUTOMATED LOGICAL REASONING-WB, Section no. 50470",C,1,
Spring 2025,50470,A I, 389L,AUTOMATED LOGICAL REASONING-WB,"A I-389L: AUTOMATED LOGICAL REASONING-WB, Section no. 50470",B-,4,
Spring 2025,50470,A I, 389L,AUTOMATED LOGICAL REASONING-WB,"A I-389L: AUTOMATED LOGICAL REASONING-WB, Section no. 50470",B,4,
Spring 2025,50470,A I, 389L,AUTOMATED LOGICAL REASONING-WB,"A I-389L: AUTOMATED LOGICAL REASONING-WB, Section no. 50470",B+,56,
Spring 2025,50470,A I, 389L,AUTOMATED LOGICAL REASONING-WB,"A I-389L: AUTOMATED LOGICAL REASONING-WB, Section no. 50470",A-,17,
Spring 2025,50470,A I, 389L,AUTOMATED LOGICAL REASONING-WB,"A I-389L: AUTOMATED LOGICAL REASONING-WB, Section no. 50470",A,25,
Spring 2025,50475,A I, 391L,MACHINE LEARNING-WB,"A I-391L: MACHINE LEARNING-WB, Section no. 50475",Other,21,
Spring 2025,50475,A I, 391L,MACHINE LEARNING-WB,"A I-391L: MACHINE LEARNING-WB, Section no. 50475",F,4,
Spring 2025,50475,A I, 391L,MACHINE LEARNING-WB,"A I-391L: MACHINE LEARNING-WB, Section no. 50475",D-,1,
Spring 2025,50475,A I, 391L,MACHINE LEARNING-WB,"A I-391L: MACHINE LEARNING-WB, Section no. 50475",D,1,
Spring 2025,50475,A I, 391L,MACHINE LEARNING-WB,"A I-391L: MACHINE LEARNING-WB, Section no. 50475",D+,2,
Spring 2025,50475,A I, 391L,MACHINE LEARNING-WB,"A I-391L: MACHINE LEARNING-WB, Section no. 50475",C-,1,
Spring 2025,50475,A I, 391L,MACHINE LEARNING-WB,"A I-391L: MACHINE LEARNING-WB, Section no. 50475",C,2,
Spring 2025,50475,A I, 391L,MACHINE LEARNING-WB,"A I-391L: MACHINE LEARNING-WB, Section no. 50475",C+,11,
Spring 2025,50475,A I, 391L,MACHINE LEARNING-WB,"A I-391L: MACHINE LEARNING-WB, Section no. 50475",B-,16,
Spring 2025,50475,A I, 391L,MACHINE LEARNING-WB,"A I-391L: MACHINE LEARNING-WB, Section no. 50475",B,32,
Spring 2025,50475,A I, 391L,MACHINE LEARNING-WB,"A I-391L: MACHINE LEARNING-WB, Section no. 50475",B+,46,
Spring 2025,50475,A I, 391L,MACHINE LEARNING-WB,"A I-391L: MACHINE LEARNING-WB, Section no. 50475",A-,39,
Spring 2025,50475,A I, 391L,MACHINE LEARNING-WB,"A I-391L: MACHINE LEARNING-WB, Section no. 50475",A,44,
Spring 2025,50480,A I, 394D,DEEP LEARNING-WB,"A I-394D: DEEP LEARNING-WB, Section no. 50480",Other,26,
Spring 2025,50480,A I, 394D,DEEP LEARNING-WB,"A I-394D: DEEP LEARNING-WB, Section no. 50480",F,7,
Spring 2025,50480,A I, 394D,DEEP LEARNING-WB,"A I-394D: DEEP LEARNING-WB, Section no. 50480",D+,1,
Spring 2025,50480,A I, 394D,DEEP LEARNING-WB,"A I-394D: DEEP LEARNING-WB, Section no. 50480",C,2,
Spring 2025,50480,A I, 394D,DEEP LEARNING-WB,"A I-394D: DEEP LEARNING-WB, Section no. 50480",C+,2,
Spring 2025,50480,A I, 394D,DEEP LEARNING-WB,"A I-394D: DEEP LEARNING-WB, Section no. 50480",B,30,
Spring 2025,50480,A I, 394D,DEEP LEARNING-WB,"A I-394D: DEEP LEARNING-WB, Section no. 50480",B+,9,
Spring 2025,50480,A I, 394D,DEEP LEARNING-WB,"A I-394D: DEEP LEARNING-WB, Section no. 50480",A-,42,
Spring 2025,50480,A I, 394D,DEEP LEARNING-WB,"A I-394D: DEEP LEARNING-WB, Section no. 50480",A,449,
Spring 2025,50485,A I, 395T,A I IN HEALTHCARE-WB,"A I-395T: A I IN HEALTHCARE-WB, Section no. 50485",Other,22,
Spring 2025,50485,A I, 395T,A I IN HEALTHCARE-WB,"A I-395T: A I IN HEALTHCARE-WB, Section no. 50485",C,1,
Spring 2025,50485,A I, 395T,A I IN HEALTHCARE-WB,"A I-395T: A I IN HEALTHCARE-WB, Section no. 50485",B-,3,
Spring 2025,50485,A I, 395T,A I IN HEALTHCARE-WB,"A I-395T: A I IN HEALTHCARE-WB, Section no. 50485",B,4,
Spring 2025,50485,A I, 395T,A I IN HEALTHCARE-WB,"A I-395T: A I IN HEALTHCARE-WB, Section no. 50485",B+,8,
Spring 2025,50485,A I, 395T,A I IN HEALTHCARE-WB,"A I-395T: A I IN HEALTHCARE-WB, Section no. 50485",A-,20,
Spring 2025,50485,A I, 395T,A I IN HEALTHCARE-WB,"A I-395T: A I IN HEALTHCARE-WB, Section no. 50485",A,350,
Spring 2025,50489,A I, 395T,ADVANCES IN DEEP LEARNING-WB,"A I-395T: ADVANCES IN DEEP LEARNING-WB, Section no. 50489",Other,11,
Spring 2025,50489,A I, 395T,ADVANCES IN DEEP LEARNING-WB,"A I-395T: ADVANCES IN DEEP LEARNING-WB, Section no. 50489",F,8,
Spring 2025,50489,A I, 395T,ADVANCES IN DEEP LEARNING-WB,"A I-395T: ADVANCES IN DEEP LEARNING-WB, Section no. 50489",D-,1,
Spring 2025,50489,A I, 395T,ADVANCES IN DEEP LEARNING-WB,"A I-395T: ADVANCES IN DEEP LEARNING-WB, Section no. 50489",D+,1,
Spring 2025,50489,A I, 395T,ADVANCES IN DEEP LEARNING-WB,"A I-395T: ADVANCES IN DEEP LEARNING-WB, Section no. 50489",C-,2,
Spring 2025,50489,A I, 395T,ADVANCES IN DEEP LEARNING-WB,"A I-395T: ADVANCES IN DEEP LEARNING-WB, Section no. 50489",C,6,
Spring 2025,50489,A I, 395T,ADVANCES IN DEEP LEARNING-WB,"A I-395T: ADVANCES IN DEEP LEARNING-WB, Section no. 50489",C+,5,
Spring 2025,50489,A I, 395T,ADVANCES IN DEEP LEARNING-WB,"A I-395T: ADVANCES IN DEEP LEARNING-WB, Section no. 50489",B,23,
Spring 2025,50489,A I, 395T,ADVANCES IN DEEP LEARNING-WB,"A I-395T: ADVANCES IN DEEP LEARNING-WB, Section no. 50489",B+,14,
Spring 2025,50489,A I, 395T,ADVANCES IN DEEP LEARNING-WB,"A I-395T: ADVANCES IN DEEP LEARNING-WB, Section no. 50489",A-,25,
Spring 2025,50489,A I, 395T,ADVANCES IN DEEP LEARNING-WB,"A I-395T: ADVANCES IN DEEP LEARNING-WB, Section no. 50489",A,267,
Spring 2025,50490,A I, 395T,ETHICS IN A I-WB,"A I-395T: ETHICS IN A I-WB, Section no. 50490",Other,11,
Spring 2025,50490,A I, 395T,ETHICS IN A I-WB,"A I-395T: ETHICS IN A I-WB, Section no. 50490",F,5,
Spring 2025,50490,A I, 395T,ETHICS IN A I-WB,"A I-395T: ETHICS IN A I-WB, Section no. 50490",D,1,
Spring 2025,50490,A I, 395T,ETHICS IN A I-WB,"A I-395T: ETHICS IN A I-WB, Section no. 50490",C-,1,
Spring 2025,50490,A I, 395T,ETHICS IN A I-WB,"A I-395T: ETHICS IN A I-WB, Section no. 50490",C,3,
Spring 2025,50490,A I, 395T,ETHICS IN A I-WB,"A I-395T: ETHICS IN A I-WB, Section no. 50490",B-,5,
Spring 2025,50490,A I, 395T,ETHICS IN A I-WB,"A I-395T: ETHICS IN A I-WB, Section no. 50490",B,6,
Spring 2025,50490,A I, 395T,ETHICS IN A I-WB,"A I-395T: ETHICS IN A I-WB, Section no. 50490",B+,15,
Spring 2025,50490,A I, 395T,ETHICS IN A I-WB,"A I-395T: ETHICS IN A I-WB, Section no. 50490",A-,31,
Spring 2025,50490,A I, 395T,ETHICS IN A I-WB,"A I-395T: ETHICS IN A I-WB, Section no. 50490",A,298,
Spring 2025,50550,C S, 303E,ELEMS OF COMPUTERS/PROGRAMMING,"C S-303E: ELEMS OF COMPUTERS/PROGRAMMING, Section no. 50550",Other,36,Computer Science
Spring 2025,50550,C S, 303E,ELEMS OF COMPUTERS/PROGRAMMING,"C S-303E: ELEMS OF COMPUTERS/PROGRAMMING, Section no. 50550",F,1,Computer Science
Spring 2025,50550,C S, 303E,ELEMS OF COMPUTERS/PROGRAMMING,"C S-303E: ELEMS OF COMPUTERS/PROGRAMMING, Section no. 50550",D,1,Computer Science
Spring 2025,50550,C S, 303E,ELEMS OF COMPUTERS/PROGRAMMING,"C S-303E: ELEMS OF COMPUTERS/PROGRAMMING, Section no. 50550",D+,1,Computer Science
Spring 2025,50550,C S, 303E,ELEMS OF COMPUTERS/PROGRAMMING,"C S-303E: ELEMS OF COMPUTERS/PROGRAMMING, Section no. 50550",C-,2,Computer Science
Spring 2025,50550,C S, 303E,ELEMS OF COMPUTERS/PROGRAMMING,"C S-303E: ELEMS OF COMPUTERS/PROGRAMMING, Section no. 50550",C,5,Computer Science
Spring 2025,50550,C S, 303E,ELEMS OF COMPUTERS/PROGRAMMING,"C S-303E: ELEMS OF COMPUTERS/PROGRAMMING, Section no. 50550",C+,5,Computer Science
Spring 2025,50550,C S, 303E,ELEMS OF COMPUTERS/PROGRAMMING,"C S-303E: ELEMS OF COMPUTERS/PROGRAMMING, Section no. 50550",B-,13,Computer Science
Spring 2025,50550,C S, 303E,ELEMS OF COMPUTERS/PROGRAMMING,"C S-303E: ELEMS OF COMPUTERS/PROGRAMMING, Section no. 50550",B,11,Computer Science
Spring 2025,50550,C S, 303E,ELEMS OF COMPUTERS/PROGRAMMING,"C S-303E: ELEMS OF COMPUTERS/PROGRAMMING, Section no. 50550",B+,17,Computer Science
Spring 2025,50550,C S, 303E,ELEMS OF COMPUTERS/PROGRAMMING,"C S-303E: ELEMS OF COMPUTERS/PROGRAMMING, Section no. 50550",A-,21,Computer Science
Spring 2025,50550,C S, 303E,ELEMS OF COMPUTERS/PROGRAMMING,"C S-303E: ELEMS OF COMPUTERS/PROGRAMMING, Section no. 50550",A,79,Computer Science
Spring 2025,50555,C S, 303E,ELEMS OF COMPUTERS/PROGRAMMING,"C S-303E: ELEMS OF COMPUTERS/PROGRAMMING, Section no. 50555",Other,25,Computer Science
Spring 2025,50555,C S, 303E,ELEMS OF COMPUTERS/PROGRAMMING,"C S-303E: ELEMS OF COMPUTERS/PROGRAMMING, Section no. 50555",F,1,Computer Science
Spring 2025,50555,C S, 303E,ELEMS OF COMPUTERS/PROGRAMMING,"C S-303E: ELEMS OF COMPUTERS/PROGRAMMING, Section no. 50555",D-,1,Computer Science
Spring 2025,50555,C S, 303E,ELEMS OF COMPUTERS/PROGRAMMING,"C S-303E: ELEMS OF COMPUTERS/PROGRAMMING, Section no. 50555",C-,5,Computer Science
Spring 2025,50555,C S, 303E,ELEMS OF COMPUTERS/PROGRAMMING,"C S-303E: ELEMS OF COMPUTERS/PROGRAMMING, Section no. 50555",C,3,Computer Science
Spring 2025,50555,C S, 303E,ELEMS OF COMPUTERS/PROGRAMMING,"C S-303E: ELEMS OF COMPUTERS/PROGRAMMING, Section no. 50555",C+,7,Computer Science
Spring 2025,50555,C S, 303E,ELEMS OF COMPUTERS/PROGRAMMING,"C S-303E: ELEMS OF COMPUTERS/PROGRAMMING, Section no. 50555",B-,8,Computer Science
Spring 2025,50555,C S, 303E,ELEMS OF COMPUTERS/PROGRAMMING,"C S-303E: ELEMS OF COMPUTERS/PROGRAMMING, Section no. 50555",B,10,Computer Science
Spring 2025,50555,C S, 303E,ELEMS OF COMPUTERS/PROGRAMMING,"C S-303E: ELEMS OF COMPUTERS/PROGRAMMING, Section no. 50555",B+,9,Computer Science
Spring 2025,50555,C S, 303E,ELEMS OF COMPUTERS/PROGRAMMING,"C S-303E: ELEMS OF COMPUTERS/PROGRAMMING, Section no. 50555",A-,11,Computer Science
Spring 2025,50555,C S, 303E,ELEMS OF COMPUTERS/PROGRAMMING,"C S-303E: ELEMS OF COMPUTERS/PROGRAMMING, Section no. 50555",A,73,Computer Science
Spring 2025,50560,C S, 303E,ELEMS OF COMPUTERS/PROGRAMMING,"C S-303E: ELEMS OF COMPUTERS/PROGRAMMING, Section no. 50560",Other,45,Computer Science
Spring 2025,50560,C S, 303E,ELEMS OF COMPUTERS/PROGRAMMING,"C S-303E: ELEMS OF COMPUTERS/PROGRAMMING, Section no. 50560",F,8,Computer Science
Spring 2025,50560,C S, 303E,ELEMS OF COMPUTERS/PROGRAMMING,"C S-303E: ELEMS OF COMPUTERS/PROGRAMMING, Section no. 50560",D,4,Computer Science
Spring 2025,50560,C S, 303E,ELEMS OF COMPUTERS/PROGRAMMING,"C S-303E: ELEMS OF COMPUTERS/PROGRAMMING, Section no. 50560",C-,3,Computer Science
Spring 2025,50560,C S, 303E,ELEMS OF COMPUTERS/PROGRAMMING,"C S-303E: ELEMS OF COMPUTERS/PROGRAMMING, Section no. 50560",C,6,Computer Science
Spring 2025,50560,C S, 303E,ELEMS OF COMPUTERS/PROGRAMMING,"C S-303E: ELEMS OF COMPUTERS/PROGRAMMING, Section no. 50560",C+,6,Computer Science
Spring 2025,50560,C S, 303E,ELEMS OF COMPUTERS/PROGRAMMING,"C S-303E: ELEMS OF COMPUTERS/PROGRAMMING, Section no. 50560",B-,7,Computer Science
Spring 2025,50560,C S, 303E,ELEMS OF COMPUTERS/PROGRAMMING,"C S-303E: ELEMS OF COMPUTERS/PROGRAMMING, Section no. 50560",B,7,Computer Science
Spring 2025,50560,C S, 303E,ELEMS OF COMPUTERS/PROGRAMMING,"C S-303E: ELEMS OF COMPUTERS/PROGRAMMING, Section no. 50560",B+,12,Computer Science
Spring 2025,50560,C S, 303E,ELEMS OF COMPUTERS/PROGRAMMING,"C S-303E: ELEMS OF COMPUTERS/PROGRAMMING, Section no. 50560",A-,14,Computer Science
Spring 2025,50560,C S, 303E,ELEMS OF COMPUTERS/PROGRAMMING,"C S-303E: ELEMS OF COMPUTERS/PROGRAMMING, Section no. 50560",A,68,Computer Science
Spring 2025,50565,C S, 303E,ELEMS OF COMPUTERS/PROGRAMMING,"C S-303E: ELEMS OF COMPUTERS/PROGRAMMING, Section no. 50565",Other,29,Computer Science
Spring 2025,50565,C S, 303E,ELEMS OF COMPUTERS/PROGRAMMING,"C S-303E: ELEMS OF COMPUTERS/PROGRAMMING, Section no. 50565",F,1,Computer Science
Spring 2025,50565,C S, 303E,ELEMS OF COMPUTERS/PROGRAMMING,"C S-303E: ELEMS OF COMPUTERS/PROGRAMMING, Section no. 50565",C-,11,Computer Science
Spring 2025,50565,C S, 303E,ELEMS OF COMPUTERS/PROGRAMMING,"C S-303E: ELEMS OF COMPUTERS/PROGRAMMING, Section no. 50565",C,5,Computer Science
Spring 2025,50565,C S, 303E,ELEMS OF COMPUTERS/PROGRAMMING,"C S-303E: ELEMS OF COMPUTERS/PROGRAMMING, Section no. 50565",C+,10,Computer Science
Spring 2025,50565,C S, 303E,ELEMS OF COMPUTERS/PROGRAMMING,"C S-303E: ELEMS OF COMPUTERS/PROGRAMMING, Section no. 50565",B-,11,Computer Science
Spring 2025,50565,C S, 303E,ELEMS OF COMPUTERS/PROGRAMMING,"C S-303E: ELEMS OF COMPUTERS/PROGRAMMING, Section no. 50565",B,15,Computer Science
Spring 2025,50565,C S, 303E,ELEMS OF COMPUTERS/PROGRAMMING,"C S-303E: ELEMS OF COMPUTERS/PROGRAMMING, Section no. 50565",B+,12,Computer Science
Spring 2025,50565,C S, 303E,ELEMS OF COMPUTERS/PROGRAMMING,"C S-303E: ELEMS OF COMPUTERS/PROGRAMMING, Section no. 50565",A-,19,Computer Science
Spring 2025,50565,C S, 303E,ELEMS OF COMPUTERS/PROGRAMMING,"C S-303E: ELEMS OF COMPUTERS/PROGRAMMING, Section no. 50565",A,83,Computer Science
Spring 2025,50570,C S, 303E,ELEMS OF COMPUTERS/PROGRAMMING,"C S-303E: ELEMS OF COMPUTERS/PROGRAMMING, Section no. 50570",Other,45,Computer Science
Spring 2025,50570,C S, 303E,ELEMS OF COMPUTERS/PROGRAMMING,"C S-303E: ELEMS OF COMPUTERS/PROGRAMMING, Section no. 50570",F,3,Computer Science
Spring 2025,50570,C S, 303E,ELEMS OF COMPUTERS/PROGRAMMING,"C S-303E: ELEMS OF COMPUTERS/PROGRAMMING, Section no. 50570",D,3,Computer Science
Spring 2025,50570,C S, 303E,ELEMS OF COMPUTERS/PROGRAMMING,"C S-303E: ELEMS OF COMPUTERS/PROGRAMMING, Section no. 50570",C-,9,Computer Science
Spring 2025,50570,C S, 303E,ELEMS OF COMPUTERS/PROGRAMMING,"C S-303E: ELEMS OF COMPUTERS/PROGRAMMING, Section no. 50570",C,3,Computer Science
Spring 2025,50570,C S, 303E,ELEMS OF COMPUTERS/PROGRAMMING,"C S-303E: ELEMS OF COMPUTERS/PROGRAMMING, Section no. 50570",C+,6,Computer Science
Spring 2025,50570,C S, 303E,ELEMS OF COMPUTERS/PROGRAMMING,"C S-303E: ELEMS OF COMPUTERS/PROGRAMMING, Section no. 50570",B-,9,Computer Science
Spring 2025,50570,C S, 303E,ELEMS OF COMPUTERS/PROGRAMMING,"C S-303E: ELEMS OF COMPUTERS/PROGRAMMING, Section no. 50570",B,11,Computer Science
Spring 2025,50570,C S, 303E,ELEMS OF COMPUTERS/PROGRAMMING,"C S-303E: ELEMS OF COMPUTERS/PROGRAMMING, Section no. 50570",B+,22,Computer Science
Spring 2025,50570,C S, 303E,ELEMS OF COMPUTERS/PROGRAMMING,"C S-303E: ELEMS OF COMPUTERS/PROGRAMMING, Section no. 50570",A-,15,Computer Science
Spring 2025,50570,C S, 303E,ELEMS OF COMPUTERS/PROGRAMMING,"C S-303E: ELEMS OF COMPUTERS/PROGRAMMING, Section no. 50570",A,65,Computer Science
Spring 2025,50575,C S, 103F,ETHICAL FNDTN COMP SCIENCE,"C S-103F: ETHICAL FNDTN COMP SCIENCE, Section no. 50575",Other,1,Computer Science
Spring 2025,50575,C S, 103F,ETHICAL FNDTN COMP SCIENCE,"C S-103F: ETHICAL FNDTN COMP SCIENCE, Section no. 50575",C,2,Computer Science
Spring 2025,50575,C S, 103F,ETHICAL FNDTN COMP SCIENCE,"C S-103F: ETHICAL FNDTN COMP SCIENCE, Section no. 50575",B-,1,Computer Science
Spring 2025,50575,C S, 103F,ETHICAL FNDTN COMP SCIENCE,"C S-103F: ETHICAL FNDTN COMP SCIENCE, Section no. 50575",B+,3,Computer Science
Spring 2025,50575,C S, 103F,ETHICAL FNDTN COMP SCIENCE,"C S-103F: ETHICAL FNDTN COMP SCIENCE, Section no. 50575",A-,2,Computer Science
Spring 2025,50575,C S, 103F,ETHICAL FNDTN COMP SCIENCE,"C S-103F: ETHICAL FNDTN COMP SCIENCE, Section no. 50575",A,68,Computer Science
Spring 2025,50580,C S, 104C,COMPETITIVE PROGRAMMING,"C S-104C: COMPETITIVE PROGRAMMING, Section no. 50580",Other,6,Computer Science
Spring 2025,50580,C S, 104C,COMPETITIVE PROGRAMMING,"C S-104C: COMPETITIVE PROGRAMMING, Section no. 50580",F,1,Computer Science
Spring 2025,50580,C S, 104C,COMPETITIVE PROGRAMMING,"C S-104C: COMPETITIVE PROGRAMMING, Section no. 50580",A,51,Computer Science
Spring 2025,50585,C S, 309,AUTONOM INTELLGNT ROBTCS I-FRI,"C S-309: AUTONOM INTELLGNT ROBTCS I-FRI, Section no. 50585",B,3,Computer Science
Spring 2025,50585,C S, 309,AUTONOM INTELLGNT ROBTCS I-FRI,"C S-309: AUTONOM INTELLGNT ROBTCS I-FRI, Section no. 50585",B+,1,Computer Science
Spring 2025,50585,C S, 309,AUTONOM INTELLGNT ROBTCS I-FRI,"C S-309: AUTONOM INTELLGNT ROBTCS I-FRI, Section no. 50585",A-,2,Computer Science
Spring 2025,50585,C S, 309,AUTONOM INTELLGNT ROBTCS I-FRI,"C S-309: AUTONOM INTELLGNT ROBTCS I-FRI, Section no. 50585",A,31,Computer Science
Spring 2025,50590,C S, 309,BIG DATA IN BIOLOGY-FRI,"C S-309: BIG DATA IN BIOLOGY-FRI, Section no. 50590",D+,1,Computer Science
Spring 2025,50590,C S, 309,BIG DATA IN BIOLOGY-FRI,"C S-309: BIG DATA IN BIOLOGY-FRI, Section no. 50590",A-,1,Computer Science
Spring 2025,50590,C S, 309,BIG DATA IN BIOLOGY-FRI,"C S-309: BIG DATA IN BIOLOGY-FRI, Section no. 50590",A,14,Computer Science
Spring 2025,50595,C S, 309,GEOMETRY OF SPACE-FRI,"C S-309: GEOMETRY OF SPACE-FRI, Section no. 50595",Other,1,Computer Science
Spring 2025,50595,C S, 309,GEOMETRY OF SPACE-FRI,"C S-309: GEOMETRY OF SPACE-FRI, Section no. 50595",B+,3,Computer Science
Spring 2025,50595,C S, 309,GEOMETRY OF SPACE-FRI,"C S-309: GEOMETRY OF SPACE-FRI, Section no. 50595",A-,3,Computer Science
Spring 2025,50595,C S, 309,GEOMETRY OF SPACE-FRI,"C S-309: GEOMETRY OF SPACE-FRI, Section no. 50595",A,25,Computer Science
Spring 2025,50600,C S, 309,ROBOT LEARNING-FRI,"C S-309: ROBOT LEARNING-FRI, Section no. 50600",B+,2,Computer Science
Spring 2025,50600,C S, 309,ROBOT LEARNING-FRI,"C S-309: ROBOT LEARNING-FRI, Section no. 50600",A-,14,Computer Science
Spring 2025,50600,C S, 309,ROBOT LEARNING-FRI,"C S-309: ROBOT LEARNING-FRI, Section no. 50600",A,16,Computer Science
Spring 2025,50605,C S, 309,1-QUANTUM COMPUTING I-FRI,"C S-309: 1-QUANTUM COMPUTING I-FRI, Section no. 50605",Other,3,Computer Science
Spring 2025,50605,C S, 309,1-QUANTUM COMPUTING I-FRI,"C S-309: 1-QUANTUM COMPUTING I-FRI, Section no. 50605",D+,1,Computer Science
Spring 2025,50605,C S, 309,1-QUANTUM COMPUTING I-FRI,"C S-309: 1-QUANTUM COMPUTING I-FRI, Section no. 50605",C-,1,Computer Science
Spring 2025,50605,C S, 309,1-QUANTUM COMPUTING I-FRI,"C S-309: 1-QUANTUM COMPUTING I-FRI, Section no. 50605",C,2,Computer Science
Spring 2025,50605,C S, 309,1-QUANTUM COMPUTING I-FRI,"C S-309: 1-QUANTUM COMPUTING I-FRI, Section no. 50605",B,3,Computer Science
Spring 2025,50605,C S, 309,1-QUANTUM COMPUTING I-FRI,"C S-309: 1-QUANTUM COMPUTING I-FRI, Section no. 50605",B+,4,Computer Science
Spring 2025,50605,C S, 309,1-QUANTUM COMPUTING I-FRI,"C S-309: 1-QUANTUM COMPUTING I-FRI, Section no. 50605",A-,2,Computer Science
Spring 2025,50605,C S, 309,1-QUANTUM COMPUTING I-FRI,"C S-309: 1-QUANTUM COMPUTING I-FRI, Section no. 50605",A,13,Computer Science
Spring 2025,50615,C S, 311,DISCRETE MATH FOR COMPUTER SCI,"C S-311: DISCRETE MATH FOR COMPUTER SCI, Section no. 50615",Other,1,Computer Science
Spring 2025,50615,C S, 311,DISCRETE MATH FOR COMPUTER SCI,"C S-311: DISCRETE MATH FOR COMPUTER SCI, Section no. 50615",F,2,Computer Science
Spring 2025,50615,C S, 311,DISCRETE MATH FOR COMPUTER SCI,"C S-311: DISCRETE MATH FOR COMPUTER SCI, Section no. 50615",D,2,Computer Science
Spring 2025,50615,C S, 311,DISCRETE MATH FOR COMPUTER SCI,"C S-311: DISCRETE MATH FOR COMPUTER SCI, Section no. 50615",C-,5,Computer Science
Spring 2025,50615,C S, 311,DISCRETE MATH FOR COMPUTER SCI,"C S-311: DISCRETE MATH FOR COMPUTER SCI, Section no. 50615",C,1,Computer Science
Spring 2025,50615,C S, 311,DISCRETE MATH FOR COMPUTER SCI,"C S-311: DISCRETE MATH FOR COMPUTER SCI, Section no. 50615",C+,2,Computer Science
Spring 2025,50615,C S, 311,DISCRETE MATH FOR COMPUTER SCI,"C S-311: DISCRETE MATH FOR COMPUTER SCI, Section no. 50615",B-,3,Computer Science
Spring 2025,50615,C S, 311,DISCRETE MATH FOR COMPUTER SCI,"C S-311: DISCRETE MATH FOR COMPUTER SCI, Section no. 50615",B+,2,Computer Science
Spring 2025,50620,C S, 311,DISCRETE MATH FOR COMPUTER SCI,"C S-311: DISCRETE MATH FOR COMPUTER SCI, Section no. 50620",D,1,Computer Science
Spring 2025,50620,C S, 311,DISCRETE MATH FOR COMPUTER SCI,"C S-311: DISCRETE MATH FOR COMPUTER SCI, Section no. 50620",C-,5,Computer Science
Spring 2025,50620,C S, 311,DISCRETE MATH FOR COMPUTER SCI,"C S-311: DISCRETE MATH FOR COMPUTER SCI, Section no. 50620",C,2,Computer Science
Spring 2025,50620,C S, 311,DISCRETE MATH FOR COMPUTER SCI,"C S-311: DISCRETE MATH FOR COMPUTER SCI, Section no. 50620",C+,1,Computer Science
Spring 2025,50620,C S, 311,DISCRETE MATH FOR COMPUTER SCI,"C S-311: DISCRETE MATH FOR COMPUTER SCI, Section no. 50620",B-,5,Computer Science
Spring 2025,50620,C S, 311,DISCRETE MATH FOR COMPUTER SCI,"C S-311: DISCRETE MATH FOR COMPUTER SCI, Section no. 50620",B,2,Computer Science
Spring 2025,50620,C S, 311,DISCRETE MATH FOR COMPUTER SCI,"C S-311: DISCRETE MATH FOR COMPUTER SCI, Section no. 50620",A-,1,Computer Science
Spring 2025,50620,C S, 311,DISCRETE MATH FOR COMPUTER SCI,"C S-311: DISCRETE MATH FOR COMPUTER SCI, Section no. 50620",A,1,Computer Science
Spring 2025,50630,C S, 311,DISCRETE MATH FOR COMPUTER SCI,"C S-311: DISCRETE MATH FOR COMPUTER SCI, Section no. 50630",F,2,Computer Science
Spring 2025,50630,C S, 311,DISCRETE MATH FOR COMPUTER SCI,"C S-311: DISCRETE MATH FOR COMPUTER SCI, Section no. 50630",D,1,Computer Science
Spring 2025,50630,C S, 311,DISCRETE MATH FOR COMPUTER SCI,"C S-311: DISCRETE MATH FOR COMPUTER SCI, Section no. 50630",C,5,Computer Science
Spring 2025,50630,C S, 311,DISCRETE MATH FOR COMPUTER SCI,"C S-311: DISCRETE MATH FOR COMPUTER SCI, Section no. 50630",C+,3,Computer Science
Spring 2025,50630,C S, 311,DISCRETE MATH FOR COMPUTER SCI,"C S-311: DISCRETE MATH FOR COMPUTER SCI, Section no. 50630",B,2,Computer Science
Spring 2025,50630,C S, 311,DISCRETE MATH FOR COMPUTER SCI,"C S-311: DISCRETE MATH FOR COMPUTER SCI, Section no. 50630",B+,1,Computer Science
Spring 2025,50635,C S, 311,DISCRETE MATH FOR COMPUTER SCI,"C S-311: DISCRETE MATH FOR COMPUTER SCI, Section no. 50635",Other,1,Computer Science
Spring 2025,50635,C S, 311,DISCRETE MATH FOR COMPUTER SCI,"C S-311: DISCRETE MATH FOR COMPUTER SCI, Section no. 50635",F,1,Computer Science
Spring 2025,50635,C S, 311,DISCRETE MATH FOR COMPUTER SCI,"C S-311: DISCRETE MATH FOR COMPUTER SCI, Section no. 50635",D,2,Computer Science
Spring 2025,50635,C S, 311,DISCRETE MATH FOR COMPUTER SCI,"C S-311: DISCRETE MATH FOR COMPUTER SCI, Section no. 50635",C-,1,Computer Science
Spring 2025,50635,C S, 311,DISCRETE MATH FOR COMPUTER SCI,"C S-311: DISCRETE MATH FOR COMPUTER SCI, Section no. 50635",C,2,Computer Science
Spring 2025,50635,C S, 311,DISCRETE MATH FOR COMPUTER SCI,"C S-311: DISCRETE MATH FOR COMPUTER SCI, Section no. 50635",C+,2,Computer Science
Spring 2025,50635,C S, 311,DISCRETE MATH FOR COMPUTER SCI,"C S-311: DISCRETE MATH FOR COMPUTER SCI, Section no. 50635",B-,2,Computer Science
Spring 2025,50635,C S, 311,DISCRETE MATH FOR COMPUTER SCI,"C S-311: DISCRETE MATH FOR COMPUTER SCI, Section no. 50635",B,2,Computer Science
Spring 2025,50635,C S, 311,DISCRETE MATH FOR COMPUTER SCI,"C S-311: DISCRETE MATH FOR COMPUTER SCI, Section no. 50635",A-,1,Computer Science
Spring 2025,50635,C S, 311,DISCRETE MATH FOR COMPUTER SCI,"C S-311: DISCRETE MATH FOR COMPUTER SCI, Section no. 50635",A,2,Computer Science
Spring 2025,50640,C S, 311,DISCRETE MATH FOR COMPUTER SCI,"C S-311: DISCRETE MATH FOR COMPUTER SCI, Section no. 50640",D,5,Computer Science
Spring 2025,50640,C S, 311,DISCRETE MATH FOR COMPUTER SCI,"C S-311: DISCRETE MATH FOR COMPUTER SCI, Section no. 50640",C-,6,Computer Science
Spring 2025,50640,C S, 311,DISCRETE MATH FOR COMPUTER SCI,"C S-311: DISCRETE MATH FOR COMPUTER SCI, Section no. 50640",C,1,Computer Science
Spring 2025,50640,C S, 311,DISCRETE MATH FOR COMPUTER SCI,"C S-311: DISCRETE MATH FOR COMPUTER SCI, Section no. 50640",C+,4,Computer Science
Spring 2025,50640,C S, 311,DISCRETE MATH FOR COMPUTER SCI,"C S-311: DISCRETE MATH FOR COMPUTER SCI, Section no. 50640",B-,4,Computer Science
Spring 2025,50640,C S, 311,DISCRETE MATH FOR COMPUTER SCI,"C S-311: DISCRETE MATH FOR COMPUTER SCI, Section no. 50640",B,2,Computer Science
Spring 2025,50645,C S, 311,DISCRETE MATH FOR COMPUTER SCI,"C S-311: DISCRETE MATH FOR COMPUTER SCI, Section no. 50645",Other,2,Computer Science
Spring 2025,50645,C S, 311,DISCRETE MATH FOR COMPUTER SCI,"C S-311: DISCRETE MATH FOR COMPUTER SCI, Section no. 50645",F,2,Computer Science
Spring 2025,50645,C S, 311,DISCRETE MATH FOR COMPUTER SCI,"C S-311: DISCRETE MATH FOR COMPUTER SCI, Section no. 50645",D,3,Computer Science
Spring 2025,50645,C S, 311,DISCRETE MATH FOR COMPUTER SCI,"C S-311: DISCRETE MATH FOR COMPUTER SCI, Section no. 50645",C-,2,Computer Science
Spring 2025,50645,C S, 311,DISCRETE MATH FOR COMPUTER SCI,"C S-311: DISCRETE MATH FOR COMPUTER SCI, Section no. 50645",C,3,Computer Science
Spring 2025,50645,C S, 311,DISCRETE MATH FOR COMPUTER SCI,"C S-311: DISCRETE MATH FOR COMPUTER SCI, Section no. 50645",C+,2,Computer Science
Spring 2025,50645,C S, 311,DISCRETE MATH FOR COMPUTER SCI,"C S-311: DISCRETE MATH FOR COMPUTER SCI, Section no. 50645",B,3,Computer Science
Spring 2025,50645,C S, 311,DISCRETE MATH FOR COMPUTER SCI,"C S-311: DISCRETE MATH FOR COMPUTER SCI, Section no. 50645",B+,2,Computer Science
Spring 2025,50645,C S, 311,DISCRETE MATH FOR COMPUTER SCI,"C S-311: DISCRETE MATH FOR COMPUTER SCI, Section no. 50645",A-,2,Computer Science
Spring 2025,50645,C S, 311,DISCRETE MATH FOR COMPUTER SCI,"C S-311: DISCRETE MATH FOR COMPUTER SCI, Section no. 50645",A,1,Computer Science
Spring 2025,50650,C S, 311,DISCRETE MATH FOR COMPUTER SCI,"C S-311: DISCRETE MATH FOR COMPUTER SCI, Section no. 50650",Other,1,Computer Science
Spring 2025,50650,C S, 311,DISCRETE MATH FOR COMPUTER SCI,"C S-311: DISCRETE MATH FOR COMPUTER SCI, Section no. 50650",F,1,Computer Science
Spring 2025,50650,C S, 311,DISCRETE MATH FOR COMPUTER SCI,"C S-311: DISCRETE MATH FOR COMPUTER SCI, Section no. 50650",D,4,Computer Science
Spring 2025,50650,C S, 311,DISCRETE MATH FOR COMPUTER SCI,"C S-311: DISCRETE MATH FOR COMPUTER SCI, Section no. 50650",C-,5,Computer Science
Spring 2025,50650,C S, 311,DISCRETE MATH FOR COMPUTER SCI,"C S-311: DISCRETE MATH FOR COMPUTER SCI, Section no. 50650",C,3,Computer Science
Spring 2025,50650,C S, 311,DISCRETE MATH FOR COMPUTER SCI,"C S-311: DISCRETE MATH FOR COMPUTER SCI, Section no. 50650",C+,2,Computer Science
Spring 2025,50650,C S, 311,DISCRETE MATH FOR COMPUTER SCI,"C S-311: DISCRETE MATH FOR COMPUTER SCI, Section no. 50650",B-,3,Computer Science
Spring 2025,50650,C S, 311,DISCRETE MATH FOR COMPUTER SCI,"C S-311: DISCRETE MATH FOR COMPUTER SCI, Section no. 50650",B,1,Computer Science
Spring 2025,50650,C S, 311,DISCRETE MATH FOR COMPUTER SCI,"C S-311: DISCRETE MATH FOR COMPUTER SCI, Section no. 50650",B+,1,Computer Science
Spring 2025,50650,C S, 311,DISCRETE MATH FOR COMPUTER SCI,"C S-311: DISCRETE MATH FOR COMPUTER SCI, Section no. 50650",A,1,Computer Science
Spring 2025,50666,C S, 311,DISCRETE MATH FOR COMPUTER SCI,"C S-311: DISCRETE MATH FOR COMPUTER SCI, Section no. 50666",Other,1,Computer Science
Spring 2025,50666,C S, 311,DISCRETE MATH FOR COMPUTER SCI,"C S-311: DISCRETE MATH FOR COMPUTER SCI, Section no. 50666",D+,1,Computer Science
Spring 2025,50666,C S, 311,DISCRETE MATH FOR COMPUTER SCI,"C S-311: DISCRETE MATH FOR COMPUTER SCI, Section no. 50666",C,1,Computer Science
Spring 2025,50666,C S, 311,DISCRETE MATH FOR COMPUTER SCI,"C S-311: DISCRETE MATH FOR COMPUTER SCI, Section no. 50666",B-,3,Computer Science
Spring 2025,50666,C S, 311,DISCRETE MATH FOR COMPUTER SCI,"C S-311: DISCRETE MATH FOR COMPUTER SCI, Section no. 50666",B,1,Computer Science
Spring 2025,50666,C S, 311,DISCRETE MATH FOR COMPUTER SCI,"C S-311: DISCRETE MATH FOR COMPUTER SCI, Section no. 50666",B+,5,Computer Science
Spring 2025,50666,C S, 311,DISCRETE MATH FOR COMPUTER SCI,"C S-311: DISCRETE MATH FOR COMPUTER SCI, Section no. 50666",A-,4,Computer Science
Spring 2025,50666,C S, 311,DISCRETE MATH FOR COMPUTER SCI,"C S-311: DISCRETE MATH FOR COMPUTER SCI, Section no. 50666",A,9,Computer Science
Spring 2025,50667,C S, 311,DISCRETE MATH FOR COMPUTER SCI,"C S-311: DISCRETE MATH FOR COMPUTER SCI, Section no. 50667",F,1,Computer Science
Spring 2025,50667,C S, 311,DISCRETE MATH FOR COMPUTER SCI,"C S-311: DISCRETE MATH FOR COMPUTER SCI, Section no. 50667",C,1,Computer Science
Spring 2025,50667,C S, 311,DISCRETE MATH FOR COMPUTER SCI,"C S-311: DISCRETE MATH FOR COMPUTER SCI, Section no. 50667",C+,2,Computer Science
Spring 2025,50667,C S, 311,DISCRETE MATH FOR COMPUTER SCI,"C S-311: DISCRETE MATH FOR COMPUTER SCI, Section no. 50667",B-,7,Computer Science
Spring 2025,50667,C S, 311,DISCRETE MATH FOR COMPUTER SCI,"C S-311: DISCRETE MATH FOR COMPUTER SCI, Section no. 50667",B,4,Computer Science
Spring 2025,50667,C S, 311,DISCRETE MATH FOR COMPUTER SCI,"C S-311: DISCRETE MATH FOR COMPUTER SCI, Section no. 50667",B+,2,Computer Science
Spring 2025,50667,C S, 311,DISCRETE MATH FOR COMPUTER SCI,"C S-311: DISCRETE MATH FOR COMPUTER SCI, Section no. 50667",A-,4,Computer Science
Spring 2025,50667,C S, 311,DISCRETE MATH FOR COMPUTER SCI,"C S-311: DISCRETE MATH FOR COMPUTER SCI, Section no. 50667",A,3,Computer Science
Spring 2025,50668,C S, 311,DISCRETE MATH FOR COMPUTER SCI,"C S-311: DISCRETE MATH FOR COMPUTER SCI, Section no. 50668",Other,1,Computer Science
Spring 2025,50668,C S, 311,DISCRETE MATH FOR COMPUTER SCI,"C S-311: DISCRETE MATH FOR COMPUTER SCI, Section no. 50668",C-,1,Computer Science
Spring 2025,50668,C S, 311,DISCRETE MATH FOR COMPUTER SCI,"C S-311: DISCRETE MATH FOR COMPUTER SCI, Section no. 50668",C,1,Computer Science
Spring 2025,50668,C S, 311,DISCRETE MATH FOR COMPUTER SCI,"C S-311: DISCRETE MATH FOR COMPUTER SCI, Section no. 50668",C+,1,Computer Science
Spring 2025,50668,C S, 311,DISCRETE MATH FOR COMPUTER SCI,"C S-311: DISCRETE MATH FOR COMPUTER SCI, Section no. 50668",B-,5,Computer Science
Spring 2025,50668,C S, 311,DISCRETE MATH FOR COMPUTER SCI,"C S-311: DISCRETE MATH FOR COMPUTER SCI, Section no. 50668",B,6,Computer Science
Spring 2025,50668,C S, 311,DISCRETE MATH FOR COMPUTER SCI,"C S-311: DISCRETE MATH FOR COMPUTER SCI, Section no. 50668",B+,3,Computer Science
Spring 2025,50668,C S, 311,DISCRETE MATH FOR COMPUTER SCI,"C S-311: DISCRETE MATH FOR COMPUTER SCI, Section no. 50668",A-,2,Computer Science
Spring 2025,50668,C S, 311,DISCRETE MATH FOR COMPUTER SCI,"C S-311: DISCRETE MATH FOR COMPUTER SCI, Section no. 50668",A,1,Computer Science
Spring 2025,50669,C S, 311,DISCRETE MATH FOR COMPUTER SCI,"C S-311: DISCRETE MATH FOR COMPUTER SCI, Section no. 50669",Other,1,Computer Science
Spring 2025,50669,C S, 311,DISCRETE MATH FOR COMPUTER SCI,"C S-311: DISCRETE MATH FOR COMPUTER SCI, Section no. 50669",C+,2,Computer Science
Spring 2025,50669,C S, 311,DISCRETE MATH FOR COMPUTER SCI,"C S-311: DISCRETE MATH FOR COMPUTER SCI, Section no. 50669",B-,4,Computer Science
Spring 2025,50669,C S, 311,DISCRETE MATH FOR COMPUTER SCI,"C S-311: DISCRETE MATH FOR COMPUTER SCI, Section no. 50669",B,4,Computer Science
Spring 2025,50669,C S, 311,DISCRETE MATH FOR COMPUTER SCI,"C S-311: DISCRETE MATH FOR COMPUTER SCI, Section no. 50669",B+,7,Computer Science
Spring 2025,50669,C S, 311,DISCRETE MATH FOR COMPUTER SCI,"C S-311: DISCRETE MATH FOR COMPUTER SCI, Section no. 50669",A-,6,Computer Science
Spring 2025,50670,C S, 312,INTRODUCTION TO PROGRAMMING,"C S-312: INTRODUCTION TO PROGRAMMING, Section no. 50670",Other,5,Computer Science
Spring 2025,50670,C S, 312,INTRODUCTION TO PROGRAMMING,"C S-312: INTRODUCTION TO PROGRAMMING, Section no. 50670",F,4,Computer Science
Spring 2025,50670,C S, 312,INTRODUCTION TO PROGRAMMING,"C S-312: INTRODUCTION TO PROGRAMMING, Section no. 50670",D,3,Computer Science
Spring 2025,50670,C S, 312,INTRODUCTION TO PROGRAMMING,"C S-312: INTRODUCTION TO PROGRAMMING, Section no. 50670",C-,2,Computer Science
Spring 2025,50670,C S, 312,INTRODUCTION TO PROGRAMMING,"C S-312: INTRODUCTION TO PROGRAMMING, Section no. 50670",C,3,Computer Science
Spring 2025,50670,C S, 312,INTRODUCTION TO PROGRAMMING,"C S-312: INTRODUCTION TO PROGRAMMING, Section no. 50670",C+,2,Computer Science
Spring 2025,50670,C S, 312,INTRODUCTION TO PROGRAMMING,"C S-312: INTRODUCTION TO PROGRAMMING, Section no. 50670",B-,1,Computer Science
Spring 2025,50670,C S, 312,INTRODUCTION TO PROGRAMMING,"C S-312: INTRODUCTION TO PROGRAMMING, Section no. 50670",B,1,Computer Science
Spring 2025,50670,C S, 312,INTRODUCTION TO PROGRAMMING,"C S-312: INTRODUCTION TO PROGRAMMING, Section no. 50670",B+,1,Computer Science
Spring 2025,50670,C S, 312,INTRODUCTION TO PROGRAMMING,"C S-312: INTRODUCTION TO PROGRAMMING, Section no. 50670",A-,2,Computer Science
Spring 2025,50675,C S, 312,INTRODUCTION TO PROGRAMMING,"C S-312: INTRODUCTION TO PROGRAMMING, Section no. 50675",Other,2,Computer Science
Spring 2025,50675,C S, 312,INTRODUCTION TO PROGRAMMING,"C S-312: INTRODUCTION TO PROGRAMMING, Section no. 50675",F,1,Computer Science
Spring 2025,50675,C S, 312,INTRODUCTION TO PROGRAMMING,"C S-312: INTRODUCTION TO PROGRAMMING, Section no. 50675",D,1,Computer Science
Spring 2025,50675,C S, 312,INTRODUCTION TO PROGRAMMING,"C S-312: INTRODUCTION TO PROGRAMMING, Section no. 50675",C,4,Computer Science
Spring 2025,50675,C S, 312,INTRODUCTION TO PROGRAMMING,"C S-312: INTRODUCTION TO PROGRAMMING, Section no. 50675",C+,1,Computer Science
Spring 2025,50675,C S, 312,INTRODUCTION TO PROGRAMMING,"C S-312: INTRODUCTION TO PROGRAMMING, Section no. 50675",B-,2,Computer Science
Spring 2025,50675,C S, 312,INTRODUCTION TO PROGRAMMING,"C S-312: INTRODUCTION TO PROGRAMMING, Section no. 50675",B,2,Computer Science
Spring 2025,50675,C S, 312,INTRODUCTION TO PROGRAMMING,"C S-312: INTRODUCTION TO PROGRAMMING, Section no. 50675",B+,2,Computer Science
Spring 2025,50675,C S, 312,INTRODUCTION TO PROGRAMMING,"C S-312: INTRODUCTION TO PROGRAMMING, Section no. 50675",A-,3,Computer Science
Spring 2025,50675,C S, 312,INTRODUCTION TO PROGRAMMING,"C S-312: INTRODUCTION TO PROGRAMMING, Section no. 50675",A,3,Computer Science
Spring 2025,50680,C S, 312,INTRODUCTION TO PROGRAMMING,"C S-312: INTRODUCTION TO PROGRAMMING, Section no. 50680",Other,5,Computer Science
Spring 2025,50680,C S, 312,INTRODUCTION TO PROGRAMMING,"C S-312: INTRODUCTION TO PROGRAMMING, Section no. 50680",D,2,Computer Science
Spring 2025,50680,C S, 312,INTRODUCTION TO PROGRAMMING,"C S-312: INTRODUCTION TO PROGRAMMING, Section no. 50680",C-,5,Computer Science
Spring 2025,50680,C S, 312,INTRODUCTION TO PROGRAMMING,"C S-312: INTRODUCTION TO PROGRAMMING, Section no. 50680",C,1,Computer Science
Spring 2025,50680,C S, 312,INTRODUCTION TO PROGRAMMING,"C S-312: INTRODUCTION TO PROGRAMMING, Section no. 50680",C+,2,Computer Science
Spring 2025,50680,C S, 312,INTRODUCTION TO PROGRAMMING,"C S-312: INTRODUCTION TO PROGRAMMING, Section no. 50680",B-,2,Computer Science
Spring 2025,50680,C S, 312,INTRODUCTION TO PROGRAMMING,"C S-312: INTRODUCTION TO PROGRAMMING, Section no. 50680",B,1,Computer Science
Spring 2025,50680,C S, 312,INTRODUCTION TO PROGRAMMING,"C S-312: INTRODUCTION TO PROGRAMMING, Section no. 50680",A-,3,Computer Science
Spring 2025,50680,C S, 312,INTRODUCTION TO PROGRAMMING,"C S-312: INTRODUCTION TO PROGRAMMING, Section no. 50680",A,3,Computer Science
Spring 2025,50685,C S, 312,INTRODUCTION TO PROGRAMMING,"C S-312: INTRODUCTION TO PROGRAMMING, Section no. 50685",Other,3,Computer Science
Spring 2025,50685,C S, 312,INTRODUCTION TO PROGRAMMING,"C S-312: INTRODUCTION TO PROGRAMMING, Section no. 50685",F,1,Computer Science
Spring 2025,50685,C S, 312,INTRODUCTION TO PROGRAMMING,"C S-312: INTRODUCTION TO PROGRAMMING, Section no. 50685",D-,1,Computer Science
Spring 2025,50685,C S, 312,INTRODUCTION TO PROGRAMMING,"C S-312: INTRODUCTION TO PROGRAMMING, Section no. 50685",D,2,Computer Science
Spring 2025,50685,C S, 312,INTRODUCTION TO PROGRAMMING,"C S-312: INTRODUCTION TO PROGRAMMING, Section no. 50685",C,2,Computer Science
Spring 2025,50685,C S, 312,INTRODUCTION TO PROGRAMMING,"C S-312: INTRODUCTION TO PROGRAMMING, Section no. 50685",C+,1,Computer Science
Spring 2025,50685,C S, 312,INTRODUCTION TO PROGRAMMING,"C S-312: INTRODUCTION TO PROGRAMMING, Section no. 50685",B-,2,Computer Science
Spring 2025,50685,C S, 312,INTRODUCTION TO PROGRAMMING,"C S-312: INTRODUCTION TO PROGRAMMING, Section no. 50685",B,2,Computer Science
Spring 2025,50685,C S, 312,INTRODUCTION TO PROGRAMMING,"C S-312: INTRODUCTION TO PROGRAMMING, Section no. 50685",B+,1,Computer Science
Spring 2025,50685,C S, 312,INTRODUCTION TO PROGRAMMING,"C S-312: INTRODUCTION TO PROGRAMMING, Section no. 50685",A-,3,Computer Science
Spring 2025,50685,C S, 312,INTRODUCTION TO PROGRAMMING,"C S-312: INTRODUCTION TO PROGRAMMING, Section no. 50685",A,6,Computer Science
Spring 2025,50690,C S, 313E,ELEMENTS OF SOFTWARE DESIGN,"C S-313E: ELEMENTS OF SOFTWARE DESIGN, Section no. 50690",Other,3,Computer Science
Spring 2025,50690,C S, 313E,ELEMENTS OF SOFTWARE DESIGN,"C S-313E: ELEMENTS OF SOFTWARE DESIGN, Section no. 50690",D,1,Computer Science
Spring 2025,50690,C S, 313E,ELEMENTS OF SOFTWARE DESIGN,"C S-313E: ELEMENTS OF SOFTWARE DESIGN, Section no. 50690",C-,3,Computer Science
Spring 2025,50690,C S, 313E,ELEMENTS OF SOFTWARE DESIGN,"C S-313E: ELEMENTS OF SOFTWARE DESIGN, Section no. 50690",C,1,Computer Science
Spring 2025,50690,C S, 313E,ELEMENTS OF SOFTWARE DESIGN,"C S-313E: ELEMENTS OF SOFTWARE DESIGN, Section no. 50690",C+,1,Computer Science
Spring 2025,50690,C S, 313E,ELEMENTS OF SOFTWARE DESIGN,"C S-313E: ELEMENTS OF SOFTWARE DESIGN, Section no. 50690",B-,2,Computer Science
Spring 2025,50690,C S, 313E,ELEMENTS OF SOFTWARE DESIGN,"C S-313E: ELEMENTS OF SOFTWARE DESIGN, Section no. 50690",B,7,Computer Science
Spring 2025,50690,C S, 313E,ELEMENTS OF SOFTWARE DESIGN,"C S-313E: ELEMENTS OF SOFTWARE DESIGN, Section no. 50690",B+,4,Computer Science
Spring 2025,50690,C S, 313E,ELEMENTS OF SOFTWARE DESIGN,"C S-313E: ELEMENTS OF SOFTWARE DESIGN, Section no. 50690",A-,3,Computer Science
Spring 2025,50690,C S, 313E,ELEMENTS OF SOFTWARE DESIGN,"C S-313E: ELEMENTS OF SOFTWARE DESIGN, Section no. 50690",A,5,Computer Science
Spring 2025,50695,C S, 313E,ELEMENTS OF SOFTWARE DESIGN,"C S-313E: ELEMENTS OF SOFTWARE DESIGN, Section no. 50695",Other,22,Computer Science
Spring 2025,50695,C S, 313E,ELEMENTS OF SOFTWARE DESIGN,"C S-313E: ELEMENTS OF SOFTWARE DESIGN, Section no. 50695",F,3,Computer Science
Spring 2025,50695,C S, 313E,ELEMENTS OF SOFTWARE DESIGN,"C S-313E: ELEMENTS OF SOFTWARE DESIGN, Section no. 50695",D,1,Computer Science
Spring 2025,50695,C S, 313E,ELEMENTS OF SOFTWARE DESIGN,"C S-313E: ELEMENTS OF SOFTWARE DESIGN, Section no. 50695",C-,7,Computer Science
Spring 2025,50695,C S, 313E,ELEMENTS OF SOFTWARE DESIGN,"C S-313E: ELEMENTS OF SOFTWARE DESIGN, Section no. 50695",C,5,Computer Science
Spring 2025,50695,C S, 313E,ELEMENTS OF SOFTWARE DESIGN,"C S-313E: ELEMENTS OF SOFTWARE DESIGN, Section no. 50695",C+,6,Computer Science
Spring 2025,50695,C S, 313E,ELEMENTS OF SOFTWARE DESIGN,"C S-313E: ELEMENTS OF SOFTWARE DESIGN, Section no. 50695",B-,9,Computer Science
Spring 2025,50695,C S, 313E,ELEMENTS OF SOFTWARE DESIGN,"C S-313E: ELEMENTS OF SOFTWARE DESIGN, Section no. 50695",B,11,Computer Science
Spring 2025,50695,C S, 313E,ELEMENTS OF SOFTWARE DESIGN,"C S-313E: ELEMENTS OF SOFTWARE DESIGN, Section no. 50695",B+,3,Computer Science
Spring 2025,50695,C S, 313E,ELEMENTS OF SOFTWARE DESIGN,"C S-313E: ELEMENTS OF SOFTWARE DESIGN, Section no. 50695",A-,7,Computer Science
Spring 2025,50695,C S, 313E,ELEMENTS OF SOFTWARE DESIGN,"C S-313E: ELEMENTS OF SOFTWARE DESIGN, Section no. 50695",A,15,Computer Science
Spring 2025,50700,C S, 313E,ELEMENTS OF SOFTWARE DESIGN,"C S-313E: ELEMENTS OF SOFTWARE DESIGN, Section no. 50700",Other,9,Computer Science
Spring 2025,50700,C S, 313E,ELEMENTS OF SOFTWARE DESIGN,"C S-313E: ELEMENTS OF SOFTWARE DESIGN, Section no. 50700",F,1,Computer Science
Spring 2025,50700,C S, 313E,ELEMENTS OF SOFTWARE DESIGN,"C S-313E: ELEMENTS OF SOFTWARE DESIGN, Section no. 50700",D,1,Computer Science
Spring 2025,50700,C S, 313E,ELEMENTS OF SOFTWARE DESIGN,"C S-313E: ELEMENTS OF SOFTWARE DESIGN, Section no. 50700",D+,2,Computer Science
Spring 2025,50700,C S, 313E,ELEMENTS OF SOFTWARE DESIGN,"C S-313E: ELEMENTS OF SOFTWARE DESIGN, Section no. 50700",C-,2,Computer Science
Spring 2025,50700,C S, 313E,ELEMENTS OF SOFTWARE DESIGN,"C S-313E: ELEMENTS OF SOFTWARE DESIGN, Section no. 50700",C,1,Computer Science
Spring 2025,50700,C S, 313E,ELEMENTS OF SOFTWARE DESIGN,"C S-313E: ELEMENTS OF SOFTWARE DESIGN, Section no. 50700",C+,4,Computer Science
Spring 2025,50700,C S, 313E,ELEMENTS OF SOFTWARE DESIGN,"C S-313E: ELEMENTS OF SOFTWARE DESIGN, Section no. 50700",B-,6,Computer Science
Spring 2025,50700,C S, 313E,ELEMENTS OF SOFTWARE DESIGN,"C S-313E: ELEMENTS OF SOFTWARE DESIGN, Section no. 50700",B,3,Computer Science
Spring 2025,50700,C S, 313E,ELEMENTS OF SOFTWARE DESIGN,"C S-313E: ELEMENTS OF SOFTWARE DESIGN, Section no. 50700",B+,7,Computer Science
Spring 2025,50700,C S, 313E,ELEMENTS OF SOFTWARE DESIGN,"C S-313E: ELEMENTS OF SOFTWARE DESIGN, Section no. 50700",A-,17,Computer Science
Spring 2025,50700,C S, 313E,ELEMENTS OF SOFTWARE DESIGN,"C S-313E: ELEMENTS OF SOFTWARE DESIGN, Section no. 50700",A,67,Computer Science
Spring 2025,50705,C S, 313E,ELEMENTS OF SOFTWARE DESIGN,"C S-313E: ELEMENTS OF SOFTWARE DESIGN, Section no. 50705",Other,8,Computer Science
Spring 2025,50705,C S, 313E,ELEMENTS OF SOFTWARE DESIGN,"C S-313E: ELEMENTS OF SOFTWARE DESIGN, Section no. 50705",F,2,Computer Science
Spring 2025,50705,C S, 313E,ELEMENTS OF SOFTWARE DESIGN,"C S-313E: ELEMENTS OF SOFTWARE DESIGN, Section no. 50705",D-,1,Computer Science
Spring 2025,50705,C S, 313E,ELEMENTS OF SOFTWARE DESIGN,"C S-313E: ELEMENTS OF SOFTWARE DESIGN, Section no. 50705",D+,1,Computer Science
Spring 2025,50705,C S, 313E,ELEMENTS OF SOFTWARE DESIGN,"C S-313E: ELEMENTS OF SOFTWARE DESIGN, Section no. 50705",C-,2,Computer Science
Spring 2025,50705,C S, 313E,ELEMENTS OF SOFTWARE DESIGN,"C S-313E: ELEMENTS OF SOFTWARE DESIGN, Section no. 50705",C,2,Computer Science
Spring 2025,50705,C S, 313E,ELEMENTS OF SOFTWARE DESIGN,"C S-313E: ELEMENTS OF SOFTWARE DESIGN, Section no. 50705",B-,2,Computer Science
Spring 2025,50705,C S, 313E,ELEMENTS OF SOFTWARE DESIGN,"C S-313E: ELEMENTS OF SOFTWARE DESIGN, Section no. 50705",B,5,Computer Science
Spring 2025,50705,C S, 313E,ELEMENTS OF SOFTWARE DESIGN,"C S-313E: ELEMENTS OF SOFTWARE DESIGN, Section no. 50705",B+,9,Computer Science
Spring 2025,50705,C S, 313E,ELEMENTS OF SOFTWARE DESIGN,"C S-313E: ELEMENTS OF SOFTWARE DESIGN, Section no. 50705",A-,10,Computer Science
Spring 2025,50705,C S, 313E,ELEMENTS OF SOFTWARE DESIGN,"C S-313E: ELEMENTS OF SOFTWARE DESIGN, Section no. 50705",A,80,Computer Science
Spring 2025,50710,C S, 313E,ELEMENTS OF SOFTWARE DESIGN,"C S-313E: ELEMENTS OF SOFTWARE DESIGN, Section no. 50710",Other,5,Computer Science
Spring 2025,50710,C S, 313E,ELEMENTS OF SOFTWARE DESIGN,"C S-313E: ELEMENTS OF SOFTWARE DESIGN, Section no. 50710",D-,1,Computer Science
Spring 2025,50710,C S, 313E,ELEMENTS OF SOFTWARE DESIGN,"C S-313E: ELEMENTS OF SOFTWARE DESIGN, Section no. 50710",C-,1,Computer Science
Spring 2025,50710,C S, 313E,ELEMENTS OF SOFTWARE DESIGN,"C S-313E: ELEMENTS OF SOFTWARE DESIGN, Section no. 50710",C,2,Computer Science
Spring 2025,50710,C S, 313E,ELEMENTS OF SOFTWARE DESIGN,"C S-313E: ELEMENTS OF SOFTWARE DESIGN, Section no. 50710",C+,3,Computer Science
Spring 2025,50710,C S, 313E,ELEMENTS OF SOFTWARE DESIGN,"C S-313E: ELEMENTS OF SOFTWARE DESIGN, Section no. 50710",B-,5,Computer Science
Spring 2025,50710,C S, 313E,ELEMENTS OF SOFTWARE DESIGN,"C S-313E: ELEMENTS OF SOFTWARE DESIGN, Section no. 50710",B,3,Computer Science
Spring 2025,50710,C S, 313E,ELEMENTS OF SOFTWARE DESIGN,"C S-313E: ELEMENTS OF SOFTWARE DESIGN, Section no. 50710",B+,3,Computer Science
Spring 2025,50710,C S, 313E,ELEMENTS OF SOFTWARE DESIGN,"C S-313E: ELEMENTS OF SOFTWARE DESIGN, Section no. 50710",A-,8,Computer Science
Spring 2025,50710,C S, 313E,ELEMENTS OF SOFTWARE DESIGN,"C S-313E: ELEMENTS OF SOFTWARE DESIGN, Section no. 50710",A,80,Computer Science
Spring 2025,50715,C S, 314,DATA STRUCTURES,"C S-314: DATA STRUCTURES, Section no. 50715",Other,4,Computer Science
Spring 2025,50715,C S, 314,DATA STRUCTURES,"C S-314: DATA STRUCTURES, Section no. 50715",F,2,Computer Science
Spring 2025,50715,C S, 314,DATA STRUCTURES,"C S-314: DATA STRUCTURES, Section no. 50715",D,1,Computer Science
Spring 2025,50715,C S, 314,DATA STRUCTURES,"C S-314: DATA STRUCTURES, Section no. 50715",D+,1,Computer Science
Spring 2025,50715,C S, 314,DATA STRUCTURES,"C S-314: DATA STRUCTURES, Section no. 50715",C-,3,Computer Science
Spring 2025,50715,C S, 314,DATA STRUCTURES,"C S-314: DATA STRUCTURES, Section no. 50715",C,4,Computer Science
Spring 2025,50715,C S, 314,DATA STRUCTURES,"C S-314: DATA STRUCTURES, Section no. 50715",C+,4,Computer Science
Spring 2025,50715,C S, 314,DATA STRUCTURES,"C S-314: DATA STRUCTURES, Section no. 50715",B-,2,Computer Science
Spring 2025,50715,C S, 314,DATA STRUCTURES,"C S-314: DATA STRUCTURES, Section no. 50715",B,2,Computer Science
Spring 2025,50715,C S, 314,DATA STRUCTURES,"C S-314: DATA STRUCTURES, Section no. 50715",B+,1,Computer Science
Spring 2025,50720,C S, 314,DATA STRUCTURES,"C S-314: DATA STRUCTURES, Section no. 50720",Other,5,Computer Science
Spring 2025,50720,C S, 314,DATA STRUCTURES,"C S-314: DATA STRUCTURES, Section no. 50720",F,1,Computer Science
Spring 2025,50720,C S, 314,DATA STRUCTURES,"C S-314: DATA STRUCTURES, Section no. 50720",D,2,Computer Science
Spring 2025,50720,C S, 314,DATA STRUCTURES,"C S-314: DATA STRUCTURES, Section no. 50720",D+,2,Computer Science
Spring 2025,50720,C S, 314,DATA STRUCTURES,"C S-314: DATA STRUCTURES, Section no. 50720",C-,3,Computer Science
Spring 2025,50720,C S, 314,DATA STRUCTURES,"C S-314: DATA STRUCTURES, Section no. 50720",C,1,Computer Science
Spring 2025,50720,C S, 314,DATA STRUCTURES,"C S-314: DATA STRUCTURES, Section no. 50720",C+,1,Computer Science
Spring 2025,50720,C S, 314,DATA STRUCTURES,"C S-314: DATA STRUCTURES, Section no. 50720",B-,2,Computer Science
Spring 2025,50720,C S, 314,DATA STRUCTURES,"C S-314: DATA STRUCTURES, Section no. 50720",B,2,Computer Science
Spring 2025,50720,C S, 314,DATA STRUCTURES,"C S-314: DATA STRUCTURES, Section no. 50720",B+,2,Computer Science
Spring 2025,50720,C S, 314,DATA STRUCTURES,"C S-314: DATA STRUCTURES, Section no. 50720",A-,2,Computer Science
Spring 2025,50720,C S, 314,DATA STRUCTURES,"C S-314: DATA STRUCTURES, Section no. 50720",A,2,Computer Science
Spring 2025,50725,C S, 314,DATA STRUCTURES,"C S-314: DATA STRUCTURES, Section no. 50725",Other,8,Computer Science
Spring 2025,50725,C S, 314,DATA STRUCTURES,"C S-314: DATA STRUCTURES, Section no. 50725",D-,1,Computer Science
Spring 2025,50725,C S, 314,DATA STRUCTURES,"C S-314: DATA STRUCTURES, Section no. 50725",D,2,Computer Science
Spring 2025,50725,C S, 314,DATA STRUCTURES,"C S-314: DATA STRUCTURES, Section no. 50725",D+,2,Computer Science
Spring 2025,50725,C S, 314,DATA STRUCTURES,"C S-314: DATA STRUCTURES, Section no. 50725",C-,1,Computer Science
Spring 2025,50725,C S, 314,DATA STRUCTURES,"C S-314: DATA STRUCTURES, Section no. 50725",C,1,Computer Science
Spring 2025,50725,C S, 314,DATA STRUCTURES,"C S-314: DATA STRUCTURES, Section no. 50725",C+,2,Computer Science
Spring 2025,50725,C S, 314,DATA STRUCTURES,"C S-314: DATA STRUCTURES, Section no. 50725",B,2,Computer Science
Spring 2025,50725,C S, 314,DATA STRUCTURES,"C S-314: DATA STRUCTURES, Section no. 50725",B+,4,Computer Science
Spring 2025,50725,C S, 314,DATA STRUCTURES,"C S-314: DATA STRUCTURES, Section no. 50725",A-,1,Computer Science
Spring 2025,50730,C S, 314,DATA STRUCTURES,"C S-314: DATA STRUCTURES, Section no. 50730",Other,6,Computer Science
Spring 2025,50730,C S, 314,DATA STRUCTURES,"C S-314: DATA STRUCTURES, Section no. 50730",F,3,Computer Science
Spring 2025,50730,C S, 314,DATA STRUCTURES,"C S-314: DATA STRUCTURES, Section no. 50730",D-,1,Computer Science
Spring 2025,50730,C S, 314,DATA STRUCTURES,"C S-314: DATA STRUCTURES, Section no. 50730",D,3,Computer Science
Spring 2025,50730,C S, 314,DATA STRUCTURES,"C S-314: DATA STRUCTURES, Section no. 50730",C-,3,Computer Science
Spring 2025,50730,C S, 314,DATA STRUCTURES,"C S-314: DATA STRUCTURES, Section no. 50730",C,2,Computer Science
Spring 2025,50730,C S, 314,DATA STRUCTURES,"C S-314: DATA STRUCTURES, Section no. 50730",B-,2,Computer Science
Spring 2025,50730,C S, 314,DATA STRUCTURES,"C S-314: DATA STRUCTURES, Section no. 50730",B+,2,Computer Science
Spring 2025,50730,C S, 314,DATA STRUCTURES,"C S-314: DATA STRUCTURES, Section no. 50730",A,1,Computer Science
Spring 2025,50735,C S, 314,DATA STRUCTURES,"C S-314: DATA STRUCTURES, Section no. 50735",Other,9,Computer Science
Spring 2025,50735,C S, 314,DATA STRUCTURES,"C S-314: DATA STRUCTURES, Section no. 50735",F,1,Computer Science
Spring 2025,50735,C S, 314,DATA STRUCTURES,"C S-314: DATA STRUCTURES, Section no. 50735",C-,1,Computer Science
Spring 2025,50735,C S, 314,DATA STRUCTURES,"C S-314: DATA STRUCTURES, Section no. 50735",C,4,Computer Science
Spring 2025,50735,C S, 314,DATA STRUCTURES,"C S-314: DATA STRUCTURES, Section no. 50735",C+,1,Computer Science
Spring 2025,50735,C S, 314,DATA STRUCTURES,"C S-314: DATA STRUCTURES, Section no. 50735",B-,2,Computer Science
Spring 2025,50735,C S, 314,DATA STRUCTURES,"C S-314: DATA STRUCTURES, Section no. 50735",B,3,Computer Science
Spring 2025,50735,C S, 314,DATA STRUCTURES,"C S-314: DATA STRUCTURES, Section no. 50735",B+,1,Computer Science
Spring 2025,50735,C S, 314,DATA STRUCTURES,"C S-314: DATA STRUCTURES, Section no. 50735",A,1,Computer Science
Spring 2025,50740,C S, 314,DATA STRUCTURES,"C S-314: DATA STRUCTURES, Section no. 50740",Other,3,Computer Science
Spring 2025,50740,C S, 314,DATA STRUCTURES,"C S-314: DATA STRUCTURES, Section no. 50740",F,5,Computer Science
Spring 2025,50740,C S, 314,DATA STRUCTURES,"C S-314: DATA STRUCTURES, Section no. 50740",D+,1,Computer Science
Spring 2025,50740,C S, 314,DATA STRUCTURES,"C S-314: DATA STRUCTURES, Section no. 50740",C,4,Computer Science
Spring 2025,50740,C S, 314,DATA STRUCTURES,"C S-314: DATA STRUCTURES, Section no. 50740",C+,2,Computer Science
Spring 2025,50740,C S, 314,DATA STRUCTURES,"C S-314: DATA STRUCTURES, Section no. 50740",B-,1,Computer Science
Spring 2025,50740,C S, 314,DATA STRUCTURES,"C S-314: DATA STRUCTURES, Section no. 50740",B,3,Computer Science
Spring 2025,50740,C S, 314,DATA STRUCTURES,"C S-314: DATA STRUCTURES, Section no. 50740",B+,1,Computer Science
Spring 2025,50740,C S, 314,DATA STRUCTURES,"C S-314: DATA STRUCTURES, Section no. 50740",A-,3,Computer Science
Spring 2025,50740,C S, 314,DATA STRUCTURES,"C S-314: DATA STRUCTURES, Section no. 50740",A,2,Computer Science
Spring 2025,50745,C S, 314,DATA STRUCTURES,"C S-314: DATA STRUCTURES, Section no. 50745",Other,1,Computer Science
Spring 2025,50745,C S, 314,DATA STRUCTURES,"C S-314: DATA STRUCTURES, Section no. 50745",F,1,Computer Science
Spring 2025,50745,C S, 314,DATA STRUCTURES,"C S-314: DATA STRUCTURES, Section no. 50745",D,1,Computer Science
Spring 2025,50745,C S, 314,DATA STRUCTURES,"C S-314: DATA STRUCTURES, Section no. 50745",D+,2,Computer Science
Spring 2025,50745,C S, 314,DATA STRUCTURES,"C S-314: DATA STRUCTURES, Section no. 50745",C,1,Computer Science
Spring 2025,50745,C S, 314,DATA STRUCTURES,"C S-314: DATA STRUCTURES, Section no. 50745",C+,1,Computer Science
Spring 2025,50745,C S, 314,DATA STRUCTURES,"C S-314: DATA STRUCTURES, Section no. 50745",B-,1,Computer Science
Spring 2025,50745,C S, 314,DATA STRUCTURES,"C S-314: DATA STRUCTURES, Section no. 50745",B,7,Computer Science
Spring 2025,50745,C S, 314,DATA STRUCTURES,"C S-314: DATA STRUCTURES, Section no. 50745",B+,3,Computer Science
Spring 2025,50745,C S, 314,DATA STRUCTURES,"C S-314: DATA STRUCTURES, Section no. 50745",A-,7,Computer Science
Spring 2025,50750,C S, 314,DATA STRUCTURES,"C S-314: DATA STRUCTURES, Section no. 50750",Other,5,Computer Science
Spring 2025,50750,C S, 314,DATA STRUCTURES,"C S-314: DATA STRUCTURES, Section no. 50750",F,1,Computer Science
Spring 2025,50750,C S, 314,DATA STRUCTURES,"C S-314: DATA STRUCTURES, Section no. 50750",D-,1,Computer Science
Spring 2025,50750,C S, 314,DATA STRUCTURES,"C S-314: DATA STRUCTURES, Section no. 50750",D,2,Computer Science
Spring 2025,50750,C S, 314,DATA STRUCTURES,"C S-314: DATA STRUCTURES, Section no. 50750",C,2,Computer Science
Spring 2025,50750,C S, 314,DATA STRUCTURES,"C S-314: DATA STRUCTURES, Section no. 50750",C+,2,Computer Science
Spring 2025,50750,C S, 314,DATA STRUCTURES,"C S-314: DATA STRUCTURES, Section no. 50750",B,4,Computer Science
Spring 2025,50750,C S, 314,DATA STRUCTURES,"C S-314: DATA STRUCTURES, Section no. 50750",A-,1,Computer Science
Spring 2025,50750,C S, 314,DATA STRUCTURES,"C S-314: DATA STRUCTURES, Section no. 50750",A,2,Computer Science
Spring 2025,50760,C S, 314,DATA STRUCTURES,"C S-314: DATA STRUCTURES, Section no. 50760",Other,4,Computer Science
Spring 2025,50760,C S, 314,DATA STRUCTURES,"C S-314: DATA STRUCTURES, Section no. 50760",D-,2,Computer Science
Spring 2025,50760,C S, 314,DATA STRUCTURES,"C S-314: DATA STRUCTURES, Section no. 50760",C-,3,Computer Science
Spring 2025,50760,C S, 314,DATA STRUCTURES,"C S-314: DATA STRUCTURES, Section no. 50760",C,2,Computer Science
Spring 2025,50760,C S, 314,DATA STRUCTURES,"C S-314: DATA STRUCTURES, Section no. 50760",C+,3,Computer Science
Spring 2025,50760,C S, 314,DATA STRUCTURES,"C S-314: DATA STRUCTURES, Section no. 50760",B-,3,Computer Science
Spring 2025,50760,C S, 314,DATA STRUCTURES,"C S-314: DATA STRUCTURES, Section no. 50760",B,2,Computer Science
Spring 2025,50760,C S, 314,DATA STRUCTURES,"C S-314: DATA STRUCTURES, Section no. 50760",A-,4,Computer Science
Spring 2025,50760,C S, 314,DATA STRUCTURES,"C S-314: DATA STRUCTURES, Section no. 50760",A,2,Computer Science
Spring 2025,50765,C S, 314,DATA STRUCTURES,"C S-314: DATA STRUCTURES, Section no. 50765",Other,4,Computer Science
Spring 2025,50765,C S, 314,DATA STRUCTURES,"C S-314: DATA STRUCTURES, Section no. 50765",F,1,Computer Science
Spring 2025,50765,C S, 314,DATA STRUCTURES,"C S-314: DATA STRUCTURES, Section no. 50765",D+,3,Computer Science
Spring 2025,50765,C S, 314,DATA STRUCTURES,"C S-314: DATA STRUCTURES, Section no. 50765",C+,2,Computer Science
Spring 2025,50765,C S, 314,DATA STRUCTURES,"C S-314: DATA STRUCTURES, Section no. 50765",B,6,Computer Science
Spring 2025,50765,C S, 314,DATA STRUCTURES,"C S-314: DATA STRUCTURES, Section no. 50765",B+,3,Computer Science
Spring 2025,50765,C S, 314,DATA STRUCTURES,"C S-314: DATA STRUCTURES, Section no. 50765",A-,2,Computer Science
Spring 2025,50765,C S, 314,DATA STRUCTURES,"C S-314: DATA STRUCTURES, Section no. 50765",A,2,Computer Science
Spring 2025,50770,C S, 314,DATA STRUCTURES,"C S-314: DATA STRUCTURES, Section no. 50770",Other,4,Computer Science
Spring 2025,50770,C S, 314,DATA STRUCTURES,"C S-314: DATA STRUCTURES, Section no. 50770",F,1,Computer Science
Spring 2025,50770,C S, 314,DATA STRUCTURES,"C S-314: DATA STRUCTURES, Section no. 50770",C,4,Computer Science
Spring 2025,50770,C S, 314,DATA STRUCTURES,"C S-314: DATA STRUCTURES, Section no. 50770",C+,1,Computer Science
Spring 2025,50770,C S, 314,DATA STRUCTURES,"C S-314: DATA STRUCTURES, Section no. 50770",B-,1,Computer Science
Spring 2025,50770,C S, 314,DATA STRUCTURES,"C S-314: DATA STRUCTURES, Section no. 50770",B,1,Computer Science
Spring 2025,50770,C S, 314,DATA STRUCTURES,"C S-314: DATA STRUCTURES, Section no. 50770",B+,1,Computer Science
Spring 2025,50770,C S, 314,DATA STRUCTURES,"C S-314: DATA STRUCTURES, Section no. 50770",A-,1,Computer Science
Spring 2025,50770,C S, 314,DATA STRUCTURES,"C S-314: DATA STRUCTURES, Section no. 50770",A,5,Computer Science
Spring 2025,50775,C S, 118H,INTRO TO COMP SCI RSCH: HONORS,"C S-118H: INTRO TO COMP SCI RSCH: HONORS, Section no. 50775",B,1,Computer Science
Spring 2025,50775,C S, 118H,INTRO TO COMP SCI RSCH: HONORS,"C S-118H: INTRO TO COMP SCI RSCH: HONORS, Section no. 50775",B+,6,Computer Science
Spring 2025,50775,C S, 118H,INTRO TO COMP SCI RSCH: HONORS,"C S-118H: INTRO TO COMP SCI RSCH: HONORS, Section no. 50775",A-,12,Computer Science
Spring 2025,50775,C S, 118H,INTRO TO COMP SCI RSCH: HONORS,"C S-118H: INTRO TO COMP SCI RSCH: HONORS, Section no. 50775",A,43,Computer Science
Spring 2025,50780,C S, 323E,ELEMENTS OF SCIENTIF COMPUTING,"C S-323E: ELEMENTS OF SCIENTIF COMPUTING, Section no. 50780",Other,2,Computer Science
Spring 2025,50780,C S, 323E,ELEMENTS OF SCIENTIF COMPUTING,"C S-323E: ELEMENTS OF SCIENTIF COMPUTING, Section no. 50780",C,1,Computer Science
Spring 2025,50780,C S, 323E,ELEMENTS OF SCIENTIF COMPUTING,"C S-323E: ELEMENTS OF SCIENTIF COMPUTING, Section no. 50780",C+,2,Computer Science
Spring 2025,50780,C S, 323E,ELEMENTS OF SCIENTIF COMPUTING,"C S-323E: ELEMENTS OF SCIENTIF COMPUTING, Section no. 50780",B-,2,Computer Science
Spring 2025,50780,C S, 323E,ELEMENTS OF SCIENTIF COMPUTING,"C S-323E: ELEMENTS OF SCIENTIF COMPUTING, Section no. 50780",B,2,Computer Science
Spring 2025,50780,C S, 323E,ELEMENTS OF SCIENTIF COMPUTING,"C S-323E: ELEMENTS OF SCIENTIF COMPUTING, Section no. 50780",B+,6,Computer Science
Spring 2025,50780,C S, 323E,ELEMENTS OF SCIENTIF COMPUTING,"C S-323E: ELEMENTS OF SCIENTIF COMPUTING, Section no. 50780",A-,8,Computer Science
Spring 2025,50780,C S, 323E,ELEMENTS OF SCIENTIF COMPUTING,"C S-323E: ELEMENTS OF SCIENTIF COMPUTING, Section no. 50780",A,45,Computer Science
Spring 2025,50785,C S, 324E,ELEM OF GRAPHICS/VISUALIZATN,"C S-324E: ELEM OF GRAPHICS/VISUALIZATN, Section no. 50785",Other,1,Computer Science
Spring 2025,50785,C S, 324E,ELEM OF GRAPHICS/VISUALIZATN,"C S-324E: ELEM OF GRAPHICS/VISUALIZATN, Section no. 50785",F,2,Computer Science
Spring 2025,50785,C S, 324E,ELEM OF GRAPHICS/VISUALIZATN,"C S-324E: ELEM OF GRAPHICS/VISUALIZATN, Section no. 50785",C+,1,Computer Science
Spring 2025,50785,C S, 324E,ELEM OF GRAPHICS/VISUALIZATN,"C S-324E: ELEM OF GRAPHICS/VISUALIZATN, Section no. 50785",B,1,Computer Science
Spring 2025,50785,C S, 324E,ELEM OF GRAPHICS/VISUALIZATN,"C S-324E: ELEM OF GRAPHICS/VISUALIZATN, Section no. 50785",B+,7,Computer Science
Spring 2025,50785,C S, 324E,ELEM OF GRAPHICS/VISUALIZATN,"C S-324E: ELEM OF GRAPHICS/VISUALIZATN, Section no. 50785",A-,1,Computer Science
Spring 2025,50785,C S, 324E,ELEM OF GRAPHICS/VISUALIZATN,"C S-324E: ELEM OF GRAPHICS/VISUALIZATN, Section no. 50785",A,46,Computer Science
Spring 2025,50790,C S, 324E,ELEM OF GRAPHICS/VISUALIZATN,"C S-324E: ELEM OF GRAPHICS/VISUALIZATN, Section no. 50790",Other,3,Computer Science
Spring 2025,50790,C S, 324E,ELEM OF GRAPHICS/VISUALIZATN,"C S-324E: ELEM OF GRAPHICS/VISUALIZATN, Section no. 50790",F,1,Computer Science
Spring 2025,50790,C S, 324E,ELEM OF GRAPHICS/VISUALIZATN,"C S-324E: ELEM OF GRAPHICS/VISUALIZATN, Section no. 50790",D,2,Computer Science
Spring 2025,50790,C S, 324E,ELEM OF GRAPHICS/VISUALIZATN,"C S-324E: ELEM OF GRAPHICS/VISUALIZATN, Section no. 50790",D+,1,Computer Science
Spring 2025,50790,C S, 324E,ELEM OF GRAPHICS/VISUALIZATN,"C S-324E: ELEM OF GRAPHICS/VISUALIZATN, Section no. 50790",C-,2,Computer Science
Spring 2025,50790,C S, 324E,ELEM OF GRAPHICS/VISUALIZATN,"C S-324E: ELEM OF GRAPHICS/VISUALIZATN, Section no. 50790",C+,1,Computer Science
Spring 2025,50790,C S, 324E,ELEM OF GRAPHICS/VISUALIZATN,"C S-324E: ELEM OF GRAPHICS/VISUALIZATN, Section no. 50790",B,4,Computer Science
Spring 2025,50790,C S, 324E,ELEM OF GRAPHICS/VISUALIZATN,"C S-324E: ELEM OF GRAPHICS/VISUALIZATN, Section no. 50790",B+,4,Computer Science
Spring 2025,50790,C S, 324E,ELEM OF GRAPHICS/VISUALIZATN,"C S-324E: ELEM OF GRAPHICS/VISUALIZATN, Section no. 50790",A-,11,Computer Science
Spring 2025,50790,C S, 324E,ELEM OF GRAPHICS/VISUALIZATN,"C S-324E: ELEM OF GRAPHICS/VISUALIZATN, Section no. 50790",A,31,Computer Science
Spring 2025,50800,C S, 326E,ELEMENTS OF NETWORKING,"C S-326E: ELEMENTS OF NETWORKING, Section no. 50800",Other,10,Computer Science
Spring 2025,50800,C S, 326E,ELEMENTS OF NETWORKING,"C S-326E: ELEMENTS OF NETWORKING, Section no. 50800",D,5,Computer Science
Spring 2025,50800,C S, 326E,ELEMENTS OF NETWORKING,"C S-326E: ELEMENTS OF NETWORKING, Section no. 50800",C,8,Computer Science
Spring 2025,50800,C S, 326E,ELEMENTS OF NETWORKING,"C S-326E: ELEMENTS OF NETWORKING, Section no. 50800",C+,4,Computer Science
Spring 2025,50800,C S, 326E,ELEMENTS OF NETWORKING,"C S-326E: ELEMENTS OF NETWORKING, Section no. 50800",B,8,Computer Science
Spring 2025,50800,C S, 326E,ELEMENTS OF NETWORKING,"C S-326E: ELEMENTS OF NETWORKING, Section no. 50800",B+,14,Computer Science
Spring 2025,50800,C S, 326E,ELEMENTS OF NETWORKING,"C S-326E: ELEMENTS OF NETWORKING, Section no. 50800",A-,10,Computer Science
Spring 2025,50800,C S, 326E,ELEMENTS OF NETWORKING,"C S-326E: ELEMENTS OF NETWORKING, Section no. 50800",A,17,Computer Science
Spring 2025,50804,C S, 326E,ELEMENTS OF NETWORKING,"C S-326E: ELEMENTS OF NETWORKING, Section no. 50804",Other,2,Computer Science
Spring 2025,50804,C S, 326E,ELEMENTS OF NETWORKING,"C S-326E: ELEMENTS OF NETWORKING, Section no. 50804",C,1,Computer Science
Spring 2025,50804,C S, 326E,ELEMENTS OF NETWORKING,"C S-326E: ELEMENTS OF NETWORKING, Section no. 50804",B-,2,Computer Science
Spring 2025,50804,C S, 326E,ELEMENTS OF NETWORKING,"C S-326E: ELEMENTS OF NETWORKING, Section no. 50804",B,1,Computer Science
Spring 2025,50804,C S, 326E,ELEMENTS OF NETWORKING,"C S-326E: ELEMENTS OF NETWORKING, Section no. 50804",B+,6,Computer Science
Spring 2025,50804,C S, 326E,ELEMENTS OF NETWORKING,"C S-326E: ELEMENTS OF NETWORKING, Section no. 50804",A-,17,Computer Science
Spring 2025,50804,C S, 326E,ELEMENTS OF NETWORKING,"C S-326E: ELEMENTS OF NETWORKING, Section no. 50804",A,28,Computer Science
Spring 2025,50805,C S, 327E,ELEMENTS OF DATABASES,"C S-327E: ELEMENTS OF DATABASES, Section no. 50805",Other,3,Computer Science
Spring 2025,50805,C S, 327E,ELEMENTS OF DATABASES,"C S-327E: ELEMENTS OF DATABASES, Section no. 50805",F,1,Computer Science
Spring 2025,50805,C S, 327E,ELEMENTS OF DATABASES,"C S-327E: ELEMENTS OF DATABASES, Section no. 50805",C-,1,Computer Science
Spring 2025,50805,C S, 327E,ELEMENTS OF DATABASES,"C S-327E: ELEMENTS OF DATABASES, Section no. 50805",C,2,Computer Science
Spring 2025,50805,C S, 327E,ELEMENTS OF DATABASES,"C S-327E: ELEMENTS OF DATABASES, Section no. 50805",C+,2,Computer Science
Spring 2025,50805,C S, 327E,ELEMENTS OF DATABASES,"C S-327E: ELEMENTS OF DATABASES, Section no. 50805",B-,7,Computer Science
Spring 2025,50805,C S, 327E,ELEMENTS OF DATABASES,"C S-327E: ELEMENTS OF DATABASES, Section no. 50805",B,6,Computer Science
Spring 2025,50805,C S, 327E,ELEMENTS OF DATABASES,"C S-327E: ELEMENTS OF DATABASES, Section no. 50805",B+,11,Computer Science
Spring 2025,50805,C S, 327E,ELEMENTS OF DATABASES,"C S-327E: ELEMENTS OF DATABASES, Section no. 50805",A-,17,Computer Science
Spring 2025,50805,C S, 327E,ELEMENTS OF DATABASES,"C S-327E: ELEMENTS OF DATABASES, Section no. 50805",A,20,Computer Science
Spring 2025,50810,C S, 327E,ELEMENTS OF DATABASES,"C S-327E: ELEMENTS OF DATABASES, Section no. 50810",Other,1,Computer Science
Spring 2025,50810,C S, 327E,ELEMENTS OF DATABASES,"C S-327E: ELEMENTS OF DATABASES, Section no. 50810",D,1,Computer Science
Spring 2025,50810,C S, 327E,ELEMENTS OF DATABASES,"C S-327E: ELEMENTS OF DATABASES, Section no. 50810",C-,2,Computer Science
Spring 2025,50810,C S, 327E,ELEMENTS OF DATABASES,"C S-327E: ELEMENTS OF DATABASES, Section no. 50810",B-,6,Computer Science
Spring 2025,50810,C S, 327E,ELEMENTS OF DATABASES,"C S-327E: ELEMENTS OF DATABASES, Section no. 50810",B,1,Computer Science
Spring 2025,50810,C S, 327E,ELEMENTS OF DATABASES,"C S-327E: ELEMENTS OF DATABASES, Section no. 50810",B+,11,Computer Science
Spring 2025,50810,C S, 327E,ELEMENTS OF DATABASES,"C S-327E: ELEMENTS OF DATABASES, Section no. 50810",A-,23,Computer Science
Spring 2025,50810,C S, 327E,ELEMENTS OF DATABASES,"C S-327E: ELEMENTS OF DATABASES, Section no. 50810",A,25,Computer Science
Spring 2025,50815,C S, 429,COMP ORGANIZATN AND ARCH,"C S-429: COMP ORGANIZATN AND ARCH, Section no. 50815",Other,3,Computer Science
Spring 2025,50815,C S, 429,COMP ORGANIZATN AND ARCH,"C S-429: COMP ORGANIZATN AND ARCH, Section no. 50815",F,1,Computer Science
Spring 2025,50815,C S, 429,COMP ORGANIZATN AND ARCH,"C S-429: COMP ORGANIZATN AND ARCH, Section no. 50815",C-,1,Computer Science
Spring 2025,50815,C S, 429,COMP ORGANIZATN AND ARCH,"C S-429: COMP ORGANIZATN AND ARCH, Section no. 50815",C,2,Computer Science
Spring 2025,50815,C S, 429,COMP ORGANIZATN AND ARCH,"C S-429: COMP ORGANIZATN AND ARCH, Section no. 50815",C+,1,Computer Science
Spring 2025,50815,C S, 429,COMP ORGANIZATN AND ARCH,"C S-429: COMP ORGANIZATN AND ARCH, Section no. 50815",B-,3,Computer Science
Spring 2025,50815,C S, 429,COMP ORGANIZATN AND ARCH,"C S-429: COMP ORGANIZATN AND ARCH, Section no. 50815",B,4,Computer Science
Spring 2025,50815,C S, 429,COMP ORGANIZATN AND ARCH,"C S-429: COMP ORGANIZATN AND ARCH, Section no. 50815",B+,3,Computer Science
Spring 2025,50815,C S, 429,COMP ORGANIZATN AND ARCH,"C S-429: COMP ORGANIZATN AND ARCH, Section no. 50815",A-,1,Computer Science
Spring 2025,50820,C S, 429,COMP ORGANIZATN AND ARCH,"C S-429: COMP ORGANIZATN AND ARCH, Section no. 50820",Other,1,Computer Science
Spring 2025,50820,C S, 429,COMP ORGANIZATN AND ARCH,"C S-429: COMP ORGANIZATN AND ARCH, Section no. 50820",C-,2,Computer Science
Spring 2025,50820,C S, 429,COMP ORGANIZATN AND ARCH,"C S-429: COMP ORGANIZATN AND ARCH, Section no. 50820",C,3,Computer Science
Spring 2025,50820,C S, 429,COMP ORGANIZATN AND ARCH,"C S-429: COMP ORGANIZATN AND ARCH, Section no. 50820",C+,6,Computer Science
Spring 2025,50820,C S, 429,COMP ORGANIZATN AND ARCH,"C S-429: COMP ORGANIZATN AND ARCH, Section no. 50820",B-,1,Computer Science
Spring 2025,50820,C S, 429,COMP ORGANIZATN AND ARCH,"C S-429: COMP ORGANIZATN AND ARCH, Section no. 50820",B+,2,Computer Science
Spring 2025,50820,C S, 429,COMP ORGANIZATN AND ARCH,"C S-429: COMP ORGANIZATN AND ARCH, Section no. 50820",A-,2,Computer Science
Spring 2025,50820,C S, 429,COMP ORGANIZATN AND ARCH,"C S-429: COMP ORGANIZATN AND ARCH, Section no. 50820",A,2,Computer Science
Spring 2025,50825,C S, 429,COMP ORGANIZATN AND ARCH,"C S-429: COMP ORGANIZATN AND ARCH, Section no. 50825",Other,1,Computer Science
Spring 2025,50825,C S, 429,COMP ORGANIZATN AND ARCH,"C S-429: COMP ORGANIZATN AND ARCH, Section no. 50825",F,2,Computer Science
Spring 2025,50825,C S, 429,COMP ORGANIZATN AND ARCH,"C S-429: COMP ORGANIZATN AND ARCH, Section no. 50825",C-,1,Computer Science
Spring 2025,50825,C S, 429,COMP ORGANIZATN AND ARCH,"C S-429: COMP ORGANIZATN AND ARCH, Section no. 50825",C,2,Computer Science
Spring 2025,50825,C S, 429,COMP ORGANIZATN AND ARCH,"C S-429: COMP ORGANIZATN AND ARCH, Section no. 50825",C+,2,Computer Science
Spring 2025,50825,C S, 429,COMP ORGANIZATN AND ARCH,"C S-429: COMP ORGANIZATN AND ARCH, Section no. 50825",B-,3,Computer Science
Spring 2025,50825,C S, 429,COMP ORGANIZATN AND ARCH,"C S-429: COMP ORGANIZATN AND ARCH, Section no. 50825",B,1,Computer Science
Spring 2025,50825,C S, 429,COMP ORGANIZATN AND ARCH,"C S-429: COMP ORGANIZATN AND ARCH, Section no. 50825",A,2,Computer Science
Spring 2025,50830,C S, 429,COMP ORGANIZATN AND ARCH,"C S-429: COMP ORGANIZATN AND ARCH, Section no. 50830",Other,6,Computer Science
Spring 2025,50830,C S, 429,COMP ORGANIZATN AND ARCH,"C S-429: COMP ORGANIZATN AND ARCH, Section no. 50830",C-,3,Computer Science
Spring 2025,50830,C S, 429,COMP ORGANIZATN AND ARCH,"C S-429: COMP ORGANIZATN AND ARCH, Section no. 50830",C+,3,Computer Science
Spring 2025,50830,C S, 429,COMP ORGANIZATN AND ARCH,"C S-429: COMP ORGANIZATN AND ARCH, Section no. 50830",B-,1,Computer Science
Spring 2025,50830,C S, 429,COMP ORGANIZATN AND ARCH,"C S-429: COMP ORGANIZATN AND ARCH, Section no. 50830",B,2,Computer Science
Spring 2025,50830,C S, 429,COMP ORGANIZATN AND ARCH,"C S-429: COMP ORGANIZATN AND ARCH, Section no. 50830",B+,4,Computer Science
Spring 2025,50830,C S, 429,COMP ORGANIZATN AND ARCH,"C S-429: COMP ORGANIZATN AND ARCH, Section no. 50830",A-,2,Computer Science
Spring 2025,50830,C S, 429,COMP ORGANIZATN AND ARCH,"C S-429: COMP ORGANIZATN AND ARCH, Section no. 50830",A,2,Computer Science
Spring 2025,50835,C S, 429,COMP ORGANIZATN AND ARCH,"C S-429: COMP ORGANIZATN AND ARCH, Section no. 50835",Other,2,Computer Science
Spring 2025,50835,C S, 429,COMP ORGANIZATN AND ARCH,"C S-429: COMP ORGANIZATN AND ARCH, Section no. 50835",F,1,Computer Science
Spring 2025,50835,C S, 429,COMP ORGANIZATN AND ARCH,"C S-429: COMP ORGANIZATN AND ARCH, Section no. 50835",C,3,Computer Science
Spring 2025,50835,C S, 429,COMP ORGANIZATN AND ARCH,"C S-429: COMP ORGANIZATN AND ARCH, Section no. 50835",C+,3,Computer Science
Spring 2025,50835,C S, 429,COMP ORGANIZATN AND ARCH,"C S-429: COMP ORGANIZATN AND ARCH, Section no. 50835",B-,4,Computer Science
Spring 2025,50835,C S, 429,COMP ORGANIZATN AND ARCH,"C S-429: COMP ORGANIZATN AND ARCH, Section no. 50835",B,3,Computer Science
Spring 2025,50835,C S, 429,COMP ORGANIZATN AND ARCH,"C S-429: COMP ORGANIZATN AND ARCH, Section no. 50835",B+,3,Computer Science
Spring 2025,50835,C S, 429,COMP ORGANIZATN AND ARCH,"C S-429: COMP ORGANIZATN AND ARCH, Section no. 50835",A-,3,Computer Science
Spring 2025,50835,C S, 429,COMP ORGANIZATN AND ARCH,"C S-429: COMP ORGANIZATN AND ARCH, Section no. 50835",A,2,Computer Science
Spring 2025,50840,C S, 429,COMP ORGANIZATN AND ARCH,"C S-429: COMP ORGANIZATN AND ARCH, Section no. 50840",Other,3,Computer Science
Spring 2025,50840,C S, 429,COMP ORGANIZATN AND ARCH,"C S-429: COMP ORGANIZATN AND ARCH, Section no. 50840",F,1,Computer Science
Spring 2025,50840,C S, 429,COMP ORGANIZATN AND ARCH,"C S-429: COMP ORGANIZATN AND ARCH, Section no. 50840",D,1,Computer Science
Spring 2025,50840,C S, 429,COMP ORGANIZATN AND ARCH,"C S-429: COMP ORGANIZATN AND ARCH, Section no. 50840",C-,1,Computer Science
Spring 2025,50840,C S, 429,COMP ORGANIZATN AND ARCH,"C S-429: COMP ORGANIZATN AND ARCH, Section no. 50840",C,2,Computer Science
Spring 2025,50840,C S, 429,COMP ORGANIZATN AND ARCH,"C S-429: COMP ORGANIZATN AND ARCH, Section no. 50840",C+,6,Computer Science
Spring 2025,50840,C S, 429,COMP ORGANIZATN AND ARCH,"C S-429: COMP ORGANIZATN AND ARCH, Section no. 50840",B-,3,Computer Science
Spring 2025,50840,C S, 429,COMP ORGANIZATN AND ARCH,"C S-429: COMP ORGANIZATN AND ARCH, Section no. 50840",B,4,Computer Science
Spring 2025,50840,C S, 429,COMP ORGANIZATN AND ARCH,"C S-429: COMP ORGANIZATN AND ARCH, Section no. 50840",B+,4,Computer Science
Spring 2025,50840,C S, 429,COMP ORGANIZATN AND ARCH,"C S-429: COMP ORGANIZATN AND ARCH, Section no. 50840",A,2,Computer Science
Spring 2025,50845,C S, 429,COMP ORGANIZATN AND ARCH,"C S-429: COMP ORGANIZATN AND ARCH, Section no. 50845",Other,2,Computer Science
Spring 2025,50845,C S, 429,COMP ORGANIZATN AND ARCH,"C S-429: COMP ORGANIZATN AND ARCH, Section no. 50845",C-,2,Computer Science
Spring 2025,50845,C S, 429,COMP ORGANIZATN AND ARCH,"C S-429: COMP ORGANIZATN AND ARCH, Section no. 50845",C,2,Computer Science
Spring 2025,50845,C S, 429,COMP ORGANIZATN AND ARCH,"C S-429: COMP ORGANIZATN AND ARCH, Section no. 50845",C+,3,Computer Science
Spring 2025,50845,C S, 429,COMP ORGANIZATN AND ARCH,"C S-429: COMP ORGANIZATN AND ARCH, Section no. 50845",B-,2,Computer Science
Spring 2025,50845,C S, 429,COMP ORGANIZATN AND ARCH,"C S-429: COMP ORGANIZATN AND ARCH, Section no. 50845",B,5,Computer Science
Spring 2025,50845,C S, 429,COMP ORGANIZATN AND ARCH,"C S-429: COMP ORGANIZATN AND ARCH, Section no. 50845",B+,2,Computer Science
Spring 2025,50845,C S, 429,COMP ORGANIZATN AND ARCH,"C S-429: COMP ORGANIZATN AND ARCH, Section no. 50845",A-,2,Computer Science
Spring 2025,50845,C S, 429,COMP ORGANIZATN AND ARCH,"C S-429: COMP ORGANIZATN AND ARCH, Section no. 50845",A,2,Computer Science
Spring 2025,50850,C S, 429,COMP ORGANIZATN AND ARCH,"C S-429: COMP ORGANIZATN AND ARCH, Section no. 50850",Other,3,Computer Science
Spring 2025,50850,C S, 429,COMP ORGANIZATN AND ARCH,"C S-429: COMP ORGANIZATN AND ARCH, Section no. 50850",F,1,Computer Science
Spring 2025,50850,C S, 429,COMP ORGANIZATN AND ARCH,"C S-429: COMP ORGANIZATN AND ARCH, Section no. 50850",C,1,Computer Science
Spring 2025,50850,C S, 429,COMP ORGANIZATN AND ARCH,"C S-429: COMP ORGANIZATN AND ARCH, Section no. 50850",C+,3,Computer Science
Spring 2025,50850,C S, 429,COMP ORGANIZATN AND ARCH,"C S-429: COMP ORGANIZATN AND ARCH, Section no. 50850",B-,5,Computer Science
Spring 2025,50850,C S, 429,COMP ORGANIZATN AND ARCH,"C S-429: COMP ORGANIZATN AND ARCH, Section no. 50850",B,5,Computer Science
Spring 2025,50850,C S, 429,COMP ORGANIZATN AND ARCH,"C S-429: COMP ORGANIZATN AND ARCH, Section no. 50850",B+,2,Computer Science
Spring 2025,50850,C S, 429,COMP ORGANIZATN AND ARCH,"C S-429: COMP ORGANIZATN AND ARCH, Section no. 50850",A-,5,Computer Science
Spring 2025,50850,C S, 429,COMP ORGANIZATN AND ARCH,"C S-429: COMP ORGANIZATN AND ARCH, Section no. 50850",A,2,Computer Science
Spring 2025,50855,C S, 429,COMP ORGANIZATN AND ARCH,"C S-429: COMP ORGANIZATN AND ARCH, Section no. 50855",Other,3,Computer Science
Spring 2025,50855,C S, 429,COMP ORGANIZATN AND ARCH,"C S-429: COMP ORGANIZATN AND ARCH, Section no. 50855",F,1,Computer Science
Spring 2025,50855,C S, 429,COMP ORGANIZATN AND ARCH,"C S-429: COMP ORGANIZATN AND ARCH, Section no. 50855",D+,1,Computer Science
Spring 2025,50855,C S, 429,COMP ORGANIZATN AND ARCH,"C S-429: COMP ORGANIZATN AND ARCH, Section no. 50855",C-,2,Computer Science
Spring 2025,50855,C S, 429,COMP ORGANIZATN AND ARCH,"C S-429: COMP ORGANIZATN AND ARCH, Section no. 50855",C,3,Computer Science
Spring 2025,50855,C S, 429,COMP ORGANIZATN AND ARCH,"C S-429: COMP ORGANIZATN AND ARCH, Section no. 50855",C+,1,Computer Science
Spring 2025,50855,C S, 429,COMP ORGANIZATN AND ARCH,"C S-429: COMP ORGANIZATN AND ARCH, Section no. 50855",B-,4,Computer Science
Spring 2025,50855,C S, 429,COMP ORGANIZATN AND ARCH,"C S-429: COMP ORGANIZATN AND ARCH, Section no. 50855",B,5,Computer Science
Spring 2025,50855,C S, 429,COMP ORGANIZATN AND ARCH,"C S-429: COMP ORGANIZATN AND ARCH, Section no. 50855",B+,1,Computer Science
Spring 2025,50855,C S, 429,COMP ORGANIZATN AND ARCH,"C S-429: COMP ORGANIZATN AND ARCH, Section no. 50855",A-,2,Computer Science
Spring 2025,50855,C S, 429,COMP ORGANIZATN AND ARCH,"C S-429: COMP ORGANIZATN AND ARCH, Section no. 50855",A,3,Computer Science
Spring 2025,50860,C S, 429,COMP ORGANIZATN AND ARCH,"C S-429: COMP ORGANIZATN AND ARCH, Section no. 50860",Other,2,Computer Science
Spring 2025,50860,C S, 429,COMP ORGANIZATN AND ARCH,"C S-429: COMP ORGANIZATN AND ARCH, Section no. 50860",D+,1,Computer Science
Spring 2025,50860,C S, 429,COMP ORGANIZATN AND ARCH,"C S-429: COMP ORGANIZATN AND ARCH, Section no. 50860",C-,1,Computer Science
Spring 2025,50860,C S, 429,COMP ORGANIZATN AND ARCH,"C S-429: COMP ORGANIZATN AND ARCH, Section no. 50860",C,2,Computer Science
Spring 2025,50860,C S, 429,COMP ORGANIZATN AND ARCH,"C S-429: COMP ORGANIZATN AND ARCH, Section no. 50860",C+,3,Computer Science
Spring 2025,50860,C S, 429,COMP ORGANIZATN AND ARCH,"C S-429: COMP ORGANIZATN AND ARCH, Section no. 50860",B-,4,Computer Science
Spring 2025,50860,C S, 429,COMP ORGANIZATN AND ARCH,"C S-429: COMP ORGANIZATN AND ARCH, Section no. 50860",B,4,Computer Science
Spring 2025,50860,C S, 429,COMP ORGANIZATN AND ARCH,"C S-429: COMP ORGANIZATN AND ARCH, Section no. 50860",B+,5,Computer Science
Spring 2025,50860,C S, 429,COMP ORGANIZATN AND ARCH,"C S-429: COMP ORGANIZATN AND ARCH, Section no. 50860",A-,3,Computer Science
Spring 2025,50860,C S, 429,COMP ORGANIZATN AND ARCH,"C S-429: COMP ORGANIZATN AND ARCH, Section no. 50860",A,3,Computer Science
Spring 2025,50865,C S, 429,COMP ORGANIZATN AND ARCH,"C S-429: COMP ORGANIZATN AND ARCH, Section no. 50865",Other,1,Computer Science
Spring 2025,50865,C S, 429,COMP ORGANIZATN AND ARCH,"C S-429: COMP ORGANIZATN AND ARCH, Section no. 50865",D,1,Computer Science
Spring 2025,50865,C S, 429,COMP ORGANIZATN AND ARCH,"C S-429: COMP ORGANIZATN AND ARCH, Section no. 50865",C-,1,Computer Science
Spring 2025,50865,C S, 429,COMP ORGANIZATN AND ARCH,"C S-429: COMP ORGANIZATN AND ARCH, Section no. 50865",C,2,Computer Science
Spring 2025,50865,C S, 429,COMP ORGANIZATN AND ARCH,"C S-429: COMP ORGANIZATN AND ARCH, Section no. 50865",C+,2,Computer Science
Spring 2025,50865,C S, 429,COMP ORGANIZATN AND ARCH,"C S-429: COMP ORGANIZATN AND ARCH, Section no. 50865",B-,3,Computer Science
Spring 2025,50865,C S, 429,COMP ORGANIZATN AND ARCH,"C S-429: COMP ORGANIZATN AND ARCH, Section no. 50865",B,6,Computer Science
Spring 2025,50865,C S, 429,COMP ORGANIZATN AND ARCH,"C S-429: COMP ORGANIZATN AND ARCH, Section no. 50865",B+,4,Computer Science
Spring 2025,50865,C S, 429,COMP ORGANIZATN AND ARCH,"C S-429: COMP ORGANIZATN AND ARCH, Section no. 50865",A-,4,Computer Science
Spring 2025,50865,C S, 429,COMP ORGANIZATN AND ARCH,"C S-429: COMP ORGANIZATN AND ARCH, Section no. 50865",A,2,Computer Science
Spring 2025,50870,C S, 429,COMP ORGANIZATN AND ARCH,"C S-429: COMP ORGANIZATN AND ARCH, Section no. 50870",Other,3,Computer Science
Spring 2025,50870,C S, 429,COMP ORGANIZATN AND ARCH,"C S-429: COMP ORGANIZATN AND ARCH, Section no. 50870",C-,3,Computer Science
Spring 2025,50870,C S, 429,COMP ORGANIZATN AND ARCH,"C S-429: COMP ORGANIZATN AND ARCH, Section no. 50870",C,2,Computer Science
Spring 2025,50870,C S, 429,COMP ORGANIZATN AND ARCH,"C S-429: COMP ORGANIZATN AND ARCH, Section no. 50870",C+,3,Computer Science
Spring 2025,50870,C S, 429,COMP ORGANIZATN AND ARCH,"C S-429: COMP ORGANIZATN AND ARCH, Section no. 50870",B-,4,Computer Science
Spring 2025,50870,C S, 429,COMP ORGANIZATN AND ARCH,"C S-429: COMP ORGANIZATN AND ARCH, Section no. 50870",B,5,Computer Science
Spring 2025,50870,C S, 429,COMP ORGANIZATN AND ARCH,"C S-429: COMP ORGANIZATN AND ARCH, Section no. 50870",B+,4,Computer Science
Spring 2025,50870,C S, 429,COMP ORGANIZATN AND ARCH,"C S-429: COMP ORGANIZATN AND ARCH, Section no. 50870",A-,1,Computer Science
Spring 2025,50870,C S, 429,COMP ORGANIZATN AND ARCH,"C S-429: COMP ORGANIZATN AND ARCH, Section no. 50870",A,1,Computer Science
Spring 2025,50875,C S, 329E,ELEMENTS OF DATA ANALYTICS,"C S-329E: ELEMENTS OF DATA ANALYTICS, Section no. 50875",Other,5,Computer Science
Spring 2025,50875,C S, 329E,ELEMENTS OF DATA ANALYTICS,"C S-329E: ELEMENTS OF DATA ANALYTICS, Section no. 50875",F,1,Computer Science
Spring 2025,50875,C S, 329E,ELEMENTS OF DATA ANALYTICS,"C S-329E: ELEMENTS OF DATA ANALYTICS, Section no. 50875",C-,2,Computer Science
Spring 2025,50875,C S, 329E,ELEMENTS OF DATA ANALYTICS,"C S-329E: ELEMENTS OF DATA ANALYTICS, Section no. 50875",C,2,Computer Science
Spring 2025,50875,C S, 329E,ELEMENTS OF DATA ANALYTICS,"C S-329E: ELEMENTS OF DATA ANALYTICS, Section no. 50875",B-,3,Computer Science
Spring 2025,50875,C S, 329E,ELEMENTS OF DATA ANALYTICS,"C S-329E: ELEMENTS OF DATA ANALYTICS, Section no. 50875",B,4,Computer Science
Spring 2025,50875,C S, 329E,ELEMENTS OF DATA ANALYTICS,"C S-329E: ELEMENTS OF DATA ANALYTICS, Section no. 50875",B+,7,Computer Science
Spring 2025,50875,C S, 329E,ELEMENTS OF DATA ANALYTICS,"C S-329E: ELEMENTS OF DATA ANALYTICS, Section no. 50875",A-,12,Computer Science
Spring 2025,50875,C S, 329E,ELEMENTS OF DATA ANALYTICS,"C S-329E: ELEMENTS OF DATA ANALYTICS, Section no. 50875",A,23,Computer Science
Spring 2025,50880,C S, 329E,ELEMENTS OF DATA ANALYTICS,"C S-329E: ELEMENTS OF DATA ANALYTICS, Section no. 50880",Other,1,Computer Science
Spring 2025,50880,C S, 329E,ELEMENTS OF DATA ANALYTICS,"C S-329E: ELEMENTS OF DATA ANALYTICS, Section no. 50880",C,1,Computer Science
Spring 2025,50880,C S, 329E,ELEMENTS OF DATA ANALYTICS,"C S-329E: ELEMENTS OF DATA ANALYTICS, Section no. 50880",B,1,Computer Science
Spring 2025,50880,C S, 329E,ELEMENTS OF DATA ANALYTICS,"C S-329E: ELEMENTS OF DATA ANALYTICS, Section no. 50880",B+,2,Computer Science
Spring 2025,50880,C S, 329E,ELEMENTS OF DATA ANALYTICS,"C S-329E: ELEMENTS OF DATA ANALYTICS, Section no. 50880",A-,7,Computer Science
Spring 2025,50880,C S, 329E,ELEMENTS OF DATA ANALYTICS,"C S-329E: ELEMENTS OF DATA ANALYTICS, Section no. 50880",A,48,Computer Science
Spring 2025,50885,C S, 329E,ELEMENTS OF DATA ANALYTICS,"C S-329E: ELEMENTS OF DATA ANALYTICS, Section no. 50885",Other,1,Computer Science
Spring 2025,50885,C S, 329E,ELEMENTS OF DATA ANALYTICS,"C S-329E: ELEMENTS OF DATA ANALYTICS, Section no. 50885",B,1,Computer Science
Spring 2025,50885,C S, 329E,ELEMENTS OF DATA ANALYTICS,"C S-329E: ELEMENTS OF DATA ANALYTICS, Section no. 50885",B+,2,Computer Science
Spring 2025,50885,C S, 329E,ELEMENTS OF DATA ANALYTICS,"C S-329E: ELEMENTS OF DATA ANALYTICS, Section no. 50885",A-,2,Computer Science
Spring 2025,50885,C S, 329E,ELEMENTS OF DATA ANALYTICS,"C S-329E: ELEMENTS OF DATA ANALYTICS, Section no. 50885",A,54,Computer Science
Spring 2025,50890,C S, 329E,ELEMENTS OF DATA INTEGRATION,"C S-329E: ELEMENTS OF DATA INTEGRATION, Section no. 50890",Other,8,Computer Science
Spring 2025,50890,C S, 329E,ELEMENTS OF DATA INTEGRATION,"C S-329E: ELEMENTS OF DATA INTEGRATION, Section no. 50890",F,1,Computer Science
Spring 2025,50890,C S, 329E,ELEMENTS OF DATA INTEGRATION,"C S-329E: ELEMENTS OF DATA INTEGRATION, Section no. 50890",D-,1,Computer Science
Spring 2025,50890,C S, 329E,ELEMENTS OF DATA INTEGRATION,"C S-329E: ELEMENTS OF DATA INTEGRATION, Section no. 50890",C,2,Computer Science
Spring 2025,50890,C S, 329E,ELEMENTS OF DATA INTEGRATION,"C S-329E: ELEMENTS OF DATA INTEGRATION, Section no. 50890",B,8,Computer Science
Spring 2025,50890,C S, 329E,ELEMENTS OF DATA INTEGRATION,"C S-329E: ELEMENTS OF DATA INTEGRATION, Section no. 50890",B+,5,Computer Science
Spring 2025,50890,C S, 329E,ELEMENTS OF DATA INTEGRATION,"C S-329E: ELEMENTS OF DATA INTEGRATION, Section no. 50890",A-,12,Computer Science
Spring 2025,50890,C S, 329E,ELEMENTS OF DATA INTEGRATION,"C S-329E: ELEMENTS OF DATA INTEGRATION, Section no. 50890",A,27,Computer Science
Spring 2025,50895,C S, 329E,ELEMENTS OF DATA VISUALIZATION,"C S-329E: ELEMENTS OF DATA VISUALIZATION, Section no. 50895",Other,4,Computer Science
Spring 2025,50895,C S, 329E,ELEMENTS OF DATA VISUALIZATION,"C S-329E: ELEMENTS OF DATA VISUALIZATION, Section no. 50895",B-,1,Computer Science
Spring 2025,50895,C S, 329E,ELEMENTS OF DATA VISUALIZATION,"C S-329E: ELEMENTS OF DATA VISUALIZATION, Section no. 50895",B,1,Computer Science
Spring 2025,50895,C S, 329E,ELEMENTS OF DATA VISUALIZATION,"C S-329E: ELEMENTS OF DATA VISUALIZATION, Section no. 50895",B+,1,Computer Science
Spring 2025,50895,C S, 329E,ELEMENTS OF DATA VISUALIZATION,"C S-329E: ELEMENTS OF DATA VISUALIZATION, Section no. 50895",A-,2,Computer Science
Spring 2025,50895,C S, 329E,ELEMENTS OF DATA VISUALIZATION,"C S-329E: ELEMENTS OF DATA VISUALIZATION, Section no. 50895",A,59,Computer Science
Spring 2025,50900,C S, 329E,ELEMENTS OF DATA VISUALIZATION,"C S-329E: ELEMENTS OF DATA VISUALIZATION, Section no. 50900",B,2,Computer Science
Spring 2025,50900,C S, 329E,ELEMENTS OF DATA VISUALIZATION,"C S-329E: ELEMENTS OF DATA VISUALIZATION, Section no. 50900",B+,2,Computer Science
Spring 2025,50900,C S, 329E,ELEMENTS OF DATA VISUALIZATION,"C S-329E: ELEMENTS OF DATA VISUALIZATION, Section no. 50900",A-,8,Computer Science
Spring 2025,50900,C S, 329E,ELEMENTS OF DATA VISUALIZATION,"C S-329E: ELEMENTS OF DATA VISUALIZATION, Section no. 50900",A,56,Computer Science
Spring 2025,50905,C S, 329E,ELEMENTS OF GAME DEVELOPMENT,"C S-329E: ELEMENTS OF GAME DEVELOPMENT, Section no. 50905",Other,6,Computer Science
Spring 2025,50905,C S, 329E,ELEMENTS OF GAME DEVELOPMENT,"C S-329E: ELEMENTS OF GAME DEVELOPMENT, Section no. 50905",D-,2,Computer Science
Spring 2025,50905,C S, 329E,ELEMENTS OF GAME DEVELOPMENT,"C S-329E: ELEMENTS OF GAME DEVELOPMENT, Section no. 50905",C-,1,Computer Science
Spring 2025,50905,C S, 329E,ELEMENTS OF GAME DEVELOPMENT,"C S-329E: ELEMENTS OF GAME DEVELOPMENT, Section no. 50905",C+,1,Computer Science
Spring 2025,50905,C S, 329E,ELEMENTS OF GAME DEVELOPMENT,"C S-329E: ELEMENTS OF GAME DEVELOPMENT, Section no. 50905",B+,1,Computer Science
Spring 2025,50905,C S, 329E,ELEMENTS OF GAME DEVELOPMENT,"C S-329E: ELEMENTS OF GAME DEVELOPMENT, Section no. 50905",A-,4,Computer Science
Spring 2025,50905,C S, 329E,ELEMENTS OF GAME DEVELOPMENT,"C S-329E: ELEMENTS OF GAME DEVELOPMENT, Section no. 50905",A,33,Computer Science
Spring 2025,50910,C S, 329E,ELEMENTS OF MOBILE COMPUTING,"C S-329E: ELEMENTS OF MOBILE COMPUTING, Section no. 50910",Other,6,Computer Science
Spring 2025,50910,C S, 329E,ELEMENTS OF MOBILE COMPUTING,"C S-329E: ELEMENTS OF MOBILE COMPUTING, Section no. 50910",F,1,Computer Science
Spring 2025,50910,C S, 329E,ELEMENTS OF MOBILE COMPUTING,"C S-329E: ELEMENTS OF MOBILE COMPUTING, Section no. 50910",D-,1,Computer Science
Spring 2025,50910,C S, 329E,ELEMENTS OF MOBILE COMPUTING,"C S-329E: ELEMENTS OF MOBILE COMPUTING, Section no. 50910",C-,1,Computer Science
Spring 2025,50910,C S, 329E,ELEMENTS OF MOBILE COMPUTING,"C S-329E: ELEMENTS OF MOBILE COMPUTING, Section no. 50910",C,2,Computer Science
Spring 2025,50910,C S, 329E,ELEMENTS OF MOBILE COMPUTING,"C S-329E: ELEMENTS OF MOBILE COMPUTING, Section no. 50910",B-,1,Computer Science
Spring 2025,50910,C S, 329E,ELEMENTS OF MOBILE COMPUTING,"C S-329E: ELEMENTS OF MOBILE COMPUTING, Section no. 50910",B,2,Computer Science
Spring 2025,50910,C S, 329E,ELEMENTS OF MOBILE COMPUTING,"C S-329E: ELEMENTS OF MOBILE COMPUTING, Section no. 50910",B+,2,Computer Science
Spring 2025,50910,C S, 329E,ELEMENTS OF MOBILE COMPUTING,"C S-329E: ELEMENTS OF MOBILE COMPUTING, Section no. 50910",A-,13,Computer Science
Spring 2025,50910,C S, 329E,ELEMENTS OF MOBILE COMPUTING,"C S-329E: ELEMENTS OF MOBILE COMPUTING, Section no. 50910",A,30,Computer Science
Spring 2025,50915,C S, 329E,ELEMENTS OF MOBILE COMPUTING,"C S-329E: ELEMENTS OF MOBILE COMPUTING, Section no. 50915",Other,3,Computer Science
Spring 2025,50915,C S, 329E,ELEMENTS OF MOBILE COMPUTING,"C S-329E: ELEMENTS OF MOBILE COMPUTING, Section no. 50915",C+,1,Computer Science
Spring 2025,50915,C S, 329E,ELEMENTS OF MOBILE COMPUTING,"C S-329E: ELEMENTS OF MOBILE COMPUTING, Section no. 50915",B-,3,Computer Science
Spring 2025,50915,C S, 329E,ELEMENTS OF MOBILE COMPUTING,"C S-329E: ELEMENTS OF MOBILE COMPUTING, Section no. 50915",B,2,Computer Science
Spring 2025,50915,C S, 329E,ELEMENTS OF MOBILE COMPUTING,"C S-329E: ELEMENTS OF MOBILE COMPUTING, Section no. 50915",B+,4,Computer Science
Spring 2025,50915,C S, 329E,ELEMENTS OF MOBILE COMPUTING,"C S-329E: ELEMENTS OF MOBILE COMPUTING, Section no. 50915",A-,14,Computer Science
Spring 2025,50915,C S, 329E,ELEMENTS OF MOBILE COMPUTING,"C S-329E: ELEMENTS OF MOBILE COMPUTING, Section no. 50915",A,32,Computer Science
Spring 2025,50920,C S, 429H,COMP ORGANIZATN & ARCH: HONORS,"C S-429H: COMP ORGANIZATN & ARCH: HONORS, Section no. 50920",Other,5,Computer Science
Spring 2025,50920,C S, 429H,COMP ORGANIZATN & ARCH: HONORS,"C S-429H: COMP ORGANIZATN & ARCH: HONORS, Section no. 50920",B-,6,Computer Science
Spring 2025,50920,C S, 429H,COMP ORGANIZATN & ARCH: HONORS,"C S-429H: COMP ORGANIZATN & ARCH: HONORS, Section no. 50920",B,5,Computer Science
Spring 2025,50920,C S, 429H,COMP ORGANIZATN & ARCH: HONORS,"C S-429H: COMP ORGANIZATN & ARCH: HONORS, Section no. 50920",B+,7,Computer Science
Spring 2025,50920,C S, 429H,COMP ORGANIZATN & ARCH: HONORS,"C S-429H: COMP ORGANIZATN & ARCH: HONORS, Section no. 50920",A-,10,Computer Science
Spring 2025,50920,C S, 429H,COMP ORGANIZATN & ARCH: HONORS,"C S-429H: COMP ORGANIZATN & ARCH: HONORS, Section no. 50920",A,9,Computer Science
Spring 2025,50925,C S, 429H,COMP ORGANIZATN & ARCH: HONORS,"C S-429H: COMP ORGANIZATN & ARCH: HONORS, Section no. 50925",Other,5,Computer Science
Spring 2025,50925,C S, 429H,COMP ORGANIZATN & ARCH: HONORS,"C S-429H: COMP ORGANIZATN & ARCH: HONORS, Section no. 50925",F,1,Computer Science
Spring 2025,50925,C S, 429H,COMP ORGANIZATN & ARCH: HONORS,"C S-429H: COMP ORGANIZATN & ARCH: HONORS, Section no. 50925",C-,11,Computer Science
Spring 2025,50925,C S, 429H,COMP ORGANIZATN & ARCH: HONORS,"C S-429H: COMP ORGANIZATN & ARCH: HONORS, Section no. 50925",C,4,Computer Science
Spring 2025,50925,C S, 429H,COMP ORGANIZATN & ARCH: HONORS,"C S-429H: COMP ORGANIZATN & ARCH: HONORS, Section no. 50925",C+,3,Computer Science
Spring 2025,50925,C S, 429H,COMP ORGANIZATN & ARCH: HONORS,"C S-429H: COMP ORGANIZATN & ARCH: HONORS, Section no. 50925",B-,5,Computer Science
Spring 2025,50925,C S, 429H,COMP ORGANIZATN & ARCH: HONORS,"C S-429H: COMP ORGANIZATN & ARCH: HONORS, Section no. 50925",B,4,Computer Science
Spring 2025,50925,C S, 429H,COMP ORGANIZATN & ARCH: HONORS,"C S-429H: COMP ORGANIZATN & ARCH: HONORS, Section no. 50925",B+,7,Computer Science
Spring 2025,50925,C S, 429H,COMP ORGANIZATN & ARCH: HONORS,"C S-429H: COMP ORGANIZATN & ARCH: HONORS, Section no. 50925",A-,8,Computer Science
Spring 2025,50925,C S, 429H,COMP ORGANIZATN & ARCH: HONORS,"C S-429H: COMP ORGANIZATN & ARCH: HONORS, Section no. 50925",A,10,Computer Science
Spring 2025,50930,C S, 331,ALGORITHMS AND COMPLEXITY,"C S-331: ALGORITHMS AND COMPLEXITY, Section no. 50930",C-,4,Computer Science
Spring 2025,50930,C S, 331,ALGORITHMS AND COMPLEXITY,"C S-331: ALGORITHMS AND COMPLEXITY, Section no. 50930",C,2,Computer Science
Spring 2025,50930,C S, 331,ALGORITHMS AND COMPLEXITY,"C S-331: ALGORITHMS AND COMPLEXITY, Section no. 50930",C+,2,Computer Science
Spring 2025,50930,C S, 331,ALGORITHMS AND COMPLEXITY,"C S-331: ALGORITHMS AND COMPLEXITY, Section no. 50930",B-,4,Computer Science
Spring 2025,50930,C S, 331,ALGORITHMS AND COMPLEXITY,"C S-331: ALGORITHMS AND COMPLEXITY, Section no. 50930",B,8,Computer Science
Spring 2025,50930,C S, 331,ALGORITHMS AND COMPLEXITY,"C S-331: ALGORITHMS AND COMPLEXITY, Section no. 50930",B+,5,Computer Science
Spring 2025,50930,C S, 331,ALGORITHMS AND COMPLEXITY,"C S-331: ALGORITHMS AND COMPLEXITY, Section no. 50930",A-,7,Computer Science
Spring 2025,50930,C S, 331,ALGORITHMS AND COMPLEXITY,"C S-331: ALGORITHMS AND COMPLEXITY, Section no. 50930",A,9,Computer Science
Spring 2025,50935,C S, 331,ALGORITHMS AND COMPLEXITY,"C S-331: ALGORITHMS AND COMPLEXITY, Section no. 50935",C,3,Computer Science
Spring 2025,50935,C S, 331,ALGORITHMS AND COMPLEXITY,"C S-331: ALGORITHMS AND COMPLEXITY, Section no. 50935",C+,5,Computer Science
Spring 2025,50935,C S, 331,ALGORITHMS AND COMPLEXITY,"C S-331: ALGORITHMS AND COMPLEXITY, Section no. 50935",B-,7,Computer Science
Spring 2025,50935,C S, 331,ALGORITHMS AND COMPLEXITY,"C S-331: ALGORITHMS AND COMPLEXITY, Section no. 50935",B,4,Computer Science
Spring 2025,50935,C S, 331,ALGORITHMS AND COMPLEXITY,"C S-331: ALGORITHMS AND COMPLEXITY, Section no. 50935",B+,8,Computer Science
Spring 2025,50935,C S, 331,ALGORITHMS AND COMPLEXITY,"C S-331: ALGORITHMS AND COMPLEXITY, Section no. 50935",A-,10,Computer Science
Spring 2025,50935,C S, 331,ALGORITHMS AND COMPLEXITY,"C S-331: ALGORITHMS AND COMPLEXITY, Section no. 50935",A,4,Computer Science
Spring 2025,50940,C S, 331,ALGORITHMS AND COMPLEXITY,"C S-331: ALGORITHMS AND COMPLEXITY, Section no. 50940",C-,1,Computer Science
Spring 2025,50940,C S, 331,ALGORITHMS AND COMPLEXITY,"C S-331: ALGORITHMS AND COMPLEXITY, Section no. 50940",C,2,Computer Science
Spring 2025,50940,C S, 331,ALGORITHMS AND COMPLEXITY,"C S-331: ALGORITHMS AND COMPLEXITY, Section no. 50940",C+,4,Computer Science
Spring 2025,50940,C S, 331,ALGORITHMS AND COMPLEXITY,"C S-331: ALGORITHMS AND COMPLEXITY, Section no. 50940",B-,5,Computer Science
Spring 2025,50940,C S, 331,ALGORITHMS AND COMPLEXITY,"C S-331: ALGORITHMS AND COMPLEXITY, Section no. 50940",B,6,Computer Science
Spring 2025,50940,C S, 331,ALGORITHMS AND COMPLEXITY,"C S-331: ALGORITHMS AND COMPLEXITY, Section no. 50940",B+,6,Computer Science
Spring 2025,50940,C S, 331,ALGORITHMS AND COMPLEXITY,"C S-331: ALGORITHMS AND COMPLEXITY, Section no. 50940",A-,9,Computer Science
Spring 2025,50940,C S, 331,ALGORITHMS AND COMPLEXITY,"C S-331: ALGORITHMS AND COMPLEXITY, Section no. 50940",A,8,Computer Science
Spring 2025,50945,C S, 331,ALGORITHMS AND COMPLEXITY,"C S-331: ALGORITHMS AND COMPLEXITY, Section no. 50945",C,1,Computer Science
Spring 2025,50945,C S, 331,ALGORITHMS AND COMPLEXITY,"C S-331: ALGORITHMS AND COMPLEXITY, Section no. 50945",C+,4,Computer Science
Spring 2025,50945,C S, 331,ALGORITHMS AND COMPLEXITY,"C S-331: ALGORITHMS AND COMPLEXITY, Section no. 50945",B-,4,Computer Science
Spring 2025,50945,C S, 331,ALGORITHMS AND COMPLEXITY,"C S-331: ALGORITHMS AND COMPLEXITY, Section no. 50945",B,6,Computer Science
Spring 2025,50945,C S, 331,ALGORITHMS AND COMPLEXITY,"C S-331: ALGORITHMS AND COMPLEXITY, Section no. 50945",B+,10,Computer Science
Spring 2025,50945,C S, 331,ALGORITHMS AND COMPLEXITY,"C S-331: ALGORITHMS AND COMPLEXITY, Section no. 50945",A-,3,Computer Science
Spring 2025,50945,C S, 331,ALGORITHMS AND COMPLEXITY,"C S-331: ALGORITHMS AND COMPLEXITY, Section no. 50945",A,12,Computer Science
Spring 2025,50950,C S, 331,ALGORITHMS AND COMPLEXITY,"C S-331: ALGORITHMS AND COMPLEXITY, Section no. 50950",Other,1,Computer Science
Spring 2025,50950,C S, 331,ALGORITHMS AND COMPLEXITY,"C S-331: ALGORITHMS AND COMPLEXITY, Section no. 50950",C-,1,Computer Science
Spring 2025,50950,C S, 331,ALGORITHMS AND COMPLEXITY,"C S-331: ALGORITHMS AND COMPLEXITY, Section no. 50950",C,8,Computer Science
Spring 2025,50950,C S, 331,ALGORITHMS AND COMPLEXITY,"C S-331: ALGORITHMS AND COMPLEXITY, Section no. 50950",B,13,Computer Science
Spring 2025,50950,C S, 331,ALGORITHMS AND COMPLEXITY,"C S-331: ALGORITHMS AND COMPLEXITY, Section no. 50950",B+,4,Computer Science
Spring 2025,50950,C S, 331,ALGORITHMS AND COMPLEXITY,"C S-331: ALGORITHMS AND COMPLEXITY, Section no. 50950",A,13,Computer Science
Spring 2025,50955,C S, 331,ALGORITHMS AND COMPLEXITY,"C S-331: ALGORITHMS AND COMPLEXITY, Section no. 50955",Other,1,Computer Science
Spring 2025,50955,C S, 331,ALGORITHMS AND COMPLEXITY,"C S-331: ALGORITHMS AND COMPLEXITY, Section no. 50955",C-,1,Computer Science
Spring 2025,50955,C S, 331,ALGORITHMS AND COMPLEXITY,"C S-331: ALGORITHMS AND COMPLEXITY, Section no. 50955",C,4,Computer Science
Spring 2025,50955,C S, 331,ALGORITHMS AND COMPLEXITY,"C S-331: ALGORITHMS AND COMPLEXITY, Section no. 50955",B,9,Computer Science
Spring 2025,50955,C S, 331,ALGORITHMS AND COMPLEXITY,"C S-331: ALGORITHMS AND COMPLEXITY, Section no. 50955",B+,6,Computer Science
Spring 2025,50955,C S, 331,ALGORITHMS AND COMPLEXITY,"C S-331: ALGORITHMS AND COMPLEXITY, Section no. 50955",A,20,Computer Science
Spring 2025,50970,C S, 331,ALGORITHMS AND COMPLEXITY,"C S-331: ALGORITHMS AND COMPLEXITY, Section no. 50970",Other,5,Computer Science
Spring 2025,50970,C S, 331,ALGORITHMS AND COMPLEXITY,"C S-331: ALGORITHMS AND COMPLEXITY, Section no. 50970",F,1,Computer Science
Spring 2025,50970,C S, 331,ALGORITHMS AND COMPLEXITY,"C S-331: ALGORITHMS AND COMPLEXITY, Section no. 50970",D,2,Computer Science
Spring 2025,50970,C S, 331,ALGORITHMS AND COMPLEXITY,"C S-331: ALGORITHMS AND COMPLEXITY, Section no. 50970",C-,4,Computer Science
Spring 2025,50970,C S, 331,ALGORITHMS AND COMPLEXITY,"C S-331: ALGORITHMS AND COMPLEXITY, Section no. 50970",C,4,Computer Science
Spring 2025,50970,C S, 331,ALGORITHMS AND COMPLEXITY,"C S-331: ALGORITHMS AND COMPLEXITY, Section no. 50970",C+,4,Computer Science
Spring 2025,50970,C S, 331,ALGORITHMS AND COMPLEXITY,"C S-331: ALGORITHMS AND COMPLEXITY, Section no. 50970",B-,4,Computer Science
Spring 2025,50970,C S, 331,ALGORITHMS AND COMPLEXITY,"C S-331: ALGORITHMS AND COMPLEXITY, Section no. 50970",B,3,Computer Science
Spring 2025,50970,C S, 331,ALGORITHMS AND COMPLEXITY,"C S-331: ALGORITHMS AND COMPLEXITY, Section no. 50970",B+,2,Computer Science
Spring 2025,50970,C S, 331,ALGORITHMS AND COMPLEXITY,"C S-331: ALGORITHMS AND COMPLEXITY, Section no. 50970",A-,1,Computer Science
Spring 2025,50970,C S, 331,ALGORITHMS AND COMPLEXITY,"C S-331: ALGORITHMS AND COMPLEXITY, Section no. 50970",A,3,Computer Science
Spring 2025,50975,C S, 331,ALGORITHMS AND COMPLEXITY,"C S-331: ALGORITHMS AND COMPLEXITY, Section no. 50975",Other,8,Computer Science
Spring 2025,50975,C S, 331,ALGORITHMS AND COMPLEXITY,"C S-331: ALGORITHMS AND COMPLEXITY, Section no. 50975",F,1,Computer Science
Spring 2025,50975,C S, 331,ALGORITHMS AND COMPLEXITY,"C S-331: ALGORITHMS AND COMPLEXITY, Section no. 50975",D,1,Computer Science
Spring 2025,50975,C S, 331,ALGORITHMS AND COMPLEXITY,"C S-331: ALGORITHMS AND COMPLEXITY, Section no. 50975",C-,1,Computer Science
Spring 2025,50975,C S, 331,ALGORITHMS AND COMPLEXITY,"C S-331: ALGORITHMS AND COMPLEXITY, Section no. 50975",C,1,Computer Science
Spring 2025,50975,C S, 331,ALGORITHMS AND COMPLEXITY,"C S-331: ALGORITHMS AND COMPLEXITY, Section no. 50975",C+,3,Computer Science
Spring 2025,50975,C S, 331,ALGORITHMS AND COMPLEXITY,"C S-331: ALGORITHMS AND COMPLEXITY, Section no. 50975",B-,4,Computer Science
Spring 2025,50975,C S, 331,ALGORITHMS AND COMPLEXITY,"C S-331: ALGORITHMS AND COMPLEXITY, Section no. 50975",B,3,Computer Science
Spring 2025,50975,C S, 331,ALGORITHMS AND COMPLEXITY,"C S-331: ALGORITHMS AND COMPLEXITY, Section no. 50975",B+,3,Computer Science
Spring 2025,50975,C S, 331,ALGORITHMS AND COMPLEXITY,"C S-331: ALGORITHMS AND COMPLEXITY, Section no. 50975",A-,3,Computer Science
Spring 2025,50975,C S, 331,ALGORITHMS AND COMPLEXITY,"C S-331: ALGORITHMS AND COMPLEXITY, Section no. 50975",A,9,Computer Science
Spring 2025,50985,C S, 331H,ALGORITHMS AND COMPLEXITY: HON,"C S-331H: ALGORITHMS AND COMPLEXITY: HON, Section no. 50985",Other,6,Computer Science
Spring 2025,50985,C S, 331H,ALGORITHMS AND COMPLEXITY: HON,"C S-331H: ALGORITHMS AND COMPLEXITY: HON, Section no. 50985",C,1,Computer Science
Spring 2025,50985,C S, 331H,ALGORITHMS AND COMPLEXITY: HON,"C S-331H: ALGORITHMS AND COMPLEXITY: HON, Section no. 50985",B-,3,Computer Science
Spring 2025,50985,C S, 331H,ALGORITHMS AND COMPLEXITY: HON,"C S-331H: ALGORITHMS AND COMPLEXITY: HON, Section no. 50985",B,4,Computer Science
Spring 2025,50985,C S, 331H,ALGORITHMS AND COMPLEXITY: HON,"C S-331H: ALGORITHMS AND COMPLEXITY: HON, Section no. 50985",B+,5,Computer Science
Spring 2025,50985,C S, 331H,ALGORITHMS AND COMPLEXITY: HON,"C S-331H: ALGORITHMS AND COMPLEXITY: HON, Section no. 50985",A-,7,Computer Science
Spring 2025,50985,C S, 331H,ALGORITHMS AND COMPLEXITY: HON,"C S-331H: ALGORITHMS AND COMPLEXITY: HON, Section no. 50985",A,4,Computer Science
Spring 2025,50990,C S, 331H,ALGORITHMS AND COMPLEXITY: HON,"C S-331H: ALGORITHMS AND COMPLEXITY: HON, Section no. 50990",Other,1,Computer Science
Spring 2025,50990,C S, 331H,ALGORITHMS AND COMPLEXITY: HON,"C S-331H: ALGORITHMS AND COMPLEXITY: HON, Section no. 50990",C,1,Computer Science
Spring 2025,50990,C S, 331H,ALGORITHMS AND COMPLEXITY: HON,"C S-331H: ALGORITHMS AND COMPLEXITY: HON, Section no. 50990",B,4,Computer Science
Spring 2025,50990,C S, 331H,ALGORITHMS AND COMPLEXITY: HON,"C S-331H: ALGORITHMS AND COMPLEXITY: HON, Section no. 50990",B+,4,Computer Science
Spring 2025,50990,C S, 331H,ALGORITHMS AND COMPLEXITY: HON,"C S-331H: ALGORITHMS AND COMPLEXITY: HON, Section no. 50990",A-,1,Computer Science
Spring 2025,50990,C S, 331H,ALGORITHMS AND COMPLEXITY: HON,"C S-331H: ALGORITHMS AND COMPLEXITY: HON, Section no. 50990",A,17,Computer Science
Spring 2025,50995,C S, 331H,ALGORITHMS AND COMPLEXITY: HON,"C S-331H: ALGORITHMS AND COMPLEXITY: HON, Section no. 50995",C,1,Computer Science
Spring 2025,50995,C S, 331H,ALGORITHMS AND COMPLEXITY: HON,"C S-331H: ALGORITHMS AND COMPLEXITY: HON, Section no. 50995",C+,1,Computer Science
Spring 2025,50995,C S, 331H,ALGORITHMS AND COMPLEXITY: HON,"C S-331H: ALGORITHMS AND COMPLEXITY: HON, Section no. 50995",B-,3,Computer Science
Spring 2025,50995,C S, 331H,ALGORITHMS AND COMPLEXITY: HON,"C S-331H: ALGORITHMS AND COMPLEXITY: HON, Section no. 50995",B,5,Computer Science
Spring 2025,50995,C S, 331H,ALGORITHMS AND COMPLEXITY: HON,"C S-331H: ALGORITHMS AND COMPLEXITY: HON, Section no. 50995",B+,3,Computer Science
Spring 2025,50995,C S, 331H,ALGORITHMS AND COMPLEXITY: HON,"C S-331H: ALGORITHMS AND COMPLEXITY: HON, Section no. 50995",A-,4,Computer Science
Spring 2025,50995,C S, 331H,ALGORITHMS AND COMPLEXITY: HON,"C S-331H: ALGORITHMS AND COMPLEXITY: HON, Section no. 50995",A,17,Computer Science
Spring 2025,51000,C S, 333P,SCI OF HIGH-PERFORM COMPUTING,"C S-333P: SCI OF HIGH-PERFORM COMPUTING, Section no. 51000",Other,3,Computer Science
Spring 2025,51000,C S, 333P,SCI OF HIGH-PERFORM COMPUTING,"C S-333P: SCI OF HIGH-PERFORM COMPUTING, Section no. 51000",F,1,Computer Science
Spring 2025,51000,C S, 333P,SCI OF HIGH-PERFORM COMPUTING,"C S-333P: SCI OF HIGH-PERFORM COMPUTING, Section no. 51000",B-,1,Computer Science
Spring 2025,51000,C S, 333P,SCI OF HIGH-PERFORM COMPUTING,"C S-333P: SCI OF HIGH-PERFORM COMPUTING, Section no. 51000",B,3,Computer Science
Spring 2025,51000,C S, 333P,SCI OF HIGH-PERFORM COMPUTING,"C S-333P: SCI OF HIGH-PERFORM COMPUTING, Section no. 51000",B+,5,Computer Science
Spring 2025,51000,C S, 333P,SCI OF HIGH-PERFORM COMPUTING,"C S-333P: SCI OF HIGH-PERFORM COMPUTING, Section no. 51000",A-,9,Computer Science
Spring 2025,51000,C S, 333P,SCI OF HIGH-PERFORM COMPUTING,"C S-333P: SCI OF HIGH-PERFORM COMPUTING, Section no. 51000",A,36,Computer Science
Spring 2025,51005,C S, 439,PRINCIPLES OF COMPUTER SYS-C S,"C S-439: PRINCIPLES OF COMPUTER SYS-C S, Section no. 51005",Other,12,Computer Science
Spring 2025,51005,C S, 439,PRINCIPLES OF COMPUTER SYS-C S,"C S-439: PRINCIPLES OF COMPUTER SYS-C S, Section no. 51005",F,1,Computer Science
Spring 2025,51005,C S, 439,PRINCIPLES OF COMPUTER SYS-C S,"C S-439: PRINCIPLES OF COMPUTER SYS-C S, Section no. 51005",D,2,Computer Science
Spring 2025,51005,C S, 439,PRINCIPLES OF COMPUTER SYS-C S,"C S-439: PRINCIPLES OF COMPUTER SYS-C S, Section no. 51005",C-,9,Computer Science
Spring 2025,51005,C S, 439,PRINCIPLES OF COMPUTER SYS-C S,"C S-439: PRINCIPLES OF COMPUTER SYS-C S, Section no. 51005",C,6,Computer Science
Spring 2025,51005,C S, 439,PRINCIPLES OF COMPUTER SYS-C S,"C S-439: PRINCIPLES OF COMPUTER SYS-C S, Section no. 51005",C+,5,Computer Science
Spring 2025,51005,C S, 439,PRINCIPLES OF COMPUTER SYS-C S,"C S-439: PRINCIPLES OF COMPUTER SYS-C S, Section no. 51005",B-,5,Computer Science
Spring 2025,51005,C S, 439,PRINCIPLES OF COMPUTER SYS-C S,"C S-439: PRINCIPLES OF COMPUTER SYS-C S, Section no. 51005",B,6,Computer Science
Spring 2025,51005,C S, 439,PRINCIPLES OF COMPUTER SYS-C S,"C S-439: PRINCIPLES OF COMPUTER SYS-C S, Section no. 51005",B+,8,Computer Science
Spring 2025,51005,C S, 439,PRINCIPLES OF COMPUTER SYS-C S,"C S-439: PRINCIPLES OF COMPUTER SYS-C S, Section no. 51005",A-,2,Computer Science
Spring 2025,51005,C S, 439,PRINCIPLES OF COMPUTER SYS-C S,"C S-439: PRINCIPLES OF COMPUTER SYS-C S, Section no. 51005",A,5,Computer Science
Spring 2025,51010,C S, 439,PRINCIPLES OF COMPUTER SYS-C S,"C S-439: PRINCIPLES OF COMPUTER SYS-C S, Section no. 51010",B-,4,Computer Science
Spring 2025,51010,C S, 439,PRINCIPLES OF COMPUTER SYS-C S,"C S-439: PRINCIPLES OF COMPUTER SYS-C S, Section no. 51010",B,5,Computer Science
Spring 2025,51010,C S, 439,PRINCIPLES OF COMPUTER SYS-C S,"C S-439: PRINCIPLES OF COMPUTER SYS-C S, Section no. 51010",B+,3,Computer Science
Spring 2025,51010,C S, 439,PRINCIPLES OF COMPUTER SYS-C S,"C S-439: PRINCIPLES OF COMPUTER SYS-C S, Section no. 51010",A-,9,Computer Science
Spring 2025,51010,C S, 439,PRINCIPLES OF COMPUTER SYS-C S,"C S-439: PRINCIPLES OF COMPUTER SYS-C S, Section no. 51010",A,4,Computer Science
Spring 2025,51015,C S, 439,PRINCIPLES OF COMPUTER SYS-C S,"C S-439: PRINCIPLES OF COMPUTER SYS-C S, Section no. 51015",C,2,Computer Science
Spring 2025,51015,C S, 439,PRINCIPLES OF COMPUTER SYS-C S,"C S-439: PRINCIPLES OF COMPUTER SYS-C S, Section no. 51015",C+,1,Computer Science
Spring 2025,51015,C S, 439,PRINCIPLES OF COMPUTER SYS-C S,"C S-439: PRINCIPLES OF COMPUTER SYS-C S, Section no. 51015",B-,6,Computer Science
Spring 2025,51015,C S, 439,PRINCIPLES OF COMPUTER SYS-C S,"C S-439: PRINCIPLES OF COMPUTER SYS-C S, Section no. 51015",B,7,Computer Science
Spring 2025,51015,C S, 439,PRINCIPLES OF COMPUTER SYS-C S,"C S-439: PRINCIPLES OF COMPUTER SYS-C S, Section no. 51015",B+,2,Computer Science
Spring 2025,51015,C S, 439,PRINCIPLES OF COMPUTER SYS-C S,"C S-439: PRINCIPLES OF COMPUTER SYS-C S, Section no. 51015",A-,5,Computer Science
Spring 2025,51015,C S, 439,PRINCIPLES OF COMPUTER SYS-C S,"C S-439: PRINCIPLES OF COMPUTER SYS-C S, Section no. 51015",A,2,Computer Science
Spring 2025,51020,C S, 439,PRINCIPLES OF COMPUTER SYS-C S,"C S-439: PRINCIPLES OF COMPUTER SYS-C S, Section no. 51020",C,1,Computer Science
Spring 2025,51020,C S, 439,PRINCIPLES OF COMPUTER SYS-C S,"C S-439: PRINCIPLES OF COMPUTER SYS-C S, Section no. 51020",C+,3,Computer Science
Spring 2025,51020,C S, 439,PRINCIPLES OF COMPUTER SYS-C S,"C S-439: PRINCIPLES OF COMPUTER SYS-C S, Section no. 51020",B-,3,Computer Science
Spring 2025,51020,C S, 439,PRINCIPLES OF COMPUTER SYS-C S,"C S-439: PRINCIPLES OF COMPUTER SYS-C S, Section no. 51020",B,5,Computer Science
Spring 2025,51020,C S, 439,PRINCIPLES OF COMPUTER SYS-C S,"C S-439: PRINCIPLES OF COMPUTER SYS-C S, Section no. 51020",B+,6,Computer Science
Spring 2025,51020,C S, 439,PRINCIPLES OF COMPUTER SYS-C S,"C S-439: PRINCIPLES OF COMPUTER SYS-C S, Section no. 51020",A-,5,Computer Science
Spring 2025,51020,C S, 439,PRINCIPLES OF COMPUTER SYS-C S,"C S-439: PRINCIPLES OF COMPUTER SYS-C S, Section no. 51020",A,1,Computer Science
Spring 2025,51025,C S, 439,PRINCIPLES OF COMPUTER SYS-C S,"C S-439: PRINCIPLES OF COMPUTER SYS-C S, Section no. 51025",Other,1,Computer Science
Spring 2025,51025,C S, 439,PRINCIPLES OF COMPUTER SYS-C S,"C S-439: PRINCIPLES OF COMPUTER SYS-C S, Section no. 51025",C,1,Computer Science
Spring 2025,51025,C S, 439,PRINCIPLES OF COMPUTER SYS-C S,"C S-439: PRINCIPLES OF COMPUTER SYS-C S, Section no. 51025",C+,1,Computer Science
Spring 2025,51025,C S, 439,PRINCIPLES OF COMPUTER SYS-C S,"C S-439: PRINCIPLES OF COMPUTER SYS-C S, Section no. 51025",B-,6,Computer Science
Spring 2025,51025,C S, 439,PRINCIPLES OF COMPUTER SYS-C S,"C S-439: PRINCIPLES OF COMPUTER SYS-C S, Section no. 51025",B,8,Computer Science
Spring 2025,51025,C S, 439,PRINCIPLES OF COMPUTER SYS-C S,"C S-439: PRINCIPLES OF COMPUTER SYS-C S, Section no. 51025",B+,5,Computer Science
Spring 2025,51025,C S, 439,PRINCIPLES OF COMPUTER SYS-C S,"C S-439: PRINCIPLES OF COMPUTER SYS-C S, Section no. 51025",A,1,Computer Science
Spring 2025,51030,C S, 439,PRINCIPLES OF COMPUTER SYS-C S,"C S-439: PRINCIPLES OF COMPUTER SYS-C S, Section no. 51030",C,1,Computer Science
Spring 2025,51030,C S, 439,PRINCIPLES OF COMPUTER SYS-C S,"C S-439: PRINCIPLES OF COMPUTER SYS-C S, Section no. 51030",C+,4,Computer Science
Spring 2025,51030,C S, 439,PRINCIPLES OF COMPUTER SYS-C S,"C S-439: PRINCIPLES OF COMPUTER SYS-C S, Section no. 51030",B-,7,Computer Science
Spring 2025,51030,C S, 439,PRINCIPLES OF COMPUTER SYS-C S,"C S-439: PRINCIPLES OF COMPUTER SYS-C S, Section no. 51030",B,7,Computer Science
Spring 2025,51030,C S, 439,PRINCIPLES OF COMPUTER SYS-C S,"C S-439: PRINCIPLES OF COMPUTER SYS-C S, Section no. 51030",B+,4,Computer Science
Spring 2025,51030,C S, 439,PRINCIPLES OF COMPUTER SYS-C S,"C S-439: PRINCIPLES OF COMPUTER SYS-C S, Section no. 51030",A-,2,Computer Science
Spring 2025,51035,C S, 439,PRINCIPLES OF COMPUTER SYS-C S,"C S-439: PRINCIPLES OF COMPUTER SYS-C S, Section no. 51035",C,1,Computer Science
Spring 2025,51035,C S, 439,PRINCIPLES OF COMPUTER SYS-C S,"C S-439: PRINCIPLES OF COMPUTER SYS-C S, Section no. 51035",C+,3,Computer Science
Spring 2025,51035,C S, 439,PRINCIPLES OF COMPUTER SYS-C S,"C S-439: PRINCIPLES OF COMPUTER SYS-C S, Section no. 51035",B-,4,Computer Science
Spring 2025,51035,C S, 439,PRINCIPLES OF COMPUTER SYS-C S,"C S-439: PRINCIPLES OF COMPUTER SYS-C S, Section no. 51035",B,7,Computer Science
Spring 2025,51035,C S, 439,PRINCIPLES OF COMPUTER SYS-C S,"C S-439: PRINCIPLES OF COMPUTER SYS-C S, Section no. 51035",B+,4,Computer Science
Spring 2025,51035,C S, 439,PRINCIPLES OF COMPUTER SYS-C S,"C S-439: PRINCIPLES OF COMPUTER SYS-C S, Section no. 51035",A-,3,Computer Science
Spring 2025,51035,C S, 439,PRINCIPLES OF COMPUTER SYS-C S,"C S-439: PRINCIPLES OF COMPUTER SYS-C S, Section no. 51035",A,3,Computer Science
Spring 2025,51040,C S, 342,NEURAL NETWORKS,"C S-342: NEURAL NETWORKS, Section no. 51040",Other,6,Computer Science
Spring 2025,51040,C S, 342,NEURAL NETWORKS,"C S-342: NEURAL NETWORKS, Section no. 51040",D-,1,Computer Science
Spring 2025,51040,C S, 342,NEURAL NETWORKS,"C S-342: NEURAL NETWORKS, Section no. 51040",C-,1,Computer Science
Spring 2025,51040,C S, 342,NEURAL NETWORKS,"C S-342: NEURAL NETWORKS, Section no. 51040",B-,2,Computer Science
Spring 2025,51040,C S, 342,NEURAL NETWORKS,"C S-342: NEURAL NETWORKS, Section no. 51040",B,3,Computer Science
Spring 2025,51040,C S, 342,NEURAL NETWORKS,"C S-342: NEURAL NETWORKS, Section no. 51040",B+,2,Computer Science
Spring 2025,51040,C S, 342,NEURAL NETWORKS,"C S-342: NEURAL NETWORKS, Section no. 51040",A-,4,Computer Science
Spring 2025,51040,C S, 342,NEURAL NETWORKS,"C S-342: NEURAL NETWORKS, Section no. 51040",A,61,Computer Science
Spring 2025,51055,C S, 347,DATA MANAGEMENT,"C S-347: DATA MANAGEMENT, Section no. 51055",Other,4,Computer Science
Spring 2025,51055,C S, 347,DATA MANAGEMENT,"C S-347: DATA MANAGEMENT, Section no. 51055",C,1,Computer Science
Spring 2025,51055,C S, 347,DATA MANAGEMENT,"C S-347: DATA MANAGEMENT, Section no. 51055",C+,3,Computer Science
Spring 2025,51055,C S, 347,DATA MANAGEMENT,"C S-347: DATA MANAGEMENT, Section no. 51055",B-,4,Computer Science
Spring 2025,51055,C S, 347,DATA MANAGEMENT,"C S-347: DATA MANAGEMENT, Section no. 51055",B,8,Computer Science
Spring 2025,51055,C S, 347,DATA MANAGEMENT,"C S-347: DATA MANAGEMENT, Section no. 51055",B+,13,Computer Science
Spring 2025,51055,C S, 347,DATA MANAGEMENT,"C S-347: DATA MANAGEMENT, Section no. 51055",A-,26,Computer Science
Spring 2025,51055,C S, 347,DATA MANAGEMENT,"C S-347: DATA MANAGEMENT, Section no. 51055",A,28,Computer Science
Spring 2025,51060,C S, 349,CONTEMP ISSUES IN COMPUTER SCI,"C S-349: CONTEMP ISSUES IN COMPUTER SCI, Section no. 51060",F,1,Computer Science
Spring 2025,51060,C S, 349,CONTEMP ISSUES IN COMPUTER SCI,"C S-349: CONTEMP ISSUES IN COMPUTER SCI, Section no. 51060",B-,1,Computer Science
Spring 2025,51060,C S, 349,CONTEMP ISSUES IN COMPUTER SCI,"C S-349: CONTEMP ISSUES IN COMPUTER SCI, Section no. 51060",B,4,Computer Science
Spring 2025,51060,C S, 349,CONTEMP ISSUES IN COMPUTER SCI,"C S-349: CONTEMP ISSUES IN COMPUTER SCI, Section no. 51060",B+,3,Computer Science
Spring 2025,51060,C S, 349,CONTEMP ISSUES IN COMPUTER SCI,"C S-349: CONTEMP ISSUES IN COMPUTER SCI, Section no. 51060",A-,2,Computer Science
Spring 2025,51060,C S, 349,CONTEMP ISSUES IN COMPUTER SCI,"C S-349: CONTEMP ISSUES IN COMPUTER SCI, Section no. 51060",A,38,Computer Science
Spring 2025,51065,C S, 349,CONTEMP ISSUES IN COMPUTER SCI,"C S-349: CONTEMP ISSUES IN COMPUTER SCI, Section no. 51065",Other,1,Computer Science
Spring 2025,51065,C S, 349,CONTEMP ISSUES IN COMPUTER SCI,"C S-349: CONTEMP ISSUES IN COMPUTER SCI, Section no. 51065",B-,1,Computer Science
Spring 2025,51065,C S, 349,CONTEMP ISSUES IN COMPUTER SCI,"C S-349: CONTEMP ISSUES IN COMPUTER SCI, Section no. 51065",B,3,Computer Science
Spring 2025,51065,C S, 349,CONTEMP ISSUES IN COMPUTER SCI,"C S-349: CONTEMP ISSUES IN COMPUTER SCI, Section no. 51065",B+,1,Computer Science
Spring 2025,51065,C S, 349,CONTEMP ISSUES IN COMPUTER SCI,"C S-349: CONTEMP ISSUES IN COMPUTER SCI, Section no. 51065",A-,1,Computer Science
Spring 2025,51065,C S, 349,CONTEMP ISSUES IN COMPUTER SCI,"C S-349: CONTEMP ISSUES IN COMPUTER SCI, Section no. 51065",A,43,Computer Science
Spring 2025,51070,C S, 349,CONTEMP ISSUES IN COMPUTER SCI,"C S-349: CONTEMP ISSUES IN COMPUTER SCI, Section no. 51070",Other,1,Computer Science
Spring 2025,51070,C S, 349,CONTEMP ISSUES IN COMPUTER SCI,"C S-349: CONTEMP ISSUES IN COMPUTER SCI, Section no. 51070",B+,2,Computer Science
Spring 2025,51070,C S, 349,CONTEMP ISSUES IN COMPUTER SCI,"C S-349: CONTEMP ISSUES IN COMPUTER SCI, Section no. 51070",A-,2,Computer Science
Spring 2025,51070,C S, 349,CONTEMP ISSUES IN COMPUTER SCI,"C S-349: CONTEMP ISSUES IN COMPUTER SCI, Section no. 51070",A,45,Computer Science
Spring 2025,51075,C S, 350C,ADVANCED COMP ARCHITECTURE,"C S-350C: ADVANCED COMP ARCHITECTURE, Section no. 51075",Other,4,Computer Science
Spring 2025,51075,C S, 350C,ADVANCED COMP ARCHITECTURE,"C S-350C: ADVANCED COMP ARCHITECTURE, Section no. 51075",C,1,Computer Science
Spring 2025,51075,C S, 350C,ADVANCED COMP ARCHITECTURE,"C S-350C: ADVANCED COMP ARCHITECTURE, Section no. 51075",B-,2,Computer Science
Spring 2025,51075,C S, 350C,ADVANCED COMP ARCHITECTURE,"C S-350C: ADVANCED COMP ARCHITECTURE, Section no. 51075",B,1,Computer Science
Spring 2025,51075,C S, 350C,ADVANCED COMP ARCHITECTURE,"C S-350C: ADVANCED COMP ARCHITECTURE, Section no. 51075",A,8,Computer Science
Spring 2025,51080,C S, 354,COMPUTER GRAPHICS,"C S-354: COMPUTER GRAPHICS, Section no. 51080",Other,8,Computer Science
Spring 2025,51080,C S, 354,COMPUTER GRAPHICS,"C S-354: COMPUTER GRAPHICS, Section no. 51080",C-,1,Computer Science
Spring 2025,51080,C S, 354,COMPUTER GRAPHICS,"C S-354: COMPUTER GRAPHICS, Section no. 51080",B-,2,Computer Science
Spring 2025,51080,C S, 354,COMPUTER GRAPHICS,"C S-354: COMPUTER GRAPHICS, Section no. 51080",B,1,Computer Science
Spring 2025,51080,C S, 354,COMPUTER GRAPHICS,"C S-354: COMPUTER GRAPHICS, Section no. 51080",B+,5,Computer Science
Spring 2025,51080,C S, 354,COMPUTER GRAPHICS,"C S-354: COMPUTER GRAPHICS, Section no. 51080",A-,4,Computer Science
Spring 2025,51080,C S, 354,COMPUTER GRAPHICS,"C S-354: COMPUTER GRAPHICS, Section no. 51080",A,29,Computer Science
Spring 2025,51085,C S, 354H,COMPUTER GRAPHICS: HONORS,"C S-354H: COMPUTER GRAPHICS: HONORS, Section no. 51085",Other,5,Computer Science
Spring 2025,51085,C S, 354H,COMPUTER GRAPHICS: HONORS,"C S-354H: COMPUTER GRAPHICS: HONORS, Section no. 51085",D-,1,Computer Science
Spring 2025,51085,C S, 354H,COMPUTER GRAPHICS: HONORS,"C S-354H: COMPUTER GRAPHICS: HONORS, Section no. 51085",C-,1,Computer Science
Spring 2025,51085,C S, 354H,COMPUTER GRAPHICS: HONORS,"C S-354H: COMPUTER GRAPHICS: HONORS, Section no. 51085",C,1,Computer Science
Spring 2025,51085,C S, 354H,COMPUTER GRAPHICS: HONORS,"C S-354H: COMPUTER GRAPHICS: HONORS, Section no. 51085",B,1,Computer Science
Spring 2025,51085,C S, 354H,COMPUTER GRAPHICS: HONORS,"C S-354H: COMPUTER GRAPHICS: HONORS, Section no. 51085",A-,3,Computer Science
Spring 2025,51085,C S, 354H,COMPUTER GRAPHICS: HONORS,"C S-354H: COMPUTER GRAPHICS: HONORS, Section no. 51085",A,56,Computer Science
Spring 2025,51090,C S, 354T,GAME DEV CAPSTNE: 3-D GAMES,"C S-354T: GAME DEV CAPSTNE: 3-D GAMES, Section no. 51090",Other,1,Computer Science
Spring 2025,51090,C S, 354T,GAME DEV CAPSTNE: 3-D GAMES,"C S-354T: GAME DEV CAPSTNE: 3-D GAMES, Section no. 51090",B,1,Computer Science
Spring 2025,51090,C S, 354T,GAME DEV CAPSTNE: 3-D GAMES,"C S-354T: GAME DEV CAPSTNE: 3-D GAMES, Section no. 51090",A-,4,Computer Science
Spring 2025,51090,C S, 354T,GAME DEV CAPSTNE: 3-D GAMES,"C S-354T: GAME DEV CAPSTNE: 3-D GAMES, Section no. 51090",A,10,Computer Science
Spring 2025,51095,C S, 356,COMPUTER NETWORKS,"C S-356: COMPUTER NETWORKS, Section no. 51095",Other,4,Computer Science
Spring 2025,51095,C S, 356,COMPUTER NETWORKS,"C S-356: COMPUTER NETWORKS, Section no. 51095",F,1,Computer Science
Spring 2025,51095,C S, 356,COMPUTER NETWORKS,"C S-356: COMPUTER NETWORKS, Section no. 51095",D-,1,Computer Science
Spring 2025,51095,C S, 356,COMPUTER NETWORKS,"C S-356: COMPUTER NETWORKS, Section no. 51095",D+,2,Computer Science
Spring 2025,51095,C S, 356,COMPUTER NETWORKS,"C S-356: COMPUTER NETWORKS, Section no. 51095",C-,1,Computer Science
Spring 2025,51095,C S, 356,COMPUTER NETWORKS,"C S-356: COMPUTER NETWORKS, Section no. 51095",C,3,Computer Science
Spring 2025,51095,C S, 356,COMPUTER NETWORKS,"C S-356: COMPUTER NETWORKS, Section no. 51095",B-,7,Computer Science
Spring 2025,51095,C S, 356,COMPUTER NETWORKS,"C S-356: COMPUTER NETWORKS, Section no. 51095",B,8,Computer Science
Spring 2025,51095,C S, 356,COMPUTER NETWORKS,"C S-356: COMPUTER NETWORKS, Section no. 51095",B+,10,Computer Science
Spring 2025,51095,C S, 356,COMPUTER NETWORKS,"C S-356: COMPUTER NETWORKS, Section no. 51095",A-,20,Computer Science
Spring 2025,51095,C S, 356,COMPUTER NETWORKS,"C S-356: COMPUTER NETWORKS, Section no. 51095",A,23,Computer Science
Spring 2025,51110,C S, 360V,VIRTUALIZATION,"C S-360V: VIRTUALIZATION, Section no. 51110",B-,2,Computer Science
Spring 2025,51110,C S, 360V,VIRTUALIZATION,"C S-360V: VIRTUALIZATION, Section no. 51110",B+,6,Computer Science
Spring 2025,51110,C S, 360V,VIRTUALIZATION,"C S-360V: VIRTUALIZATION, Section no. 51110",A-,8,Computer Science
Spring 2025,51110,C S, 360V,VIRTUALIZATION,"C S-360V: VIRTUALIZATION, Section no. 51110",A,30,Computer Science
Spring 2025,51120,C S, 363M,PRINCIPLES OF MACHINE LEARN I,"C S-363M: PRINCIPLES OF MACHINE LEARN I, Section no. 51120",Other,3,Computer Science
Spring 2025,51120,C S, 363M,PRINCIPLES OF MACHINE LEARN I,"C S-363M: PRINCIPLES OF MACHINE LEARN I, Section no. 51120",D,1,Computer Science
Spring 2025,51120,C S, 363M,PRINCIPLES OF MACHINE LEARN I,"C S-363M: PRINCIPLES OF MACHINE LEARN I, Section no. 51120",D+,2,Computer Science
Spring 2025,51120,C S, 363M,PRINCIPLES OF MACHINE LEARN I,"C S-363M: PRINCIPLES OF MACHINE LEARN I, Section no. 51120",C-,1,Computer Science
Spring 2025,51120,C S, 363M,PRINCIPLES OF MACHINE LEARN I,"C S-363M: PRINCIPLES OF MACHINE LEARN I, Section no. 51120",C,2,Computer Science
Spring 2025,51120,C S, 363M,PRINCIPLES OF MACHINE LEARN I,"C S-363M: PRINCIPLES OF MACHINE LEARN I, Section no. 51120",C+,4,Computer Science
Spring 2025,51120,C S, 363M,PRINCIPLES OF MACHINE LEARN I,"C S-363M: PRINCIPLES OF MACHINE LEARN I, Section no. 51120",B-,2,Computer Science
Spring 2025,51120,C S, 363M,PRINCIPLES OF MACHINE LEARN I,"C S-363M: PRINCIPLES OF MACHINE LEARN I, Section no. 51120",B,11,Computer Science
Spring 2025,51120,C S, 363M,PRINCIPLES OF MACHINE LEARN I,"C S-363M: PRINCIPLES OF MACHINE LEARN I, Section no. 51120",B+,10,Computer Science
Spring 2025,51120,C S, 363M,PRINCIPLES OF MACHINE LEARN I,"C S-363M: PRINCIPLES OF MACHINE LEARN I, Section no. 51120",A-,8,Computer Science
Spring 2025,51120,C S, 363M,PRINCIPLES OF MACHINE LEARN I,"C S-363M: PRINCIPLES OF MACHINE LEARN I, Section no. 51120",A,18,Computer Science
Spring 2025,51125,C S, 363M,PRINCIPLES OF MACHINE LEARN I,"C S-363M: PRINCIPLES OF MACHINE LEARN I, Section no. 51125",Other,1,Computer Science
Spring 2025,51125,C S, 363M,PRINCIPLES OF MACHINE LEARN I,"C S-363M: PRINCIPLES OF MACHINE LEARN I, Section no. 51125",C,1,Computer Science
Spring 2025,51125,C S, 363M,PRINCIPLES OF MACHINE LEARN I,"C S-363M: PRINCIPLES OF MACHINE LEARN I, Section no. 51125",C+,3,Computer Science
Spring 2025,51125,C S, 363M,PRINCIPLES OF MACHINE LEARN I,"C S-363M: PRINCIPLES OF MACHINE LEARN I, Section no. 51125",B-,3,Computer Science
Spring 2025,51125,C S, 363M,PRINCIPLES OF MACHINE LEARN I,"C S-363M: PRINCIPLES OF MACHINE LEARN I, Section no. 51125",B,7,Computer Science
Spring 2025,51125,C S, 363M,PRINCIPLES OF MACHINE LEARN I,"C S-363M: PRINCIPLES OF MACHINE LEARN I, Section no. 51125",B+,9,Computer Science
Spring 2025,51125,C S, 363M,PRINCIPLES OF MACHINE LEARN I,"C S-363M: PRINCIPLES OF MACHINE LEARN I, Section no. 51125",A-,6,Computer Science
Spring 2025,51125,C S, 363M,PRINCIPLES OF MACHINE LEARN I,"C S-363M: PRINCIPLES OF MACHINE LEARN I, Section no. 51125",A,32,Computer Science
Spring 2025,51130,C S, 363M,PRIN OF MACHINE LEARN I-WB,"C S-363M: PRIN OF MACHINE LEARN I-WB, Section no. 51130",Other,5,Computer Science
Spring 2025,51130,C S, 363M,PRIN OF MACHINE LEARN I-WB,"C S-363M: PRIN OF MACHINE LEARN I-WB, Section no. 51130",F,1,Computer Science
Spring 2025,51130,C S, 363M,PRIN OF MACHINE LEARN I-WB,"C S-363M: PRIN OF MACHINE LEARN I-WB, Section no. 51130",C-,2,Computer Science
Spring 2025,51130,C S, 363M,PRIN OF MACHINE LEARN I-WB,"C S-363M: PRIN OF MACHINE LEARN I-WB, Section no. 51130",C,2,Computer Science
Spring 2025,51130,C S, 363M,PRIN OF MACHINE LEARN I-WB,"C S-363M: PRIN OF MACHINE LEARN I-WB, Section no. 51130",C+,9,Computer Science
Spring 2025,51130,C S, 363M,PRIN OF MACHINE LEARN I-WB,"C S-363M: PRIN OF MACHINE LEARN I-WB, Section no. 51130",B-,7,Computer Science
Spring 2025,51130,C S, 363M,PRIN OF MACHINE LEARN I-WB,"C S-363M: PRIN OF MACHINE LEARN I-WB, Section no. 51130",B,13,Computer Science
Spring 2025,51130,C S, 363M,PRIN OF MACHINE LEARN I-WB,"C S-363M: PRIN OF MACHINE LEARN I-WB, Section no. 51130",B+,14,Computer Science
Spring 2025,51130,C S, 363M,PRIN OF MACHINE LEARN I-WB,"C S-363M: PRIN OF MACHINE LEARN I-WB, Section no. 51130",A-,8,Computer Science
Spring 2025,51130,C S, 363M,PRIN OF MACHINE LEARN I-WB,"C S-363M: PRIN OF MACHINE LEARN I-WB, Section no. 51130",A,18,Computer Science
Spring 2025,51135,C S, 364M,PRINCIPL OF MACHINE LEARN II,"C S-364M: PRINCIPL OF MACHINE LEARN II, Section no. 51135",Other,1,Computer Science
Spring 2025,51135,C S, 364M,PRINCIPL OF MACHINE LEARN II,"C S-364M: PRINCIPL OF MACHINE LEARN II, Section no. 51135",F,1,Computer Science
Spring 2025,51135,C S, 364M,PRINCIPL OF MACHINE LEARN II,"C S-364M: PRINCIPL OF MACHINE LEARN II, Section no. 51135",B+,2,Computer Science
Spring 2025,51135,C S, 364M,PRINCIPL OF MACHINE LEARN II,"C S-364M: PRINCIPL OF MACHINE LEARN II, Section no. 51135",A-,7,Computer Science
Spring 2025,51135,C S, 364M,PRINCIPL OF MACHINE LEARN II,"C S-364M: PRINCIPL OF MACHINE LEARN II, Section no. 51135",A,17,Computer Science
Spring 2025,51150,C S, 371D,DISTRIBUTED COMPUTING,"C S-371D: DISTRIBUTED COMPUTING, Section no. 51150",Other,8,Computer Science
Spring 2025,51150,C S, 371D,DISTRIBUTED COMPUTING,"C S-371D: DISTRIBUTED COMPUTING, Section no. 51150",F,1,Computer Science
Spring 2025,51150,C S, 371D,DISTRIBUTED COMPUTING,"C S-371D: DISTRIBUTED COMPUTING, Section no. 51150",C-,4,Computer Science
Spring 2025,51150,C S, 371D,DISTRIBUTED COMPUTING,"C S-371D: DISTRIBUTED COMPUTING, Section no. 51150",B-,1,Computer Science
Spring 2025,51150,C S, 371D,DISTRIBUTED COMPUTING,"C S-371D: DISTRIBUTED COMPUTING, Section no. 51150",B,4,Computer Science
Spring 2025,51150,C S, 371D,DISTRIBUTED COMPUTING,"C S-371D: DISTRIBUTED COMPUTING, Section no. 51150",B+,3,Computer Science
Spring 2025,51150,C S, 371D,DISTRIBUTED COMPUTING,"C S-371D: DISTRIBUTED COMPUTING, Section no. 51150",A-,3,Computer Science
Spring 2025,51150,C S, 371D,DISTRIBUTED COMPUTING,"C S-371D: DISTRIBUTED COMPUTING, Section no. 51150",A,34,Computer Science
Spring 2025,51155,C S, 371L,IOS MOBILE COMPUTING,"C S-371L: IOS MOBILE COMPUTING, Section no. 51155",Other,2,Computer Science
Spring 2025,51155,C S, 371L,IOS MOBILE COMPUTING,"C S-371L: IOS MOBILE COMPUTING, Section no. 51155",C-,1,Computer Science
Spring 2025,51155,C S, 371L,IOS MOBILE COMPUTING,"C S-371L: IOS MOBILE COMPUTING, Section no. 51155",C,2,Computer Science
Spring 2025,51155,C S, 371L,IOS MOBILE COMPUTING,"C S-371L: IOS MOBILE COMPUTING, Section no. 51155",C+,1,Computer Science
Spring 2025,51155,C S, 371L,IOS MOBILE COMPUTING,"C S-371L: IOS MOBILE COMPUTING, Section no. 51155",B-,3,Computer Science
Spring 2025,51155,C S, 371L,IOS MOBILE COMPUTING,"C S-371L: IOS MOBILE COMPUTING, Section no. 51155",B,2,Computer Science
Spring 2025,51155,C S, 371L,IOS MOBILE COMPUTING,"C S-371L: IOS MOBILE COMPUTING, Section no. 51155",A-,3,Computer Science
Spring 2025,51155,C S, 371L,IOS MOBILE COMPUTING,"C S-371L: IOS MOBILE COMPUTING, Section no. 51155",A,45,Computer Science
Spring 2025,51165,C S, 371P,OBJECT-ORIENTED PROGRAMMING,"C S-371P: OBJECT-ORIENTED PROGRAMMING, Section no. 51165",Other,9,Computer Science
Spring 2025,51165,C S, 371P,OBJECT-ORIENTED PROGRAMMING,"C S-371P: OBJECT-ORIENTED PROGRAMMING, Section no. 51165",F,2,Computer Science
Spring 2025,51165,C S, 371P,OBJECT-ORIENTED PROGRAMMING,"C S-371P: OBJECT-ORIENTED PROGRAMMING, Section no. 51165",C-,2,Computer Science
Spring 2025,51165,C S, 371P,OBJECT-ORIENTED PROGRAMMING,"C S-371P: OBJECT-ORIENTED PROGRAMMING, Section no. 51165",C+,2,Computer Science
Spring 2025,51165,C S, 371P,OBJECT-ORIENTED PROGRAMMING,"C S-371P: OBJECT-ORIENTED PROGRAMMING, Section no. 51165",B-,1,Computer Science
Spring 2025,51165,C S, 371P,OBJECT-ORIENTED PROGRAMMING,"C S-371P: OBJECT-ORIENTED PROGRAMMING, Section no. 51165",B,5,Computer Science
Spring 2025,51165,C S, 371P,OBJECT-ORIENTED PROGRAMMING,"C S-371P: OBJECT-ORIENTED PROGRAMMING, Section no. 51165",B+,15,Computer Science
Spring 2025,51165,C S, 371P,OBJECT-ORIENTED PROGRAMMING,"C S-371P: OBJECT-ORIENTED PROGRAMMING, Section no. 51165",A-,1,Computer Science
Spring 2025,51165,C S, 371P,OBJECT-ORIENTED PROGRAMMING,"C S-371P: OBJECT-ORIENTED PROGRAMMING, Section no. 51165",A,40,Computer Science
Spring 2025,51170,C S, 373,SOFTWARE ENGINEERING,"C S-373: SOFTWARE ENGINEERING, Section no. 51170",Other,2,Computer Science
Spring 2025,51170,C S, 373,SOFTWARE ENGINEERING,"C S-373: SOFTWARE ENGINEERING, Section no. 51170",C-,1,Computer Science
Spring 2025,51170,C S, 373,SOFTWARE ENGINEERING,"C S-373: SOFTWARE ENGINEERING, Section no. 51170",C,1,Computer Science
Spring 2025,51170,C S, 373,SOFTWARE ENGINEERING,"C S-373: SOFTWARE ENGINEERING, Section no. 51170",B-,3,Computer Science
Spring 2025,51170,C S, 373,SOFTWARE ENGINEERING,"C S-373: SOFTWARE ENGINEERING, Section no. 51170",B,1,Computer Science
Spring 2025,51170,C S, 373,SOFTWARE ENGINEERING,"C S-373: SOFTWARE ENGINEERING, Section no. 51170",B+,1,Computer Science
Spring 2025,51170,C S, 373,SOFTWARE ENGINEERING,"C S-373: SOFTWARE ENGINEERING, Section no. 51170",A,48,Computer Science
Spring 2025,51175,C S, 373,SOFTWARE ENGINEERING,"C S-373: SOFTWARE ENGINEERING, Section no. 51175",Other,1,Computer Science
Spring 2025,51175,C S, 373,SOFTWARE ENGINEERING,"C S-373: SOFTWARE ENGINEERING, Section no. 51175",B,1,Computer Science
Spring 2025,51175,C S, 373,SOFTWARE ENGINEERING,"C S-373: SOFTWARE ENGINEERING, Section no. 51175",B+,2,Computer Science
Spring 2025,51175,C S, 373,SOFTWARE ENGINEERING,"C S-373: SOFTWARE ENGINEERING, Section no. 51175",A-,1,Computer Science
Spring 2025,51175,C S, 373,SOFTWARE ENGINEERING,"C S-373: SOFTWARE ENGINEERING, Section no. 51175",A,50,Computer Science
Spring 2025,51180,C S, 374L,LONGHORN STARTUP,"C S-374L: LONGHORN STARTUP, Section no. 51180",Other,1,Computer Science
Spring 2025,51180,C S, 374L,LONGHORN STARTUP,"C S-374L: LONGHORN STARTUP, Section no. 51180",B,11,Computer Science
Spring 2025,51180,C S, 374L,LONGHORN STARTUP,"C S-374L: LONGHORN STARTUP, Section no. 51180",A-,2,Computer Science
Spring 2025,51180,C S, 374L,LONGHORN STARTUP,"C S-374L: LONGHORN STARTUP, Section no. 51180",A,6,Computer Science
Spring 2025,51185,C S, 375,COMPILERS,"C S-375: COMPILERS, Section no. 51185",Other,3,Computer Science
Spring 2025,51185,C S, 375,COMPILERS,"C S-375: COMPILERS, Section no. 51185",D,1,Computer Science
Spring 2025,51185,C S, 375,COMPILERS,"C S-375: COMPILERS, Section no. 51185",C-,1,Computer Science
Spring 2025,51185,C S, 375,COMPILERS,"C S-375: COMPILERS, Section no. 51185",C,5,Computer Science
Spring 2025,51185,C S, 375,COMPILERS,"C S-375: COMPILERS, Section no. 51185",C+,1,Computer Science
Spring 2025,51185,C S, 375,COMPILERS,"C S-375: COMPILERS, Section no. 51185",B-,2,Computer Science
Spring 2025,51185,C S, 375,COMPILERS,"C S-375: COMPILERS, Section no. 51185",B,2,Computer Science
Spring 2025,51185,C S, 375,COMPILERS,"C S-375: COMPILERS, Section no. 51185",B+,2,Computer Science
Spring 2025,51185,C S, 375,COMPILERS,"C S-375: COMPILERS, Section no. 51185",A-,8,Computer Science
Spring 2025,51185,C S, 375,COMPILERS,"C S-375: COMPILERS, Section no. 51185",A,32,Computer Science
Spring 2025,51195,C S, 376,COMPUTER VISION,"C S-376: COMPUTER VISION, Section no. 51195",C-,1,Computer Science
Spring 2025,51195,C S, 376,COMPUTER VISION,"C S-376: COMPUTER VISION, Section no. 51195",C,1,Computer Science
Spring 2025,51195,C S, 376,COMPUTER VISION,"C S-376: COMPUTER VISION, Section no. 51195",C+,3,Computer Science
Spring 2025,51195,C S, 376,COMPUTER VISION,"C S-376: COMPUTER VISION, Section no. 51195",B-,2,Computer Science
Spring 2025,51195,C S, 376,COMPUTER VISION,"C S-376: COMPUTER VISION, Section no. 51195",B,6,Computer Science
Spring 2025,51195,C S, 376,COMPUTER VISION,"C S-376: COMPUTER VISION, Section no. 51195",B+,10,Computer Science
Spring 2025,51195,C S, 376,COMPUTER VISION,"C S-376: COMPUTER VISION, Section no. 51195",A-,13,Computer Science
Spring 2025,51195,C S, 376,COMPUTER VISION,"C S-376: COMPUTER VISION, Section no. 51195",A,21,Computer Science
Spring 2025,51200,C S, 378,BEHAVIORAL ETHICS: DIGITAL AGE,"C S-378: BEHAVIORAL ETHICS: DIGITAL AGE, Section no. 51200",B-,1,Computer Science
Spring 2025,51200,C S, 378,BEHAVIORAL ETHICS: DIGITAL AGE,"C S-378: BEHAVIORAL ETHICS: DIGITAL AGE, Section no. 51200",B+,3,Computer Science
Spring 2025,51200,C S, 378,BEHAVIORAL ETHICS: DIGITAL AGE,"C S-378: BEHAVIORAL ETHICS: DIGITAL AGE, Section no. 51200",A-,2,Computer Science
Spring 2025,51200,C S, 378,BEHAVIORAL ETHICS: DIGITAL AGE,"C S-378: BEHAVIORAL ETHICS: DIGITAL AGE, Section no. 51200",A,43,Computer Science
Spring 2025,51205,C S, 378,CLOUD COMPUTING,"C S-378: CLOUD COMPUTING, Section no. 51205",B-,1,Computer Science
Spring 2025,51205,C S, 378,CLOUD COMPUTING,"C S-378: CLOUD COMPUTING, Section no. 51205",B,1,Computer Science
Spring 2025,51205,C S, 378,CLOUD COMPUTING,"C S-378: CLOUD COMPUTING, Section no. 51205",B+,1,Computer Science
Spring 2025,51205,C S, 378,CLOUD COMPUTING,"C S-378: CLOUD COMPUTING, Section no. 51205",A-,2,Computer Science
Spring 2025,51205,C S, 378,CLOUD COMPUTING,"C S-378: CLOUD COMPUTING, Section no. 51205",A,48,Computer Science
Spring 2025,51210,C S, 378,CLOUD COMPUTING-WB,"C S-378: CLOUD COMPUTING-WB, Section no. 51210",F,1,Computer Science
Spring 2025,51210,C S, 378,CLOUD COMPUTING-WB,"C S-378: CLOUD COMPUTING-WB, Section no. 51210",B-,2,Computer Science
Spring 2025,51210,C S, 378,CLOUD COMPUTING-WB,"C S-378: CLOUD COMPUTING-WB, Section no. 51210",B,3,Computer Science
Spring 2025,51210,C S, 378,CLOUD COMPUTING-WB,"C S-378: CLOUD COMPUTING-WB, Section no. 51210",B+,8,Computer Science
Spring 2025,51210,C S, 378,CLOUD COMPUTING-WB,"C S-378: CLOUD COMPUTING-WB, Section no. 51210",A-,19,Computer Science
Spring 2025,51210,C S, 378,CLOUD COMPUTING-WB,"C S-378: CLOUD COMPUTING-WB, Section no. 51210",A,25,Computer Science
Spring 2025,51215,C S, 378,CYBERPHYSICAL SYSTEMS,"C S-378: CYBERPHYSICAL SYSTEMS, Section no. 51215",B+,3,Computer Science
Spring 2025,51215,C S, 378,CYBERPHYSICAL SYSTEMS,"C S-378: CYBERPHYSICAL SYSTEMS, Section no. 51215",A-,5,Computer Science
Spring 2025,51215,C S, 378,CYBERPHYSICAL SYSTEMS,"C S-378: CYBERPHYSICAL SYSTEMS, Section no. 51215",A,11,Computer Science
Spring 2025,51220,C S, 378,ENERGY EFFICIENT COMPUTING,"C S-378: ENERGY EFFICIENT COMPUTING, Section no. 51220",Other,1,Computer Science
Spring 2025,51220,C S, 378,ENERGY EFFICIENT COMPUTING,"C S-378: ENERGY EFFICIENT COMPUTING, Section no. 51220",C+,2,Computer Science
Spring 2025,51220,C S, 378,ENERGY EFFICIENT COMPUTING,"C S-378: ENERGY EFFICIENT COMPUTING, Section no. 51220",B-,4,Computer Science
Spring 2025,51220,C S, 378,ENERGY EFFICIENT COMPUTING,"C S-378: ENERGY EFFICIENT COMPUTING, Section no. 51220",B,3,Computer Science
Spring 2025,51220,C S, 378,ENERGY EFFICIENT COMPUTING,"C S-378: ENERGY EFFICIENT COMPUTING, Section no. 51220",B+,11,Computer Science
Spring 2025,51220,C S, 378,ENERGY EFFICIENT COMPUTING,"C S-378: ENERGY EFFICIENT COMPUTING, Section no. 51220",A-,12,Computer Science
Spring 2025,51220,C S, 378,ENERGY EFFICIENT COMPUTING,"C S-378: ENERGY EFFICIENT COMPUTING, Section no. 51220",A,24,Computer Science
Spring 2025,51225,C S, 378,ETHICAL HACKING,"C S-378: ETHICAL HACKING, Section no. 51225",Other,4,Computer Science
Spring 2025,51225,C S, 378,ETHICAL HACKING,"C S-378: ETHICAL HACKING, Section no. 51225",C+,1,Computer Science
Spring 2025,51225,C S, 378,ETHICAL HACKING,"C S-378: ETHICAL HACKING, Section no. 51225",B,2,Computer Science
Spring 2025,51225,C S, 378,ETHICAL HACKING,"C S-378: ETHICAL HACKING, Section no. 51225",B+,2,Computer Science
Spring 2025,51225,C S, 378,ETHICAL HACKING,"C S-378: ETHICAL HACKING, Section no. 51225",A-,14,Computer Science
Spring 2025,51225,C S, 378,ETHICAL HACKING,"C S-378: ETHICAL HACKING, Section no. 51225",A,47,Computer Science
Spring 2025,51229,C S, 378,GENERATIVE VISUAL COMPUTING,"C S-378: GENERATIVE VISUAL COMPUTING, Section no. 51229",Other,6,Computer Science
Spring 2025,51229,C S, 378,GENERATIVE VISUAL COMPUTING,"C S-378: GENERATIVE VISUAL COMPUTING, Section no. 51229",B-,1,Computer Science
Spring 2025,51229,C S, 378,GENERATIVE VISUAL COMPUTING,"C S-378: GENERATIVE VISUAL COMPUTING, Section no. 51229",B,1,Computer Science
Spring 2025,51229,C S, 378,GENERATIVE VISUAL COMPUTING,"C S-378: GENERATIVE VISUAL COMPUTING, Section no. 51229",B+,1,Computer Science
Spring 2025,51229,C S, 378,GENERATIVE VISUAL COMPUTING,"C S-378: GENERATIVE VISUAL COMPUTING, Section no. 51229",A-,2,Computer Science
Spring 2025,51229,C S, 378,GENERATIVE VISUAL COMPUTING,"C S-378: GENERATIVE VISUAL COMPUTING, Section no. 51229",A,43,Computer Science
Spring 2025,51230,C S, 378,GEOMETRIC FNDTNS OF DATA SCI,"C S-378: GEOMETRIC FNDTNS OF DATA SCI, Section no. 51230",Other,2,Computer Science
Spring 2025,51230,C S, 378,GEOMETRIC FNDTNS OF DATA SCI,"C S-378: GEOMETRIC FNDTNS OF DATA SCI, Section no. 51230",B-,3,Computer Science
Spring 2025,51230,C S, 378,GEOMETRIC FNDTNS OF DATA SCI,"C S-378: GEOMETRIC FNDTNS OF DATA SCI, Section no. 51230",B,1,Computer Science
Spring 2025,51230,C S, 378,GEOMETRIC FNDTNS OF DATA SCI,"C S-378: GEOMETRIC FNDTNS OF DATA SCI, Section no. 51230",B+,3,Computer Science
Spring 2025,51230,C S, 378,GEOMETRIC FNDTNS OF DATA SCI,"C S-378: GEOMETRIC FNDTNS OF DATA SCI, Section no. 51230",A-,6,Computer Science
Spring 2025,51230,C S, 378,GEOMETRIC FNDTNS OF DATA SCI,"C S-378: GEOMETRIC FNDTNS OF DATA SCI, Section no. 51230",A,10,Computer Science
Spring 2025,51235,C S, 378,INTRO TO HUMAN/COMP INTERACT,"C S-378: INTRO TO HUMAN/COMP INTERACT, Section no. 51235",Other,2,Computer Science
Spring 2025,51235,C S, 378,INTRO TO HUMAN/COMP INTERACT,"C S-378: INTRO TO HUMAN/COMP INTERACT, Section no. 51235",B-,5,Computer Science
Spring 2025,51235,C S, 378,INTRO TO HUMAN/COMP INTERACT,"C S-378: INTRO TO HUMAN/COMP INTERACT, Section no. 51235",B,2,Computer Science
Spring 2025,51235,C S, 378,INTRO TO HUMAN/COMP INTERACT,"C S-378: INTRO TO HUMAN/COMP INTERACT, Section no. 51235",B+,10,Computer Science
Spring 2025,51235,C S, 378,INTRO TO HUMAN/COMP INTERACT,"C S-378: INTRO TO HUMAN/COMP INTERACT, Section no. 51235",A-,16,Computer Science
Spring 2025,51235,C S, 378,INTRO TO HUMAN/COMP INTERACT,"C S-378: INTRO TO HUMAN/COMP INTERACT, Section no. 51235",A,37,Computer Science
Spring 2025,51240,C S, 378,INTRODUCTORY GAME THEORY,"C S-378: INTRODUCTORY GAME THEORY, Section no. 51240",Other,2,Computer Science
Spring 2025,51240,C S, 378,INTRODUCTORY GAME THEORY,"C S-378: INTRODUCTORY GAME THEORY, Section no. 51240",C,1,Computer Science
Spring 2025,51240,C S, 378,INTRODUCTORY GAME THEORY,"C S-378: INTRODUCTORY GAME THEORY, Section no. 51240",B,1,Computer Science
Spring 2025,51240,C S, 378,INTRODUCTORY GAME THEORY,"C S-378: INTRODUCTORY GAME THEORY, Section no. 51240",B+,5,Computer Science
Spring 2025,51240,C S, 378,INTRODUCTORY GAME THEORY,"C S-378: INTRODUCTORY GAME THEORY, Section no. 51240",A-,5,Computer Science
Spring 2025,51240,C S, 378,INTRODUCTORY GAME THEORY,"C S-378: INTRODUCTORY GAME THEORY, Section no. 51240",A,8,Computer Science
Spring 2025,51249,C S, 378,MULTICORE OPERATING SYSTEMS,"C S-378: MULTICORE OPERATING SYSTEMS, Section no. 51249",Other,14,Computer Science
Spring 2025,51249,C S, 378,MULTICORE OPERATING SYSTEMS,"C S-378: MULTICORE OPERATING SYSTEMS, Section no. 51249",C-,2,Computer Science
Spring 2025,51249,C S, 378,MULTICORE OPERATING SYSTEMS,"C S-378: MULTICORE OPERATING SYSTEMS, Section no. 51249",B-,1,Computer Science
Spring 2025,51249,C S, 378,MULTICORE OPERATING SYSTEMS,"C S-378: MULTICORE OPERATING SYSTEMS, Section no. 51249",B,3,Computer Science
Spring 2025,51249,C S, 378,MULTICORE OPERATING SYSTEMS,"C S-378: MULTICORE OPERATING SYSTEMS, Section no. 51249",B+,4,Computer Science
Spring 2025,51249,C S, 378,MULTICORE OPERATING SYSTEMS,"C S-378: MULTICORE OPERATING SYSTEMS, Section no. 51249",A-,9,Computer Science
Spring 2025,51249,C S, 378,MULTICORE OPERATING SYSTEMS,"C S-378: MULTICORE OPERATING SYSTEMS, Section no. 51249",A,6,Computer Science
Spring 2025,51250,C S, 378,SYMBOLIC PROGRAMMING,"C S-378: SYMBOLIC PROGRAMMING, Section no. 51250",Other,2,Computer Science
Spring 2025,51250,C S, 378,SYMBOLIC PROGRAMMING,"C S-378: SYMBOLIC PROGRAMMING, Section no. 51250",F,2,Computer Science
Spring 2025,51250,C S, 378,SYMBOLIC PROGRAMMING,"C S-378: SYMBOLIC PROGRAMMING, Section no. 51250",C+,2,Computer Science
Spring 2025,51250,C S, 378,SYMBOLIC PROGRAMMING,"C S-378: SYMBOLIC PROGRAMMING, Section no. 51250",B-,1,Computer Science
Spring 2025,51250,C S, 378,SYMBOLIC PROGRAMMING,"C S-378: SYMBOLIC PROGRAMMING, Section no. 51250",B,1,Computer Science
Spring 2025,51250,C S, 378,SYMBOLIC PROGRAMMING,"C S-378: SYMBOLIC PROGRAMMING, Section no. 51250",B+,4,Computer Science
Spring 2025,51250,C S, 378,SYMBOLIC PROGRAMMING,"C S-378: SYMBOLIC PROGRAMMING, Section no. 51250",A-,4,Computer Science
Spring 2025,51250,C S, 378,SYMBOLIC PROGRAMMING,"C S-378: SYMBOLIC PROGRAMMING, Section no. 51250",A,43,Computer Science
Spring 2025,51255,C S, 378H,CONCURRENCY: HONORS,"C S-378H: CONCURRENCY: HONORS, Section no. 51255",Other,3,Computer Science
Spring 2025,51255,C S, 378H,CONCURRENCY: HONORS,"C S-378H: CONCURRENCY: HONORS, Section no. 51255",B,3,Computer Science
Spring 2025,51255,C S, 378H,CONCURRENCY: HONORS,"C S-378H: CONCURRENCY: HONORS, Section no. 51255",B+,9,Computer Science
Spring 2025,51255,C S, 378H,CONCURRENCY: HONORS,"C S-378H: CONCURRENCY: HONORS, Section no. 51255",A-,6,Computer Science
Spring 2025,51255,C S, 378H,CONCURRENCY: HONORS,"C S-378H: CONCURRENCY: HONORS, Section no. 51255",A,18,Computer Science
Spring 2025,51259,C S, 378H,NETWORK SECURITY/PRVACY:HON-WB,"C S-378H: NETWORK SECURITY/PRVACY:HON-WB, Section no. 51259",Other,1,Computer Science
Spring 2025,51259,C S, 378H,NETWORK SECURITY/PRVACY:HON-WB,"C S-378H: NETWORK SECURITY/PRVACY:HON-WB, Section no. 51259",C-,1,Computer Science
Spring 2025,51259,C S, 378H,NETWORK SECURITY/PRVACY:HON-WB,"C S-378H: NETWORK SECURITY/PRVACY:HON-WB, Section no. 51259",B,1,Computer Science
Spring 2025,51259,C S, 378H,NETWORK SECURITY/PRVACY:HON-WB,"C S-378H: NETWORK SECURITY/PRVACY:HON-WB, Section no. 51259",A-,3,Computer Science
Spring 2025,51259,C S, 378H,NETWORK SECURITY/PRVACY:HON-WB,"C S-378H: NETWORK SECURITY/PRVACY:HON-WB, Section no. 51259",A,15,Computer Science
Spring 2025,51265,C S, 380C,COMPILERS,"C S-380C: COMPILERS, Section no. 51265",B,1,Computer Science
Spring 2025,51265,C S, 380C,COMPILERS,"C S-380C: COMPILERS, Section no. 51265",B+,11,Computer Science
Spring 2025,51265,C S, 380C,COMPILERS,"C S-380C: COMPILERS, Section no. 51265",A-,6,Computer Science
Spring 2025,51265,C S, 380C,COMPILERS,"C S-380C: COMPILERS, Section no. 51265",A,11,Computer Science
Spring 2025,51270,C S, 380L,ADVANCED OPERATING SYSTEMS,"C S-380L: ADVANCED OPERATING SYSTEMS, Section no. 51270",B,1,Computer Science
Spring 2025,51270,C S, 380L,ADVANCED OPERATING SYSTEMS,"C S-380L: ADVANCED OPERATING SYSTEMS, Section no. 51270",A-,3,Computer Science
Spring 2025,51270,C S, 380L,ADVANCED OPERATING SYSTEMS,"C S-380L: ADVANCED OPERATING SYSTEMS, Section no. 51270",A,2,Computer Science
Spring 2025,51275,C S, 380L,ADVANCED OPERATING SYSTEMS-WB,"C S-380L: ADVANCED OPERATING SYSTEMS-WB, Section no. 51275",Other,11,Computer Science
Spring 2025,51275,C S, 380L,ADVANCED OPERATING SYSTEMS-WB,"C S-380L: ADVANCED OPERATING SYSTEMS-WB, Section no. 51275",F,2,Computer Science
Spring 2025,51275,C S, 380L,ADVANCED OPERATING SYSTEMS-WB,"C S-380L: ADVANCED OPERATING SYSTEMS-WB, Section no. 51275",B-,1,Computer Science
Spring 2025,51275,C S, 380L,ADVANCED OPERATING SYSTEMS-WB,"C S-380L: ADVANCED OPERATING SYSTEMS-WB, Section no. 51275",B,4,Computer Science
Spring 2025,51275,C S, 380L,ADVANCED OPERATING SYSTEMS-WB,"C S-380L: ADVANCED OPERATING SYSTEMS-WB, Section no. 51275",B+,10,Computer Science
Spring 2025,51275,C S, 380L,ADVANCED OPERATING SYSTEMS-WB,"C S-380L: ADVANCED OPERATING SYSTEMS-WB, Section no. 51275",A-,12,Computer Science
Spring 2025,51275,C S, 380L,ADVANCED OPERATING SYSTEMS-WB,"C S-380L: ADVANCED OPERATING SYSTEMS-WB, Section no. 51275",A,50,Computer Science
Spring 2025,51279,C S, 380S,THRY/PRAC OF SECURE SYSTEMS,"C S-380S: THRY/PRAC OF SECURE SYSTEMS, Section no. 51279",A-,9,Computer Science
Spring 2025,51279,C S, 380S,THRY/PRAC OF SECURE SYSTEMS,"C S-380S: THRY/PRAC OF SECURE SYSTEMS, Section no. 51279",A,12,Computer Science
Spring 2025,51280,C S, 381V,VISUAL RECOGNITION,"C S-381V: VISUAL RECOGNITION, Section no. 51280",B-,1,Computer Science
Spring 2025,51280,C S, 381V,VISUAL RECOGNITION,"C S-381V: VISUAL RECOGNITION, Section no. 51280",B,3,Computer Science
Spring 2025,51280,C S, 381V,VISUAL RECOGNITION,"C S-381V: VISUAL RECOGNITION, Section no. 51280",B+,2,Computer Science
Spring 2025,51280,C S, 381V,VISUAL RECOGNITION,"C S-381V: VISUAL RECOGNITION, Section no. 51280",A-,4,Computer Science
Spring 2025,51280,C S, 381V,VISUAL RECOGNITION,"C S-381V: VISUAL RECOGNITION, Section no. 51280",A,18,Computer Science
Spring 2025,51285,C S, 383C,NUMRCL ANLY: LINEAR ALGEBRA-WB,"C S-383C: NUMRCL ANLY: LINEAR ALGEBRA-WB, Section no. 51285",Other,10,Computer Science
Spring 2025,51285,C S, 383C,NUMRCL ANLY: LINEAR ALGEBRA-WB,"C S-383C: NUMRCL ANLY: LINEAR ALGEBRA-WB, Section no. 51285",F,1,Computer Science
Spring 2025,51285,C S, 383C,NUMRCL ANLY: LINEAR ALGEBRA-WB,"C S-383C: NUMRCL ANLY: LINEAR ALGEBRA-WB, Section no. 51285",C,1,Computer Science
Spring 2025,51285,C S, 383C,NUMRCL ANLY: LINEAR ALGEBRA-WB,"C S-383C: NUMRCL ANLY: LINEAR ALGEBRA-WB, Section no. 51285",C+,1,Computer Science
Spring 2025,51285,C S, 383C,NUMRCL ANLY: LINEAR ALGEBRA-WB,"C S-383C: NUMRCL ANLY: LINEAR ALGEBRA-WB, Section no. 51285",B-,3,Computer Science
Spring 2025,51285,C S, 383C,NUMRCL ANLY: LINEAR ALGEBRA-WB,"C S-383C: NUMRCL ANLY: LINEAR ALGEBRA-WB, Section no. 51285",B,32,Computer Science
Spring 2025,51285,C S, 383C,NUMRCL ANLY: LINEAR ALGEBRA-WB,"C S-383C: NUMRCL ANLY: LINEAR ALGEBRA-WB, Section no. 51285",B+,5,Computer Science
Spring 2025,51285,C S, 383C,NUMRCL ANLY: LINEAR ALGEBRA-WB,"C S-383C: NUMRCL ANLY: LINEAR ALGEBRA-WB, Section no. 51285",A-,6,Computer Science
Spring 2025,51285,C S, 383C,NUMRCL ANLY: LINEAR ALGEBRA-WB,"C S-383C: NUMRCL ANLY: LINEAR ALGEBRA-WB, Section no. 51285",A,69,Computer Science
Spring 2025,51290,C S, 384G,COMPUTER GRAPHICS,"C S-384G: COMPUTER GRAPHICS, Section no. 51290",Other,1,Computer Science
Spring 2025,51290,C S, 384G,COMPUTER GRAPHICS,"C S-384G: COMPUTER GRAPHICS, Section no. 51290",A-,1,Computer Science
Spring 2025,51290,C S, 384G,COMPUTER GRAPHICS,"C S-384G: COMPUTER GRAPHICS, Section no. 51290",A,9,Computer Science
Spring 2025,51295,C S, 384P,PHYSICAL SIMULTN COMP GRAPHICS,"C S-384P: PHYSICAL SIMULTN COMP GRAPHICS, Section no. 51295",Other,2,Computer Science
Spring 2025,51295,C S, 384P,PHYSICAL SIMULTN COMP GRAPHICS,"C S-384P: PHYSICAL SIMULTN COMP GRAPHICS, Section no. 51295",B,1,Computer Science
Spring 2025,51295,C S, 384P,PHYSICAL SIMULTN COMP GRAPHICS,"C S-384P: PHYSICAL SIMULTN COMP GRAPHICS, Section no. 51295",B+,1,Computer Science
Spring 2025,51295,C S, 384P,PHYSICAL SIMULTN COMP GRAPHICS,"C S-384P: PHYSICAL SIMULTN COMP GRAPHICS, Section no. 51295",A-,3,Computer Science
Spring 2025,51295,C S, 384P,PHYSICAL SIMULTN COMP GRAPHICS,"C S-384P: PHYSICAL SIMULTN COMP GRAPHICS, Section no. 51295",A,8,Computer Science
Spring 2025,51305,C S, 386P,ANDROID PROGRAMMING-WB,"C S-386P: ANDROID PROGRAMMING-WB, Section no. 51305",Other,20,Computer Science
Spring 2025,51305,C S, 386P,ANDROID PROGRAMMING-WB,"C S-386P: ANDROID PROGRAMMING-WB, Section no. 51305",F,7,Computer Science
Spring 2025,51305,C S, 386P,ANDROID PROGRAMMING-WB,"C S-386P: ANDROID PROGRAMMING-WB, Section no. 51305",D,1,Computer Science
Spring 2025,51305,C S, 386P,ANDROID PROGRAMMING-WB,"C S-386P: ANDROID PROGRAMMING-WB, Section no. 51305",D+,3,Computer Science
Spring 2025,51305,C S, 386P,ANDROID PROGRAMMING-WB,"C S-386P: ANDROID PROGRAMMING-WB, Section no. 51305",C-,2,Computer Science
Spring 2025,51305,C S, 386P,ANDROID PROGRAMMING-WB,"C S-386P: ANDROID PROGRAMMING-WB, Section no. 51305",C,5,Computer Science
Spring 2025,51305,C S, 386P,ANDROID PROGRAMMING-WB,"C S-386P: ANDROID PROGRAMMING-WB, Section no. 51305",C+,4,Computer Science
Spring 2025,51305,C S, 386P,ANDROID PROGRAMMING-WB,"C S-386P: ANDROID PROGRAMMING-WB, Section no. 51305",B-,1,Computer Science
Spring 2025,51305,C S, 386P,ANDROID PROGRAMMING-WB,"C S-386P: ANDROID PROGRAMMING-WB, Section no. 51305",B,9,Computer Science
Spring 2025,51305,C S, 386P,ANDROID PROGRAMMING-WB,"C S-386P: ANDROID PROGRAMMING-WB, Section no. 51305",B+,7,Computer Science
Spring 2025,51305,C S, 386P,ANDROID PROGRAMMING-WB,"C S-386P: ANDROID PROGRAMMING-WB, Section no. 51305",A-,30,Computer Science
Spring 2025,51305,C S, 386P,ANDROID PROGRAMMING-WB,"C S-386P: ANDROID PROGRAMMING-WB, Section no. 51305",A,251,Computer Science
Spring 2025,51320,C S, 388G,ALGORITHMS: TECHNIQUES & THRY,"C S-388G: ALGORITHMS: TECHNIQUES & THRY, Section no. 51320",D,1,Computer Science
Spring 2025,51320,C S, 388G,ALGORITHMS: TECHNIQUES & THRY,"C S-388G: ALGORITHMS: TECHNIQUES & THRY, Section no. 51320",B,3,Computer Science
Spring 2025,51320,C S, 388G,ALGORITHMS: TECHNIQUES & THRY,"C S-388G: ALGORITHMS: TECHNIQUES & THRY, Section no. 51320",B+,3,Computer Science
Spring 2025,51320,C S, 388G,ALGORITHMS: TECHNIQUES & THRY,"C S-388G: ALGORITHMS: TECHNIQUES & THRY, Section no. 51320",A-,5,Computer Science
Spring 2025,51320,C S, 388G,ALGORITHMS: TECHNIQUES & THRY,"C S-388G: ALGORITHMS: TECHNIQUES & THRY, Section no. 51320",A,5,Computer Science
Spring 2025,51325,C S, 388G,ALGORITHMS: TECHNQS & THRY-WB,"C S-388G: ALGORITHMS: TECHNQS & THRY-WB, Section no. 51325",Other,4,Computer Science
Spring 2025,51325,C S, 388G,ALGORITHMS: TECHNQS & THRY-WB,"C S-388G: ALGORITHMS: TECHNQS & THRY-WB, Section no. 51325",D,1,Computer Science
Spring 2025,51325,C S, 388G,ALGORITHMS: TECHNQS & THRY-WB,"C S-388G: ALGORITHMS: TECHNQS & THRY-WB, Section no. 51325",B,7,Computer Science
Spring 2025,51325,C S, 388G,ALGORITHMS: TECHNQS & THRY-WB,"C S-388G: ALGORITHMS: TECHNQS & THRY-WB, Section no. 51325",B+,6,Computer Science
Spring 2025,51325,C S, 388G,ALGORITHMS: TECHNQS & THRY-WB,"C S-388G: ALGORITHMS: TECHNQS & THRY-WB, Section no. 51325",A-,27,Computer Science
Spring 2025,51325,C S, 388G,ALGORITHMS: TECHNQS & THRY-WB,"C S-388G: ALGORITHMS: TECHNQS & THRY-WB, Section no. 51325",A,37,Computer Science
Spring 2025,51330,C S, 388H,CRYPTOGRAPHY,"C S-388H: CRYPTOGRAPHY, Section no. 51330",Other,1,Computer Science
Spring 2025,51330,C S, 388H,CRYPTOGRAPHY,"C S-388H: CRYPTOGRAPHY, Section no. 51330",C,1,Computer Science
Spring 2025,51330,C S, 388H,CRYPTOGRAPHY,"C S-388H: CRYPTOGRAPHY, Section no. 51330",B,2,Computer Science
Spring 2025,51330,C S, 388H,CRYPTOGRAPHY,"C S-388H: CRYPTOGRAPHY, Section no. 51330",B+,5,Computer Science
Spring 2025,51330,C S, 388H,CRYPTOGRAPHY,"C S-388H: CRYPTOGRAPHY, Section no. 51330",A-,3,Computer Science
Spring 2025,51330,C S, 388H,CRYPTOGRAPHY,"C S-388H: CRYPTOGRAPHY, Section no. 51330",A,6,Computer Science
Spring 2025,51335,C S, 388J,OPTIMIZATION-WB,"C S-388J: OPTIMIZATION-WB, Section no. 51335",Other,4,Computer Science
Spring 2025,51335,C S, 388J,OPTIMIZATION-WB,"C S-388J: OPTIMIZATION-WB, Section no. 51335",C+,2,Computer Science
Spring 2025,51335,C S, 388J,OPTIMIZATION-WB,"C S-388J: OPTIMIZATION-WB, Section no. 51335",B,5,Computer Science
Spring 2025,51335,C S, 388J,OPTIMIZATION-WB,"C S-388J: OPTIMIZATION-WB, Section no. 51335",B+,14,Computer Science
Spring 2025,51335,C S, 388J,OPTIMIZATION-WB,"C S-388J: OPTIMIZATION-WB, Section no. 51335",A-,15,Computer Science
Spring 2025,51335,C S, 388J,OPTIMIZATION-WB,"C S-388J: OPTIMIZATION-WB, Section no. 51335",A,18,Computer Science
Spring 2025,51340,C S, 388K,ONLINE LEARN/OPTIMIZATION-WB,"C S-388K: ONLINE LEARN/OPTIMIZATION-WB, Section no. 51340",Other,1,Computer Science
Spring 2025,51340,C S, 388K,ONLINE LEARN/OPTIMIZATION-WB,"C S-388K: ONLINE LEARN/OPTIMIZATION-WB, Section no. 51340",B,5,Computer Science
Spring 2025,51340,C S, 388K,ONLINE LEARN/OPTIMIZATION-WB,"C S-388K: ONLINE LEARN/OPTIMIZATION-WB, Section no. 51340",B+,11,Computer Science
Spring 2025,51340,C S, 388K,ONLINE LEARN/OPTIMIZATION-WB,"C S-388K: ONLINE LEARN/OPTIMIZATION-WB, Section no. 51340",A-,17,Computer Science
Spring 2025,51340,C S, 388K,ONLINE LEARN/OPTIMIZATION-WB,"C S-388K: ONLINE LEARN/OPTIMIZATION-WB, Section no. 51340",A,122,Computer Science
Spring 2025,51344,C S, 388Q,QUANTUM INFORMATION SCIENCE-WB,"C S-388Q: QUANTUM INFORMATION SCIENCE-WB, Section no. 51344",Other,6,Computer Science
Spring 2025,51344,C S, 388Q,QUANTUM INFORMATION SCIENCE-WB,"C S-388Q: QUANTUM INFORMATION SCIENCE-WB, Section no. 51344",C,3,Computer Science
Spring 2025,51344,C S, 388Q,QUANTUM INFORMATION SCIENCE-WB,"C S-388Q: QUANTUM INFORMATION SCIENCE-WB, Section no. 51344",B-,1,Computer Science
Spring 2025,51344,C S, 388Q,QUANTUM INFORMATION SCIENCE-WB,"C S-388Q: QUANTUM INFORMATION SCIENCE-WB, Section no. 51344",B,6,Computer Science
Spring 2025,51344,C S, 388Q,QUANTUM INFORMATION SCIENCE-WB,"C S-388Q: QUANTUM INFORMATION SCIENCE-WB, Section no. 51344",B+,5,Computer Science
Spring 2025,51344,C S, 388Q,QUANTUM INFORMATION SCIENCE-WB,"C S-388Q: QUANTUM INFORMATION SCIENCE-WB, Section no. 51344",A-,8,Computer Science
Spring 2025,51344,C S, 388Q,QUANTUM INFORMATION SCIENCE-WB,"C S-388Q: QUANTUM INFORMATION SCIENCE-WB, Section no. 51344",A,8,Computer Science
Spring 2025,51345,C S, 389L,AUTOMATED LOGICAL REASONING-WB,"C S-389L: AUTOMATED LOGICAL REASONING-WB, Section no. 51345",Other,7,Computer Science
Spring 2025,51345,C S, 389L,AUTOMATED LOGICAL REASONING-WB,"C S-389L: AUTOMATED LOGICAL REASONING-WB, Section no. 51345",B+,19,Computer Science
Spring 2025,51345,C S, 389L,AUTOMATED LOGICAL REASONING-WB,"C S-389L: AUTOMATED LOGICAL REASONING-WB, Section no. 51345",A-,8,Computer Science
Spring 2025,51345,C S, 389L,AUTOMATED LOGICAL REASONING-WB,"C S-389L: AUTOMATED LOGICAL REASONING-WB, Section no. 51345",A,26,Computer Science
Spring 2025,51350,C S, 389R,RECURSION AND INDUCTION I,"C S-389R: RECURSION AND INDUCTION I, Section no. 51350",Other,2,Computer Science
Spring 2025,51350,C S, 389R,RECURSION AND INDUCTION I,"C S-389R: RECURSION AND INDUCTION I, Section no. 51350",F,1,Computer Science
Spring 2025,51350,C S, 389R,RECURSION AND INDUCTION I,"C S-389R: RECURSION AND INDUCTION I, Section no. 51350",B+,3,Computer Science
Spring 2025,51350,C S, 389R,RECURSION AND INDUCTION I,"C S-389R: RECURSION AND INDUCTION I, Section no. 51350",A-,1,Computer Science
Spring 2025,51350,C S, 389R,RECURSION AND INDUCTION I,"C S-389R: RECURSION AND INDUCTION I, Section no. 51350",A,23,Computer Science
Spring 2025,51355,C S, 391L,MACHINE LEARNING-WB,"C S-391L: MACHINE LEARNING-WB, Section no. 51355",Other,4,Computer Science
Spring 2025,51355,C S, 391L,MACHINE LEARNING-WB,"C S-391L: MACHINE LEARNING-WB, Section no. 51355",F,1,Computer Science
Spring 2025,51355,C S, 391L,MACHINE LEARNING-WB,"C S-391L: MACHINE LEARNING-WB, Section no. 51355",D+,1,Computer Science
Spring 2025,51355,C S, 391L,MACHINE LEARNING-WB,"C S-391L: MACHINE LEARNING-WB, Section no. 51355",C-,1,Computer Science
Spring 2025,51355,C S, 391L,MACHINE LEARNING-WB,"C S-391L: MACHINE LEARNING-WB, Section no. 51355",C,2,Computer Science
Spring 2025,51355,C S, 391L,MACHINE LEARNING-WB,"C S-391L: MACHINE LEARNING-WB, Section no. 51355",C+,4,Computer Science
Spring 2025,51355,C S, 391L,MACHINE LEARNING-WB,"C S-391L: MACHINE LEARNING-WB, Section no. 51355",B-,7,Computer Science
Spring 2025,51355,C S, 391L,MACHINE LEARNING-WB,"C S-391L: MACHINE LEARNING-WB, Section no. 51355",B,9,Computer Science
Spring 2025,51355,C S, 391L,MACHINE LEARNING-WB,"C S-391L: MACHINE LEARNING-WB, Section no. 51355",B+,12,Computer Science
Spring 2025,51355,C S, 391L,MACHINE LEARNING-WB,"C S-391L: MACHINE LEARNING-WB, Section no. 51355",A-,13,Computer Science
Spring 2025,51355,C S, 391L,MACHINE LEARNING-WB,"C S-391L: MACHINE LEARNING-WB, Section no. 51355",A,25,Computer Science
Spring 2025,51360,C S, 391L,MACHINE LEARNING-WB,"C S-391L: MACHINE LEARNING-WB, Section no. 51360",Other,3,Computer Science
Spring 2025,51360,C S, 391L,MACHINE LEARNING-WB,"C S-391L: MACHINE LEARNING-WB, Section no. 51360",B,1,Computer Science
Spring 2025,51360,C S, 391L,MACHINE LEARNING-WB,"C S-391L: MACHINE LEARNING-WB, Section no. 51360",B+,4,Computer Science
Spring 2025,51360,C S, 391L,MACHINE LEARNING-WB,"C S-391L: MACHINE LEARNING-WB, Section no. 51360",A-,8,Computer Science
Spring 2025,51360,C S, 391L,MACHINE LEARNING-WB,"C S-391L: MACHINE LEARNING-WB, Section no. 51360",A,19,Computer Science
Spring 2025,51365,C S, 394D,DEEP LEARNING-WB,"C S-394D: DEEP LEARNING-WB, Section no. 51365",Other,7,Computer Science
Spring 2025,51365,C S, 394D,DEEP LEARNING-WB,"C S-394D: DEEP LEARNING-WB, Section no. 51365",C+,1,Computer Science
Spring 2025,51365,C S, 394D,DEEP LEARNING-WB,"C S-394D: DEEP LEARNING-WB, Section no. 51365",B,7,Computer Science
Spring 2025,51365,C S, 394D,DEEP LEARNING-WB,"C S-394D: DEEP LEARNING-WB, Section no. 51365",B+,3,Computer Science
Spring 2025,51365,C S, 394D,DEEP LEARNING-WB,"C S-394D: DEEP LEARNING-WB, Section no. 51365",A-,16,Computer Science
Spring 2025,51365,C S, 394D,DEEP LEARNING-WB,"C S-394D: DEEP LEARNING-WB, Section no. 51365",A,258,Computer Science
Spring 2025,51390,C S, 395T,ADV ROBOT MANIPULAT/LEARNING,"C S-395T: ADV ROBOT MANIPULAT/LEARNING, Section no. 51390",Other,4,Computer Science
Spring 2025,51390,C S, 395T,ADV ROBOT MANIPULAT/LEARNING,"C S-395T: ADV ROBOT MANIPULAT/LEARNING, Section no. 51390",B+,3,Computer Science
Spring 2025,51390,C S, 395T,ADV ROBOT MANIPULAT/LEARNING,"C S-395T: ADV ROBOT MANIPULAT/LEARNING, Section no. 51390",A-,6,Computer Science
Spring 2025,51390,C S, 395T,ADV ROBOT MANIPULAT/LEARNING,"C S-395T: ADV ROBOT MANIPULAT/LEARNING, Section no. 51390",A,22,Computer Science
Spring 2025,51392,C S, 395T,GENERATIVE MODELS IN MCHN LRNG,"C S-395T: GENERATIVE MODELS IN MCHN LRNG, Section no. 51392",Other,3,Computer Science
Spring 2025,51392,C S, 395T,GENERATIVE MODELS IN MCHN LRNG,"C S-395T: GENERATIVE MODELS IN MCHN LRNG, Section no. 51392",B+,2,Computer Science
Spring 2025,51392,C S, 395T,GENERATIVE MODELS IN MCHN LRNG,"C S-395T: GENERATIVE MODELS IN MCHN LRNG, Section no. 51392",A-,2,Computer Science
Spring 2025,51392,C S, 395T,GENERATIVE MODELS IN MCHN LRNG,"C S-395T: GENERATIVE MODELS IN MCHN LRNG, Section no. 51392",A,8,Computer Science
Spring 2025,51393,C S, 395T,ELCT DSCVRY/DGTL EVIDENCE,"C S-395T: ELCT DSCVRY/DGTL EVIDENCE, Section no. 51393",A-,2,Computer Science
Spring 2025,51393,C S, 395T,ELCT DSCVRY/DGTL EVIDENCE,"C S-395T: ELCT DSCVRY/DGTL EVIDENCE, Section no. 51393",A,3,Computer Science
Spring 2025,51394,C S, 395T,ADVANCES IN DEEP LEARNING-WB,"C S-395T: ADVANCES IN DEEP LEARNING-WB, Section no. 51394",Other,9,Computer Science
Spring 2025,51394,C S, 395T,ADVANCES IN DEEP LEARNING-WB,"C S-395T: ADVANCES IN DEEP LEARNING-WB, Section no. 51394",F,4,Computer Science
Spring 2025,51394,C S, 395T,ADVANCES IN DEEP LEARNING-WB,"C S-395T: ADVANCES IN DEEP LEARNING-WB, Section no. 51394",C,3,Computer Science
Spring 2025,51394,C S, 395T,ADVANCES IN DEEP LEARNING-WB,"C S-395T: ADVANCES IN DEEP LEARNING-WB, Section no. 51394",B,7,Computer Science
Spring 2025,51394,C S, 395T,ADVANCES IN DEEP LEARNING-WB,"C S-395T: ADVANCES IN DEEP LEARNING-WB, Section no. 51394",B+,6,Computer Science
Spring 2025,51394,C S, 395T,ADVANCES IN DEEP LEARNING-WB,"C S-395T: ADVANCES IN DEEP LEARNING-WB, Section no. 51394",A-,32,Computer Science
Spring 2025,51394,C S, 395T,ADVANCES IN DEEP LEARNING-WB,"C S-395T: ADVANCES IN DEEP LEARNING-WB, Section no. 51394",A,276,Computer Science
Spring 2025,51395,C S, 395T,SPECTRAL GRAPH THEORY,"C S-395T: SPECTRAL GRAPH THEORY, Section no. 51395",Other,3,Computer Science
Spring 2025,51395,C S, 395T,SPECTRAL GRAPH THEORY,"C S-395T: SPECTRAL GRAPH THEORY, Section no. 51395",B,1,Computer Science
Spring 2025,51395,C S, 395T,SPECTRAL GRAPH THEORY,"C S-395T: SPECTRAL GRAPH THEORY, Section no. 51395",B+,1,Computer Science
Spring 2025,51395,C S, 395T,SPECTRAL GRAPH THEORY,"C S-395T: SPECTRAL GRAPH THEORY, Section no. 51395",A-,1,Computer Science
Spring 2025,51395,C S, 395T,SPECTRAL GRAPH THEORY,"C S-395T: SPECTRAL GRAPH THEORY, Section no. 51395",A,5,Computer Science
Spring 2025,51405,C S, 395T,CONTINUOUS ALGORITHMS,"C S-395T: CONTINUOUS ALGORITHMS, Section no. 51405",Other,2,Computer Science
Spring 2025,51405,C S, 395T,CONTINUOUS ALGORITHMS,"C S-395T: CONTINUOUS ALGORITHMS, Section no. 51405",A-,2,Computer Science
Spring 2025,51405,C S, 395T,CONTINUOUS ALGORITHMS,"C S-395T: CONTINUOUS ALGORITHMS, Section no. 51405",A,21,Computer Science
Spring 2025,51420,C S, 395T,GROUNDED NAT LANG PROCESSING,"C S-395T: GROUNDED NAT LANG PROCESSING, Section no. 51420",Other,1,Computer Science
Spring 2025,51420,C S, 395T,GROUNDED NAT LANG PROCESSING,"C S-395T: GROUNDED NAT LANG PROCESSING, Section no. 51420",B+,3,Computer Science
Spring 2025,51420,C S, 395T,GROUNDED NAT LANG PROCESSING,"C S-395T: GROUNDED NAT LANG PROCESSING, Section no. 51420",A-,6,Computer Science
Spring 2025,51420,C S, 395T,GROUNDED NAT LANG PROCESSING,"C S-395T: GROUNDED NAT LANG PROCESSING, Section no. 51420",A,17,Computer Science
Spring 2025,51430,C S, 395T,PREDICTION MECHANISMS COMP ARC,"C S-395T: PREDICTION MECHANISMS COMP ARC, Section no. 51430",Other,4,Computer Science
Spring 2025,51430,C S, 395T,PREDICTION MECHANISMS COMP ARC,"C S-395T: PREDICTION MECHANISMS COMP ARC, Section no. 51430",B+,3,Computer Science
Spring 2025,51430,C S, 395T,PREDICTION MECHANISMS COMP ARC,"C S-395T: PREDICTION MECHANISMS COMP ARC, Section no. 51430",A-,4,Computer Science
Spring 2025,51430,C S, 395T,PREDICTION MECHANISMS COMP ARC,"C S-395T: PREDICTION MECHANISMS COMP ARC, Section no. 51430",A,15,Computer Science
Spring 2025,51435,C S, 395T,PREDICTIVE MACHINE LEARNING,"C S-395T: PREDICTIVE MACHINE LEARNING, Section no. 51435",Other,1,Computer Science
Spring 2025,51435,C S, 395T,PREDICTIVE MACHINE LEARNING,"C S-395T: PREDICTIVE MACHINE LEARNING, Section no. 51435",B+,3,Computer Science
Spring 2025,51435,C S, 395T,PREDICTIVE MACHINE LEARNING,"C S-395T: PREDICTIVE MACHINE LEARNING, Section no. 51435",A,3,Computer Science
Spring 2025,51440,C S, 395T,PRINCIPLES OF LEARNED SYSTEMS,"C S-395T: PRINCIPLES OF LEARNED SYSTEMS, Section no. 51440",Other,2,Computer Science
Spring 2025,51440,C S, 395T,PRINCIPLES OF LEARNED SYSTEMS,"C S-395T: PRINCIPLES OF LEARNED SYSTEMS, Section no. 51440",C+,1,Computer Science
Spring 2025,51440,C S, 395T,PRINCIPLES OF LEARNED SYSTEMS,"C S-395T: PRINCIPLES OF LEARNED SYSTEMS, Section no. 51440",B,1,Computer Science
Spring 2025,51440,C S, 395T,PRINCIPLES OF LEARNED SYSTEMS,"C S-395T: PRINCIPLES OF LEARNED SYSTEMS, Section no. 51440",B+,1,Computer Science
Spring 2025,51440,C S, 395T,PRINCIPLES OF LEARNED SYSTEMS,"C S-395T: PRINCIPLES OF LEARNED SYSTEMS, Section no. 51440",A,9,Computer Science
Spring 2025,51445,C S, 395T,QUANTUM COMPLEXITY THEORY,"C S-395T: QUANTUM COMPLEXITY THEORY, Section no. 51445",Other,3,Computer Science
Spring 2025,51445,C S, 395T,QUANTUM COMPLEXITY THEORY,"C S-395T: QUANTUM COMPLEXITY THEORY, Section no. 51445",B+,3,Computer Science
Spring 2025,51445,C S, 395T,QUANTUM COMPLEXITY THEORY,"C S-395T: QUANTUM COMPLEXITY THEORY, Section no. 51445",A-,4,Computer Science
Spring 2025,51445,C S, 395T,QUANTUM COMPLEXITY THEORY,"C S-395T: QUANTUM COMPLEXITY THEORY, Section no. 51445",A,4,Computer Science
Spring 2025,57425,DSC, 381,PROBABLTY/SIMULTN INFERENCE-WB,"DSC-381: PROBABLTY/SIMULTN INFERENCE-WB, Section no. 57425",Other,14,Data Science
Spring 2025,57425,DSC, 381,PROBABLTY/SIMULTN INFERENCE-WB,"DSC-381: PROBABLTY/SIMULTN INFERENCE-WB, Section no. 57425",F,4,Data Science
Spring 2025,57425,DSC, 381,PROBABLTY/SIMULTN INFERENCE-WB,"DSC-381: PROBABLTY/SIMULTN INFERENCE-WB, Section no. 57425",D-,2,Data Science
Spring 2025,57425,DSC, 381,PROBABLTY/SIMULTN INFERENCE-WB,"DSC-381: PROBABLTY/SIMULTN INFERENCE-WB, Section no. 57425",D,1,Data Science
Spring 2025,57425,DSC, 381,PROBABLTY/SIMULTN INFERENCE-WB,"DSC-381: PROBABLTY/SIMULTN INFERENCE-WB, Section no. 57425",D+,1,Data Science
Spring 2025,57425,DSC, 381,PROBABLTY/SIMULTN INFERENCE-WB,"DSC-381: PROBABLTY/SIMULTN INFERENCE-WB, Section no. 57425",C-,1,Data Science
Spring 2025,57425,DSC, 381,PROBABLTY/SIMULTN INFERENCE-WB,"DSC-381: PROBABLTY/SIMULTN INFERENCE-WB, Section no. 57425",C,3,Data Science
Spring 2025,57425,DSC, 381,PROBABLTY/SIMULTN INFERENCE-WB,"DSC-381: PROBABLTY/SIMULTN INFERENCE-WB, Section no. 57425",C+,3,Data Science
Spring 2025,57425,DSC, 381,PROBABLTY/SIMULTN INFERENCE-WB,"DSC-381: PROBABLTY/SIMULTN INFERENCE-WB, Section no. 57425",B-,8,Data Science
Spring 2025,57425,DSC, 381,PROBABLTY/SIMULTN INFERENCE-WB,"DSC-381: PROBABLTY/SIMULTN INFERENCE-WB, Section no. 57425",B,16,Data Science
Spring 2025,57425,DSC, 381,PROBABLTY/SIMULTN INFERENCE-WB,"DSC-381: PROBABLTY/SIMULTN INFERENCE-WB, Section no. 57425",B+,28,Data Science
Spring 2025,57425,DSC, 381,PROBABLTY/SIMULTN INFERENCE-WB,"DSC-381: PROBABLTY/SIMULTN INFERENCE-WB, Section no. 57425",A-,34,Data Science
Spring 2025,57425,DSC, 381,PROBABLTY/SIMULTN INFERENCE-WB,"DSC-381: PROBABLTY/SIMULTN INFERENCE-WB, Section no. 57425",A,144,Data Science
Spring 2025,57430,DSC, 382,FNDTNS REGRSSION/PRED MODEL-WB,"DSC-382: FNDTNS REGRSSION/PRED MODEL-WB, Section no. 57430",Other,6,Data Science
Spring 2025,57430,DSC, 382,FNDTNS REGRSSION/PRED MODEL-WB,"DSC-382: FNDTNS REGRSSION/PRED MODEL-WB, Section no. 57430",F,1,Data Science
Spring 2025,57430,DSC, 382,FNDTNS REGRSSION/PRED MODEL-WB,"DSC-382: FNDTNS REGRSSION/PRED MODEL-WB, Section no. 57430",D+,1,Data Science
Spring 2025,57430,DSC, 382,FNDTNS REGRSSION/PRED MODEL-WB,"DSC-382: FNDTNS REGRSSION/PRED MODEL-WB, Section no. 57430",B,1,Data Science
Spring 2025,57430,DSC, 382,FNDTNS REGRSSION/PRED MODEL-WB,"DSC-382: FNDTNS REGRSSION/PRED MODEL-WB, Section no. 57430",B+,7,Data Science
Spring 2025,57430,DSC, 382,FNDTNS REGRSSION/PRED MODEL-WB,"DSC-382: FNDTNS REGRSSION/PRED MODEL-WB, Section no. 57430",A-,25,Data Science
Spring 2025,57430,DSC, 382,FNDTNS REGRSSION/PRED MODEL-WB,"DSC-382: FNDTNS REGRSSION/PRED MODEL-WB, Section no. 57430",A,198,Data Science
Spring 2025,57439,DSC, 385,PRINCIPLES OF DATA SCIENCE-WB,"DSC-385: PRINCIPLES OF DATA SCIENCE-WB, Section no. 57439",Other,3,Data Science
Spring 2025,57439,DSC, 385,PRINCIPLES OF DATA SCIENCE-WB,"DSC-385: PRINCIPLES OF DATA SCIENCE-WB, Section no. 57439",F,3,Data Science
Spring 2025,57439,DSC, 385,PRINCIPLES OF DATA SCIENCE-WB,"DSC-385: PRINCIPLES OF DATA SCIENCE-WB, Section no. 57439",D-,2,Data Science
Spring 2025,57439,DSC, 385,PRINCIPLES OF DATA SCIENCE-WB,"DSC-385: PRINCIPLES OF DATA SCIENCE-WB, Section no. 57439",C+,1,Data Science
Spring 2025,57439,DSC, 385,PRINCIPLES OF DATA SCIENCE-WB,"DSC-385: PRINCIPLES OF DATA SCIENCE-WB, Section no. 57439",B,2,Data Science
Spring 2025,57439,DSC, 385,PRINCIPLES OF DATA SCIENCE-WB,"DSC-385: PRINCIPLES OF DATA SCIENCE-WB, Section no. 57439",B+,2,Data Science
Spring 2025,57439,DSC, 385,PRINCIPLES OF DATA SCIENCE-WB,"DSC-385: PRINCIPLES OF DATA SCIENCE-WB, Section no. 57439",A-,14,Data Science
Spring 2025,57439,DSC, 385,PRINCIPLES OF DATA SCIENCE-WB,"DSC-385: PRINCIPLES OF DATA SCIENCE-WB, Section no. 57439",A,270,Data Science
Spring 2025,57440,DSC, 388J,OPTIMIZATION-WB,"DSC-388J: OPTIMIZATION-WB, Section no. 57440",Other,1,Data Science
Spring 2025,57440,DSC, 388J,OPTIMIZATION-WB,"DSC-388J: OPTIMIZATION-WB, Section no. 57440",C+,3,Data Science
Spring 2025,57440,DSC, 388J,OPTIMIZATION-WB,"DSC-388J: OPTIMIZATION-WB, Section no. 57440",B,4,Data Science
Spring 2025,57440,DSC, 388J,OPTIMIZATION-WB,"DSC-388J: OPTIMIZATION-WB, Section no. 57440",B+,17,Data Science
Spring 2025,57440,DSC, 388J,OPTIMIZATION-WB,"DSC-388J: OPTIMIZATION-WB, Section no. 57440",A-,23,Data Science
Spring 2025,57440,DSC, 388J,OPTIMIZATION-WB,"DSC-388J: OPTIMIZATION-WB, Section no. 57440",A,16,Data Science
Spring 2025,57445,DSC, 391L,PRINCIPLES MACHINE LEARNING-WB,"DSC-391L: PRINCIPLES MACHINE LEARNING-WB, Section no. 57445",Other,13,Data Science
Spring 2025,57445,DSC, 391L,PRINCIPLES MACHINE LEARNING-WB,"DSC-391L: PRINCIPLES MACHINE LEARNING-WB, Section no. 57445",F,2,Data Science
Spring 2025,57445,DSC, 391L,PRINCIPLES MACHINE LEARNING-WB,"DSC-391L: PRINCIPLES MACHINE LEARNING-WB, Section no. 57445",C,1,Data Science
Spring 2025,57445,DSC, 391L,PRINCIPLES MACHINE LEARNING-WB,"DSC-391L: PRINCIPLES MACHINE LEARNING-WB, Section no. 57445",C+,4,Data Science
Spring 2025,57445,DSC, 391L,PRINCIPLES MACHINE LEARNING-WB,"DSC-391L: PRINCIPLES MACHINE LEARNING-WB, Section no. 57445",B-,8,Data Science
Spring 2025,57445,DSC, 391L,PRINCIPLES MACHINE LEARNING-WB,"DSC-391L: PRINCIPLES MACHINE LEARNING-WB, Section no. 57445",B,14,Data Science
Spring 2025,57445,DSC, 391L,PRINCIPLES MACHINE LEARNING-WB,"DSC-391L: PRINCIPLES MACHINE LEARNING-WB, Section no. 57445",B+,28,Data Science
Spring 2025,57445,DSC, 391L,PRINCIPLES MACHINE LEARNING-WB,"DSC-391L: PRINCIPLES MACHINE LEARNING-WB, Section no. 57445",A-,25,Data Science
Spring 2025,57445,DSC, 391L,PRINCIPLES MACHINE LEARNING-WB,"DSC-391L: PRINCIPLES MACHINE LEARNING-WB, Section no. 57445",A,30,Data Science
Spring 2025,57450,DSC, 394D,DEEP LEARNING-WB,"DSC-394D: DEEP LEARNING-WB, Section no. 57450",Other,9,Data Science
Spring 2025,57450,DSC, 394D,DEEP LEARNING-WB,"DSC-394D: DEEP LEARNING-WB, Section no. 57450",F,1,Data Science
Spring 2025,57450,DSC, 394D,DEEP LEARNING-WB,"DSC-394D: DEEP LEARNING-WB, Section no. 57450",C+,1,Data Science
Spring 2025,57450,DSC, 394D,DEEP LEARNING-WB,"DSC-394D: DEEP LEARNING-WB, Section no. 57450",B,6,Data Science
Spring 2025,57450,DSC, 394D,DEEP LEARNING-WB,"DSC-394D: DEEP LEARNING-WB, Section no. 57450",B+,8,Data Science
Spring 2025,57450,DSC, 394D,DEEP LEARNING-WB,"DSC-394D: DEEP LEARNING-WB, Section no. 57450",A-,22,Data Science
Spring 2025,57450,DSC, 394D,DEEP LEARNING-WB,"DSC-394D: DEEP LEARNING-WB, Section no. 57450",A,190,Data Science
Spring 2025,57454,DSC, 395T,ADVANCES IN DEEP LEARNING-WB,"DSC-395T: ADVANCES IN DEEP LEARNING-WB, Section no. 57454",Other,6,Data Science
Spring 2025,57454,DSC, 395T,ADVANCES IN DEEP LEARNING-WB,"DSC-395T: ADVANCES IN DEEP LEARNING-WB, Section no. 57454",F,1,Data Science
Spring 2025,57454,DSC, 395T,ADVANCES IN DEEP LEARNING-WB,"DSC-395T: ADVANCES IN DEEP LEARNING-WB, Section no. 57454",D-,1,Data Science
Spring 2025,57454,DSC, 395T,ADVANCES IN DEEP LEARNING-WB,"DSC-395T: ADVANCES IN DEEP LEARNING-WB, Section no. 57454",D,1,Data Science
Spring 2025,57454,DSC, 395T,ADVANCES IN DEEP LEARNING-WB,"DSC-395T: ADVANCES IN DEEP LEARNING-WB, Section no. 57454",C-,1,Data Science
Spring 2025,57454,DSC, 395T,ADVANCES IN DEEP LEARNING-WB,"DSC-395T: ADVANCES IN DEEP LEARNING-WB, Section no. 57454",C,1,Data Science
Spring 2025,57454,DSC, 395T,ADVANCES IN DEEP LEARNING-WB,"DSC-395T: ADVANCES IN DEEP LEARNING-WB, Section no. 57454",C+,3,Data Science
Spring 2025,57454,DSC, 395T,ADVANCES IN DEEP LEARNING-WB,"DSC-395T: ADVANCES IN DEEP LEARNING-WB, Section no. 57454",B,12,Data Science
Spring 2025,57454,DSC, 395T,ADVANCES IN DEEP LEARNING-WB,"DSC-395T: ADVANCES IN DEEP LEARNING-WB, Section no. 57454",B+,8,Data Science
Spring 2025,57454,DSC, 395T,ADVANCES IN DEEP LEARNING-WB,"DSC-395T: ADVANCES IN DEEP LEARNING-WB, Section no. 57454",A-,12,Data Science
Spring 2025,57454,DSC, 395T,ADVANCES IN DEEP LEARNING-WB,"DSC-395T: ADVANCES IN DEEP LEARNING-WB, Section no. 57454",A,115,Data Science
Spring 2025,57455,DSC, 395T,DATA SCI HLTH DISC/INNVTN-WB,"DSC-395T: DATA SCI HLTH DISC/INNVTN-WB, Section no. 57455",Other,6,Data Science
Spring 2025,57455,DSC, 395T,DATA SCI HLTH DISC/INNVTN-WB,"DSC-395T: DATA SCI HLTH DISC/INNVTN-WB, Section no. 57455",F,1,Data Science
Spring 2025,57455,DSC, 395T,DATA SCI HLTH DISC/INNVTN-WB,"DSC-395T: DATA SCI HLTH DISC/INNVTN-WB, Section no. 57455",C+,1,Data Science
Spring 2025,57455,DSC, 395T,DATA SCI HLTH DISC/INNVTN-WB,"DSC-395T: DATA SCI HLTH DISC/INNVTN-WB, Section no. 57455",B-,6,Data Science
Spring 2025,57455,DSC, 395T,DATA SCI HLTH DISC/INNVTN-WB,"DSC-395T: DATA SCI HLTH DISC/INNVTN-WB, Section no. 57455",B,8,Data Science
Spring 2025,57455,DSC, 395T,DATA SCI HLTH DISC/INNVTN-WB,"DSC-395T: DATA SCI HLTH DISC/INNVTN-WB, Section no. 57455",B+,19,Data Science
Spring 2025,57455,DSC, 395T,DATA SCI HLTH DISC/INNVTN-WB,"DSC-395T: DATA SCI HLTH DISC/INNVTN-WB, Section no. 57455",A-,28,Data Science
Spring 2025,57455,DSC, 395T,DATA SCI HLTH DISC/INNVTN-WB,"DSC-395T: DATA SCI HLTH DISC/INNVTN-WB, Section no. 57455",A,165,Data Science
Spring 2025,57460,DSC, 395T,DATA STRUCTURES/ALGORITHM-WB,"DSC-395T: DATA STRUCTURES/ALGORITHM-WB, Section no. 57460",Other,32,Data Science
Spring 2025,57460,DSC, 395T,DATA STRUCTURES/ALGORITHM-WB,"DSC-395T: DATA STRUCTURES/ALGORITHM-WB, Section no. 57460",C,5,Data Science
Spring 2025,57460,DSC, 395T,DATA STRUCTURES/ALGORITHM-WB,"DSC-395T: DATA STRUCTURES/ALGORITHM-WB, Section no. 57460",C+,23,Data Science
Spring 2025,57460,DSC, 395T,DATA STRUCTURES/ALGORITHM-WB,"DSC-395T: DATA STRUCTURES/ALGORITHM-WB, Section no. 57460",B-,23,Data Science
Spring 2025,57460,DSC, 395T,DATA STRUCTURES/ALGORITHM-WB,"DSC-395T: DATA STRUCTURES/ALGORITHM-WB, Section no. 57460",B,27,Data Science
Spring 2025,57460,DSC, 395T,DATA STRUCTURES/ALGORITHM-WB,"DSC-395T: DATA STRUCTURES/ALGORITHM-WB, Section no. 57460",B+,63,Data Science
Spring 2025,57460,DSC, 395T,DATA STRUCTURES/ALGORITHM-WB,"DSC-395T: DATA STRUCTURES/ALGORITHM-WB, Section no. 57460",A-,34,Data Science
Spring 2025,57460,DSC, 395T,DATA STRUCTURES/ALGORITHM-WB,"DSC-395T: DATA STRUCTURES/ALGORITHM-WB, Section no. 57460",A,89,Data Science
Summer 2025,84850,A I,W391L,MACHINE LEARNING-WB,"A I-W391L: MACHINE LEARNING-WB, Section no. 84850",Other,19,
Summer 2025,84850,A I,W391L,MACHINE LEARNING-WB,"A I-W391L: MACHINE LEARNING-WB, Section no. 84850",F,2,
Summer 2025,84850,A I,W391L,MACHINE LEARNING-WB,"A I-W391L: MACHINE LEARNING-WB, Section no. 84850",D+,1,
Summer 2025,84850,A I,W391L,MACHINE LEARNING-WB,"A I-W391L: MACHINE LEARNING-WB, Section no. 84850",C-,1,
Summer 2025,84850,A I,W391L,MACHINE LEARNING-WB,"A I-W391L: MACHINE LEARNING-WB, Section no. 84850",C,1,
Summer 2025,84850,A I,W391L,MACHINE LEARNING-WB,"A I-W391L: MACHINE LEARNING-WB, Section no. 84850",C+,5,
Summer 2025,84850,A I,W391L,MACHINE LEARNING-WB,"A I-W391L: MACHINE LEARNING-WB, Section no. 84850",B-,5,
Summer 2025,84850,A I,W391L,MACHINE LEARNING-WB,"A I-W391L: MACHINE LEARNING-WB, Section no. 84850",B,19,
Summer 2025,84850,A I,W391L,MACHINE LEARNING-WB,"A I-W391L: MACHINE LEARNING-WB, Section no. 84850",B+,12,
Summer 2025,84850,A I,W391L,MACHINE LEARNING-WB,"A I-W391L: MACHINE LEARNING-WB, Section no. 84850",A-,15,
Summer 2025,84850,A I,W391L,MACHINE LEARNING-WB,"A I-W391L: MACHINE LEARNING-WB, Section no. 84850",A,17,
Summer 2025,84855,A I,W394D,DEEP LEARNING-WB,"A I-W394D: DEEP LEARNING-WB, Section no. 84855",Other,3,
Summer 2025,84855,A I,W394D,DEEP LEARNING-WB,"A I-W394D: DEEP LEARNING-WB, Section no. 84855",C,1,
Summer 2025,84855,A I,W394D,DEEP LEARNING-WB,"A I-W394D: DEEP LEARNING-WB, Section no. 84855",C+,1,
Summer 2025,84855,A I,W394D,DEEP LEARNING-WB,"A I-W394D: DEEP LEARNING-WB, Section no. 84855",B,9,
Summer 2025,84855,A I,W394D,DEEP LEARNING-WB,"A I-W394D: DEEP LEARNING-WB, Section no. 84855",B+,2,
Summer 2025,84855,A I,W394D,DEEP LEARNING-WB,"A I-W394D: DEEP LEARNING-WB, Section no. 84855",A-,12,
Summer 2025,84855,A I,W394D,DEEP LEARNING-WB,"A I-W394D: DEEP LEARNING-WB, Section no. 84855",A,156,
Summer 2025,84860,A I,W394R,REINFRCMNT LEARN: THRY/PRAC-WB,"A I-W394R: REINFRCMNT LEARN: THRY/PRAC-WB, Section no. 84860",Other,12,
Summer 2025,84860,A I,W394R,REINFRCMNT LEARN: THRY/PRAC-WB,"A I-W394R: REINFRCMNT LEARN: THRY/PRAC-WB, Section no. 84860",F,4,
Summer 2025,84860,A I,W394R,REINFRCMNT LEARN: THRY/PRAC-WB,"A I-W394R: REINFRCMNT LEARN: THRY/PRAC-WB, Section no. 84860",D,2,
Summer 2025,84860,A I,W394R,REINFRCMNT LEARN: THRY/PRAC-WB,"A I-W394R: REINFRCMNT LEARN: THRY/PRAC-WB, Section no. 84860",D+,1,
Summer 2025,84860,A I,W394R,REINFRCMNT LEARN: THRY/PRAC-WB,"A I-W394R: REINFRCMNT LEARN: THRY/PRAC-WB, Section no. 84860",C-,2,
Summer 2025,84860,A I,W394R,REINFRCMNT LEARN: THRY/PRAC-WB,"A I-W394R: REINFRCMNT LEARN: THRY/PRAC-WB, Section no. 84860",C,1,
Summer 2025,84860,A I,W394R,REINFRCMNT LEARN: THRY/PRAC-WB,"A I-W394R: REINFRCMNT LEARN: THRY/PRAC-WB, Section no. 84860",C+,3,
Summer 2025,84860,A I,W394R,REINFRCMNT LEARN: THRY/PRAC-WB,"A I-W394R: REINFRCMNT LEARN: THRY/PRAC-WB, Section no. 84860",B-,6,
Summer 2025,84860,A I,W394R,REINFRCMNT LEARN: THRY/PRAC-WB,"A I-W394R: REINFRCMNT LEARN: THRY/PRAC-WB, Section no. 84860",B,32,
Summer 2025,84860,A I,W394R,REINFRCMNT LEARN: THRY/PRAC-WB,"A I-W394R: REINFRCMNT LEARN: THRY/PRAC-WB, Section no. 84860",B+,27,
Summer 2025,84860,A I,W394R,REINFRCMNT LEARN: THRY/PRAC-WB,"A I-W394R: REINFRCMNT LEARN: THRY/PRAC-WB, Section no. 84860",A-,47,
Summer 2025,84860,A I,W394R,REINFRCMNT LEARN: THRY/PRAC-WB,"A I-W394R: REINFRCMNT LEARN: THRY/PRAC-WB, Section no. 84860",A,183,
Summer 2025,84863,A I,W395T,A I IN HEALTHCARE-WB,"A I-W395T: A I IN HEALTHCARE-WB, Section no. 84863",Other,9,
Summer 2025,84863,A I,W395T,A I IN HEALTHCARE-WB,"A I-W395T: A I IN HEALTHCARE-WB, Section no. 84863",F,1,
Summer 2025,84863,A I,W395T,A I IN HEALTHCARE-WB,"A I-W395T: A I IN HEALTHCARE-WB, Section no. 84863",C+,1,
Summer 2025,84863,A I,W395T,A I IN HEALTHCARE-WB,"A I-W395T: A I IN HEALTHCARE-WB, Section no. 84863",B,4,
Summer 2025,84863,A I,W395T,A I IN HEALTHCARE-WB,"A I-W395T: A I IN HEALTHCARE-WB, Section no. 84863",B+,2,
Summer 2025,84863,A I,W395T,A I IN HEALTHCARE-WB,"A I-W395T: A I IN HEALTHCARE-WB, Section no. 84863",A-,8,
Summer 2025,84863,A I,W395T,A I IN HEALTHCARE-WB,"A I-W395T: A I IN HEALTHCARE-WB, Section no. 84863",A,156,
Summer 2025,84864,A I,W395T,ADVANCES IN DEEP LEARNING-WB,"A I-W395T: ADVANCES IN DEEP LEARNING-WB, Section no. 84864",Other,15,
Summer 2025,84864,A I,W395T,ADVANCES IN DEEP LEARNING-WB,"A I-W395T: ADVANCES IN DEEP LEARNING-WB, Section no. 84864",F,1,
Summer 2025,84864,A I,W395T,ADVANCES IN DEEP LEARNING-WB,"A I-W395T: ADVANCES IN DEEP LEARNING-WB, Section no. 84864",D+,5,
Summer 2025,84864,A I,W395T,ADVANCES IN DEEP LEARNING-WB,"A I-W395T: ADVANCES IN DEEP LEARNING-WB, Section no. 84864",C-,4,
Summer 2025,84864,A I,W395T,ADVANCES IN DEEP LEARNING-WB,"A I-W395T: ADVANCES IN DEEP LEARNING-WB, Section no. 84864",C,14,
Summer 2025,84864,A I,W395T,ADVANCES IN DEEP LEARNING-WB,"A I-W395T: ADVANCES IN DEEP LEARNING-WB, Section no. 84864",C+,12,
Summer 2025,84864,A I,W395T,ADVANCES IN DEEP LEARNING-WB,"A I-W395T: ADVANCES IN DEEP LEARNING-WB, Section no. 84864",B,27,
Summer 2025,84864,A I,W395T,ADVANCES IN DEEP LEARNING-WB,"A I-W395T: ADVANCES IN DEEP LEARNING-WB, Section no. 84864",B+,19,
Summer 2025,84864,A I,W395T,ADVANCES IN DEEP LEARNING-WB,"A I-W395T: ADVANCES IN DEEP LEARNING-WB, Section no. 84864",A-,42,
Summer 2025,84864,A I,W395T,ADVANCES IN DEEP LEARNING-WB,"A I-W395T: ADVANCES IN DEEP LEARNING-WB, Section no. 84864",A,184,
Summer 2025,84920,C S,N303E,ELEMS OF COMPUTERS/PROG-WB,"C S-N303E: ELEMS OF COMPUTERS/PROG-WB, Section no. 84920",Other,6,Computer Science
Summer 2025,84920,C S,N303E,ELEMS OF COMPUTERS/PROG-WB,"C S-N303E: ELEMS OF COMPUTERS/PROG-WB, Section no. 84920",F,1,Computer Science
Summer 2025,84920,C S,N303E,ELEMS OF COMPUTERS/PROG-WB,"C S-N303E: ELEMS OF COMPUTERS/PROG-WB, Section no. 84920",C-,2,Computer Science
Summer 2025,84920,C S,N303E,ELEMS OF COMPUTERS/PROG-WB,"C S-N303E: ELEMS OF COMPUTERS/PROG-WB, Section no. 84920",C,1,Computer Science
Summer 2025,84920,C S,N303E,ELEMS OF COMPUTERS/PROG-WB,"C S-N303E: ELEMS OF COMPUTERS/PROG-WB, Section no. 84920",B,1,Computer Science
Summer 2025,84920,C S,N303E,ELEMS OF COMPUTERS/PROG-WB,"C S-N303E: ELEMS OF COMPUTERS/PROG-WB, Section no. 84920",B+,1,Computer Science
Summer 2025,84920,C S,N303E,ELEMS OF COMPUTERS/PROG-WB,"C S-N303E: ELEMS OF COMPUTERS/PROG-WB, Section no. 84920",A-,5,Computer Science
Summer 2025,84920,C S,N303E,ELEMS OF COMPUTERS/PROG-WB,"C S-N303E: ELEMS OF COMPUTERS/PROG-WB, Section no. 84920",A,38,Computer Science
Summer 2025,84925,C S,N313E,ELEMENTS OF SOFTWARE DESIGN,"C S-N313E: ELEMENTS OF SOFTWARE DESIGN, Section no. 84925",Other,28,Computer Science
Summer 2025,84925,C S,N313E,ELEMENTS OF SOFTWARE DESIGN,"C S-N313E: ELEMENTS OF SOFTWARE DESIGN, Section no. 84925",F,6,Computer Science
Summer 2025,84925,C S,N313E,ELEMENTS OF SOFTWARE DESIGN,"C S-N313E: ELEMENTS OF SOFTWARE DESIGN, Section no. 84925",D,1,Computer Science
Summer 2025,84925,C S,N313E,ELEMENTS OF SOFTWARE DESIGN,"C S-N313E: ELEMENTS OF SOFTWARE DESIGN, Section no. 84925",C-,2,Computer Science
Summer 2025,84925,C S,N313E,ELEMENTS OF SOFTWARE DESIGN,"C S-N313E: ELEMENTS OF SOFTWARE DESIGN, Section no. 84925",C,3,Computer Science
Summer 2025,84925,C S,N313E,ELEMENTS OF SOFTWARE DESIGN,"C S-N313E: ELEMENTS OF SOFTWARE DESIGN, Section no. 84925",C+,1,Computer Science
Summer 2025,84925,C S,N313E,ELEMENTS OF SOFTWARE DESIGN,"C S-N313E: ELEMENTS OF SOFTWARE DESIGN, Section no. 84925",B-,2,Computer Science
Summer 2025,84925,C S,N313E,ELEMENTS OF SOFTWARE DESIGN,"C S-N313E: ELEMENTS OF SOFTWARE DESIGN, Section no. 84925",B,1,Computer Science
Summer 2025,84925,C S,N313E,ELEMENTS OF SOFTWARE DESIGN,"C S-N313E: ELEMENTS OF SOFTWARE DESIGN, Section no. 84925",B+,2,Computer Science
Summer 2025,84925,C S,N313E,ELEMENTS OF SOFTWARE DESIGN,"C S-N313E: ELEMENTS OF SOFTWARE DESIGN, Section no. 84925",A,1,Computer Science
Summer 2025,84935,C S,N326E,ELEMENTS OF NETWORKING,"C S-N326E: ELEMENTS OF NETWORKING, Section no. 84935",Other,1,Computer Science
Summer 2025,84935,C S,N326E,ELEMENTS OF NETWORKING,"C S-N326E: ELEMENTS OF NETWORKING, Section no. 84935",F,1,Computer Science
Summer 2025,84935,C S,N326E,ELEMENTS OF NETWORKING,"C S-N326E: ELEMENTS OF NETWORKING, Section no. 84935",C,10,Computer Science
Summer 2025,84935,C S,N326E,ELEMENTS OF NETWORKING,"C S-N326E: ELEMENTS OF NETWORKING, Section no. 84935",C+,1,Computer Science
Summer 2025,84935,C S,N326E,ELEMENTS OF NETWORKING,"C S-N326E: ELEMENTS OF NETWORKING, Section no. 84935",B-,2,Computer Science
Summer 2025,84935,C S,N326E,ELEMENTS OF NETWORKING,"C S-N326E: ELEMENTS OF NETWORKING, Section no. 84935",B,1,Computer Science
Summer 2025,84935,C S,N326E,ELEMENTS OF NETWORKING,"C S-N326E: ELEMENTS OF NETWORKING, Section no. 84935",B+,3,Computer Science
Summer 2025,84935,C S,N326E,ELEMENTS OF NETWORKING,"C S-N326E: ELEMENTS OF NETWORKING, Section no. 84935",A,10,Computer Science
Summer 2025,84940,C S,N327E,ELEMENTS OF DATABASES,"C S-N327E: ELEMENTS OF DATABASES, Section no. 84940",Other,1,Computer Science
Summer 2025,84940,C S,N327E,ELEMENTS OF DATABASES,"C S-N327E: ELEMENTS OF DATABASES, Section no. 84940",F,1,Computer Science
Summer 2025,84940,C S,N327E,ELEMENTS OF DATABASES,"C S-N327E: ELEMENTS OF DATABASES, Section no. 84940",C-,3,Computer Science
Summer 2025,84940,C S,N327E,ELEMENTS OF DATABASES,"C S-N327E: ELEMENTS OF DATABASES, Section no. 84940",C,2,Computer Science
Summer 2025,84940,C S,N327E,ELEMENTS OF DATABASES,"C S-N327E: ELEMENTS OF DATABASES, Section no. 84940",B-,5,Computer Science
Summer 2025,84940,C S,N327E,ELEMENTS OF DATABASES,"C S-N327E: ELEMENTS OF DATABASES, Section no. 84940",B,5,Computer Science
Summer 2025,84940,C S,N327E,ELEMENTS OF DATABASES,"C S-N327E: ELEMENTS OF DATABASES, Section no. 84940",B+,1,Computer Science
Summer 2025,84940,C S,N327E,ELEMENTS OF DATABASES,"C S-N327E: ELEMENTS OF DATABASES, Section no. 84940",A-,9,Computer Science
Summer 2025,84940,C S,N327E,ELEMENTS OF DATABASES,"C S-N327E: ELEMENTS OF DATABASES, Section no. 84940",A,5,Computer Science
Summer 2025,84945,C S,N329E,ELEMENTS OF DATA ANALYTICS,"C S-N329E: ELEMENTS OF DATA ANALYTICS, Section no. 84945",Other,1,Computer Science
Summer 2025,84945,C S,N329E,ELEMENTS OF DATA ANALYTICS,"C S-N329E: ELEMENTS OF DATA ANALYTICS, Section no. 84945",F,1,Computer Science
Summer 2025,84945,C S,N329E,ELEMENTS OF DATA ANALYTICS,"C S-N329E: ELEMENTS OF DATA ANALYTICS, Section no. 84945",B+,1,Computer Science
Summer 2025,84945,C S,N329E,ELEMENTS OF DATA ANALYTICS,"C S-N329E: ELEMENTS OF DATA ANALYTICS, Section no. 84945",A-,1,Computer Science
Summer 2025,84945,C S,N329E,ELEMENTS OF DATA ANALYTICS,"C S-N329E: ELEMENTS OF DATA ANALYTICS, Section no. 84945",A,26,Computer Science
Summer 2025,84950,C S,N349,CONTEMP ISSUES IN COMPUTER SCI,"C S-N349: CONTEMP ISSUES IN COMPUTER SCI, Section no. 84950",C+,1,Computer Science
Summer 2025,84950,C S,N349,CONTEMP ISSUES IN COMPUTER SCI,"C S-N349: CONTEMP ISSUES IN COMPUTER SCI, Section no. 84950",B-,2,Computer Science
Summer 2025,84950,C S,N349,CONTEMP ISSUES IN COMPUTER SCI,"C S-N349: CONTEMP ISSUES IN COMPUTER SCI, Section no. 84950",B,2,Computer Science
Summer 2025,84950,C S,N349,CONTEMP ISSUES IN COMPUTER SCI,"C S-N349: CONTEMP ISSUES IN COMPUTER SCI, Section no. 84950",A-,2,Computer Science
Summer 2025,84950,C S,N349,CONTEMP ISSUES IN COMPUTER SCI,"C S-N349: CONTEMP ISSUES IN COMPUTER SCI, Section no. 84950",A,28,Computer Science
Summer 2025,84964,C S,N371L,IOS MOBILE COMPUTING,"C S-N371L: IOS MOBILE COMPUTING, Section no. 84964",C-,1,Computer Science
Summer 2025,84964,C S,N371L,IOS MOBILE COMPUTING,"C S-N371L: IOS MOBILE COMPUTING, Section no. 84964",C+,1,Computer Science
Summer 2025,84964,C S,N371L,IOS MOBILE COMPUTING,"C S-N371L: IOS MOBILE COMPUTING, Section no. 84964",B+,1,Computer Science
Summer 2025,84964,C S,N371L,IOS MOBILE COMPUTING,"C S-N371L: IOS MOBILE COMPUTING, Section no. 84964",A-,4,Computer Science
Summer 2025,84964,C S,N371L,IOS MOBILE COMPUTING,"C S-N371L: IOS MOBILE COMPUTING, Section no. 84964",A,12,Computer Science
Summer 2025,84979,C S,N378,CLOUD-NATIVE COMPUTING-WB,"C S-N378: CLOUD-NATIVE COMPUTING-WB, Section no. 84979",Other,2,Computer Science
Summer 2025,84979,C S,N378,CLOUD-NATIVE COMPUTING-WB,"C S-N378: CLOUD-NATIVE COMPUTING-WB, Section no. 84979",F,2,Computer Science
Summer 2025,84979,C S,N378,CLOUD-NATIVE COMPUTING-WB,"C S-N378: CLOUD-NATIVE COMPUTING-WB, Section no. 84979",D,1,Computer Science
Summer 2025,84979,C S,N378,CLOUD-NATIVE COMPUTING-WB,"C S-N378: CLOUD-NATIVE COMPUTING-WB, Section no. 84979",B-,1,Computer Science
Summer 2025,84979,C S,N378,CLOUD-NATIVE COMPUTING-WB,"C S-N378: CLOUD-NATIVE COMPUTING-WB, Section no. 84979",B,2,Computer Science
Summer 2025,84979,C S,N378,CLOUD-NATIVE COMPUTING-WB,"C S-N378: CLOUD-NATIVE COMPUTING-WB, Section no. 84979",B+,8,Computer Science
Summer 2025,84979,C S,N378,CLOUD-NATIVE COMPUTING-WB,"C S-N378: CLOUD-NATIVE COMPUTING-WB, Section no. 84979",A-,22,Computer Science
Summer 2025,84979,C S,N378,CLOUD-NATIVE COMPUTING-WB,"C S-N378: CLOUD-NATIVE COMPUTING-WB, Section no. 84979",A,20,Computer Science
Summer 2025,84985,C S,W383C,NUMRCL ANLY: LINEAR ALGEBRA-WB,"C S-W383C: NUMRCL ANLY: LINEAR ALGEBRA-WB, Section no. 84985",Other,11,Computer Science
Summer 2025,84985,C S,W383C,NUMRCL ANLY: LINEAR ALGEBRA-WB,"C S-W383C: NUMRCL ANLY: LINEAR ALGEBRA-WB, Section no. 84985",F,3,Computer Science
Summer 2025,84985,C S,W383C,NUMRCL ANLY: LINEAR ALGEBRA-WB,"C S-W383C: NUMRCL ANLY: LINEAR ALGEBRA-WB, Section no. 84985",C,5,Computer Science
Summer 2025,84985,C S,W383C,NUMRCL ANLY: LINEAR ALGEBRA-WB,"C S-W383C: NUMRCL ANLY: LINEAR ALGEBRA-WB, Section no. 84985",B,13,Computer Science
Summer 2025,84985,C S,W383C,NUMRCL ANLY: LINEAR ALGEBRA-WB,"C S-W383C: NUMRCL ANLY: LINEAR ALGEBRA-WB, Section no. 84985",B+,2,Computer Science
Summer 2025,84985,C S,W383C,NUMRCL ANLY: LINEAR ALGEBRA-WB,"C S-W383C: NUMRCL ANLY: LINEAR ALGEBRA-WB, Section no. 84985",A-,1,Computer Science
Summer 2025,84985,C S,W383C,NUMRCL ANLY: LINEAR ALGEBRA-WB,"C S-W383C: NUMRCL ANLY: LINEAR ALGEBRA-WB, Section no. 84985",A,10,Computer Science
Summer 2025,84990,C S,W391L,MACHINE LEARNING-WB,"C S-W391L: MACHINE LEARNING-WB, Section no. 84990",Other,11,Computer Science
Summer 2025,84990,C S,W391L,MACHINE LEARNING-WB,"C S-W391L: MACHINE LEARNING-WB, Section no. 84990",D+,1,Computer Science
Summer 2025,84990,C S,W391L,MACHINE LEARNING-WB,"C S-W391L: MACHINE LEARNING-WB, Section no. 84990",C,1,Computer Science
Summer 2025,84990,C S,W391L,MACHINE LEARNING-WB,"C S-W391L: MACHINE LEARNING-WB, Section no. 84990",C+,1,Computer Science
Summer 2025,84990,C S,W391L,MACHINE LEARNING-WB,"C S-W391L: MACHINE LEARNING-WB, Section no. 84990",B-,10,Computer Science
Summer 2025,84990,C S,W391L,MACHINE LEARNING-WB,"C S-W391L: MACHINE LEARNING-WB, Section no. 84990",B,11,Computer Science
Summer 2025,84990,C S,W391L,MACHINE LEARNING-WB,"C S-W391L: MACHINE LEARNING-WB, Section no. 84990",B+,20,Computer Science
Summer 2025,84990,C S,W391L,MACHINE LEARNING-WB,"C S-W391L: MACHINE LEARNING-WB, Section no. 84990",A-,16,Computer Science
Summer 2025,84990,C S,W391L,MACHINE LEARNING-WB,"C S-W391L: MACHINE LEARNING-WB, Section no. 84990",A,18,Computer Science
Summer 2025,84995,C S,W394D,DEEP LEARNING-WB,"C S-W394D: DEEP LEARNING-WB, Section no. 84995",Other,4,Computer Science
Summer 2025,84995,C S,W394D,DEEP LEARNING-WB,"C S-W394D: DEEP LEARNING-WB, Section no. 84995",F,2,Computer Science
Summer 2025,84995,C S,W394D,DEEP LEARNING-WB,"C S-W394D: DEEP LEARNING-WB, Section no. 84995",D,1,Computer Science
Summer 2025,84995,C S,W394D,DEEP LEARNING-WB,"C S-W394D: DEEP LEARNING-WB, Section no. 84995",C+,1,Computer Science
Summer 2025,84995,C S,W394D,DEEP LEARNING-WB,"C S-W394D: DEEP LEARNING-WB, Section no. 84995",B,1,Computer Science
Summer 2025,84995,C S,W394D,DEEP LEARNING-WB,"C S-W394D: DEEP LEARNING-WB, Section no. 84995",B+,2,Computer Science
Summer 2025,84995,C S,W394D,DEEP LEARNING-WB,"C S-W394D: DEEP LEARNING-WB, Section no. 84995",A-,6,Computer Science
Summer 2025,84995,C S,W394D,DEEP LEARNING-WB,"C S-W394D: DEEP LEARNING-WB, Section no. 84995",A,119,Computer Science
Summer 2025,85000,C S,W394R,REINFRCMNT LEARN: THRY/PRAC-WB,"C S-W394R: REINFRCMNT LEARN: THRY/PRAC-WB, Section no. 85000",Other,6,Computer Science
Summer 2025,85000,C S,W394R,REINFRCMNT LEARN: THRY/PRAC-WB,"C S-W394R: REINFRCMNT LEARN: THRY/PRAC-WB, Section no. 85000",F,1,Computer Science
Summer 2025,85000,C S,W394R,REINFRCMNT LEARN: THRY/PRAC-WB,"C S-W394R: REINFRCMNT LEARN: THRY/PRAC-WB, Section no. 85000",D-,1,Computer Science
Summer 2025,85000,C S,W394R,REINFRCMNT LEARN: THRY/PRAC-WB,"C S-W394R: REINFRCMNT LEARN: THRY/PRAC-WB, Section no. 85000",C-,1,Computer Science
Summer 2025,85000,C S,W394R,REINFRCMNT LEARN: THRY/PRAC-WB,"C S-W394R: REINFRCMNT LEARN: THRY/PRAC-WB, Section no. 85000",B-,5,Computer Science
Summer 2025,85000,C S,W394R,REINFRCMNT LEARN: THRY/PRAC-WB,"C S-W394R: REINFRCMNT LEARN: THRY/PRAC-WB, Section no. 85000",B,9,Computer Science
Summer 2025,85000,C S,W394R,REINFRCMNT LEARN: THRY/PRAC-WB,"C S-W394R: REINFRCMNT LEARN: THRY/PRAC-WB, Section no. 85000",B+,20,Computer Science
Summer 2025,85000,C S,W394R,REINFRCMNT LEARN: THRY/PRAC-WB,"C S-W394R: REINFRCMNT LEARN: THRY/PRAC-WB, Section no. 85000",A-,38,Computer Science
Summer 2025,85000,C S,W394R,REINFRCMNT LEARN: THRY/PRAC-WB,"C S-W394R: REINFRCMNT LEARN: THRY/PRAC-WB, Section no. 85000",A,122,Computer Science
Summer 2025,85019,C S,W395T,ADVANCES IN DEEP LEARNING-WB,"C S-W395T: ADVANCES IN DEEP LEARNING-WB, Section no. 85019",Other,9,Computer Science
Summer 2025,85019,C S,W395T,ADVANCES IN DEEP LEARNING-WB,"C S-W395T: ADVANCES IN DEEP LEARNING-WB, Section no. 85019",F,1,Computer Science
Summer 2025,85019,C S,W395T,ADVANCES IN DEEP LEARNING-WB,"C S-W395T: ADVANCES IN DEEP LEARNING-WB, Section no. 85019",D+,1,Computer Science
Summer 2025,85019,C S,W395T,ADVANCES IN DEEP LEARNING-WB,"C S-W395T: ADVANCES IN DEEP LEARNING-WB, Section no. 85019",C-,1,Computer Science
Summer 2025,85019,C S,W395T,ADVANCES IN DEEP LEARNING-WB,"C S-W395T: ADVANCES IN DEEP LEARNING-WB, Section no. 85019",C,3,Computer Science
Summer 2025,85019,C S,W395T,ADVANCES IN DEEP LEARNING-WB,"C S-W395T: ADVANCES IN DEEP LEARNING-WB, Section no. 85019",C+,4,Computer Science
Summer 2025,85019,C S,W395T,ADVANCES IN DEEP LEARNING-WB,"C S-W395T: ADVANCES IN DEEP LEARNING-WB, Section no. 85019",B,17,Computer Science
Summer 2025,85019,C S,W395T,ADVANCES IN DEEP LEARNING-WB,"C S-W395T: ADVANCES IN DEEP LEARNING-WB, Section no. 85019",B+,7,Computer Science
Summer 2025,85019,C S,W395T,ADVANCES IN DEEP LEARNING-WB,"C S-W395T: ADVANCES IN DEEP LEARNING-WB, Section no. 85019",A-,25,Computer Science
Summer 2025,85019,C S,W395T,ADVANCES IN DEEP LEARNING-WB,"C S-W395T: ADVANCES IN DEEP LEARNING-WB, Section no. 85019",A,165,Computer Science
Summer 2025,86720,DSC,W382,FNDTNS REGRSSION/PRED MODEL-WB,"DSC-W382: FNDTNS REGRSSION/PRED MODEL-WB, Section no. 86720",Other,11,Data Science
Summer 2025,86720,DSC,W382,FNDTNS REGRSSION/PRED MODEL-WB,"DSC-W382: FNDTNS REGRSSION/PRED MODEL-WB, Section no. 86720",B+,1,Data Science
Summer 2025,86720,DSC,W382,FNDTNS REGRSSION/PRED MODEL-WB,"DSC-W382: FNDTNS REGRSSION/PRED MODEL-WB, Section no. 86720",A-,8,Data Science
Summer 2025,86720,DSC,W382,FNDTNS REGRSSION/PRED MODEL-WB,"DSC-W382: FNDTNS REGRSSION/PRED MODEL-WB, Section no. 86720",A,190,Data Science
Summer 2025,86725,DSC,W383,ADV PREDCTV MDLS COMPLX DAT-WB,"DSC-W383: ADV PREDCTV MDLS COMPLX DAT-WB, Section no. 86725",Other,6,Data Science
Summer 2025,86725,DSC,W383,ADV PREDCTV MDLS COMPLX DAT-WB,"DSC-W383: ADV PREDCTV MDLS COMPLX DAT-WB, Section no. 86725",B,13,Data Science
Summer 2025,86725,DSC,W383,ADV PREDCTV MDLS COMPLX DAT-WB,"DSC-W383: ADV PREDCTV MDLS COMPLX DAT-WB, Section no. 86725",B+,17,Data Science
Summer 2025,86725,DSC,W383,ADV PREDCTV MDLS COMPLX DAT-WB,"DSC-W383: ADV PREDCTV MDLS COMPLX DAT-WB, Section no. 86725",A-,34,Data Science
Summer 2025,86725,DSC,W383,ADV PREDCTV MDLS COMPLX DAT-WB,"DSC-W383: ADV PREDCTV MDLS COMPLX DAT-WB, Section no. 86725",A,75,Data Science
Summer 2025,86730,DSC,W391L,PRINCIPLES MACHINE LEARNING-WB,"DSC-W391L: PRINCIPLES MACHINE LEARNING-WB, Section no. 86730",Other,14,Data Science
Summer 2025,86730,DSC,W391L,PRINCIPLES MACHINE LEARNING-WB,"DSC-W391L: PRINCIPLES MACHINE LEARNING-WB, Section no. 86730",C,1,Data Science
Summer 2025,86730,DSC,W391L,PRINCIPLES MACHINE LEARNING-WB,"DSC-W391L: PRINCIPLES MACHINE LEARNING-WB, Section no. 86730",C+,7,Data Science
Summer 2025,86730,DSC,W391L,PRINCIPLES MACHINE LEARNING-WB,"DSC-W391L: PRINCIPLES MACHINE LEARNING-WB, Section no. 86730",B-,15,Data Science
Summer 2025,86730,DSC,W391L,PRINCIPLES MACHINE LEARNING-WB,"DSC-W391L: PRINCIPLES MACHINE LEARNING-WB, Section no. 86730",B,26,Data Science
Summer 2025,86730,DSC,W391L,PRINCIPLES MACHINE LEARNING-WB,"DSC-W391L: PRINCIPLES MACHINE LEARNING-WB, Section no. 86730",B+,29,Data Science
Summer 2025,86730,DSC,W391L,PRINCIPLES MACHINE LEARNING-WB,"DSC-W391L: PRINCIPLES MACHINE LEARNING-WB, Section no. 86730",A-,31,Data Science
Summer 2025,86730,DSC,W391L,PRINCIPLES MACHINE LEARNING-WB,"DSC-W391L: PRINCIPLES MACHINE LEARNING-WB, Section no. 86730",A,52,Data Science
Summer 2025,86735,DSC,W394D,DEEP LEARNING-WB,"DSC-W394D: DEEP LEARNING-WB, Section no. 86735",Other,8,Data Science
Summer 2025,86735,DSC,W394D,DEEP LEARNING-WB,"DSC-W394D: DEEP LEARNING-WB, Section no. 86735",B,3,Data Science
Summer 2025,86735,DSC,W394D,DEEP LEARNING-WB,"DSC-W394D: DEEP LEARNING-WB, Section no. 86735",B+,7,Data Science
Summer 2025,86735,DSC,W394D,DEEP LEARNING-WB,"DSC-W394D: DEEP LEARNING-WB, Section no. 86735",A-,11,Data Science
Summer 2025,86735,DSC,W394D,DEEP LEARNING-WB,"DSC-W394D: DEEP LEARNING-WB, Section no. 86735",A,115,Data Science
Summer 2025,86739,DSC,W395T,ADVANCES IN DEEP LEARNING-WB,"DSC-W395T: ADVANCES IN DEEP LEARNING-WB, Section no. 86739",Other,6,Data Science
Summer 2025,86739,DSC,W395T,ADVANCES IN DEEP LEARNING-WB,"DSC-W395T: ADVANCES IN DEEP LEARNING-WB, Section no. 86739",C-,1,Data Science
Summer 2025,86739,DSC,W395T,ADVANCES IN DEEP LEARNING-WB,"DSC-W395T: ADVANCES IN DEEP LEARNING-WB, Section no. 86739",C,5,Data Science
Summer 2025,86739,DSC,W395T,ADVANCES IN DEEP LEARNING-WB,"DSC-W395T: ADVANCES IN DEEP LEARNING-WB, Section no. 86739",C+,3,Data Science
Summer 2025,86739,DSC,W395T,ADVANCES IN DEEP LEARNING-WB,"DSC-W395T: ADVANCES IN DEEP LEARNING-WB, Section no. 86739",B,17,Data Science
Summer 2025,86739,DSC,W395T,ADVANCES IN DEEP LEARNING-WB,"DSC-W395T: ADVANCES IN DEEP LEARNING-WB, Section no. 86739",B+,5,Data Science
Summer 2025,86739,DSC,W395T,ADVANCES IN DEEP LEARNING-WB,"DSC-W395T: ADVANCES IN DEEP LEARNING-WB, Section no. 86739",A-,15,Data Science
Summer 2025,86739,DSC,W395T,ADVANCES IN DEEP LEARNING-WB,"DSC-W395T: ADVANCES IN DEEP LEARNING-WB, Section no. 86739",A,59,Data Science
Summer 2025,86740,DSC,W395T,REINFORCEMENT LEARNING-WB,"DSC-W395T: REINFORCEMENT LEARNING-WB, Section no. 86740",Other,3,Data Science
Summer 2025,86740,DSC,W395T,REINFORCEMENT LEARNING-WB,"DSC-W395T: REINFORCEMENT LEARNING-WB, Section no. 86740",B-,1,Data Science
Summer 2025,86740,DSC,W395T,REINFORCEMENT LEARNING-WB,"DSC-W395T: REINFORCEMENT LEARNING-WB, Section no. 86740",B,9,Data Science
Summer 2025,86740,DSC,W395T,REINFORCEMENT LEARNING-WB,"DSC-W395T: REINFORCEMENT LEARNING-WB, Section no. 86740",B+,6,Data Science
Summer 2025,86740,DSC,W395T,REINFORCEMENT LEARNING-WB,"DSC-W395T: REINFORCEMENT LEARNING-WB, Section no. 86740",A-,16,Data Science
Summer 2025,86740,DSC,W395T,REINFORCEMENT LEARNING-WB,"DSC-W395T: REINFORCEMENT LEARNING-WB, Section no. 86740",A,29,Data Science
