Semester,Section Number,Course Prefix,Course Number,Course Title,Course,Letter Grade,Count of letter grade,Department/Program
Fall 2025,54310,A I, 380E,ETHICS IN AI-WB,"A I-380E: ETHICS IN AI-WB, Section no. 54310",Other,7,
Fall 2025,54310,A I, 380E,ETHICS IN AI-WB,"A I-380E: ETHICS IN AI-WB, Section no. 54310",F,4,
Fall 2025,54310,A I, 380E,ETHICS IN AI-WB,"A I-380E: ETHICS IN AI-WB, Section no. 54310",D,2,
Fall 2025,54310,A I, 380E,ETHICS IN AI-WB,"A I-380E: ETHICS IN AI-WB, Section no. 54310",C,2,
Fall 2025,54310,A I, 380E,ETHICS IN AI-WB,"A I-380E: ETHICS IN AI-WB, Section no. 54310",B,7,
Fall 2025,54310,A I, 380E,ETHICS IN AI-WB,"A I-380E: ETHICS IN AI-WB, Section no. 54310",B+,5,
Fall 2025,54310,A I, 380E,ETHICS IN AI-WB,"A I-380E: ETHICS IN AI-WB, Section no. 54310",A-,19,
Fall 2025,54310,A I, 380E,ETHICS IN AI-WB,"A I-380E: ETHICS IN AI-WB, Section no. 54310",A,336,
Fall 2025,54315,A I, 380H,AI IN HEALTHCARE-WB,"A I-380H: AI IN HEALTHCARE-WB, Section no. 54315",Other,6,
Fall 2025,54315,A I, 380H,AI IN HEALTHCARE-WB,"A I-380H: AI IN HEALTHCARE-WB, Section no. 54315",F,1,
Fall 2025,54315,A I, 380H,AI IN HEALTHCARE-WB,"A I-380H: AI IN HEALTHCARE-WB, Section no. 54315",C-,1,
Fall 2025,54315,A I, 380H,AI IN HEALTHCARE-WB,"A I-380H: AI IN HEALTHCARE-WB, Section no. 54315",C+,1,
Fall 2025,54315,A I, 380H,AI IN HEALTHCARE-WB,"A I-380H: AI IN HEALTHCARE-WB, Section no. 54315",B-,1,
Fall 2025,54315,A I, 380H,AI IN HEALTHCARE-WB,"A I-380H: AI IN HEALTHCARE-WB, Section no. 54315",B,1,
Fall 2025,54315,A I, 380H,AI IN HEALTHCARE-WB,"A I-380H: AI IN HEALTHCARE-WB, Section no. 54315",B+,1,
Fall 2025,54315,A I, 380H,AI IN HEALTHCARE-WB,"A I-380H: AI IN HEALTHCARE-WB, Section no. 54315",A-,11,
Fall 2025,54315,A I, 380H,AI IN HEALTHCARE-WB,"A I-380H: AI IN HEALTHCARE-WB, Section no. 54315",A,83,
Fall 2025,54320,A I, 388,NATURAL LANGUAGE PROCESSING-WB,"A I-388: NATURAL LANGUAGE PROCESSING-WB, Section no. 54320",Other,22,
Fall 2025,54320,A I, 388,NATURAL LANGUAGE PROCESSING-WB,"A I-388: NATURAL LANGUAGE PROCESSING-WB, Section no. 54320",D+,1,
Fall 2025,54320,A I, 388,NATURAL LANGUAGE PROCESSING-WB,"A I-388: NATURAL LANGUAGE PROCESSING-WB, Section no. 54320",C-,2,
Fall 2025,54320,A I, 388,NATURAL LANGUAGE PROCESSING-WB,"A I-388: NATURAL LANGUAGE PROCESSING-WB, Section no. 54320",C,2,
Fall 2025,54320,A I, 388,NATURAL LANGUAGE PROCESSING-WB,"A I-388: NATURAL LANGUAGE PROCESSING-WB, Section no. 54320",C+,4,
Fall 2025,54320,A I, 388,NATURAL LANGUAGE PROCESSING-WB,"A I-388: NATURAL LANGUAGE PROCESSING-WB, Section no. 54320",B-,14,
Fall 2025,54320,A I, 388,NATURAL LANGUAGE PROCESSING-WB,"A I-388: NATURAL LANGUAGE PROCESSING-WB, Section no. 54320",B,23,
Fall 2025,54320,A I, 388,NATURAL LANGUAGE PROCESSING-WB,"A I-388: NATURAL LANGUAGE PROCESSING-WB, Section no. 54320",B+,60,
Fall 2025,54320,A I, 388,NATURAL LANGUAGE PROCESSING-WB,"A I-388: NATURAL LANGUAGE PROCESSING-WB, Section no. 54320",A-,117,
Fall 2025,54320,A I, 388,NATURAL LANGUAGE PROCESSING-WB,"A I-388: NATURAL LANGUAGE PROCESSING-WB, Section no. 54320",A,272,
Fall 2025,54325,A I, 388J,OPTIMIZATION-WB,"A I-388J: OPTIMIZATION-WB, Section no. 54325",Other,2,
Fall 2025,54325,A I, 388J,OPTIMIZATION-WB,"A I-388J: OPTIMIZATION-WB, Section no. 54325",B-,1,
Fall 2025,54325,A I, 388J,OPTIMIZATION-WB,"A I-388J: OPTIMIZATION-WB, Section no. 54325",B,2,
Fall 2025,54325,A I, 388J,OPTIMIZATION-WB,"A I-388J: OPTIMIZATION-WB, Section no. 54325",B+,8,
Fall 2025,54325,A I, 388J,OPTIMIZATION-WB,"A I-388J: OPTIMIZATION-WB, Section no. 54325",A-,12,
Fall 2025,54325,A I, 388J,OPTIMIZATION-WB,"A I-388J: OPTIMIZATION-WB, Section no. 54325",A,22,
Fall 2025,54330,A I, 388U,PLAN/SRCH/RSN UNDR UNCERTY-WB,"A I-388U: PLAN/SRCH/RSN UNDR UNCERTY-WB, Section no. 54330",Other,24,
Fall 2025,54330,A I, 388U,PLAN/SRCH/RSN UNDR UNCERTY-WB,"A I-388U: PLAN/SRCH/RSN UNDR UNCERTY-WB, Section no. 54330",C-,1,
Fall 2025,54330,A I, 388U,PLAN/SRCH/RSN UNDR UNCERTY-WB,"A I-388U: PLAN/SRCH/RSN UNDR UNCERTY-WB, Section no. 54330",C,4,
Fall 2025,54330,A I, 388U,PLAN/SRCH/RSN UNDR UNCERTY-WB,"A I-388U: PLAN/SRCH/RSN UNDR UNCERTY-WB, Section no. 54330",C+,4,
Fall 2025,54330,A I, 388U,PLAN/SRCH/RSN UNDR UNCERTY-WB,"A I-388U: PLAN/SRCH/RSN UNDR UNCERTY-WB, Section no. 54330",B-,10,
Fall 2025,54330,A I, 388U,PLAN/SRCH/RSN UNDR UNCERTY-WB,"A I-388U: PLAN/SRCH/RSN UNDR UNCERTY-WB, Section no. 54330",B,8,
Fall 2025,54330,A I, 388U,PLAN/SRCH/RSN UNDR UNCERTY-WB,"A I-388U: PLAN/SRCH/RSN UNDR UNCERTY-WB, Section no. 54330",B+,26,
Fall 2025,54330,A I, 388U,PLAN/SRCH/RSN UNDR UNCERTY-WB,"A I-388U: PLAN/SRCH/RSN UNDR UNCERTY-WB, Section no. 54330",A-,40,
Fall 2025,54330,A I, 388U,PLAN/SRCH/RSN UNDR UNCERTY-WB,"A I-388U: PLAN/SRCH/RSN UNDR UNCERTY-WB, Section no. 54330",A,321,
Fall 2025,54335,A I, 391L,MACHINE LEARNING-WB,"A I-391L: MACHINE LEARNING-WB, Section no. 54335",Other,25,
Fall 2025,54335,A I, 391L,MACHINE LEARNING-WB,"A I-391L: MACHINE LEARNING-WB, Section no. 54335",F,6,
Fall 2025,54335,A I, 391L,MACHINE LEARNING-WB,"A I-391L: MACHINE LEARNING-WB, Section no. 54335",D+,1,
Fall 2025,54335,A I, 391L,MACHINE LEARNING-WB,"A I-391L: MACHINE LEARNING-WB, Section no. 54335",C+,14,
Fall 2025,54335,A I, 391L,MACHINE LEARNING-WB,"A I-391L: MACHINE LEARNING-WB, Section no. 54335",B-,8,
Fall 2025,54335,A I, 391L,MACHINE LEARNING-WB,"A I-391L: MACHINE LEARNING-WB, Section no. 54335",B,23,
Fall 2025,54335,A I, 391L,MACHINE LEARNING-WB,"A I-391L: MACHINE LEARNING-WB, Section no. 54335",B+,46,
Fall 2025,54335,A I, 391L,MACHINE LEARNING-WB,"A I-391L: MACHINE LEARNING-WB, Section no. 54335",A-,32,
Fall 2025,54335,A I, 391L,MACHINE LEARNING-WB,"A I-391L: MACHINE LEARNING-WB, Section no. 54335",A,51,
Fall 2025,54340,A I, 391M,CASE STUDIES/MCHNE LEARNING-WB,"A I-391M: CASE STUDIES/MCHNE LEARNING-WB, Section no. 54340",Other,9,
Fall 2025,54340,A I, 391M,CASE STUDIES/MCHNE LEARNING-WB,"A I-391M: CASE STUDIES/MCHNE LEARNING-WB, Section no. 54340",F,8,
Fall 2025,54340,A I, 391M,CASE STUDIES/MCHNE LEARNING-WB,"A I-391M: CASE STUDIES/MCHNE LEARNING-WB, Section no. 54340",C,1,
Fall 2025,54340,A I, 391M,CASE STUDIES/MCHNE LEARNING-WB,"A I-391M: CASE STUDIES/MCHNE LEARNING-WB, Section no. 54340",C+,1,
Fall 2025,54340,A I, 391M,CASE STUDIES/MCHNE LEARNING-WB,"A I-391M: CASE STUDIES/MCHNE LEARNING-WB, Section no. 54340",B-,2,
Fall 2025,54340,A I, 391M,CASE STUDIES/MCHNE LEARNING-WB,"A I-391M: CASE STUDIES/MCHNE LEARNING-WB, Section no. 54340",B,3,
Fall 2025,54340,A I, 391M,CASE STUDIES/MCHNE LEARNING-WB,"A I-391M: CASE STUDIES/MCHNE LEARNING-WB, Section no. 54340",B+,10,
Fall 2025,54340,A I, 391M,CASE STUDIES/MCHNE LEARNING-WB,"A I-391M: CASE STUDIES/MCHNE LEARNING-WB, Section no. 54340",A-,45,
Fall 2025,54340,A I, 391M,CASE STUDIES/MCHNE LEARNING-WB,"A I-391M: CASE STUDIES/MCHNE LEARNING-WB, Section no. 54340",A,388,
Fall 2025,54345,A I, 394D,DEEP LEARNING-WB,"A I-394D: DEEP LEARNING-WB, Section no. 54345",Other,9,
Fall 2025,54345,A I, 394D,DEEP LEARNING-WB,"A I-394D: DEEP LEARNING-WB, Section no. 54345",F,5,
Fall 2025,54345,A I, 394D,DEEP LEARNING-WB,"A I-394D: DEEP LEARNING-WB, Section no. 54345",C+,2,
Fall 2025,54345,A I, 394D,DEEP LEARNING-WB,"A I-394D: DEEP LEARNING-WB, Section no. 54345",B,8,
Fall 2025,54345,A I, 394D,DEEP LEARNING-WB,"A I-394D: DEEP LEARNING-WB, Section no. 54345",B+,3,
Fall 2025,54345,A I, 394D,DEEP LEARNING-WB,"A I-394D: DEEP LEARNING-WB, Section no. 54345",A-,10,
Fall 2025,54345,A I, 394D,DEEP LEARNING-WB,"A I-394D: DEEP LEARNING-WB, Section no. 54345",A,195,
Fall 2025,54350,A I, 394R,REINFRCMNT LEARN: THRY/PRAC-WB,"A I-394R: REINFRCMNT LEARN: THRY/PRAC-WB, Section no. 54350",Other,4,
Fall 2025,54350,A I, 394R,REINFRCMNT LEARN: THRY/PRAC-WB,"A I-394R: REINFRCMNT LEARN: THRY/PRAC-WB, Section no. 54350",F,3,
Fall 2025,54350,A I, 394R,REINFRCMNT LEARN: THRY/PRAC-WB,"A I-394R: REINFRCMNT LEARN: THRY/PRAC-WB, Section no. 54350",C-,2,
Fall 2025,54350,A I, 394R,REINFRCMNT LEARN: THRY/PRAC-WB,"A I-394R: REINFRCMNT LEARN: THRY/PRAC-WB, Section no. 54350",C+,2,
Fall 2025,54350,A I, 394R,REINFRCMNT LEARN: THRY/PRAC-WB,"A I-394R: REINFRCMNT LEARN: THRY/PRAC-WB, Section no. 54350",B-,1,
Fall 2025,54350,A I, 394R,REINFRCMNT LEARN: THRY/PRAC-WB,"A I-394R: REINFRCMNT LEARN: THRY/PRAC-WB, Section no. 54350",B,8,
Fall 2025,54350,A I, 394R,REINFRCMNT LEARN: THRY/PRAC-WB,"A I-394R: REINFRCMNT LEARN: THRY/PRAC-WB, Section no. 54350",B+,9,
Fall 2025,54350,A I, 394R,REINFRCMNT LEARN: THRY/PRAC-WB,"A I-394R: REINFRCMNT LEARN: THRY/PRAC-WB, Section no. 54350",A-,29,
Fall 2025,54350,A I, 394R,REINFRCMNT LEARN: THRY/PRAC-WB,"A I-394R: REINFRCMNT LEARN: THRY/PRAC-WB, Section no. 54350",A,89,
Fall 2025,54353,A I, 395T,ADVANCES IN DEEP LEARNING-WB,"A I-395T: ADVANCES IN DEEP LEARNING-WB, Section no. 54353",Other,9,
Fall 2025,54353,A I, 395T,ADVANCES IN DEEP LEARNING-WB,"A I-395T: ADVANCES IN DEEP LEARNING-WB, Section no. 54353",F,1,
Fall 2025,54353,A I, 395T,ADVANCES IN DEEP LEARNING-WB,"A I-395T: ADVANCES IN DEEP LEARNING-WB, Section no. 54353",D+,1,
Fall 2025,54353,A I, 395T,ADVANCES IN DEEP LEARNING-WB,"A I-395T: ADVANCES IN DEEP LEARNING-WB, Section no. 54353",C+,8,
Fall 2025,54353,A I, 395T,ADVANCES IN DEEP LEARNING-WB,"A I-395T: ADVANCES IN DEEP LEARNING-WB, Section no. 54353",B,19,
Fall 2025,54353,A I, 395T,ADVANCES IN DEEP LEARNING-WB,"A I-395T: ADVANCES IN DEEP LEARNING-WB, Section no. 54353",B+,11,
Fall 2025,54353,A I, 395T,ADVANCES IN DEEP LEARNING-WB,"A I-395T: ADVANCES IN DEEP LEARNING-WB, Section no. 54353",A-,26,
Fall 2025,54353,A I, 395T,ADVANCES IN DEEP LEARNING-WB,"A I-395T: ADVANCES IN DEEP LEARNING-WB, Section no. 54353",A,106,
Fall 2025,54354,A I, 395T,ADV IN DEEP GEN MODELS-WB,"A I-395T: ADV IN DEEP GEN MODELS-WB, Section no. 54354",Other,19,
Fall 2025,54354,A I, 395T,ADV IN DEEP GEN MODELS-WB,"A I-395T: ADV IN DEEP GEN MODELS-WB, Section no. 54354",D-,1,
Fall 2025,54354,A I, 395T,ADV IN DEEP GEN MODELS-WB,"A I-395T: ADV IN DEEP GEN MODELS-WB, Section no. 54354",C-,2,
Fall 2025,54354,A I, 395T,ADV IN DEEP GEN MODELS-WB,"A I-395T: ADV IN DEEP GEN MODELS-WB, Section no. 54354",C,4,
Fall 2025,54354,A I, 395T,ADV IN DEEP GEN MODELS-WB,"A I-395T: ADV IN DEEP GEN MODELS-WB, Section no. 54354",C+,4,
Fall 2025,54354,A I, 395T,ADV IN DEEP GEN MODELS-WB,"A I-395T: ADV IN DEEP GEN MODELS-WB, Section no. 54354",B-,6,
Fall 2025,54354,A I, 395T,ADV IN DEEP GEN MODELS-WB,"A I-395T: ADV IN DEEP GEN MODELS-WB, Section no. 54354",B,12,
Fall 2025,54354,A I, 395T,ADV IN DEEP GEN MODELS-WB,"A I-395T: ADV IN DEEP GEN MODELS-WB, Section no. 54354",B+,28,
Fall 2025,54354,A I, 395T,ADV IN DEEP GEN MODELS-WB,"A I-395T: ADV IN DEEP GEN MODELS-WB, Section no. 54354",A-,37,
Fall 2025,54354,A I, 395T,ADV IN DEEP GEN MODELS-WB,"A I-395T: ADV IN DEEP GEN MODELS-WB, Section no. 54354",A,69,
Fall 2025,54420,C S, 303E,ELEMS OF COMPUTERS/PROGRAMMING,"C S-303E: ELEMS OF COMPUTERS/PROGRAMMING, Section no. 54420",Other,41,Computer Science
Fall 2025,54420,C S, 303E,ELEMS OF COMPUTERS/PROGRAMMING,"C S-303E: ELEMS OF COMPUTERS/PROGRAMMING, Section no. 54420",F,6,Computer Science
Fall 2025,54420,C S, 303E,ELEMS OF COMPUTERS/PROGRAMMING,"C S-303E: ELEMS OF COMPUTERS/PROGRAMMING, Section no. 54420",D-,1,Computer Science
Fall 2025,54420,C S, 303E,ELEMS OF COMPUTERS/PROGRAMMING,"C S-303E: ELEMS OF COMPUTERS/PROGRAMMING, Section no. 54420",D,7,Computer Science
Fall 2025,54420,C S, 303E,ELEMS OF COMPUTERS/PROGRAMMING,"C S-303E: ELEMS OF COMPUTERS/PROGRAMMING, Section no. 54420",D+,5,Computer Science
Fall 2025,54420,C S, 303E,ELEMS OF COMPUTERS/PROGRAMMING,"C S-303E: ELEMS OF COMPUTERS/PROGRAMMING, Section no. 54420",C-,3,Computer Science
Fall 2025,54420,C S, 303E,ELEMS OF COMPUTERS/PROGRAMMING,"C S-303E: ELEMS OF COMPUTERS/PROGRAMMING, Section no. 54420",C,4,Computer Science
Fall 2025,54420,C S, 303E,ELEMS OF COMPUTERS/PROGRAMMING,"C S-303E: ELEMS OF COMPUTERS/PROGRAMMING, Section no. 54420",C+,9,Computer Science
Fall 2025,54420,C S, 303E,ELEMS OF COMPUTERS/PROGRAMMING,"C S-303E: ELEMS OF COMPUTERS/PROGRAMMING, Section no. 54420",B-,10,Computer Science
Fall 2025,54420,C S, 303E,ELEMS OF COMPUTERS/PROGRAMMING,"C S-303E: ELEMS OF COMPUTERS/PROGRAMMING, Section no. 54420",B,19,Computer Science
Fall 2025,54420,C S, 303E,ELEMS OF COMPUTERS/PROGRAMMING,"C S-303E: ELEMS OF COMPUTERS/PROGRAMMING, Section no. 54420",B+,16,Computer Science
Fall 2025,54420,C S, 303E,ELEMS OF COMPUTERS/PROGRAMMING,"C S-303E: ELEMS OF COMPUTERS/PROGRAMMING, Section no. 54420",A-,27,Computer Science
Fall 2025,54420,C S, 303E,ELEMS OF COMPUTERS/PROGRAMMING,"C S-303E: ELEMS OF COMPUTERS/PROGRAMMING, Section no. 54420",A,39,Computer Science
Fall 2025,54425,C S, 303E,ELEMS OF COMPUTERS/PROGRAMMING,"C S-303E: ELEMS OF COMPUTERS/PROGRAMMING, Section no. 54425",Other,41,Computer Science
Fall 2025,54425,C S, 303E,ELEMS OF COMPUTERS/PROGRAMMING,"C S-303E: ELEMS OF COMPUTERS/PROGRAMMING, Section no. 54425",F,4,Computer Science
Fall 2025,54425,C S, 303E,ELEMS OF COMPUTERS/PROGRAMMING,"C S-303E: ELEMS OF COMPUTERS/PROGRAMMING, Section no. 54425",D-,2,Computer Science
Fall 2025,54425,C S, 303E,ELEMS OF COMPUTERS/PROGRAMMING,"C S-303E: ELEMS OF COMPUTERS/PROGRAMMING, Section no. 54425",D,4,Computer Science
Fall 2025,54425,C S, 303E,ELEMS OF COMPUTERS/PROGRAMMING,"C S-303E: ELEMS OF COMPUTERS/PROGRAMMING, Section no. 54425",D+,6,Computer Science
Fall 2025,54425,C S, 303E,ELEMS OF COMPUTERS/PROGRAMMING,"C S-303E: ELEMS OF COMPUTERS/PROGRAMMING, Section no. 54425",C-,6,Computer Science
Fall 2025,54425,C S, 303E,ELEMS OF COMPUTERS/PROGRAMMING,"C S-303E: ELEMS OF COMPUTERS/PROGRAMMING, Section no. 54425",C,9,Computer Science
Fall 2025,54425,C S, 303E,ELEMS OF COMPUTERS/PROGRAMMING,"C S-303E: ELEMS OF COMPUTERS/PROGRAMMING, Section no. 54425",C+,8,Computer Science
Fall 2025,54425,C S, 303E,ELEMS OF COMPUTERS/PROGRAMMING,"C S-303E: ELEMS OF COMPUTERS/PROGRAMMING, Section no. 54425",B-,6,Computer Science
Fall 2025,54425,C S, 303E,ELEMS OF COMPUTERS/PROGRAMMING,"C S-303E: ELEMS OF COMPUTERS/PROGRAMMING, Section no. 54425",B,22,Computer Science
Fall 2025,54425,C S, 303E,ELEMS OF COMPUTERS/PROGRAMMING,"C S-303E: ELEMS OF COMPUTERS/PROGRAMMING, Section no. 54425",B+,12,Computer Science
Fall 2025,54425,C S, 303E,ELEMS OF COMPUTERS/PROGRAMMING,"C S-303E: ELEMS OF COMPUTERS/PROGRAMMING, Section no. 54425",A-,25,Computer Science
Fall 2025,54425,C S, 303E,ELEMS OF COMPUTERS/PROGRAMMING,"C S-303E: ELEMS OF COMPUTERS/PROGRAMMING, Section no. 54425",A,42,Computer Science
Fall 2025,54430,C S, 303E,ELEMS OF COMPUTERS/PROGRAMMING,"C S-303E: ELEMS OF COMPUTERS/PROGRAMMING, Section no. 54430",Other,30,Computer Science
Fall 2025,54430,C S, 303E,ELEMS OF COMPUTERS/PROGRAMMING,"C S-303E: ELEMS OF COMPUTERS/PROGRAMMING, Section no. 54430",F,2,Computer Science
Fall 2025,54430,C S, 303E,ELEMS OF COMPUTERS/PROGRAMMING,"C S-303E: ELEMS OF COMPUTERS/PROGRAMMING, Section no. 54430",D,3,Computer Science
Fall 2025,54430,C S, 303E,ELEMS OF COMPUTERS/PROGRAMMING,"C S-303E: ELEMS OF COMPUTERS/PROGRAMMING, Section no. 54430",C-,6,Computer Science
Fall 2025,54430,C S, 303E,ELEMS OF COMPUTERS/PROGRAMMING,"C S-303E: ELEMS OF COMPUTERS/PROGRAMMING, Section no. 54430",C,6,Computer Science
Fall 2025,54430,C S, 303E,ELEMS OF COMPUTERS/PROGRAMMING,"C S-303E: ELEMS OF COMPUTERS/PROGRAMMING, Section no. 54430",C+,4,Computer Science
Fall 2025,54430,C S, 303E,ELEMS OF COMPUTERS/PROGRAMMING,"C S-303E: ELEMS OF COMPUTERS/PROGRAMMING, Section no. 54430",B-,7,Computer Science
Fall 2025,54430,C S, 303E,ELEMS OF COMPUTERS/PROGRAMMING,"C S-303E: ELEMS OF COMPUTERS/PROGRAMMING, Section no. 54430",B,9,Computer Science
Fall 2025,54430,C S, 303E,ELEMS OF COMPUTERS/PROGRAMMING,"C S-303E: ELEMS OF COMPUTERS/PROGRAMMING, Section no. 54430",B+,7,Computer Science
Fall 2025,54430,C S, 303E,ELEMS OF COMPUTERS/PROGRAMMING,"C S-303E: ELEMS OF COMPUTERS/PROGRAMMING, Section no. 54430",A-,13,Computer Science
Fall 2025,54430,C S, 303E,ELEMS OF COMPUTERS/PROGRAMMING,"C S-303E: ELEMS OF COMPUTERS/PROGRAMMING, Section no. 54430",A,88,Computer Science
Fall 2025,54435,C S, 303E,ELEMS OF COMPUTERS/PROGRAMMING,"C S-303E: ELEMS OF COMPUTERS/PROGRAMMING, Section no. 54435",Other,52,Computer Science
Fall 2025,54435,C S, 303E,ELEMS OF COMPUTERS/PROGRAMMING,"C S-303E: ELEMS OF COMPUTERS/PROGRAMMING, Section no. 54435",F,5,Computer Science
Fall 2025,54435,C S, 303E,ELEMS OF COMPUTERS/PROGRAMMING,"C S-303E: ELEMS OF COMPUTERS/PROGRAMMING, Section no. 54435",D,4,Computer Science
Fall 2025,54435,C S, 303E,ELEMS OF COMPUTERS/PROGRAMMING,"C S-303E: ELEMS OF COMPUTERS/PROGRAMMING, Section no. 54435",C-,3,Computer Science
Fall 2025,54435,C S, 303E,ELEMS OF COMPUTERS/PROGRAMMING,"C S-303E: ELEMS OF COMPUTERS/PROGRAMMING, Section no. 54435",C,4,Computer Science
Fall 2025,54435,C S, 303E,ELEMS OF COMPUTERS/PROGRAMMING,"C S-303E: ELEMS OF COMPUTERS/PROGRAMMING, Section no. 54435",C+,3,Computer Science
Fall 2025,54435,C S, 303E,ELEMS OF COMPUTERS/PROGRAMMING,"C S-303E: ELEMS OF COMPUTERS/PROGRAMMING, Section no. 54435",B-,11,Computer Science
Fall 2025,54435,C S, 303E,ELEMS OF COMPUTERS/PROGRAMMING,"C S-303E: ELEMS OF COMPUTERS/PROGRAMMING, Section no. 54435",B,12,Computer Science
Fall 2025,54435,C S, 303E,ELEMS OF COMPUTERS/PROGRAMMING,"C S-303E: ELEMS OF COMPUTERS/PROGRAMMING, Section no. 54435",B+,4,Computer Science
Fall 2025,54435,C S, 303E,ELEMS OF COMPUTERS/PROGRAMMING,"C S-303E: ELEMS OF COMPUTERS/PROGRAMMING, Section no. 54435",A-,12,Computer Science
Fall 2025,54435,C S, 303E,ELEMS OF COMPUTERS/PROGRAMMING,"C S-303E: ELEMS OF COMPUTERS/PROGRAMMING, Section no. 54435",A,77,Computer Science
Fall 2025,54440,C S, 303E,ELEMS OF COMPUTERS/PROGRAMMING,"C S-303E: ELEMS OF COMPUTERS/PROGRAMMING, Section no. 54440",Other,37,Computer Science
Fall 2025,54440,C S, 303E,ELEMS OF COMPUTERS/PROGRAMMING,"C S-303E: ELEMS OF COMPUTERS/PROGRAMMING, Section no. 54440",F,3,Computer Science
Fall 2025,54440,C S, 303E,ELEMS OF COMPUTERS/PROGRAMMING,"C S-303E: ELEMS OF COMPUTERS/PROGRAMMING, Section no. 54440",D,6,Computer Science
Fall 2025,54440,C S, 303E,ELEMS OF COMPUTERS/PROGRAMMING,"C S-303E: ELEMS OF COMPUTERS/PROGRAMMING, Section no. 54440",C-,7,Computer Science
Fall 2025,54440,C S, 303E,ELEMS OF COMPUTERS/PROGRAMMING,"C S-303E: ELEMS OF COMPUTERS/PROGRAMMING, Section no. 54440",C,5,Computer Science
Fall 2025,54440,C S, 303E,ELEMS OF COMPUTERS/PROGRAMMING,"C S-303E: ELEMS OF COMPUTERS/PROGRAMMING, Section no. 54440",C+,6,Computer Science
Fall 2025,54440,C S, 303E,ELEMS OF COMPUTERS/PROGRAMMING,"C S-303E: ELEMS OF COMPUTERS/PROGRAMMING, Section no. 54440",B-,4,Computer Science
Fall 2025,54440,C S, 303E,ELEMS OF COMPUTERS/PROGRAMMING,"C S-303E: ELEMS OF COMPUTERS/PROGRAMMING, Section no. 54440",B,14,Computer Science
Fall 2025,54440,C S, 303E,ELEMS OF COMPUTERS/PROGRAMMING,"C S-303E: ELEMS OF COMPUTERS/PROGRAMMING, Section no. 54440",B+,16,Computer Science
Fall 2025,54440,C S, 303E,ELEMS OF COMPUTERS/PROGRAMMING,"C S-303E: ELEMS OF COMPUTERS/PROGRAMMING, Section no. 54440",A-,14,Computer Science
Fall 2025,54440,C S, 303E,ELEMS OF COMPUTERS/PROGRAMMING,"C S-303E: ELEMS OF COMPUTERS/PROGRAMMING, Section no. 54440",A,70,Computer Science
Fall 2025,54445,C S, 104C,COMPETITIVE PROGRAMMING,"C S-104C: COMPETITIVE PROGRAMMING, Section no. 54445",Other,14,Computer Science
Fall 2025,54445,C S, 104C,COMPETITIVE PROGRAMMING,"C S-104C: COMPETITIVE PROGRAMMING, Section no. 54445",B,5,Computer Science
Fall 2025,54445,C S, 104C,COMPETITIVE PROGRAMMING,"C S-104C: COMPETITIVE PROGRAMMING, Section no. 54445",A,20,Computer Science
Fall 2025,54450,C S, 304I,ESSENTIALS OF AI LIFE/SOCTY,"C S-304I: ESSENTIALS OF AI LIFE/SOCTY, Section no. 54450",Other,2,Computer Science
Fall 2025,54450,C S, 304I,ESSENTIALS OF AI LIFE/SOCTY,"C S-304I: ESSENTIALS OF AI LIFE/SOCTY, Section no. 54450",F,6,Computer Science
Fall 2025,54450,C S, 304I,ESSENTIALS OF AI LIFE/SOCTY,"C S-304I: ESSENTIALS OF AI LIFE/SOCTY, Section no. 54450",D,1,Computer Science
Fall 2025,54450,C S, 304I,ESSENTIALS OF AI LIFE/SOCTY,"C S-304I: ESSENTIALS OF AI LIFE/SOCTY, Section no. 54450",C-,3,Computer Science
Fall 2025,54450,C S, 304I,ESSENTIALS OF AI LIFE/SOCTY,"C S-304I: ESSENTIALS OF AI LIFE/SOCTY, Section no. 54450",C,1,Computer Science
Fall 2025,54450,C S, 304I,ESSENTIALS OF AI LIFE/SOCTY,"C S-304I: ESSENTIALS OF AI LIFE/SOCTY, Section no. 54450",C+,2,Computer Science
Fall 2025,54450,C S, 304I,ESSENTIALS OF AI LIFE/SOCTY,"C S-304I: ESSENTIALS OF AI LIFE/SOCTY, Section no. 54450",B-,6,Computer Science
Fall 2025,54450,C S, 304I,ESSENTIALS OF AI LIFE/SOCTY,"C S-304I: ESSENTIALS OF AI LIFE/SOCTY, Section no. 54450",B,6,Computer Science
Fall 2025,54450,C S, 304I,ESSENTIALS OF AI LIFE/SOCTY,"C S-304I: ESSENTIALS OF AI LIFE/SOCTY, Section no. 54450",B+,8,Computer Science
Fall 2025,54450,C S, 304I,ESSENTIALS OF AI LIFE/SOCTY,"C S-304I: ESSENTIALS OF AI LIFE/SOCTY, Section no. 54450",A-,6,Computer Science
Fall 2025,54450,C S, 304I,ESSENTIALS OF AI LIFE/SOCTY,"C S-304I: ESSENTIALS OF AI LIFE/SOCTY, Section no. 54450",A,78,Computer Science
Fall 2025,54452,C S, 109,THINK LAB,"C S-109: THINK LAB, Section no. 54452",C,1,Computer Science
Fall 2025,54452,C S, 109,THINK LAB,"C S-109: THINK LAB, Section no. 54452",B+,1,Computer Science
Fall 2025,54452,C S, 109,THINK LAB,"C S-109: THINK LAB, Section no. 54452",A-,1,Computer Science
Fall 2025,54452,C S, 109,THINK LAB,"C S-109: THINK LAB, Section no. 54452",A,20,Computer Science
Fall 2025,54454,C S, 109,THINK LAB,"C S-109: THINK LAB, Section no. 54454",C-,1,Computer Science
Fall 2025,54454,C S, 109,THINK LAB,"C S-109: THINK LAB, Section no. 54454",C,1,Computer Science
Fall 2025,54454,C S, 109,THINK LAB,"C S-109: THINK LAB, Section no. 54454",B,4,Computer Science
Fall 2025,54454,C S, 109,THINK LAB,"C S-109: THINK LAB, Section no. 54454",B+,1,Computer Science
Fall 2025,54454,C S, 109,THINK LAB,"C S-109: THINK LAB, Section no. 54454",A,9,Computer Science
Fall 2025,54455,C S, 311,DISCRETE MATH FOR COMPUTER SCI,"C S-311: DISCRETE MATH FOR COMPUTER SCI, Section no. 54455",C+,1,Computer Science
Fall 2025,54455,C S, 311,DISCRETE MATH FOR COMPUTER SCI,"C S-311: DISCRETE MATH FOR COMPUTER SCI, Section no. 54455",B-,3,Computer Science
Fall 2025,54455,C S, 311,DISCRETE MATH FOR COMPUTER SCI,"C S-311: DISCRETE MATH FOR COMPUTER SCI, Section no. 54455",B,3,Computer Science
Fall 2025,54455,C S, 311,DISCRETE MATH FOR COMPUTER SCI,"C S-311: DISCRETE MATH FOR COMPUTER SCI, Section no. 54455",B+,5,Computer Science
Fall 2025,54455,C S, 311,DISCRETE MATH FOR COMPUTER SCI,"C S-311: DISCRETE MATH FOR COMPUTER SCI, Section no. 54455",A-,7,Computer Science
Fall 2025,54455,C S, 311,DISCRETE MATH FOR COMPUTER SCI,"C S-311: DISCRETE MATH FOR COMPUTER SCI, Section no. 54455",A,4,Computer Science
Fall 2025,54456,C S, 311,DISCRETE MATH FOR COMPUTER SCI,"C S-311: DISCRETE MATH FOR COMPUTER SCI, Section no. 54456",Other,1,Computer Science
Fall 2025,54456,C S, 311,DISCRETE MATH FOR COMPUTER SCI,"C S-311: DISCRETE MATH FOR COMPUTER SCI, Section no. 54456",C,1,Computer Science
Fall 2025,54456,C S, 311,DISCRETE MATH FOR COMPUTER SCI,"C S-311: DISCRETE MATH FOR COMPUTER SCI, Section no. 54456",C+,3,Computer Science
Fall 2025,54456,C S, 311,DISCRETE MATH FOR COMPUTER SCI,"C S-311: DISCRETE MATH FOR COMPUTER SCI, Section no. 54456",B-,4,Computer Science
Fall 2025,54456,C S, 311,DISCRETE MATH FOR COMPUTER SCI,"C S-311: DISCRETE MATH FOR COMPUTER SCI, Section no. 54456",B+,2,Computer Science
Fall 2025,54456,C S, 311,DISCRETE MATH FOR COMPUTER SCI,"C S-311: DISCRETE MATH FOR COMPUTER SCI, Section no. 54456",A-,4,Computer Science
Fall 2025,54456,C S, 311,DISCRETE MATH FOR COMPUTER SCI,"C S-311: DISCRETE MATH FOR COMPUTER SCI, Section no. 54456",A,6,Computer Science
Fall 2025,54457,C S, 109,THINK LAB,"C S-109: THINK LAB, Section no. 54457",C,1,Computer Science
Fall 2025,54457,C S, 109,THINK LAB,"C S-109: THINK LAB, Section no. 54457",C+,1,Computer Science
Fall 2025,54457,C S, 109,THINK LAB,"C S-109: THINK LAB, Section no. 54457",B,2,Computer Science
Fall 2025,54457,C S, 109,THINK LAB,"C S-109: THINK LAB, Section no. 54457",B+,2,Computer Science
Fall 2025,54457,C S, 109,THINK LAB,"C S-109: THINK LAB, Section no. 54457",A,11,Computer Science
Fall 2025,54460,C S, 311,DISCRETE MATH FOR COMPUTER SCI,"C S-311: DISCRETE MATH FOR COMPUTER SCI, Section no. 54460",D,1,Computer Science
Fall 2025,54460,C S, 311,DISCRETE MATH FOR COMPUTER SCI,"C S-311: DISCRETE MATH FOR COMPUTER SCI, Section no. 54460",C-,1,Computer Science
Fall 2025,54460,C S, 311,DISCRETE MATH FOR COMPUTER SCI,"C S-311: DISCRETE MATH FOR COMPUTER SCI, Section no. 54460",C,1,Computer Science
Fall 2025,54460,C S, 311,DISCRETE MATH FOR COMPUTER SCI,"C S-311: DISCRETE MATH FOR COMPUTER SCI, Section no. 54460",C+,2,Computer Science
Fall 2025,54460,C S, 311,DISCRETE MATH FOR COMPUTER SCI,"C S-311: DISCRETE MATH FOR COMPUTER SCI, Section no. 54460",B-,5,Computer Science
Fall 2025,54460,C S, 311,DISCRETE MATH FOR COMPUTER SCI,"C S-311: DISCRETE MATH FOR COMPUTER SCI, Section no. 54460",B,5,Computer Science
Fall 2025,54460,C S, 311,DISCRETE MATH FOR COMPUTER SCI,"C S-311: DISCRETE MATH FOR COMPUTER SCI, Section no. 54460",B+,3,Computer Science
Fall 2025,54460,C S, 311,DISCRETE MATH FOR COMPUTER SCI,"C S-311: DISCRETE MATH FOR COMPUTER SCI, Section no. 54460",A-,1,Computer Science
Fall 2025,54460,C S, 311,DISCRETE MATH FOR COMPUTER SCI,"C S-311: DISCRETE MATH FOR COMPUTER SCI, Section no. 54460",A,6,Computer Science
Fall 2025,54461,C S, 109,THINK LAB,"C S-109: THINK LAB, Section no. 54461",F,1,Computer Science
Fall 2025,54461,C S, 109,THINK LAB,"C S-109: THINK LAB, Section no. 54461",C,1,Computer Science
Fall 2025,54461,C S, 109,THINK LAB,"C S-109: THINK LAB, Section no. 54461",A,20,Computer Science
Fall 2025,54463,C S, 109,THINK LAB,"C S-109: THINK LAB, Section no. 54463",Other,1,Computer Science
Fall 2025,54463,C S, 109,THINK LAB,"C S-109: THINK LAB, Section no. 54463",B,2,Computer Science
Fall 2025,54463,C S, 109,THINK LAB,"C S-109: THINK LAB, Section no. 54463",A,25,Computer Science
Fall 2025,54465,C S, 311,DISCRETE MATH FOR COMPUTER SCI,"C S-311: DISCRETE MATH FOR COMPUTER SCI, Section no. 54465",C-,1,Computer Science
Fall 2025,54465,C S, 311,DISCRETE MATH FOR COMPUTER SCI,"C S-311: DISCRETE MATH FOR COMPUTER SCI, Section no. 54465",C,3,Computer Science
Fall 2025,54465,C S, 311,DISCRETE MATH FOR COMPUTER SCI,"C S-311: DISCRETE MATH FOR COMPUTER SCI, Section no. 54465",B-,4,Computer Science
Fall 2025,54465,C S, 311,DISCRETE MATH FOR COMPUTER SCI,"C S-311: DISCRETE MATH FOR COMPUTER SCI, Section no. 54465",B,4,Computer Science
Fall 2025,54465,C S, 311,DISCRETE MATH FOR COMPUTER SCI,"C S-311: DISCRETE MATH FOR COMPUTER SCI, Section no. 54465",B+,5,Computer Science
Fall 2025,54465,C S, 311,DISCRETE MATH FOR COMPUTER SCI,"C S-311: DISCRETE MATH FOR COMPUTER SCI, Section no. 54465",A-,5,Computer Science
Fall 2025,54465,C S, 311,DISCRETE MATH FOR COMPUTER SCI,"C S-311: DISCRETE MATH FOR COMPUTER SCI, Section no. 54465",A,2,Computer Science
Fall 2025,54466,C S, 109,THINK LAB,"C S-109: THINK LAB, Section no. 54466",B,1,Computer Science
Fall 2025,54466,C S, 109,THINK LAB,"C S-109: THINK LAB, Section no. 54466",A-,1,Computer Science
Fall 2025,54466,C S, 109,THINK LAB,"C S-109: THINK LAB, Section no. 54466",A,17,Computer Science
Fall 2025,54469,C S, 109,THINK LAB,"C S-109: THINK LAB, Section no. 54469",B,2,Computer Science
Fall 2025,54469,C S, 109,THINK LAB,"C S-109: THINK LAB, Section no. 54469",B+,1,Computer Science
Fall 2025,54469,C S, 109,THINK LAB,"C S-109: THINK LAB, Section no. 54469",A,21,Computer Science
Fall 2025,54470,C S, 311,DISCRETE MATH FOR COMPUTER SCI,"C S-311: DISCRETE MATH FOR COMPUTER SCI, Section no. 54470",Other,1,Computer Science
Fall 2025,54470,C S, 311,DISCRETE MATH FOR COMPUTER SCI,"C S-311: DISCRETE MATH FOR COMPUTER SCI, Section no. 54470",C-,2,Computer Science
Fall 2025,54470,C S, 311,DISCRETE MATH FOR COMPUTER SCI,"C S-311: DISCRETE MATH FOR COMPUTER SCI, Section no. 54470",C,2,Computer Science
Fall 2025,54470,C S, 311,DISCRETE MATH FOR COMPUTER SCI,"C S-311: DISCRETE MATH FOR COMPUTER SCI, Section no. 54470",B-,6,Computer Science
Fall 2025,54470,C S, 311,DISCRETE MATH FOR COMPUTER SCI,"C S-311: DISCRETE MATH FOR COMPUTER SCI, Section no. 54470",B,4,Computer Science
Fall 2025,54470,C S, 311,DISCRETE MATH FOR COMPUTER SCI,"C S-311: DISCRETE MATH FOR COMPUTER SCI, Section no. 54470",A-,3,Computer Science
Fall 2025,54470,C S, 311,DISCRETE MATH FOR COMPUTER SCI,"C S-311: DISCRETE MATH FOR COMPUTER SCI, Section no. 54470",A,7,Computer Science
Fall 2025,54471,C S, 109,THINK LAB,"C S-109: THINK LAB, Section no. 54471",Other,1,Computer Science
Fall 2025,54471,C S, 109,THINK LAB,"C S-109: THINK LAB, Section no. 54471",C+,1,Computer Science
Fall 2025,54471,C S, 109,THINK LAB,"C S-109: THINK LAB, Section no. 54471",A,11,Computer Science
Fall 2025,54473,C S, 109,THINK LAB,"C S-109: THINK LAB, Section no. 54473",Other,2,Computer Science
Fall 2025,54473,C S, 109,THINK LAB,"C S-109: THINK LAB, Section no. 54473",A,22,Computer Science
Fall 2025,54474,C S, 109,THINK LAB,"C S-109: THINK LAB, Section no. 54474",Other,1,Computer Science
Fall 2025,54474,C S, 109,THINK LAB,"C S-109: THINK LAB, Section no. 54474",F,1,Computer Science
Fall 2025,54474,C S, 109,THINK LAB,"C S-109: THINK LAB, Section no. 54474",C-,1,Computer Science
Fall 2025,54474,C S, 109,THINK LAB,"C S-109: THINK LAB, Section no. 54474",C,1,Computer Science
Fall 2025,54474,C S, 109,THINK LAB,"C S-109: THINK LAB, Section no. 54474",B,3,Computer Science
Fall 2025,54474,C S, 109,THINK LAB,"C S-109: THINK LAB, Section no. 54474",A,18,Computer Science
Fall 2025,54475,C S, 311,DISCRETE MATH FOR COMPUTER SCI,"C S-311: DISCRETE MATH FOR COMPUTER SCI, Section no. 54475",D,1,Computer Science
Fall 2025,54475,C S, 311,DISCRETE MATH FOR COMPUTER SCI,"C S-311: DISCRETE MATH FOR COMPUTER SCI, Section no. 54475",C-,1,Computer Science
Fall 2025,54475,C S, 311,DISCRETE MATH FOR COMPUTER SCI,"C S-311: DISCRETE MATH FOR COMPUTER SCI, Section no. 54475",C,1,Computer Science
Fall 2025,54475,C S, 311,DISCRETE MATH FOR COMPUTER SCI,"C S-311: DISCRETE MATH FOR COMPUTER SCI, Section no. 54475",C+,2,Computer Science
Fall 2025,54475,C S, 311,DISCRETE MATH FOR COMPUTER SCI,"C S-311: DISCRETE MATH FOR COMPUTER SCI, Section no. 54475",B-,3,Computer Science
Fall 2025,54475,C S, 311,DISCRETE MATH FOR COMPUTER SCI,"C S-311: DISCRETE MATH FOR COMPUTER SCI, Section no. 54475",B,5,Computer Science
Fall 2025,54475,C S, 311,DISCRETE MATH FOR COMPUTER SCI,"C S-311: DISCRETE MATH FOR COMPUTER SCI, Section no. 54475",B+,3,Computer Science
Fall 2025,54475,C S, 311,DISCRETE MATH FOR COMPUTER SCI,"C S-311: DISCRETE MATH FOR COMPUTER SCI, Section no. 54475",A-,3,Computer Science
Fall 2025,54475,C S, 311,DISCRETE MATH FOR COMPUTER SCI,"C S-311: DISCRETE MATH FOR COMPUTER SCI, Section no. 54475",A,6,Computer Science
Fall 2025,54476,C S, 311,DISCRETE MATH FOR COMPUTER SCI,"C S-311: DISCRETE MATH FOR COMPUTER SCI, Section no. 54476",Other,6,Computer Science
Fall 2025,54476,C S, 311,DISCRETE MATH FOR COMPUTER SCI,"C S-311: DISCRETE MATH FOR COMPUTER SCI, Section no. 54476",F,7,Computer Science
Fall 2025,54476,C S, 311,DISCRETE MATH FOR COMPUTER SCI,"C S-311: DISCRETE MATH FOR COMPUTER SCI, Section no. 54476",D,5,Computer Science
Fall 2025,54476,C S, 311,DISCRETE MATH FOR COMPUTER SCI,"C S-311: DISCRETE MATH FOR COMPUTER SCI, Section no. 54476",C-,4,Computer Science
Fall 2025,54476,C S, 311,DISCRETE MATH FOR COMPUTER SCI,"C S-311: DISCRETE MATH FOR COMPUTER SCI, Section no. 54476",C+,1,Computer Science
Fall 2025,54476,C S, 311,DISCRETE MATH FOR COMPUTER SCI,"C S-311: DISCRETE MATH FOR COMPUTER SCI, Section no. 54476",B-,2,Computer Science
Fall 2025,54478,C S, 109,THINK LAB,"C S-109: THINK LAB, Section no. 54478",F,1,Computer Science
Fall 2025,54478,C S, 109,THINK LAB,"C S-109: THINK LAB, Section no. 54478",B,1,Computer Science
Fall 2025,54478,C S, 109,THINK LAB,"C S-109: THINK LAB, Section no. 54478",A,21,Computer Science
Fall 2025,54479,C S, 109,THINK LAB,"C S-109: THINK LAB, Section no. 54479",Other,1,Computer Science
Fall 2025,54479,C S, 109,THINK LAB,"C S-109: THINK LAB, Section no. 54479",B+,1,Computer Science
Fall 2025,54479,C S, 109,THINK LAB,"C S-109: THINK LAB, Section no. 54479",A,18,Computer Science
Fall 2025,54480,C S, 311,DISCRETE MATH FOR COMPUTER SCI,"C S-311: DISCRETE MATH FOR COMPUTER SCI, Section no. 54480",Other,2,Computer Science
Fall 2025,54480,C S, 311,DISCRETE MATH FOR COMPUTER SCI,"C S-311: DISCRETE MATH FOR COMPUTER SCI, Section no. 54480",C-,2,Computer Science
Fall 2025,54480,C S, 311,DISCRETE MATH FOR COMPUTER SCI,"C S-311: DISCRETE MATH FOR COMPUTER SCI, Section no. 54480",C,1,Computer Science
Fall 2025,54480,C S, 311,DISCRETE MATH FOR COMPUTER SCI,"C S-311: DISCRETE MATH FOR COMPUTER SCI, Section no. 54480",C+,1,Computer Science
Fall 2025,54480,C S, 311,DISCRETE MATH FOR COMPUTER SCI,"C S-311: DISCRETE MATH FOR COMPUTER SCI, Section no. 54480",B-,5,Computer Science
Fall 2025,54480,C S, 311,DISCRETE MATH FOR COMPUTER SCI,"C S-311: DISCRETE MATH FOR COMPUTER SCI, Section no. 54480",B,2,Computer Science
Fall 2025,54480,C S, 311,DISCRETE MATH FOR COMPUTER SCI,"C S-311: DISCRETE MATH FOR COMPUTER SCI, Section no. 54480",B+,2,Computer Science
Fall 2025,54480,C S, 311,DISCRETE MATH FOR COMPUTER SCI,"C S-311: DISCRETE MATH FOR COMPUTER SCI, Section no. 54480",A-,4,Computer Science
Fall 2025,54480,C S, 311,DISCRETE MATH FOR COMPUTER SCI,"C S-311: DISCRETE MATH FOR COMPUTER SCI, Section no. 54480",A,5,Computer Science
Fall 2025,54481,C S, 109,THINK LAB,"C S-109: THINK LAB, Section no. 54481",B,3,Computer Science
Fall 2025,54481,C S, 109,THINK LAB,"C S-109: THINK LAB, Section no. 54481",A,22,Computer Science
Fall 2025,54484,C S, 109,THINK LAB,"C S-109: THINK LAB, Section no. 54484",Other,1,Computer Science
Fall 2025,54484,C S, 109,THINK LAB,"C S-109: THINK LAB, Section no. 54484",B,1,Computer Science
Fall 2025,54484,C S, 109,THINK LAB,"C S-109: THINK LAB, Section no. 54484",A-,1,Computer Science
Fall 2025,54484,C S, 109,THINK LAB,"C S-109: THINK LAB, Section no. 54484",A,17,Computer Science
Fall 2025,54485,C S, 311,DISCRETE MATH FOR COMPUTER SCI,"C S-311: DISCRETE MATH FOR COMPUTER SCI, Section no. 54485",Other,1,Computer Science
Fall 2025,54485,C S, 311,DISCRETE MATH FOR COMPUTER SCI,"C S-311: DISCRETE MATH FOR COMPUTER SCI, Section no. 54485",C-,2,Computer Science
Fall 2025,54485,C S, 311,DISCRETE MATH FOR COMPUTER SCI,"C S-311: DISCRETE MATH FOR COMPUTER SCI, Section no. 54485",C,2,Computer Science
Fall 2025,54485,C S, 311,DISCRETE MATH FOR COMPUTER SCI,"C S-311: DISCRETE MATH FOR COMPUTER SCI, Section no. 54485",C+,1,Computer Science
Fall 2025,54485,C S, 311,DISCRETE MATH FOR COMPUTER SCI,"C S-311: DISCRETE MATH FOR COMPUTER SCI, Section no. 54485",B-,4,Computer Science
Fall 2025,54485,C S, 311,DISCRETE MATH FOR COMPUTER SCI,"C S-311: DISCRETE MATH FOR COMPUTER SCI, Section no. 54485",B,2,Computer Science
Fall 2025,54485,C S, 311,DISCRETE MATH FOR COMPUTER SCI,"C S-311: DISCRETE MATH FOR COMPUTER SCI, Section no. 54485",B+,3,Computer Science
Fall 2025,54485,C S, 311,DISCRETE MATH FOR COMPUTER SCI,"C S-311: DISCRETE MATH FOR COMPUTER SCI, Section no. 54485",A-,2,Computer Science
Fall 2025,54485,C S, 311,DISCRETE MATH FOR COMPUTER SCI,"C S-311: DISCRETE MATH FOR COMPUTER SCI, Section no. 54485",A,4,Computer Science
Fall 2025,54488,C S, 109,THINK LAB,"C S-109: THINK LAB, Section no. 54488",C-,1,Computer Science
Fall 2025,54488,C S, 109,THINK LAB,"C S-109: THINK LAB, Section no. 54488",C,1,Computer Science
Fall 2025,54488,C S, 109,THINK LAB,"C S-109: THINK LAB, Section no. 54488",C+,1,Computer Science
Fall 2025,54488,C S, 109,THINK LAB,"C S-109: THINK LAB, Section no. 54488",B+,1,Computer Science
Fall 2025,54488,C S, 109,THINK LAB,"C S-109: THINK LAB, Section no. 54488",A,22,Computer Science
Fall 2025,54489,C S, 109,THINK LAB,"C S-109: THINK LAB, Section no. 54489",B,1,Computer Science
Fall 2025,54489,C S, 109,THINK LAB,"C S-109: THINK LAB, Section no. 54489",B+,1,Computer Science
Fall 2025,54489,C S, 109,THINK LAB,"C S-109: THINK LAB, Section no. 54489",A,19,Computer Science
Fall 2025,54490,C S, 311,DISCRETE MATH FOR COMPUTER SCI,"C S-311: DISCRETE MATH FOR COMPUTER SCI, Section no. 54490",Other,4,Computer Science
Fall 2025,54490,C S, 311,DISCRETE MATH FOR COMPUTER SCI,"C S-311: DISCRETE MATH FOR COMPUTER SCI, Section no. 54490",C-,1,Computer Science
Fall 2025,54490,C S, 311,DISCRETE MATH FOR COMPUTER SCI,"C S-311: DISCRETE MATH FOR COMPUTER SCI, Section no. 54490",C,2,Computer Science
Fall 2025,54490,C S, 311,DISCRETE MATH FOR COMPUTER SCI,"C S-311: DISCRETE MATH FOR COMPUTER SCI, Section no. 54490",C+,3,Computer Science
Fall 2025,54490,C S, 311,DISCRETE MATH FOR COMPUTER SCI,"C S-311: DISCRETE MATH FOR COMPUTER SCI, Section no. 54490",B-,2,Computer Science
Fall 2025,54490,C S, 311,DISCRETE MATH FOR COMPUTER SCI,"C S-311: DISCRETE MATH FOR COMPUTER SCI, Section no. 54490",B,2,Computer Science
Fall 2025,54490,C S, 311,DISCRETE MATH FOR COMPUTER SCI,"C S-311: DISCRETE MATH FOR COMPUTER SCI, Section no. 54490",B+,1,Computer Science
Fall 2025,54490,C S, 311,DISCRETE MATH FOR COMPUTER SCI,"C S-311: DISCRETE MATH FOR COMPUTER SCI, Section no. 54490",A-,4,Computer Science
Fall 2025,54490,C S, 311,DISCRETE MATH FOR COMPUTER SCI,"C S-311: DISCRETE MATH FOR COMPUTER SCI, Section no. 54490",A,5,Computer Science
Fall 2025,54493,C S, 109,THINK LAB,"C S-109: THINK LAB, Section no. 54493",C,1,Computer Science
Fall 2025,54493,C S, 109,THINK LAB,"C S-109: THINK LAB, Section no. 54493",B,1,Computer Science
Fall 2025,54493,C S, 109,THINK LAB,"C S-109: THINK LAB, Section no. 54493",B+,1,Computer Science
Fall 2025,54493,C S, 109,THINK LAB,"C S-109: THINK LAB, Section no. 54493",A,21,Computer Science
Fall 2025,54494,C S, 109,THINK LAB,"C S-109: THINK LAB, Section no. 54494",C+,1,Computer Science
Fall 2025,54494,C S, 109,THINK LAB,"C S-109: THINK LAB, Section no. 54494",B,1,Computer Science
Fall 2025,54494,C S, 109,THINK LAB,"C S-109: THINK LAB, Section no. 54494",A,16,Computer Science
Fall 2025,54495,C S, 311,DISCRETE MATH FOR COMPUTER SCI,"C S-311: DISCRETE MATH FOR COMPUTER SCI, Section no. 54495",Other,1,Computer Science
Fall 2025,54495,C S, 311,DISCRETE MATH FOR COMPUTER SCI,"C S-311: DISCRETE MATH FOR COMPUTER SCI, Section no. 54495",C-,2,Computer Science
Fall 2025,54495,C S, 311,DISCRETE MATH FOR COMPUTER SCI,"C S-311: DISCRETE MATH FOR COMPUTER SCI, Section no. 54495",C,2,Computer Science
Fall 2025,54495,C S, 311,DISCRETE MATH FOR COMPUTER SCI,"C S-311: DISCRETE MATH FOR COMPUTER SCI, Section no. 54495",C+,2,Computer Science
Fall 2025,54495,C S, 311,DISCRETE MATH FOR COMPUTER SCI,"C S-311: DISCRETE MATH FOR COMPUTER SCI, Section no. 54495",B-,9,Computer Science
Fall 2025,54495,C S, 311,DISCRETE MATH FOR COMPUTER SCI,"C S-311: DISCRETE MATH FOR COMPUTER SCI, Section no. 54495",B,2,Computer Science
Fall 2025,54495,C S, 311,DISCRETE MATH FOR COMPUTER SCI,"C S-311: DISCRETE MATH FOR COMPUTER SCI, Section no. 54495",A-,1,Computer Science
Fall 2025,54495,C S, 311,DISCRETE MATH FOR COMPUTER SCI,"C S-311: DISCRETE MATH FOR COMPUTER SCI, Section no. 54495",A,4,Computer Science
Fall 2025,54496,C S, 109,THINK LAB,"C S-109: THINK LAB, Section no. 54496",C+,1,Computer Science
Fall 2025,54496,C S, 109,THINK LAB,"C S-109: THINK LAB, Section no. 54496",B,1,Computer Science
Fall 2025,54496,C S, 109,THINK LAB,"C S-109: THINK LAB, Section no. 54496",B+,1,Computer Science
Fall 2025,54496,C S, 109,THINK LAB,"C S-109: THINK LAB, Section no. 54496",A,18,Computer Science
Fall 2025,54500,C S, 311,DISCRETE MATH FOR COMPUTER SCI,"C S-311: DISCRETE MATH FOR COMPUTER SCI, Section no. 54500",Other,1,Computer Science
Fall 2025,54500,C S, 311,DISCRETE MATH FOR COMPUTER SCI,"C S-311: DISCRETE MATH FOR COMPUTER SCI, Section no. 54500",F,1,Computer Science
Fall 2025,54500,C S, 311,DISCRETE MATH FOR COMPUTER SCI,"C S-311: DISCRETE MATH FOR COMPUTER SCI, Section no. 54500",C-,2,Computer Science
Fall 2025,54500,C S, 311,DISCRETE MATH FOR COMPUTER SCI,"C S-311: DISCRETE MATH FOR COMPUTER SCI, Section no. 54500",C,1,Computer Science
Fall 2025,54500,C S, 311,DISCRETE MATH FOR COMPUTER SCI,"C S-311: DISCRETE MATH FOR COMPUTER SCI, Section no. 54500",C+,1,Computer Science
Fall 2025,54500,C S, 311,DISCRETE MATH FOR COMPUTER SCI,"C S-311: DISCRETE MATH FOR COMPUTER SCI, Section no. 54500",B-,4,Computer Science
Fall 2025,54500,C S, 311,DISCRETE MATH FOR COMPUTER SCI,"C S-311: DISCRETE MATH FOR COMPUTER SCI, Section no. 54500",B,4,Computer Science
Fall 2025,54500,C S, 311,DISCRETE MATH FOR COMPUTER SCI,"C S-311: DISCRETE MATH FOR COMPUTER SCI, Section no. 54500",B+,4,Computer Science
Fall 2025,54500,C S, 311,DISCRETE MATH FOR COMPUTER SCI,"C S-311: DISCRETE MATH FOR COMPUTER SCI, Section no. 54500",A-,2,Computer Science
Fall 2025,54500,C S, 311,DISCRETE MATH FOR COMPUTER SCI,"C S-311: DISCRETE MATH FOR COMPUTER SCI, Section no. 54500",A,4,Computer Science
Fall 2025,54502,C S, 311,DISCRETE MATH FOR COMPUTER SCI,"C S-311: DISCRETE MATH FOR COMPUTER SCI, Section no. 54502",D,1,Computer Science
Fall 2025,54502,C S, 311,DISCRETE MATH FOR COMPUTER SCI,"C S-311: DISCRETE MATH FOR COMPUTER SCI, Section no. 54502",C,1,Computer Science
Fall 2025,54502,C S, 311,DISCRETE MATH FOR COMPUTER SCI,"C S-311: DISCRETE MATH FOR COMPUTER SCI, Section no. 54502",C+,3,Computer Science
Fall 2025,54502,C S, 311,DISCRETE MATH FOR COMPUTER SCI,"C S-311: DISCRETE MATH FOR COMPUTER SCI, Section no. 54502",B-,3,Computer Science
Fall 2025,54502,C S, 311,DISCRETE MATH FOR COMPUTER SCI,"C S-311: DISCRETE MATH FOR COMPUTER SCI, Section no. 54502",B,4,Computer Science
Fall 2025,54502,C S, 311,DISCRETE MATH FOR COMPUTER SCI,"C S-311: DISCRETE MATH FOR COMPUTER SCI, Section no. 54502",B+,4,Computer Science
Fall 2025,54502,C S, 311,DISCRETE MATH FOR COMPUTER SCI,"C S-311: DISCRETE MATH FOR COMPUTER SCI, Section no. 54502",A-,2,Computer Science
Fall 2025,54502,C S, 311,DISCRETE MATH FOR COMPUTER SCI,"C S-311: DISCRETE MATH FOR COMPUTER SCI, Section no. 54502",A,4,Computer Science
Fall 2025,54503,C S, 311,DISCRETE MATH FOR COMPUTER SCI,"C S-311: DISCRETE MATH FOR COMPUTER SCI, Section no. 54503",Other,1,Computer Science
Fall 2025,54503,C S, 311,DISCRETE MATH FOR COMPUTER SCI,"C S-311: DISCRETE MATH FOR COMPUTER SCI, Section no. 54503",D,4,Computer Science
Fall 2025,54503,C S, 311,DISCRETE MATH FOR COMPUTER SCI,"C S-311: DISCRETE MATH FOR COMPUTER SCI, Section no. 54503",C-,2,Computer Science
Fall 2025,54503,C S, 311,DISCRETE MATH FOR COMPUTER SCI,"C S-311: DISCRETE MATH FOR COMPUTER SCI, Section no. 54503",C+,1,Computer Science
Fall 2025,54503,C S, 311,DISCRETE MATH FOR COMPUTER SCI,"C S-311: DISCRETE MATH FOR COMPUTER SCI, Section no. 54503",B-,1,Computer Science
Fall 2025,54503,C S, 311,DISCRETE MATH FOR COMPUTER SCI,"C S-311: DISCRETE MATH FOR COMPUTER SCI, Section no. 54503",B,2,Computer Science
Fall 2025,54503,C S, 311,DISCRETE MATH FOR COMPUTER SCI,"C S-311: DISCRETE MATH FOR COMPUTER SCI, Section no. 54503",B+,5,Computer Science
Fall 2025,54503,C S, 311,DISCRETE MATH FOR COMPUTER SCI,"C S-311: DISCRETE MATH FOR COMPUTER SCI, Section no. 54503",A-,3,Computer Science
Fall 2025,54503,C S, 311,DISCRETE MATH FOR COMPUTER SCI,"C S-311: DISCRETE MATH FOR COMPUTER SCI, Section no. 54503",A,3,Computer Science
Fall 2025,54504,C S, 311,DISCRETE MATH FOR COMPUTER SCI,"C S-311: DISCRETE MATH FOR COMPUTER SCI, Section no. 54504",Other,1,Computer Science
Fall 2025,54504,C S, 311,DISCRETE MATH FOR COMPUTER SCI,"C S-311: DISCRETE MATH FOR COMPUTER SCI, Section no. 54504",F,2,Computer Science
Fall 2025,54504,C S, 311,DISCRETE MATH FOR COMPUTER SCI,"C S-311: DISCRETE MATH FOR COMPUTER SCI, Section no. 54504",C-,2,Computer Science
Fall 2025,54504,C S, 311,DISCRETE MATH FOR COMPUTER SCI,"C S-311: DISCRETE MATH FOR COMPUTER SCI, Section no. 54504",C,3,Computer Science
Fall 2025,54504,C S, 311,DISCRETE MATH FOR COMPUTER SCI,"C S-311: DISCRETE MATH FOR COMPUTER SCI, Section no. 54504",B-,1,Computer Science
Fall 2025,54504,C S, 311,DISCRETE MATH FOR COMPUTER SCI,"C S-311: DISCRETE MATH FOR COMPUTER SCI, Section no. 54504",B,2,Computer Science
Fall 2025,54504,C S, 311,DISCRETE MATH FOR COMPUTER SCI,"C S-311: DISCRETE MATH FOR COMPUTER SCI, Section no. 54504",B+,1,Computer Science
Fall 2025,54504,C S, 311,DISCRETE MATH FOR COMPUTER SCI,"C S-311: DISCRETE MATH FOR COMPUTER SCI, Section no. 54504",A-,5,Computer Science
Fall 2025,54504,C S, 311,DISCRETE MATH FOR COMPUTER SCI,"C S-311: DISCRETE MATH FOR COMPUTER SCI, Section no. 54504",A,5,Computer Science
Fall 2025,54505,C S, 311,DISCRETE MATH FOR COMPUTER SCI,"C S-311: DISCRETE MATH FOR COMPUTER SCI, Section no. 54505",Other,1,Computer Science
Fall 2025,54505,C S, 311,DISCRETE MATH FOR COMPUTER SCI,"C S-311: DISCRETE MATH FOR COMPUTER SCI, Section no. 54505",F,2,Computer Science
Fall 2025,54505,C S, 311,DISCRETE MATH FOR COMPUTER SCI,"C S-311: DISCRETE MATH FOR COMPUTER SCI, Section no. 54505",C,3,Computer Science
Fall 2025,54505,C S, 311,DISCRETE MATH FOR COMPUTER SCI,"C S-311: DISCRETE MATH FOR COMPUTER SCI, Section no. 54505",C+,1,Computer Science
Fall 2025,54505,C S, 311,DISCRETE MATH FOR COMPUTER SCI,"C S-311: DISCRETE MATH FOR COMPUTER SCI, Section no. 54505",B-,1,Computer Science
Fall 2025,54505,C S, 311,DISCRETE MATH FOR COMPUTER SCI,"C S-311: DISCRETE MATH FOR COMPUTER SCI, Section no. 54505",B,2,Computer Science
Fall 2025,54505,C S, 311,DISCRETE MATH FOR COMPUTER SCI,"C S-311: DISCRETE MATH FOR COMPUTER SCI, Section no. 54505",B+,4,Computer Science
Fall 2025,54505,C S, 311,DISCRETE MATH FOR COMPUTER SCI,"C S-311: DISCRETE MATH FOR COMPUTER SCI, Section no. 54505",A-,5,Computer Science
Fall 2025,54505,C S, 311,DISCRETE MATH FOR COMPUTER SCI,"C S-311: DISCRETE MATH FOR COMPUTER SCI, Section no. 54505",A,3,Computer Science
Fall 2025,54510,C S, 311,DISCRETE MATH FOR COMPUTER SCI,"C S-311: DISCRETE MATH FOR COMPUTER SCI, Section no. 54510",D,1,Computer Science
Fall 2025,54510,C S, 311,DISCRETE MATH FOR COMPUTER SCI,"C S-311: DISCRETE MATH FOR COMPUTER SCI, Section no. 54510",C-,1,Computer Science
Fall 2025,54510,C S, 311,DISCRETE MATH FOR COMPUTER SCI,"C S-311: DISCRETE MATH FOR COMPUTER SCI, Section no. 54510",C+,1,Computer Science
Fall 2025,54510,C S, 311,DISCRETE MATH FOR COMPUTER SCI,"C S-311: DISCRETE MATH FOR COMPUTER SCI, Section no. 54510",B-,3,Computer Science
Fall 2025,54510,C S, 311,DISCRETE MATH FOR COMPUTER SCI,"C S-311: DISCRETE MATH FOR COMPUTER SCI, Section no. 54510",B,1,Computer Science
Fall 2025,54510,C S, 311,DISCRETE MATH FOR COMPUTER SCI,"C S-311: DISCRETE MATH FOR COMPUTER SCI, Section no. 54510",B+,3,Computer Science
Fall 2025,54510,C S, 311,DISCRETE MATH FOR COMPUTER SCI,"C S-311: DISCRETE MATH FOR COMPUTER SCI, Section no. 54510",A-,8,Computer Science
Fall 2025,54510,C S, 311,DISCRETE MATH FOR COMPUTER SCI,"C S-311: DISCRETE MATH FOR COMPUTER SCI, Section no. 54510",A,3,Computer Science
Fall 2025,54515,C S, 311,DISCRETE MATH FOR COMPUTER SCI,"C S-311: DISCRETE MATH FOR COMPUTER SCI, Section no. 54515",Other,2,Computer Science
Fall 2025,54515,C S, 311,DISCRETE MATH FOR COMPUTER SCI,"C S-311: DISCRETE MATH FOR COMPUTER SCI, Section no. 54515",F,1,Computer Science
Fall 2025,54515,C S, 311,DISCRETE MATH FOR COMPUTER SCI,"C S-311: DISCRETE MATH FOR COMPUTER SCI, Section no. 54515",C,3,Computer Science
Fall 2025,54515,C S, 311,DISCRETE MATH FOR COMPUTER SCI,"C S-311: DISCRETE MATH FOR COMPUTER SCI, Section no. 54515",C+,2,Computer Science
Fall 2025,54515,C S, 311,DISCRETE MATH FOR COMPUTER SCI,"C S-311: DISCRETE MATH FOR COMPUTER SCI, Section no. 54515",B-,6,Computer Science
Fall 2025,54515,C S, 311,DISCRETE MATH FOR COMPUTER SCI,"C S-311: DISCRETE MATH FOR COMPUTER SCI, Section no. 54515",B,2,Computer Science
Fall 2025,54515,C S, 311,DISCRETE MATH FOR COMPUTER SCI,"C S-311: DISCRETE MATH FOR COMPUTER SCI, Section no. 54515",B+,4,Computer Science
Fall 2025,54515,C S, 311,DISCRETE MATH FOR COMPUTER SCI,"C S-311: DISCRETE MATH FOR COMPUTER SCI, Section no. 54515",A-,2,Computer Science
Fall 2025,54515,C S, 311,DISCRETE MATH FOR COMPUTER SCI,"C S-311: DISCRETE MATH FOR COMPUTER SCI, Section no. 54515",A,1,Computer Science
Fall 2025,54520,C S, 311,DISCRETE MATH FOR COMPUTER SCI,"C S-311: DISCRETE MATH FOR COMPUTER SCI, Section no. 54520",Other,1,Computer Science
Fall 2025,54520,C S, 311,DISCRETE MATH FOR COMPUTER SCI,"C S-311: DISCRETE MATH FOR COMPUTER SCI, Section no. 54520",C,3,Computer Science
Fall 2025,54520,C S, 311,DISCRETE MATH FOR COMPUTER SCI,"C S-311: DISCRETE MATH FOR COMPUTER SCI, Section no. 54520",C+,2,Computer Science
Fall 2025,54520,C S, 311,DISCRETE MATH FOR COMPUTER SCI,"C S-311: DISCRETE MATH FOR COMPUTER SCI, Section no. 54520",B-,8,Computer Science
Fall 2025,54520,C S, 311,DISCRETE MATH FOR COMPUTER SCI,"C S-311: DISCRETE MATH FOR COMPUTER SCI, Section no. 54520",B,2,Computer Science
Fall 2025,54520,C S, 311,DISCRETE MATH FOR COMPUTER SCI,"C S-311: DISCRETE MATH FOR COMPUTER SCI, Section no. 54520",B+,1,Computer Science
Fall 2025,54520,C S, 311,DISCRETE MATH FOR COMPUTER SCI,"C S-311: DISCRETE MATH FOR COMPUTER SCI, Section no. 54520",A-,4,Computer Science
Fall 2025,54520,C S, 311,DISCRETE MATH FOR COMPUTER SCI,"C S-311: DISCRETE MATH FOR COMPUTER SCI, Section no. 54520",A,1,Computer Science
Fall 2025,54525,C S, 311H,DISCRETE MATH COMP SCI: HONORS,"C S-311H: DISCRETE MATH COMP SCI: HONORS, Section no. 54525",Other,7,Computer Science
Fall 2025,54525,C S, 311H,DISCRETE MATH COMP SCI: HONORS,"C S-311H: DISCRETE MATH COMP SCI: HONORS, Section no. 54525",B-,4,Computer Science
Fall 2025,54525,C S, 311H,DISCRETE MATH COMP SCI: HONORS,"C S-311H: DISCRETE MATH COMP SCI: HONORS, Section no. 54525",B,1,Computer Science
Fall 2025,54525,C S, 311H,DISCRETE MATH COMP SCI: HONORS,"C S-311H: DISCRETE MATH COMP SCI: HONORS, Section no. 54525",B+,8,Computer Science
Fall 2025,54525,C S, 311H,DISCRETE MATH COMP SCI: HONORS,"C S-311H: DISCRETE MATH COMP SCI: HONORS, Section no. 54525",A-,2,Computer Science
Fall 2025,54525,C S, 311H,DISCRETE MATH COMP SCI: HONORS,"C S-311H: DISCRETE MATH COMP SCI: HONORS, Section no. 54525",A,15,Computer Science
Fall 2025,54530,C S, 311H,DISCRETE MATH COMP SCI: HONORS,"C S-311H: DISCRETE MATH COMP SCI: HONORS, Section no. 54530",C,1,Computer Science
Fall 2025,54530,C S, 311H,DISCRETE MATH COMP SCI: HONORS,"C S-311H: DISCRETE MATH COMP SCI: HONORS, Section no. 54530",B-,2,Computer Science
Fall 2025,54530,C S, 311H,DISCRETE MATH COMP SCI: HONORS,"C S-311H: DISCRETE MATH COMP SCI: HONORS, Section no. 54530",B,3,Computer Science
Fall 2025,54530,C S, 311H,DISCRETE MATH COMP SCI: HONORS,"C S-311H: DISCRETE MATH COMP SCI: HONORS, Section no. 54530",B+,2,Computer Science
Fall 2025,54530,C S, 311H,DISCRETE MATH COMP SCI: HONORS,"C S-311H: DISCRETE MATH COMP SCI: HONORS, Section no. 54530",A-,7,Computer Science
Fall 2025,54530,C S, 311H,DISCRETE MATH COMP SCI: HONORS,"C S-311H: DISCRETE MATH COMP SCI: HONORS, Section no. 54530",A,15,Computer Science
Fall 2025,54535,C S, 311H,DISCRETE MATH COMP SCI: HONORS,"C S-311H: DISCRETE MATH COMP SCI: HONORS, Section no. 54535",Other,1,Computer Science
Fall 2025,54535,C S, 311H,DISCRETE MATH COMP SCI: HONORS,"C S-311H: DISCRETE MATH COMP SCI: HONORS, Section no. 54535",B-,1,Computer Science
Fall 2025,54535,C S, 311H,DISCRETE MATH COMP SCI: HONORS,"C S-311H: DISCRETE MATH COMP SCI: HONORS, Section no. 54535",B,2,Computer Science
Fall 2025,54535,C S, 311H,DISCRETE MATH COMP SCI: HONORS,"C S-311H: DISCRETE MATH COMP SCI: HONORS, Section no. 54535",B+,2,Computer Science
Fall 2025,54535,C S, 311H,DISCRETE MATH COMP SCI: HONORS,"C S-311H: DISCRETE MATH COMP SCI: HONORS, Section no. 54535",A-,8,Computer Science
Fall 2025,54535,C S, 311H,DISCRETE MATH COMP SCI: HONORS,"C S-311H: DISCRETE MATH COMP SCI: HONORS, Section no. 54535",A,9,Computer Science
Fall 2025,54540,C S, 312,INTRODUCTION TO PROGRAMMING,"C S-312: INTRODUCTION TO PROGRAMMING, Section no. 54540",Other,5,Computer Science
Fall 2025,54540,C S, 312,INTRODUCTION TO PROGRAMMING,"C S-312: INTRODUCTION TO PROGRAMMING, Section no. 54540",C,2,Computer Science
Fall 2025,54540,C S, 312,INTRODUCTION TO PROGRAMMING,"C S-312: INTRODUCTION TO PROGRAMMING, Section no. 54540",C+,1,Computer Science
Fall 2025,54540,C S, 312,INTRODUCTION TO PROGRAMMING,"C S-312: INTRODUCTION TO PROGRAMMING, Section no. 54540",B-,4,Computer Science
Fall 2025,54540,C S, 312,INTRODUCTION TO PROGRAMMING,"C S-312: INTRODUCTION TO PROGRAMMING, Section no. 54540",B,2,Computer Science
Fall 2025,54540,C S, 312,INTRODUCTION TO PROGRAMMING,"C S-312: INTRODUCTION TO PROGRAMMING, Section no. 54540",B+,3,Computer Science
Fall 2025,54540,C S, 312,INTRODUCTION TO PROGRAMMING,"C S-312: INTRODUCTION TO PROGRAMMING, Section no. 54540",A-,6,Computer Science
Fall 2025,54540,C S, 312,INTRODUCTION TO PROGRAMMING,"C S-312: INTRODUCTION TO PROGRAMMING, Section no. 54540",A,1,Computer Science
Fall 2025,54545,C S, 312,INTRODUCTION TO PROGRAMMING,"C S-312: INTRODUCTION TO PROGRAMMING, Section no. 54545",Other,4,Computer Science
Fall 2025,54545,C S, 312,INTRODUCTION TO PROGRAMMING,"C S-312: INTRODUCTION TO PROGRAMMING, Section no. 54545",D+,1,Computer Science
Fall 2025,54545,C S, 312,INTRODUCTION TO PROGRAMMING,"C S-312: INTRODUCTION TO PROGRAMMING, Section no. 54545",C-,2,Computer Science
Fall 2025,54545,C S, 312,INTRODUCTION TO PROGRAMMING,"C S-312: INTRODUCTION TO PROGRAMMING, Section no. 54545",C,3,Computer Science
Fall 2025,54545,C S, 312,INTRODUCTION TO PROGRAMMING,"C S-312: INTRODUCTION TO PROGRAMMING, Section no. 54545",C+,4,Computer Science
Fall 2025,54545,C S, 312,INTRODUCTION TO PROGRAMMING,"C S-312: INTRODUCTION TO PROGRAMMING, Section no. 54545",B-,2,Computer Science
Fall 2025,54545,C S, 312,INTRODUCTION TO PROGRAMMING,"C S-312: INTRODUCTION TO PROGRAMMING, Section no. 54545",B,1,Computer Science
Fall 2025,54545,C S, 312,INTRODUCTION TO PROGRAMMING,"C S-312: INTRODUCTION TO PROGRAMMING, Section no. 54545",B+,2,Computer Science
Fall 2025,54545,C S, 312,INTRODUCTION TO PROGRAMMING,"C S-312: INTRODUCTION TO PROGRAMMING, Section no. 54545",A-,4,Computer Science
Fall 2025,54545,C S, 312,INTRODUCTION TO PROGRAMMING,"C S-312: INTRODUCTION TO PROGRAMMING, Section no. 54545",A,2,Computer Science
Fall 2025,54550,C S, 312,INTRODUCTION TO PROGRAMMING,"C S-312: INTRODUCTION TO PROGRAMMING, Section no. 54550",Other,2,Computer Science
Fall 2025,54550,C S, 312,INTRODUCTION TO PROGRAMMING,"C S-312: INTRODUCTION TO PROGRAMMING, Section no. 54550",F,2,Computer Science
Fall 2025,54550,C S, 312,INTRODUCTION TO PROGRAMMING,"C S-312: INTRODUCTION TO PROGRAMMING, Section no. 54550",D-,2,Computer Science
Fall 2025,54550,C S, 312,INTRODUCTION TO PROGRAMMING,"C S-312: INTRODUCTION TO PROGRAMMING, Section no. 54550",C-,1,Computer Science
Fall 2025,54550,C S, 312,INTRODUCTION TO PROGRAMMING,"C S-312: INTRODUCTION TO PROGRAMMING, Section no. 54550",C,1,Computer Science
Fall 2025,54550,C S, 312,INTRODUCTION TO PROGRAMMING,"C S-312: INTRODUCTION TO PROGRAMMING, Section no. 54550",C+,3,Computer Science
Fall 2025,54550,C S, 312,INTRODUCTION TO PROGRAMMING,"C S-312: INTRODUCTION TO PROGRAMMING, Section no. 54550",B-,1,Computer Science
Fall 2025,54550,C S, 312,INTRODUCTION TO PROGRAMMING,"C S-312: INTRODUCTION TO PROGRAMMING, Section no. 54550",B,5,Computer Science
Fall 2025,54550,C S, 312,INTRODUCTION TO PROGRAMMING,"C S-312: INTRODUCTION TO PROGRAMMING, Section no. 54550",B+,2,Computer Science
Fall 2025,54550,C S, 312,INTRODUCTION TO PROGRAMMING,"C S-312: INTRODUCTION TO PROGRAMMING, Section no. 54550",A-,2,Computer Science
Fall 2025,54550,C S, 312,INTRODUCTION TO PROGRAMMING,"C S-312: INTRODUCTION TO PROGRAMMING, Section no. 54550",A,1,Computer Science
Fall 2025,54555,C S, 312,INTRODUCTION TO PROGRAMMING,"C S-312: INTRODUCTION TO PROGRAMMING, Section no. 54555",Other,3,Computer Science
Fall 2025,54555,C S, 312,INTRODUCTION TO PROGRAMMING,"C S-312: INTRODUCTION TO PROGRAMMING, Section no. 54555",F,1,Computer Science
Fall 2025,54555,C S, 312,INTRODUCTION TO PROGRAMMING,"C S-312: INTRODUCTION TO PROGRAMMING, Section no. 54555",D+,1,Computer Science
Fall 2025,54555,C S, 312,INTRODUCTION TO PROGRAMMING,"C S-312: INTRODUCTION TO PROGRAMMING, Section no. 54555",C,2,Computer Science
Fall 2025,54555,C S, 312,INTRODUCTION TO PROGRAMMING,"C S-312: INTRODUCTION TO PROGRAMMING, Section no. 54555",B-,2,Computer Science
Fall 2025,54555,C S, 312,INTRODUCTION TO PROGRAMMING,"C S-312: INTRODUCTION TO PROGRAMMING, Section no. 54555",B,7,Computer Science
Fall 2025,54555,C S, 312,INTRODUCTION TO PROGRAMMING,"C S-312: INTRODUCTION TO PROGRAMMING, Section no. 54555",B+,1,Computer Science
Fall 2025,54555,C S, 312,INTRODUCTION TO PROGRAMMING,"C S-312: INTRODUCTION TO PROGRAMMING, Section no. 54555",A-,3,Computer Science
Fall 2025,54555,C S, 312,INTRODUCTION TO PROGRAMMING,"C S-312: INTRODUCTION TO PROGRAMMING, Section no. 54555",A,3,Computer Science
Fall 2025,54560,C S, 312,INTRODUCTION TO PROGRAMMING,"C S-312: INTRODUCTION TO PROGRAMMING, Section no. 54560",Other,3,Computer Science
Fall 2025,54560,C S, 312,INTRODUCTION TO PROGRAMMING,"C S-312: INTRODUCTION TO PROGRAMMING, Section no. 54560",D-,1,Computer Science
Fall 2025,54560,C S, 312,INTRODUCTION TO PROGRAMMING,"C S-312: INTRODUCTION TO PROGRAMMING, Section no. 54560",D,1,Computer Science
Fall 2025,54560,C S, 312,INTRODUCTION TO PROGRAMMING,"C S-312: INTRODUCTION TO PROGRAMMING, Section no. 54560",C,2,Computer Science
Fall 2025,54560,C S, 312,INTRODUCTION TO PROGRAMMING,"C S-312: INTRODUCTION TO PROGRAMMING, Section no. 54560",C+,1,Computer Science
Fall 2025,54560,C S, 312,INTRODUCTION TO PROGRAMMING,"C S-312: INTRODUCTION TO PROGRAMMING, Section no. 54560",B-,2,Computer Science
Fall 2025,54560,C S, 312,INTRODUCTION TO PROGRAMMING,"C S-312: INTRODUCTION TO PROGRAMMING, Section no. 54560",B,4,Computer Science
Fall 2025,54560,C S, 312,INTRODUCTION TO PROGRAMMING,"C S-312: INTRODUCTION TO PROGRAMMING, Section no. 54560",B+,2,Computer Science
Fall 2025,54560,C S, 312,INTRODUCTION TO PROGRAMMING,"C S-312: INTRODUCTION TO PROGRAMMING, Section no. 54560",A-,2,Computer Science
Fall 2025,54560,C S, 312,INTRODUCTION TO PROGRAMMING,"C S-312: INTRODUCTION TO PROGRAMMING, Section no. 54560",A,4,Computer Science
Fall 2025,54565,C S, 312,INTRODUCTION TO PROGRAMMING,"C S-312: INTRODUCTION TO PROGRAMMING, Section no. 54565",Other,2,Computer Science
Fall 2025,54565,C S, 312,INTRODUCTION TO PROGRAMMING,"C S-312: INTRODUCTION TO PROGRAMMING, Section no. 54565",C-,3,Computer Science
Fall 2025,54565,C S, 312,INTRODUCTION TO PROGRAMMING,"C S-312: INTRODUCTION TO PROGRAMMING, Section no. 54565",C,1,Computer Science
Fall 2025,54565,C S, 312,INTRODUCTION TO PROGRAMMING,"C S-312: INTRODUCTION TO PROGRAMMING, Section no. 54565",C+,1,Computer Science
Fall 2025,54565,C S, 312,INTRODUCTION TO PROGRAMMING,"C S-312: INTRODUCTION TO PROGRAMMING, Section no. 54565",B-,4,Computer Science
Fall 2025,54565,C S, 312,INTRODUCTION TO PROGRAMMING,"C S-312: INTRODUCTION TO PROGRAMMING, Section no. 54565",B,5,Computer Science
Fall 2025,54565,C S, 312,INTRODUCTION TO PROGRAMMING,"C S-312: INTRODUCTION TO PROGRAMMING, Section no. 54565",B+,3,Computer Science
Fall 2025,54565,C S, 312,INTRODUCTION TO PROGRAMMING,"C S-312: INTRODUCTION TO PROGRAMMING, Section no. 54565",A-,2,Computer Science
Fall 2025,54565,C S, 312,INTRODUCTION TO PROGRAMMING,"C S-312: INTRODUCTION TO PROGRAMMING, Section no. 54565",A,4,Computer Science
Fall 2025,54566,C S, 312,INTRODUCTION TO PROGRAMMING,"C S-312: INTRODUCTION TO PROGRAMMING, Section no. 54566",Other,3,Computer Science
Fall 2025,54566,C S, 312,INTRODUCTION TO PROGRAMMING,"C S-312: INTRODUCTION TO PROGRAMMING, Section no. 54566",F,2,Computer Science
Fall 2025,54566,C S, 312,INTRODUCTION TO PROGRAMMING,"C S-312: INTRODUCTION TO PROGRAMMING, Section no. 54566",D,1,Computer Science
Fall 2025,54566,C S, 312,INTRODUCTION TO PROGRAMMING,"C S-312: INTRODUCTION TO PROGRAMMING, Section no. 54566",C-,2,Computer Science
Fall 2025,54566,C S, 312,INTRODUCTION TO PROGRAMMING,"C S-312: INTRODUCTION TO PROGRAMMING, Section no. 54566",C,1,Computer Science
Fall 2025,54566,C S, 312,INTRODUCTION TO PROGRAMMING,"C S-312: INTRODUCTION TO PROGRAMMING, Section no. 54566",C+,2,Computer Science
Fall 2025,54566,C S, 312,INTRODUCTION TO PROGRAMMING,"C S-312: INTRODUCTION TO PROGRAMMING, Section no. 54566",B-,2,Computer Science
Fall 2025,54566,C S, 312,INTRODUCTION TO PROGRAMMING,"C S-312: INTRODUCTION TO PROGRAMMING, Section no. 54566",B,2,Computer Science
Fall 2025,54566,C S, 312,INTRODUCTION TO PROGRAMMING,"C S-312: INTRODUCTION TO PROGRAMMING, Section no. 54566",B+,3,Computer Science
Fall 2025,54575,C S, 312,INTRODUCTION TO PROGRAMMING,"C S-312: INTRODUCTION TO PROGRAMMING, Section no. 54575",Other,11,Computer Science
Fall 2025,54575,C S, 312,INTRODUCTION TO PROGRAMMING,"C S-312: INTRODUCTION TO PROGRAMMING, Section no. 54575",F,2,Computer Science
Fall 2025,54575,C S, 312,INTRODUCTION TO PROGRAMMING,"C S-312: INTRODUCTION TO PROGRAMMING, Section no. 54575",C-,1,Computer Science
Fall 2025,54575,C S, 312,INTRODUCTION TO PROGRAMMING,"C S-312: INTRODUCTION TO PROGRAMMING, Section no. 54575",C,1,Computer Science
Fall 2025,54575,C S, 312,INTRODUCTION TO PROGRAMMING,"C S-312: INTRODUCTION TO PROGRAMMING, Section no. 54575",C+,1,Computer Science
Fall 2025,54575,C S, 312,INTRODUCTION TO PROGRAMMING,"C S-312: INTRODUCTION TO PROGRAMMING, Section no. 54575",B-,3,Computer Science
Fall 2025,54575,C S, 312,INTRODUCTION TO PROGRAMMING,"C S-312: INTRODUCTION TO PROGRAMMING, Section no. 54575",B,4,Computer Science
Fall 2025,54575,C S, 312,INTRODUCTION TO PROGRAMMING,"C S-312: INTRODUCTION TO PROGRAMMING, Section no. 54575",B+,2,Computer Science
Fall 2025,54575,C S, 312,INTRODUCTION TO PROGRAMMING,"C S-312: INTRODUCTION TO PROGRAMMING, Section no. 54575",A,1,Computer Science
Fall 2025,54580,C S, 312,INTRODUCTION TO PROGRAMMING,"C S-312: INTRODUCTION TO PROGRAMMING, Section no. 54580",Other,3,Computer Science
Fall 2025,54580,C S, 312,INTRODUCTION TO PROGRAMMING,"C S-312: INTRODUCTION TO PROGRAMMING, Section no. 54580",F,1,Computer Science
Fall 2025,54580,C S, 312,INTRODUCTION TO PROGRAMMING,"C S-312: INTRODUCTION TO PROGRAMMING, Section no. 54580",D,2,Computer Science
Fall 2025,54580,C S, 312,INTRODUCTION TO PROGRAMMING,"C S-312: INTRODUCTION TO PROGRAMMING, Section no. 54580",C+,1,Computer Science
Fall 2025,54580,C S, 312,INTRODUCTION TO PROGRAMMING,"C S-312: INTRODUCTION TO PROGRAMMING, Section no. 54580",B-,2,Computer Science
Fall 2025,54580,C S, 312,INTRODUCTION TO PROGRAMMING,"C S-312: INTRODUCTION TO PROGRAMMING, Section no. 54580",B,7,Computer Science
Fall 2025,54580,C S, 312,INTRODUCTION TO PROGRAMMING,"C S-312: INTRODUCTION TO PROGRAMMING, Section no. 54580",B+,2,Computer Science
Fall 2025,54580,C S, 312,INTRODUCTION TO PROGRAMMING,"C S-312: INTRODUCTION TO PROGRAMMING, Section no. 54580",A-,1,Computer Science
Fall 2025,54580,C S, 312,INTRODUCTION TO PROGRAMMING,"C S-312: INTRODUCTION TO PROGRAMMING, Section no. 54580",A,2,Computer Science
Fall 2025,54585,C S, 312,INTRODUCTION TO PROGRAMMING,"C S-312: INTRODUCTION TO PROGRAMMING, Section no. 54585",Other,7,Computer Science
Fall 2025,54585,C S, 312,INTRODUCTION TO PROGRAMMING,"C S-312: INTRODUCTION TO PROGRAMMING, Section no. 54585",F,3,Computer Science
Fall 2025,54585,C S, 312,INTRODUCTION TO PROGRAMMING,"C S-312: INTRODUCTION TO PROGRAMMING, Section no. 54585",C-,2,Computer Science
Fall 2025,54585,C S, 312,INTRODUCTION TO PROGRAMMING,"C S-312: INTRODUCTION TO PROGRAMMING, Section no. 54585",C,3,Computer Science
Fall 2025,54585,C S, 312,INTRODUCTION TO PROGRAMMING,"C S-312: INTRODUCTION TO PROGRAMMING, Section no. 54585",C+,1,Computer Science
Fall 2025,54585,C S, 312,INTRODUCTION TO PROGRAMMING,"C S-312: INTRODUCTION TO PROGRAMMING, Section no. 54585",B-,4,Computer Science
Fall 2025,54585,C S, 312,INTRODUCTION TO PROGRAMMING,"C S-312: INTRODUCTION TO PROGRAMMING, Section no. 54585",A-,1,Computer Science
Fall 2025,54585,C S, 312,INTRODUCTION TO PROGRAMMING,"C S-312: INTRODUCTION TO PROGRAMMING, Section no. 54585",A,2,Computer Science
Fall 2025,54590,C S, 312,INTRODUCTION TO PROGRAMMING,"C S-312: INTRODUCTION TO PROGRAMMING, Section no. 54590",Other,8,Computer Science
Fall 2025,54590,C S, 312,INTRODUCTION TO PROGRAMMING,"C S-312: INTRODUCTION TO PROGRAMMING, Section no. 54590",F,1,Computer Science
Fall 2025,54590,C S, 312,INTRODUCTION TO PROGRAMMING,"C S-312: INTRODUCTION TO PROGRAMMING, Section no. 54590",C+,1,Computer Science
Fall 2025,54590,C S, 312,INTRODUCTION TO PROGRAMMING,"C S-312: INTRODUCTION TO PROGRAMMING, Section no. 54590",B-,1,Computer Science
Fall 2025,54590,C S, 312,INTRODUCTION TO PROGRAMMING,"C S-312: INTRODUCTION TO PROGRAMMING, Section no. 54590",B+,1,Computer Science
Fall 2025,54590,C S, 312,INTRODUCTION TO PROGRAMMING,"C S-312: INTRODUCTION TO PROGRAMMING, Section no. 54590",A-,1,Computer Science
Fall 2025,54595,C S, 313E,ELEMENTS OF SOFTWARE DESIGN,"C S-313E: ELEMENTS OF SOFTWARE DESIGN, Section no. 54595",Other,33,Computer Science
Fall 2025,54595,C S, 313E,ELEMENTS OF SOFTWARE DESIGN,"C S-313E: ELEMENTS OF SOFTWARE DESIGN, Section no. 54595",F,2,Computer Science
Fall 2025,54595,C S, 313E,ELEMENTS OF SOFTWARE DESIGN,"C S-313E: ELEMENTS OF SOFTWARE DESIGN, Section no. 54595",D,1,Computer Science
Fall 2025,54595,C S, 313E,ELEMENTS OF SOFTWARE DESIGN,"C S-313E: ELEMENTS OF SOFTWARE DESIGN, Section no. 54595",C+,2,Computer Science
Fall 2025,54595,C S, 313E,ELEMENTS OF SOFTWARE DESIGN,"C S-313E: ELEMENTS OF SOFTWARE DESIGN, Section no. 54595",B-,3,Computer Science
Fall 2025,54595,C S, 313E,ELEMENTS OF SOFTWARE DESIGN,"C S-313E: ELEMENTS OF SOFTWARE DESIGN, Section no. 54595",B,2,Computer Science
Fall 2025,54595,C S, 313E,ELEMENTS OF SOFTWARE DESIGN,"C S-313E: ELEMENTS OF SOFTWARE DESIGN, Section no. 54595",B+,6,Computer Science
Fall 2025,54595,C S, 313E,ELEMENTS OF SOFTWARE DESIGN,"C S-313E: ELEMENTS OF SOFTWARE DESIGN, Section no. 54595",A-,12,Computer Science
Fall 2025,54595,C S, 313E,ELEMENTS OF SOFTWARE DESIGN,"C S-313E: ELEMENTS OF SOFTWARE DESIGN, Section no. 54595",A,47,Computer Science
Fall 2025,54600,C S, 313E,ELEMENTS OF SOFTWARE DESIGN,"C S-313E: ELEMENTS OF SOFTWARE DESIGN, Section no. 54600",Other,62,Computer Science
Fall 2025,54600,C S, 313E,ELEMENTS OF SOFTWARE DESIGN,"C S-313E: ELEMENTS OF SOFTWARE DESIGN, Section no. 54600",F,5,Computer Science
Fall 2025,54600,C S, 313E,ELEMENTS OF SOFTWARE DESIGN,"C S-313E: ELEMENTS OF SOFTWARE DESIGN, Section no. 54600",D-,1,Computer Science
Fall 2025,54600,C S, 313E,ELEMENTS OF SOFTWARE DESIGN,"C S-313E: ELEMENTS OF SOFTWARE DESIGN, Section no. 54600",C,1,Computer Science
Fall 2025,54600,C S, 313E,ELEMENTS OF SOFTWARE DESIGN,"C S-313E: ELEMENTS OF SOFTWARE DESIGN, Section no. 54600",C+,2,Computer Science
Fall 2025,54600,C S, 313E,ELEMENTS OF SOFTWARE DESIGN,"C S-313E: ELEMENTS OF SOFTWARE DESIGN, Section no. 54600",B-,1,Computer Science
Fall 2025,54600,C S, 313E,ELEMENTS OF SOFTWARE DESIGN,"C S-313E: ELEMENTS OF SOFTWARE DESIGN, Section no. 54600",B,5,Computer Science
Fall 2025,54600,C S, 313E,ELEMENTS OF SOFTWARE DESIGN,"C S-313E: ELEMENTS OF SOFTWARE DESIGN, Section no. 54600",B+,4,Computer Science
Fall 2025,54600,C S, 313E,ELEMENTS OF SOFTWARE DESIGN,"C S-313E: ELEMENTS OF SOFTWARE DESIGN, Section no. 54600",A-,9,Computer Science
Fall 2025,54600,C S, 313E,ELEMENTS OF SOFTWARE DESIGN,"C S-313E: ELEMENTS OF SOFTWARE DESIGN, Section no. 54600",A,24,Computer Science
Fall 2025,54610,C S, 313E,ELEMENTS OF SOFTWARE DESIGN,"C S-313E: ELEMENTS OF SOFTWARE DESIGN, Section no. 54610",Other,64,Computer Science
Fall 2025,54610,C S, 313E,ELEMENTS OF SOFTWARE DESIGN,"C S-313E: ELEMENTS OF SOFTWARE DESIGN, Section no. 54610",F,3,Computer Science
Fall 2025,54610,C S, 313E,ELEMENTS OF SOFTWARE DESIGN,"C S-313E: ELEMENTS OF SOFTWARE DESIGN, Section no. 54610",D+,1,Computer Science
Fall 2025,54610,C S, 313E,ELEMENTS OF SOFTWARE DESIGN,"C S-313E: ELEMENTS OF SOFTWARE DESIGN, Section no. 54610",C-,1,Computer Science
Fall 2025,54610,C S, 313E,ELEMENTS OF SOFTWARE DESIGN,"C S-313E: ELEMENTS OF SOFTWARE DESIGN, Section no. 54610",B-,5,Computer Science
Fall 2025,54610,C S, 313E,ELEMENTS OF SOFTWARE DESIGN,"C S-313E: ELEMENTS OF SOFTWARE DESIGN, Section no. 54610",B,4,Computer Science
Fall 2025,54610,C S, 313E,ELEMENTS OF SOFTWARE DESIGN,"C S-313E: ELEMENTS OF SOFTWARE DESIGN, Section no. 54610",B+,5,Computer Science
Fall 2025,54610,C S, 313E,ELEMENTS OF SOFTWARE DESIGN,"C S-313E: ELEMENTS OF SOFTWARE DESIGN, Section no. 54610",A-,13,Computer Science
Fall 2025,54610,C S, 313E,ELEMENTS OF SOFTWARE DESIGN,"C S-313E: ELEMENTS OF SOFTWARE DESIGN, Section no. 54610",A,16,Computer Science
Fall 2025,54620,C S, 314,DATA STRUCTURES,"C S-314: DATA STRUCTURES, Section no. 54620",Other,3,Computer Science
Fall 2025,54620,C S, 314,DATA STRUCTURES,"C S-314: DATA STRUCTURES, Section no. 54620",D+,1,Computer Science
Fall 2025,54620,C S, 314,DATA STRUCTURES,"C S-314: DATA STRUCTURES, Section no. 54620",C,5,Computer Science
Fall 2025,54620,C S, 314,DATA STRUCTURES,"C S-314: DATA STRUCTURES, Section no. 54620",B-,1,Computer Science
Fall 2025,54620,C S, 314,DATA STRUCTURES,"C S-314: DATA STRUCTURES, Section no. 54620",B,4,Computer Science
Fall 2025,54620,C S, 314,DATA STRUCTURES,"C S-314: DATA STRUCTURES, Section no. 54620",B+,4,Computer Science
Fall 2025,54620,C S, 314,DATA STRUCTURES,"C S-314: DATA STRUCTURES, Section no. 54620",A-,1,Computer Science
Fall 2025,54620,C S, 314,DATA STRUCTURES,"C S-314: DATA STRUCTURES, Section no. 54620",A,4,Computer Science
Fall 2025,54621,C S, 314,DATA STRUCTURES,"C S-314: DATA STRUCTURES, Section no. 54621",Other,3,Computer Science
Fall 2025,54621,C S, 314,DATA STRUCTURES,"C S-314: DATA STRUCTURES, Section no. 54621",F,1,Computer Science
Fall 2025,54621,C S, 314,DATA STRUCTURES,"C S-314: DATA STRUCTURES, Section no. 54621",D-,1,Computer Science
Fall 2025,54621,C S, 314,DATA STRUCTURES,"C S-314: DATA STRUCTURES, Section no. 54621",D,4,Computer Science
Fall 2025,54621,C S, 314,DATA STRUCTURES,"C S-314: DATA STRUCTURES, Section no. 54621",D+,3,Computer Science
Fall 2025,54621,C S, 314,DATA STRUCTURES,"C S-314: DATA STRUCTURES, Section no. 54621",C-,2,Computer Science
Fall 2025,54621,C S, 314,DATA STRUCTURES,"C S-314: DATA STRUCTURES, Section no. 54621",C,2,Computer Science
Fall 2025,54621,C S, 314,DATA STRUCTURES,"C S-314: DATA STRUCTURES, Section no. 54621",C+,1,Computer Science
Fall 2025,54621,C S, 314,DATA STRUCTURES,"C S-314: DATA STRUCTURES, Section no. 54621",B-,2,Computer Science
Fall 2025,54621,C S, 314,DATA STRUCTURES,"C S-314: DATA STRUCTURES, Section no. 54621",B,2,Computer Science
Fall 2025,54621,C S, 314,DATA STRUCTURES,"C S-314: DATA STRUCTURES, Section no. 54621",B+,1,Computer Science
Fall 2025,54621,C S, 314,DATA STRUCTURES,"C S-314: DATA STRUCTURES, Section no. 54621",A-,1,Computer Science
Fall 2025,54621,C S, 314,DATA STRUCTURES,"C S-314: DATA STRUCTURES, Section no. 54621",A,1,Computer Science
Fall 2025,54625,C S, 314,DATA STRUCTURES,"C S-314: DATA STRUCTURES, Section no. 54625",D+,1,Computer Science
Fall 2025,54625,C S, 314,DATA STRUCTURES,"C S-314: DATA STRUCTURES, Section no. 54625",C,3,Computer Science
Fall 2025,54625,C S, 314,DATA STRUCTURES,"C S-314: DATA STRUCTURES, Section no. 54625",C+,1,Computer Science
Fall 2025,54625,C S, 314,DATA STRUCTURES,"C S-314: DATA STRUCTURES, Section no. 54625",B-,2,Computer Science
Fall 2025,54625,C S, 314,DATA STRUCTURES,"C S-314: DATA STRUCTURES, Section no. 54625",B,8,Computer Science
Fall 2025,54625,C S, 314,DATA STRUCTURES,"C S-314: DATA STRUCTURES, Section no. 54625",A-,2,Computer Science
Fall 2025,54625,C S, 314,DATA STRUCTURES,"C S-314: DATA STRUCTURES, Section no. 54625",A,6,Computer Science
Fall 2025,54630,C S, 314,DATA STRUCTURES,"C S-314: DATA STRUCTURES, Section no. 54630",Other,1,Computer Science
Fall 2025,54630,C S, 314,DATA STRUCTURES,"C S-314: DATA STRUCTURES, Section no. 54630",D+,1,Computer Science
Fall 2025,54630,C S, 314,DATA STRUCTURES,"C S-314: DATA STRUCTURES, Section no. 54630",C-,2,Computer Science
Fall 2025,54630,C S, 314,DATA STRUCTURES,"C S-314: DATA STRUCTURES, Section no. 54630",C,2,Computer Science
Fall 2025,54630,C S, 314,DATA STRUCTURES,"C S-314: DATA STRUCTURES, Section no. 54630",C+,3,Computer Science
Fall 2025,54630,C S, 314,DATA STRUCTURES,"C S-314: DATA STRUCTURES, Section no. 54630",B-,3,Computer Science
Fall 2025,54630,C S, 314,DATA STRUCTURES,"C S-314: DATA STRUCTURES, Section no. 54630",B,6,Computer Science
Fall 2025,54630,C S, 314,DATA STRUCTURES,"C S-314: DATA STRUCTURES, Section no. 54630",B+,1,Computer Science
Fall 2025,54630,C S, 314,DATA STRUCTURES,"C S-314: DATA STRUCTURES, Section no. 54630",A-,1,Computer Science
Fall 2025,54630,C S, 314,DATA STRUCTURES,"C S-314: DATA STRUCTURES, Section no. 54630",A,2,Computer Science
Fall 2025,54635,C S, 314,DATA STRUCTURES,"C S-314: DATA STRUCTURES, Section no. 54635",Other,6,Computer Science
Fall 2025,54635,C S, 314,DATA STRUCTURES,"C S-314: DATA STRUCTURES, Section no. 54635",F,1,Computer Science
Fall 2025,54635,C S, 314,DATA STRUCTURES,"C S-314: DATA STRUCTURES, Section no. 54635",D-,1,Computer Science
Fall 2025,54635,C S, 314,DATA STRUCTURES,"C S-314: DATA STRUCTURES, Section no. 54635",D+,2,Computer Science
Fall 2025,54635,C S, 314,DATA STRUCTURES,"C S-314: DATA STRUCTURES, Section no. 54635",C-,2,Computer Science
Fall 2025,54635,C S, 314,DATA STRUCTURES,"C S-314: DATA STRUCTURES, Section no. 54635",C+,2,Computer Science
Fall 2025,54635,C S, 314,DATA STRUCTURES,"C S-314: DATA STRUCTURES, Section no. 54635",B-,1,Computer Science
Fall 2025,54635,C S, 314,DATA STRUCTURES,"C S-314: DATA STRUCTURES, Section no. 54635",B,4,Computer Science
Fall 2025,54635,C S, 314,DATA STRUCTURES,"C S-314: DATA STRUCTURES, Section no. 54635",B+,1,Computer Science
Fall 2025,54635,C S, 314,DATA STRUCTURES,"C S-314: DATA STRUCTURES, Section no. 54635",A-,2,Computer Science
Fall 2025,54635,C S, 314,DATA STRUCTURES,"C S-314: DATA STRUCTURES, Section no. 54635",A,3,Computer Science
Fall 2025,54640,C S, 314,DATA STRUCTURES,"C S-314: DATA STRUCTURES, Section no. 54640",Other,1,Computer Science
Fall 2025,54640,C S, 314,DATA STRUCTURES,"C S-314: DATA STRUCTURES, Section no. 54640",D,2,Computer Science
Fall 2025,54640,C S, 314,DATA STRUCTURES,"C S-314: DATA STRUCTURES, Section no. 54640",C-,2,Computer Science
Fall 2025,54640,C S, 314,DATA STRUCTURES,"C S-314: DATA STRUCTURES, Section no. 54640",C,4,Computer Science
Fall 2025,54640,C S, 314,DATA STRUCTURES,"C S-314: DATA STRUCTURES, Section no. 54640",C+,2,Computer Science
Fall 2025,54640,C S, 314,DATA STRUCTURES,"C S-314: DATA STRUCTURES, Section no. 54640",B-,5,Computer Science
Fall 2025,54640,C S, 314,DATA STRUCTURES,"C S-314: DATA STRUCTURES, Section no. 54640",B,3,Computer Science
Fall 2025,54640,C S, 314,DATA STRUCTURES,"C S-314: DATA STRUCTURES, Section no. 54640",B+,1,Computer Science
Fall 2025,54640,C S, 314,DATA STRUCTURES,"C S-314: DATA STRUCTURES, Section no. 54640",A-,1,Computer Science
Fall 2025,54640,C S, 314,DATA STRUCTURES,"C S-314: DATA STRUCTURES, Section no. 54640",A,1,Computer Science
Fall 2025,54645,C S, 314,DATA STRUCTURES,"C S-314: DATA STRUCTURES, Section no. 54645",Other,1,Computer Science
Fall 2025,54645,C S, 314,DATA STRUCTURES,"C S-314: DATA STRUCTURES, Section no. 54645",C,3,Computer Science
Fall 2025,54645,C S, 314,DATA STRUCTURES,"C S-314: DATA STRUCTURES, Section no. 54645",C+,1,Computer Science
Fall 2025,54645,C S, 314,DATA STRUCTURES,"C S-314: DATA STRUCTURES, Section no. 54645",B-,1,Computer Science
Fall 2025,54645,C S, 314,DATA STRUCTURES,"C S-314: DATA STRUCTURES, Section no. 54645",B,6,Computer Science
Fall 2025,54645,C S, 314,DATA STRUCTURES,"C S-314: DATA STRUCTURES, Section no. 54645",B+,2,Computer Science
Fall 2025,54645,C S, 314,DATA STRUCTURES,"C S-314: DATA STRUCTURES, Section no. 54645",A-,2,Computer Science
Fall 2025,54645,C S, 314,DATA STRUCTURES,"C S-314: DATA STRUCTURES, Section no. 54645",A,5,Computer Science
Fall 2025,54650,C S, 314,DATA STRUCTURES,"C S-314: DATA STRUCTURES, Section no. 54650",Other,3,Computer Science
Fall 2025,54650,C S, 314,DATA STRUCTURES,"C S-314: DATA STRUCTURES, Section no. 54650",F,2,Computer Science
Fall 2025,54650,C S, 314,DATA STRUCTURES,"C S-314: DATA STRUCTURES, Section no. 54650",D-,2,Computer Science
Fall 2025,54650,C S, 314,DATA STRUCTURES,"C S-314: DATA STRUCTURES, Section no. 54650",C,1,Computer Science
Fall 2025,54650,C S, 314,DATA STRUCTURES,"C S-314: DATA STRUCTURES, Section no. 54650",C+,1,Computer Science
Fall 2025,54650,C S, 314,DATA STRUCTURES,"C S-314: DATA STRUCTURES, Section no. 54650",B-,2,Computer Science
Fall 2025,54650,C S, 314,DATA STRUCTURES,"C S-314: DATA STRUCTURES, Section no. 54650",B,4,Computer Science
Fall 2025,54650,C S, 314,DATA STRUCTURES,"C S-314: DATA STRUCTURES, Section no. 54650",B+,2,Computer Science
Fall 2025,54650,C S, 314,DATA STRUCTURES,"C S-314: DATA STRUCTURES, Section no. 54650",A-,1,Computer Science
Fall 2025,54650,C S, 314,DATA STRUCTURES,"C S-314: DATA STRUCTURES, Section no. 54650",A,4,Computer Science
Fall 2025,54655,C S, 314,DATA STRUCTURES,"C S-314: DATA STRUCTURES, Section no. 54655",Other,2,Computer Science
Fall 2025,54655,C S, 314,DATA STRUCTURES,"C S-314: DATA STRUCTURES, Section no. 54655",D,4,Computer Science
Fall 2025,54655,C S, 314,DATA STRUCTURES,"C S-314: DATA STRUCTURES, Section no. 54655",D+,1,Computer Science
Fall 2025,54655,C S, 314,DATA STRUCTURES,"C S-314: DATA STRUCTURES, Section no. 54655",C-,2,Computer Science
Fall 2025,54655,C S, 314,DATA STRUCTURES,"C S-314: DATA STRUCTURES, Section no. 54655",C,2,Computer Science
Fall 2025,54655,C S, 314,DATA STRUCTURES,"C S-314: DATA STRUCTURES, Section no. 54655",B-,1,Computer Science
Fall 2025,54655,C S, 314,DATA STRUCTURES,"C S-314: DATA STRUCTURES, Section no. 54655",B,2,Computer Science
Fall 2025,54655,C S, 314,DATA STRUCTURES,"C S-314: DATA STRUCTURES, Section no. 54655",B+,1,Computer Science
Fall 2025,54655,C S, 314,DATA STRUCTURES,"C S-314: DATA STRUCTURES, Section no. 54655",A-,2,Computer Science
Fall 2025,54655,C S, 314,DATA STRUCTURES,"C S-314: DATA STRUCTURES, Section no. 54655",A,1,Computer Science
Fall 2025,54660,C S, 314,DATA STRUCTURES,"C S-314: DATA STRUCTURES, Section no. 54660",Other,1,Computer Science
Fall 2025,54660,C S, 314,DATA STRUCTURES,"C S-314: DATA STRUCTURES, Section no. 54660",D+,1,Computer Science
Fall 2025,54660,C S, 314,DATA STRUCTURES,"C S-314: DATA STRUCTURES, Section no. 54660",C-,1,Computer Science
Fall 2025,54660,C S, 314,DATA STRUCTURES,"C S-314: DATA STRUCTURES, Section no. 54660",C,2,Computer Science
Fall 2025,54660,C S, 314,DATA STRUCTURES,"C S-314: DATA STRUCTURES, Section no. 54660",C+,1,Computer Science
Fall 2025,54660,C S, 314,DATA STRUCTURES,"C S-314: DATA STRUCTURES, Section no. 54660",B-,3,Computer Science
Fall 2025,54660,C S, 314,DATA STRUCTURES,"C S-314: DATA STRUCTURES, Section no. 54660",B,5,Computer Science
Fall 2025,54660,C S, 314,DATA STRUCTURES,"C S-314: DATA STRUCTURES, Section no. 54660",B+,1,Computer Science
Fall 2025,54660,C S, 314,DATA STRUCTURES,"C S-314: DATA STRUCTURES, Section no. 54660",A-,1,Computer Science
Fall 2025,54660,C S, 314,DATA STRUCTURES,"C S-314: DATA STRUCTURES, Section no. 54660",A,6,Computer Science
Fall 2025,54665,C S, 314,DATA STRUCTURES,"C S-314: DATA STRUCTURES, Section no. 54665",Other,2,Computer Science
Fall 2025,54665,C S, 314,DATA STRUCTURES,"C S-314: DATA STRUCTURES, Section no. 54665",D+,1,Computer Science
Fall 2025,54665,C S, 314,DATA STRUCTURES,"C S-314: DATA STRUCTURES, Section no. 54665",C-,1,Computer Science
Fall 2025,54665,C S, 314,DATA STRUCTURES,"C S-314: DATA STRUCTURES, Section no. 54665",C+,2,Computer Science
Fall 2025,54665,C S, 314,DATA STRUCTURES,"C S-314: DATA STRUCTURES, Section no. 54665",B,2,Computer Science
Fall 2025,54665,C S, 314,DATA STRUCTURES,"C S-314: DATA STRUCTURES, Section no. 54665",B+,2,Computer Science
Fall 2025,54665,C S, 314,DATA STRUCTURES,"C S-314: DATA STRUCTURES, Section no. 54665",A-,7,Computer Science
Fall 2025,54665,C S, 314,DATA STRUCTURES,"C S-314: DATA STRUCTURES, Section no. 54665",A,4,Computer Science
Fall 2025,54666,C S, 314,DATA STRUCTURES,"C S-314: DATA STRUCTURES, Section no. 54666",Other,2,Computer Science
Fall 2025,54666,C S, 314,DATA STRUCTURES,"C S-314: DATA STRUCTURES, Section no. 54666",C-,1,Computer Science
Fall 2025,54666,C S, 314,DATA STRUCTURES,"C S-314: DATA STRUCTURES, Section no. 54666",C,1,Computer Science
Fall 2025,54666,C S, 314,DATA STRUCTURES,"C S-314: DATA STRUCTURES, Section no. 54666",C+,1,Computer Science
Fall 2025,54666,C S, 314,DATA STRUCTURES,"C S-314: DATA STRUCTURES, Section no. 54666",B-,2,Computer Science
Fall 2025,54666,C S, 314,DATA STRUCTURES,"C S-314: DATA STRUCTURES, Section no. 54666",B,1,Computer Science
Fall 2025,54666,C S, 314,DATA STRUCTURES,"C S-314: DATA STRUCTURES, Section no. 54666",B+,4,Computer Science
Fall 2025,54666,C S, 314,DATA STRUCTURES,"C S-314: DATA STRUCTURES, Section no. 54666",A-,2,Computer Science
Fall 2025,54666,C S, 314,DATA STRUCTURES,"C S-314: DATA STRUCTURES, Section no. 54666",A,5,Computer Science
Fall 2025,54670,C S, 314,DATA STRUCTURES,"C S-314: DATA STRUCTURES, Section no. 54670",Other,3,Computer Science
Fall 2025,54670,C S, 314,DATA STRUCTURES,"C S-314: DATA STRUCTURES, Section no. 54670",D+,1,Computer Science
Fall 2025,54670,C S, 314,DATA STRUCTURES,"C S-314: DATA STRUCTURES, Section no. 54670",C,2,Computer Science
Fall 2025,54670,C S, 314,DATA STRUCTURES,"C S-314: DATA STRUCTURES, Section no. 54670",C+,3,Computer Science
Fall 2025,54670,C S, 314,DATA STRUCTURES,"C S-314: DATA STRUCTURES, Section no. 54670",B-,1,Computer Science
Fall 2025,54670,C S, 314,DATA STRUCTURES,"C S-314: DATA STRUCTURES, Section no. 54670",B,3,Computer Science
Fall 2025,54670,C S, 314,DATA STRUCTURES,"C S-314: DATA STRUCTURES, Section no. 54670",B+,5,Computer Science
Fall 2025,54670,C S, 314,DATA STRUCTURES,"C S-314: DATA STRUCTURES, Section no. 54670",A-,1,Computer Science
Fall 2025,54670,C S, 314,DATA STRUCTURES,"C S-314: DATA STRUCTURES, Section no. 54670",A,5,Computer Science
Fall 2025,54675,C S, 314,DATA STRUCTURES,"C S-314: DATA STRUCTURES, Section no. 54675",Other,4,Computer Science
Fall 2025,54675,C S, 314,DATA STRUCTURES,"C S-314: DATA STRUCTURES, Section no. 54675",D,1,Computer Science
Fall 2025,54675,C S, 314,DATA STRUCTURES,"C S-314: DATA STRUCTURES, Section no. 54675",D+,1,Computer Science
Fall 2025,54675,C S, 314,DATA STRUCTURES,"C S-314: DATA STRUCTURES, Section no. 54675",C-,1,Computer Science
Fall 2025,54675,C S, 314,DATA STRUCTURES,"C S-314: DATA STRUCTURES, Section no. 54675",C,1,Computer Science
Fall 2025,54675,C S, 314,DATA STRUCTURES,"C S-314: DATA STRUCTURES, Section no. 54675",C+,1,Computer Science
Fall 2025,54675,C S, 314,DATA STRUCTURES,"C S-314: DATA STRUCTURES, Section no. 54675",B-,3,Computer Science
Fall 2025,54675,C S, 314,DATA STRUCTURES,"C S-314: DATA STRUCTURES, Section no. 54675",B,4,Computer Science
Fall 2025,54675,C S, 314,DATA STRUCTURES,"C S-314: DATA STRUCTURES, Section no. 54675",B+,5,Computer Science
Fall 2025,54675,C S, 314,DATA STRUCTURES,"C S-314: DATA STRUCTURES, Section no. 54675",A-,1,Computer Science
Fall 2025,54675,C S, 314,DATA STRUCTURES,"C S-314: DATA STRUCTURES, Section no. 54675",A,2,Computer Science
Fall 2025,54680,C S, 314,DATA STRUCTURES,"C S-314: DATA STRUCTURES, Section no. 54680",D+,2,Computer Science
Fall 2025,54680,C S, 314,DATA STRUCTURES,"C S-314: DATA STRUCTURES, Section no. 54680",C+,1,Computer Science
Fall 2025,54680,C S, 314,DATA STRUCTURES,"C S-314: DATA STRUCTURES, Section no. 54680",B-,2,Computer Science
Fall 2025,54680,C S, 314,DATA STRUCTURES,"C S-314: DATA STRUCTURES, Section no. 54680",B,3,Computer Science
Fall 2025,54680,C S, 314,DATA STRUCTURES,"C S-314: DATA STRUCTURES, Section no. 54680",B+,4,Computer Science
Fall 2025,54680,C S, 314,DATA STRUCTURES,"C S-314: DATA STRUCTURES, Section no. 54680",A-,2,Computer Science
Fall 2025,54680,C S, 314,DATA STRUCTURES,"C S-314: DATA STRUCTURES, Section no. 54680",A,4,Computer Science
Fall 2025,54685,C S, 314,DATA STRUCTURES,"C S-314: DATA STRUCTURES, Section no. 54685",Other,1,Computer Science
Fall 2025,54685,C S, 314,DATA STRUCTURES,"C S-314: DATA STRUCTURES, Section no. 54685",C-,3,Computer Science
Fall 2025,54685,C S, 314,DATA STRUCTURES,"C S-314: DATA STRUCTURES, Section no. 54685",C,1,Computer Science
Fall 2025,54685,C S, 314,DATA STRUCTURES,"C S-314: DATA STRUCTURES, Section no. 54685",C+,3,Computer Science
Fall 2025,54685,C S, 314,DATA STRUCTURES,"C S-314: DATA STRUCTURES, Section no. 54685",B-,1,Computer Science
Fall 2025,54685,C S, 314,DATA STRUCTURES,"C S-314: DATA STRUCTURES, Section no. 54685",B,3,Computer Science
Fall 2025,54685,C S, 314,DATA STRUCTURES,"C S-314: DATA STRUCTURES, Section no. 54685",B+,1,Computer Science
Fall 2025,54685,C S, 314,DATA STRUCTURES,"C S-314: DATA STRUCTURES, Section no. 54685",A-,2,Computer Science
Fall 2025,54685,C S, 314,DATA STRUCTURES,"C S-314: DATA STRUCTURES, Section no. 54685",A,10,Computer Science
Fall 2025,54690,C S, 314,DATA STRUCTURES,"C S-314: DATA STRUCTURES, Section no. 54690",C,3,Computer Science
Fall 2025,54690,C S, 314,DATA STRUCTURES,"C S-314: DATA STRUCTURES, Section no. 54690",C+,1,Computer Science
Fall 2025,54690,C S, 314,DATA STRUCTURES,"C S-314: DATA STRUCTURES, Section no. 54690",B,7,Computer Science
Fall 2025,54690,C S, 314,DATA STRUCTURES,"C S-314: DATA STRUCTURES, Section no. 54690",B+,2,Computer Science
Fall 2025,54690,C S, 314,DATA STRUCTURES,"C S-314: DATA STRUCTURES, Section no. 54690",A-,6,Computer Science
Fall 2025,54690,C S, 314,DATA STRUCTURES,"C S-314: DATA STRUCTURES, Section no. 54690",A,6,Computer Science
Fall 2025,54695,C S, 314,DATA STRUCTURES,"C S-314: DATA STRUCTURES, Section no. 54695",Other,13,Computer Science
Fall 2025,54695,C S, 314,DATA STRUCTURES,"C S-314: DATA STRUCTURES, Section no. 54695",F,3,Computer Science
Fall 2025,54695,C S, 314,DATA STRUCTURES,"C S-314: DATA STRUCTURES, Section no. 54695",D-,2,Computer Science
Fall 2025,54695,C S, 314,DATA STRUCTURES,"C S-314: DATA STRUCTURES, Section no. 54695",D,1,Computer Science
Fall 2025,54695,C S, 314,DATA STRUCTURES,"C S-314: DATA STRUCTURES, Section no. 54695",C-,1,Computer Science
Fall 2025,54695,C S, 314,DATA STRUCTURES,"C S-314: DATA STRUCTURES, Section no. 54695",C,2,Computer Science
Fall 2025,54695,C S, 314,DATA STRUCTURES,"C S-314: DATA STRUCTURES, Section no. 54695",C+,1,Computer Science
Fall 2025,54695,C S, 314,DATA STRUCTURES,"C S-314: DATA STRUCTURES, Section no. 54695",B-,1,Computer Science
Fall 2025,54695,C S, 314,DATA STRUCTURES,"C S-314: DATA STRUCTURES, Section no. 54695",B,1,Computer Science
Fall 2025,54700,C S, 314,DATA STRUCTURES,"C S-314: DATA STRUCTURES, Section no. 54700",Other,15,Computer Science
Fall 2025,54700,C S, 314,DATA STRUCTURES,"C S-314: DATA STRUCTURES, Section no. 54700",F,1,Computer Science
Fall 2025,54700,C S, 314,DATA STRUCTURES,"C S-314: DATA STRUCTURES, Section no. 54700",D-,1,Computer Science
Fall 2025,54700,C S, 314,DATA STRUCTURES,"C S-314: DATA STRUCTURES, Section no. 54700",D,2,Computer Science
Fall 2025,54700,C S, 314,DATA STRUCTURES,"C S-314: DATA STRUCTURES, Section no. 54700",D+,3,Computer Science
Fall 2025,54700,C S, 314,DATA STRUCTURES,"C S-314: DATA STRUCTURES, Section no. 54700",C-,1,Computer Science
Fall 2025,54700,C S, 314,DATA STRUCTURES,"C S-314: DATA STRUCTURES, Section no. 54700",C+,2,Computer Science
Fall 2025,54705,C S, 314,DATA STRUCTURES,"C S-314: DATA STRUCTURES, Section no. 54705",F,1,Computer Science
Fall 2025,54705,C S, 314,DATA STRUCTURES,"C S-314: DATA STRUCTURES, Section no. 54705",D,2,Computer Science
Fall 2025,54705,C S, 314,DATA STRUCTURES,"C S-314: DATA STRUCTURES, Section no. 54705",C,2,Computer Science
Fall 2025,54705,C S, 314,DATA STRUCTURES,"C S-314: DATA STRUCTURES, Section no. 54705",B-,2,Computer Science
Fall 2025,54705,C S, 314,DATA STRUCTURES,"C S-314: DATA STRUCTURES, Section no. 54705",B,4,Computer Science
Fall 2025,54705,C S, 314,DATA STRUCTURES,"C S-314: DATA STRUCTURES, Section no. 54705",B+,4,Computer Science
Fall 2025,54705,C S, 314,DATA STRUCTURES,"C S-314: DATA STRUCTURES, Section no. 54705",A-,3,Computer Science
Fall 2025,54705,C S, 314,DATA STRUCTURES,"C S-314: DATA STRUCTURES, Section no. 54705",A,6,Computer Science
Fall 2025,54710,C S, 314H,DATA STRUCTURES: HONORS,"C S-314H: DATA STRUCTURES: HONORS, Section no. 54710",Other,3,Computer Science
Fall 2025,54710,C S, 314H,DATA STRUCTURES: HONORS,"C S-314H: DATA STRUCTURES: HONORS, Section no. 54710",B-,1,Computer Science
Fall 2025,54710,C S, 314H,DATA STRUCTURES: HONORS,"C S-314H: DATA STRUCTURES: HONORS, Section no. 54710",B,3,Computer Science
Fall 2025,54710,C S, 314H,DATA STRUCTURES: HONORS,"C S-314H: DATA STRUCTURES: HONORS, Section no. 54710",B+,4,Computer Science
Fall 2025,54710,C S, 314H,DATA STRUCTURES: HONORS,"C S-314H: DATA STRUCTURES: HONORS, Section no. 54710",A-,8,Computer Science
Fall 2025,54710,C S, 314H,DATA STRUCTURES: HONORS,"C S-314H: DATA STRUCTURES: HONORS, Section no. 54710",A,9,Computer Science
Fall 2025,54715,C S, 314H,DATA STRUCTURES: HONORS,"C S-314H: DATA STRUCTURES: HONORS, Section no. 54715",Other,2,Computer Science
Fall 2025,54715,C S, 314H,DATA STRUCTURES: HONORS,"C S-314H: DATA STRUCTURES: HONORS, Section no. 54715",C+,1,Computer Science
Fall 2025,54715,C S, 314H,DATA STRUCTURES: HONORS,"C S-314H: DATA STRUCTURES: HONORS, Section no. 54715",B,6,Computer Science
Fall 2025,54715,C S, 314H,DATA STRUCTURES: HONORS,"C S-314H: DATA STRUCTURES: HONORS, Section no. 54715",B+,1,Computer Science
Fall 2025,54715,C S, 314H,DATA STRUCTURES: HONORS,"C S-314H: DATA STRUCTURES: HONORS, Section no. 54715",A-,10,Computer Science
Fall 2025,54715,C S, 314H,DATA STRUCTURES: HONORS,"C S-314H: DATA STRUCTURES: HONORS, Section no. 54715",A,5,Computer Science
Fall 2025,54720,C S, 314H,DATA STRUCTURES: HONORS,"C S-314H: DATA STRUCTURES: HONORS, Section no. 54720",Other,2,Computer Science
Fall 2025,54720,C S, 314H,DATA STRUCTURES: HONORS,"C S-314H: DATA STRUCTURES: HONORS, Section no. 54720",C+,1,Computer Science
Fall 2025,54720,C S, 314H,DATA STRUCTURES: HONORS,"C S-314H: DATA STRUCTURES: HONORS, Section no. 54720",B-,3,Computer Science
Fall 2025,54720,C S, 314H,DATA STRUCTURES: HONORS,"C S-314H: DATA STRUCTURES: HONORS, Section no. 54720",B,6,Computer Science
Fall 2025,54720,C S, 314H,DATA STRUCTURES: HONORS,"C S-314H: DATA STRUCTURES: HONORS, Section no. 54720",B+,9,Computer Science
Fall 2025,54720,C S, 314H,DATA STRUCTURES: HONORS,"C S-314H: DATA STRUCTURES: HONORS, Section no. 54720",A-,10,Computer Science
Fall 2025,54720,C S, 314H,DATA STRUCTURES: HONORS,"C S-314H: DATA STRUCTURES: HONORS, Section no. 54720",A,7,Computer Science
Fall 2025,54725,C S, 323E,ELEMENTS OF SCIENTIF COMPUTING,"C S-323E: ELEMENTS OF SCIENTIF COMPUTING, Section no. 54725",Other,1,Computer Science
Fall 2025,54725,C S, 323E,ELEMENTS OF SCIENTIF COMPUTING,"C S-323E: ELEMENTS OF SCIENTIF COMPUTING, Section no. 54725",C+,1,Computer Science
Fall 2025,54725,C S, 323E,ELEMENTS OF SCIENTIF COMPUTING,"C S-323E: ELEMENTS OF SCIENTIF COMPUTING, Section no. 54725",B,4,Computer Science
Fall 2025,54725,C S, 323E,ELEMENTS OF SCIENTIF COMPUTING,"C S-323E: ELEMENTS OF SCIENTIF COMPUTING, Section no. 54725",B+,5,Computer Science
Fall 2025,54725,C S, 323E,ELEMENTS OF SCIENTIF COMPUTING,"C S-323E: ELEMENTS OF SCIENTIF COMPUTING, Section no. 54725",A-,12,Computer Science
Fall 2025,54725,C S, 323E,ELEMENTS OF SCIENTIF COMPUTING,"C S-323E: ELEMENTS OF SCIENTIF COMPUTING, Section no. 54725",A,34,Computer Science
Fall 2025,54730,C S, 324E,ELEM OF GRAPHICS/VISUALIZATN,"C S-324E: ELEM OF GRAPHICS/VISUALIZATN, Section no. 54730",Other,4,Computer Science
Fall 2025,54730,C S, 324E,ELEM OF GRAPHICS/VISUALIZATN,"C S-324E: ELEM OF GRAPHICS/VISUALIZATN, Section no. 54730",C+,1,Computer Science
Fall 2025,54730,C S, 324E,ELEM OF GRAPHICS/VISUALIZATN,"C S-324E: ELEM OF GRAPHICS/VISUALIZATN, Section no. 54730",B-,1,Computer Science
Fall 2025,54730,C S, 324E,ELEM OF GRAPHICS/VISUALIZATN,"C S-324E: ELEM OF GRAPHICS/VISUALIZATN, Section no. 54730",B,5,Computer Science
Fall 2025,54730,C S, 324E,ELEM OF GRAPHICS/VISUALIZATN,"C S-324E: ELEM OF GRAPHICS/VISUALIZATN, Section no. 54730",B+,2,Computer Science
Fall 2025,54730,C S, 324E,ELEM OF GRAPHICS/VISUALIZATN,"C S-324E: ELEM OF GRAPHICS/VISUALIZATN, Section no. 54730",A-,2,Computer Science
Fall 2025,54730,C S, 324E,ELEM OF GRAPHICS/VISUALIZATN,"C S-324E: ELEM OF GRAPHICS/VISUALIZATN, Section no. 54730",A,39,Computer Science
Fall 2025,54745,C S, 327E,ELEMENTS OF DATABASES,"C S-327E: ELEMENTS OF DATABASES, Section no. 54745",Other,4,Computer Science
Fall 2025,54745,C S, 327E,ELEMENTS OF DATABASES,"C S-327E: ELEMENTS OF DATABASES, Section no. 54745",D,1,Computer Science
Fall 2025,54745,C S, 327E,ELEMENTS OF DATABASES,"C S-327E: ELEMENTS OF DATABASES, Section no. 54745",C,4,Computer Science
Fall 2025,54745,C S, 327E,ELEMENTS OF DATABASES,"C S-327E: ELEMENTS OF DATABASES, Section no. 54745",C+,2,Computer Science
Fall 2025,54745,C S, 327E,ELEMENTS OF DATABASES,"C S-327E: ELEMENTS OF DATABASES, Section no. 54745",B,17,Computer Science
Fall 2025,54745,C S, 327E,ELEMENTS OF DATABASES,"C S-327E: ELEMENTS OF DATABASES, Section no. 54745",B+,11,Computer Science
Fall 2025,54745,C S, 327E,ELEMENTS OF DATABASES,"C S-327E: ELEMENTS OF DATABASES, Section no. 54745",A,29,Computer Science
Fall 2025,54750,C S, 327E,ELEMENTS OF DATABASES,"C S-327E: ELEMENTS OF DATABASES, Section no. 54750",D,1,Computer Science
Fall 2025,54750,C S, 327E,ELEMENTS OF DATABASES,"C S-327E: ELEMENTS OF DATABASES, Section no. 54750",C-,1,Computer Science
Fall 2025,54750,C S, 327E,ELEMENTS OF DATABASES,"C S-327E: ELEMENTS OF DATABASES, Section no. 54750",C,2,Computer Science
Fall 2025,54750,C S, 327E,ELEMENTS OF DATABASES,"C S-327E: ELEMENTS OF DATABASES, Section no. 54750",C+,3,Computer Science
Fall 2025,54750,C S, 327E,ELEMENTS OF DATABASES,"C S-327E: ELEMENTS OF DATABASES, Section no. 54750",B-,9,Computer Science
Fall 2025,54750,C S, 327E,ELEMENTS OF DATABASES,"C S-327E: ELEMENTS OF DATABASES, Section no. 54750",B,8,Computer Science
Fall 2025,54750,C S, 327E,ELEMENTS OF DATABASES,"C S-327E: ELEMENTS OF DATABASES, Section no. 54750",B+,12,Computer Science
Fall 2025,54750,C S, 327E,ELEMENTS OF DATABASES,"C S-327E: ELEMENTS OF DATABASES, Section no. 54750",A-,13,Computer Science
Fall 2025,54750,C S, 327E,ELEMENTS OF DATABASES,"C S-327E: ELEMENTS OF DATABASES, Section no. 54750",A,10,Computer Science
Fall 2025,54755,C S, 327E,ELEMENTS OF DATABASES,"C S-327E: ELEMENTS OF DATABASES, Section no. 54755",Other,5,Computer Science
Fall 2025,54755,C S, 327E,ELEMENTS OF DATABASES,"C S-327E: ELEMENTS OF DATABASES, Section no. 54755",F,1,Computer Science
Fall 2025,54755,C S, 327E,ELEMENTS OF DATABASES,"C S-327E: ELEMENTS OF DATABASES, Section no. 54755",D+,1,Computer Science
Fall 2025,54755,C S, 327E,ELEMENTS OF DATABASES,"C S-327E: ELEMENTS OF DATABASES, Section no. 54755",C-,1,Computer Science
Fall 2025,54755,C S, 327E,ELEMENTS OF DATABASES,"C S-327E: ELEMENTS OF DATABASES, Section no. 54755",C,3,Computer Science
Fall 2025,54755,C S, 327E,ELEMENTS OF DATABASES,"C S-327E: ELEMENTS OF DATABASES, Section no. 54755",C+,3,Computer Science
Fall 2025,54755,C S, 327E,ELEMENTS OF DATABASES,"C S-327E: ELEMENTS OF DATABASES, Section no. 54755",B-,5,Computer Science
Fall 2025,54755,C S, 327E,ELEMENTS OF DATABASES,"C S-327E: ELEMENTS OF DATABASES, Section no. 54755",B,12,Computer Science
Fall 2025,54755,C S, 327E,ELEMENTS OF DATABASES,"C S-327E: ELEMENTS OF DATABASES, Section no. 54755",B+,10,Computer Science
Fall 2025,54755,C S, 327E,ELEMENTS OF DATABASES,"C S-327E: ELEMENTS OF DATABASES, Section no. 54755",A-,9,Computer Science
Fall 2025,54755,C S, 327E,ELEMENTS OF DATABASES,"C S-327E: ELEMENTS OF DATABASES, Section no. 54755",A,9,Computer Science
Fall 2025,54760,C S, 327E,ELEMENTS OF DATABASES,"C S-327E: ELEMENTS OF DATABASES, Section no. 54760",C-,1,Computer Science
Fall 2025,54760,C S, 327E,ELEMENTS OF DATABASES,"C S-327E: ELEMENTS OF DATABASES, Section no. 54760",C,5,Computer Science
Fall 2025,54760,C S, 327E,ELEMENTS OF DATABASES,"C S-327E: ELEMENTS OF DATABASES, Section no. 54760",C+,2,Computer Science
Fall 2025,54760,C S, 327E,ELEMENTS OF DATABASES,"C S-327E: ELEMENTS OF DATABASES, Section no. 54760",B,19,Computer Science
Fall 2025,54760,C S, 327E,ELEMENTS OF DATABASES,"C S-327E: ELEMENTS OF DATABASES, Section no. 54760",B+,8,Computer Science
Fall 2025,54760,C S, 327E,ELEMENTS OF DATABASES,"C S-327E: ELEMENTS OF DATABASES, Section no. 54760",A,31,Computer Science
Fall 2025,54765,C S, 429,COMP ORGANIZATN AND ARCH,"C S-429: COMP ORGANIZATN AND ARCH, Section no. 54765",Other,3,Computer Science
Fall 2025,54765,C S, 429,COMP ORGANIZATN AND ARCH,"C S-429: COMP ORGANIZATN AND ARCH, Section no. 54765",F,1,Computer Science
Fall 2025,54765,C S, 429,COMP ORGANIZATN AND ARCH,"C S-429: COMP ORGANIZATN AND ARCH, Section no. 54765",C-,3,Computer Science
Fall 2025,54765,C S, 429,COMP ORGANIZATN AND ARCH,"C S-429: COMP ORGANIZATN AND ARCH, Section no. 54765",C,5,Computer Science
Fall 2025,54765,C S, 429,COMP ORGANIZATN AND ARCH,"C S-429: COMP ORGANIZATN AND ARCH, Section no. 54765",C+,7,Computer Science
Fall 2025,54765,C S, 429,COMP ORGANIZATN AND ARCH,"C S-429: COMP ORGANIZATN AND ARCH, Section no. 54765",B-,1,Computer Science
Fall 2025,54765,C S, 429,COMP ORGANIZATN AND ARCH,"C S-429: COMP ORGANIZATN AND ARCH, Section no. 54765",B,3,Computer Science
Fall 2025,54765,C S, 429,COMP ORGANIZATN AND ARCH,"C S-429: COMP ORGANIZATN AND ARCH, Section no. 54765",B+,1,Computer Science
Fall 2025,54765,C S, 429,COMP ORGANIZATN AND ARCH,"C S-429: COMP ORGANIZATN AND ARCH, Section no. 54765",A,2,Computer Science
Fall 2025,54770,C S, 429,COMP ORGANIZATN AND ARCH,"C S-429: COMP ORGANIZATN AND ARCH, Section no. 54770",Other,1,Computer Science
Fall 2025,54770,C S, 429,COMP ORGANIZATN AND ARCH,"C S-429: COMP ORGANIZATN AND ARCH, Section no. 54770",F,1,Computer Science
Fall 2025,54770,C S, 429,COMP ORGANIZATN AND ARCH,"C S-429: COMP ORGANIZATN AND ARCH, Section no. 54770",D+,2,Computer Science
Fall 2025,54770,C S, 429,COMP ORGANIZATN AND ARCH,"C S-429: COMP ORGANIZATN AND ARCH, Section no. 54770",C-,3,Computer Science
Fall 2025,54770,C S, 429,COMP ORGANIZATN AND ARCH,"C S-429: COMP ORGANIZATN AND ARCH, Section no. 54770",C,6,Computer Science
Fall 2025,54770,C S, 429,COMP ORGANIZATN AND ARCH,"C S-429: COMP ORGANIZATN AND ARCH, Section no. 54770",C+,7,Computer Science
Fall 2025,54770,C S, 429,COMP ORGANIZATN AND ARCH,"C S-429: COMP ORGANIZATN AND ARCH, Section no. 54770",B-,2,Computer Science
Fall 2025,54770,C S, 429,COMP ORGANIZATN AND ARCH,"C S-429: COMP ORGANIZATN AND ARCH, Section no. 54770",B,3,Computer Science
Fall 2025,54770,C S, 429,COMP ORGANIZATN AND ARCH,"C S-429: COMP ORGANIZATN AND ARCH, Section no. 54770",B+,2,Computer Science
Fall 2025,54775,C S, 429,COMP ORGANIZATN AND ARCH,"C S-429: COMP ORGANIZATN AND ARCH, Section no. 54775",Other,3,Computer Science
Fall 2025,54775,C S, 429,COMP ORGANIZATN AND ARCH,"C S-429: COMP ORGANIZATN AND ARCH, Section no. 54775",D+,1,Computer Science
Fall 2025,54775,C S, 429,COMP ORGANIZATN AND ARCH,"C S-429: COMP ORGANIZATN AND ARCH, Section no. 54775",C-,2,Computer Science
Fall 2025,54775,C S, 429,COMP ORGANIZATN AND ARCH,"C S-429: COMP ORGANIZATN AND ARCH, Section no. 54775",C,8,Computer Science
Fall 2025,54775,C S, 429,COMP ORGANIZATN AND ARCH,"C S-429: COMP ORGANIZATN AND ARCH, Section no. 54775",C+,7,Computer Science
Fall 2025,54775,C S, 429,COMP ORGANIZATN AND ARCH,"C S-429: COMP ORGANIZATN AND ARCH, Section no. 54775",B-,4,Computer Science
Fall 2025,54775,C S, 429,COMP ORGANIZATN AND ARCH,"C S-429: COMP ORGANIZATN AND ARCH, Section no. 54775",B,1,Computer Science
Fall 2025,54775,C S, 429,COMP ORGANIZATN AND ARCH,"C S-429: COMP ORGANIZATN AND ARCH, Section no. 54775",B+,1,Computer Science
Fall 2025,54780,C S, 429,COMP ORGANIZATN AND ARCH,"C S-429: COMP ORGANIZATN AND ARCH, Section no. 54780",Other,1,Computer Science
Fall 2025,54780,C S, 429,COMP ORGANIZATN AND ARCH,"C S-429: COMP ORGANIZATN AND ARCH, Section no. 54780",D,2,Computer Science
Fall 2025,54780,C S, 429,COMP ORGANIZATN AND ARCH,"C S-429: COMP ORGANIZATN AND ARCH, Section no. 54780",C-,6,Computer Science
Fall 2025,54780,C S, 429,COMP ORGANIZATN AND ARCH,"C S-429: COMP ORGANIZATN AND ARCH, Section no. 54780",C,2,Computer Science
Fall 2025,54780,C S, 429,COMP ORGANIZATN AND ARCH,"C S-429: COMP ORGANIZATN AND ARCH, Section no. 54780",C+,5,Computer Science
Fall 2025,54780,C S, 429,COMP ORGANIZATN AND ARCH,"C S-429: COMP ORGANIZATN AND ARCH, Section no. 54780",B-,3,Computer Science
Fall 2025,54780,C S, 429,COMP ORGANIZATN AND ARCH,"C S-429: COMP ORGANIZATN AND ARCH, Section no. 54780",B,1,Computer Science
Fall 2025,54780,C S, 429,COMP ORGANIZATN AND ARCH,"C S-429: COMP ORGANIZATN AND ARCH, Section no. 54780",B+,2,Computer Science
Fall 2025,54785,C S, 429,COMP ORGANIZATN AND ARCH,"C S-429: COMP ORGANIZATN AND ARCH, Section no. 54785",Other,5,Computer Science
Fall 2025,54785,C S, 429,COMP ORGANIZATN AND ARCH,"C S-429: COMP ORGANIZATN AND ARCH, Section no. 54785",C-,4,Computer Science
Fall 2025,54785,C S, 429,COMP ORGANIZATN AND ARCH,"C S-429: COMP ORGANIZATN AND ARCH, Section no. 54785",C,4,Computer Science
Fall 2025,54785,C S, 429,COMP ORGANIZATN AND ARCH,"C S-429: COMP ORGANIZATN AND ARCH, Section no. 54785",C+,6,Computer Science
Fall 2025,54785,C S, 429,COMP ORGANIZATN AND ARCH,"C S-429: COMP ORGANIZATN AND ARCH, Section no. 54785",B-,4,Computer Science
Fall 2025,54785,C S, 429,COMP ORGANIZATN AND ARCH,"C S-429: COMP ORGANIZATN AND ARCH, Section no. 54785",B,4,Computer Science
Fall 2025,54790,C S, 429,COMP ORGANIZATN AND ARCH,"C S-429: COMP ORGANIZATN AND ARCH, Section no. 54790",Other,5,Computer Science
Fall 2025,54790,C S, 429,COMP ORGANIZATN AND ARCH,"C S-429: COMP ORGANIZATN AND ARCH, Section no. 54790",D,1,Computer Science
Fall 2025,54790,C S, 429,COMP ORGANIZATN AND ARCH,"C S-429: COMP ORGANIZATN AND ARCH, Section no. 54790",C-,2,Computer Science
Fall 2025,54790,C S, 429,COMP ORGANIZATN AND ARCH,"C S-429: COMP ORGANIZATN AND ARCH, Section no. 54790",C,2,Computer Science
Fall 2025,54790,C S, 429,COMP ORGANIZATN AND ARCH,"C S-429: COMP ORGANIZATN AND ARCH, Section no. 54790",C+,6,Computer Science
Fall 2025,54790,C S, 429,COMP ORGANIZATN AND ARCH,"C S-429: COMP ORGANIZATN AND ARCH, Section no. 54790",B-,3,Computer Science
Fall 2025,54790,C S, 429,COMP ORGANIZATN AND ARCH,"C S-429: COMP ORGANIZATN AND ARCH, Section no. 54790",B,2,Computer Science
Fall 2025,54790,C S, 429,COMP ORGANIZATN AND ARCH,"C S-429: COMP ORGANIZATN AND ARCH, Section no. 54790",B+,2,Computer Science
Fall 2025,54790,C S, 429,COMP ORGANIZATN AND ARCH,"C S-429: COMP ORGANIZATN AND ARCH, Section no. 54790",A-,1,Computer Science
Fall 2025,54790,C S, 429,COMP ORGANIZATN AND ARCH,"C S-429: COMP ORGANIZATN AND ARCH, Section no. 54790",A,2,Computer Science
Fall 2025,54795,C S, 429,COMP ORGANIZATN AND ARCH,"C S-429: COMP ORGANIZATN AND ARCH, Section no. 54795",Other,3,Computer Science
Fall 2025,54795,C S, 429,COMP ORGANIZATN AND ARCH,"C S-429: COMP ORGANIZATN AND ARCH, Section no. 54795",F,2,Computer Science
Fall 2025,54795,C S, 429,COMP ORGANIZATN AND ARCH,"C S-429: COMP ORGANIZATN AND ARCH, Section no. 54795",C-,3,Computer Science
Fall 2025,54795,C S, 429,COMP ORGANIZATN AND ARCH,"C S-429: COMP ORGANIZATN AND ARCH, Section no. 54795",C,1,Computer Science
Fall 2025,54795,C S, 429,COMP ORGANIZATN AND ARCH,"C S-429: COMP ORGANIZATN AND ARCH, Section no. 54795",C+,2,Computer Science
Fall 2025,54795,C S, 429,COMP ORGANIZATN AND ARCH,"C S-429: COMP ORGANIZATN AND ARCH, Section no. 54795",B-,5,Computer Science
Fall 2025,54800,C S, 429,COMP ORGANIZATN AND ARCH,"C S-429: COMP ORGANIZATN AND ARCH, Section no. 54800",Other,3,Computer Science
Fall 2025,54800,C S, 429,COMP ORGANIZATN AND ARCH,"C S-429: COMP ORGANIZATN AND ARCH, Section no. 54800",C,5,Computer Science
Fall 2025,54800,C S, 429,COMP ORGANIZATN AND ARCH,"C S-429: COMP ORGANIZATN AND ARCH, Section no. 54800",C+,2,Computer Science
Fall 2025,54800,C S, 429,COMP ORGANIZATN AND ARCH,"C S-429: COMP ORGANIZATN AND ARCH, Section no. 54800",B-,2,Computer Science
Fall 2025,54800,C S, 429,COMP ORGANIZATN AND ARCH,"C S-429: COMP ORGANIZATN AND ARCH, Section no. 54800",B,1,Computer Science
Fall 2025,54800,C S, 429,COMP ORGANIZATN AND ARCH,"C S-429: COMP ORGANIZATN AND ARCH, Section no. 54800",B+,2,Computer Science
Fall 2025,54805,C S, 429,COMP ORGANIZATN AND ARCH,"C S-429: COMP ORGANIZATN AND ARCH, Section no. 54805",Other,3,Computer Science
Fall 2025,54805,C S, 429,COMP ORGANIZATN AND ARCH,"C S-429: COMP ORGANIZATN AND ARCH, Section no. 54805",C-,2,Computer Science
Fall 2025,54805,C S, 429,COMP ORGANIZATN AND ARCH,"C S-429: COMP ORGANIZATN AND ARCH, Section no. 54805",C,1,Computer Science
Fall 2025,54805,C S, 429,COMP ORGANIZATN AND ARCH,"C S-429: COMP ORGANIZATN AND ARCH, Section no. 54805",C+,2,Computer Science
Fall 2025,54805,C S, 429,COMP ORGANIZATN AND ARCH,"C S-429: COMP ORGANIZATN AND ARCH, Section no. 54805",B-,1,Computer Science
Fall 2025,54805,C S, 429,COMP ORGANIZATN AND ARCH,"C S-429: COMP ORGANIZATN AND ARCH, Section no. 54805",B,2,Computer Science
Fall 2025,54805,C S, 429,COMP ORGANIZATN AND ARCH,"C S-429: COMP ORGANIZATN AND ARCH, Section no. 54805",B+,2,Computer Science
Fall 2025,54810,C S, 329E,ELEMENTS OF DATA ANALYTICS,"C S-329E: ELEMENTS OF DATA ANALYTICS, Section no. 54810",Other,2,Computer Science
Fall 2025,54810,C S, 329E,ELEMENTS OF DATA ANALYTICS,"C S-329E: ELEMENTS OF DATA ANALYTICS, Section no. 54810",C,1,Computer Science
Fall 2025,54810,C S, 329E,ELEMENTS OF DATA ANALYTICS,"C S-329E: ELEMENTS OF DATA ANALYTICS, Section no. 54810",B+,1,Computer Science
Fall 2025,54810,C S, 329E,ELEMENTS OF DATA ANALYTICS,"C S-329E: ELEMENTS OF DATA ANALYTICS, Section no. 54810",A-,2,Computer Science
Fall 2025,54810,C S, 329E,ELEMENTS OF DATA ANALYTICS,"C S-329E: ELEMENTS OF DATA ANALYTICS, Section no. 54810",A,54,Computer Science
Fall 2025,54815,C S, 329E,ELEMENTS OF DATA VISUALIZATION,"C S-329E: ELEMENTS OF DATA VISUALIZATION, Section no. 54815",Other,1,Computer Science
Fall 2025,54815,C S, 329E,ELEMENTS OF DATA VISUALIZATION,"C S-329E: ELEMENTS OF DATA VISUALIZATION, Section no. 54815",D-,1,Computer Science
Fall 2025,54815,C S, 329E,ELEMENTS OF DATA VISUALIZATION,"C S-329E: ELEMENTS OF DATA VISUALIZATION, Section no. 54815",C+,3,Computer Science
Fall 2025,54815,C S, 329E,ELEMENTS OF DATA VISUALIZATION,"C S-329E: ELEMENTS OF DATA VISUALIZATION, Section no. 54815",B,4,Computer Science
Fall 2025,54815,C S, 329E,ELEMENTS OF DATA VISUALIZATION,"C S-329E: ELEMENTS OF DATA VISUALIZATION, Section no. 54815",B+,2,Computer Science
Fall 2025,54815,C S, 329E,ELEMENTS OF DATA VISUALIZATION,"C S-329E: ELEMENTS OF DATA VISUALIZATION, Section no. 54815",A-,4,Computer Science
Fall 2025,54815,C S, 329E,ELEMENTS OF DATA VISUALIZATION,"C S-329E: ELEMENTS OF DATA VISUALIZATION, Section no. 54815",A,55,Computer Science
Fall 2025,54820,C S, 329E,ELEMENTS OF DATA VISUALIZATION,"C S-329E: ELEMENTS OF DATA VISUALIZATION, Section no. 54820",Other,1,Computer Science
Fall 2025,54820,C S, 329E,ELEMENTS OF DATA VISUALIZATION,"C S-329E: ELEMENTS OF DATA VISUALIZATION, Section no. 54820",B,4,Computer Science
Fall 2025,54820,C S, 329E,ELEMENTS OF DATA VISUALIZATION,"C S-329E: ELEMENTS OF DATA VISUALIZATION, Section no. 54820",B+,3,Computer Science
Fall 2025,54820,C S, 329E,ELEMENTS OF DATA VISUALIZATION,"C S-329E: ELEMENTS OF DATA VISUALIZATION, Section no. 54820",A-,1,Computer Science
Fall 2025,54820,C S, 329E,ELEMENTS OF DATA VISUALIZATION,"C S-329E: ELEMENTS OF DATA VISUALIZATION, Section no. 54820",A,54,Computer Science
Fall 2025,54830,C S, 329E,ELEMENTS OF MOBILE COMPUTING,"C S-329E: ELEMENTS OF MOBILE COMPUTING, Section no. 54830",Other,7,Computer Science
Fall 2025,54830,C S, 329E,ELEMENTS OF MOBILE COMPUTING,"C S-329E: ELEMENTS OF MOBILE COMPUTING, Section no. 54830",C-,1,Computer Science
Fall 2025,54830,C S, 329E,ELEMENTS OF MOBILE COMPUTING,"C S-329E: ELEMENTS OF MOBILE COMPUTING, Section no. 54830",C+,2,Computer Science
Fall 2025,54830,C S, 329E,ELEMENTS OF MOBILE COMPUTING,"C S-329E: ELEMENTS OF MOBILE COMPUTING, Section no. 54830",B,1,Computer Science
Fall 2025,54830,C S, 329E,ELEMENTS OF MOBILE COMPUTING,"C S-329E: ELEMENTS OF MOBILE COMPUTING, Section no. 54830",B+,1,Computer Science
Fall 2025,54830,C S, 329E,ELEMENTS OF MOBILE COMPUTING,"C S-329E: ELEMENTS OF MOBILE COMPUTING, Section no. 54830",A-,7,Computer Science
Fall 2025,54830,C S, 329E,ELEMENTS OF MOBILE COMPUTING,"C S-329E: ELEMENTS OF MOBILE COMPUTING, Section no. 54830",A,37,Computer Science
Fall 2025,54835,C S, 329E,ELEMENTS OF MOBILE COMPUTING,"C S-329E: ELEMENTS OF MOBILE COMPUTING, Section no. 54835",Other,7,Computer Science
Fall 2025,54835,C S, 329E,ELEMENTS OF MOBILE COMPUTING,"C S-329E: ELEMENTS OF MOBILE COMPUTING, Section no. 54835",F,1,Computer Science
Fall 2025,54835,C S, 329E,ELEMENTS OF MOBILE COMPUTING,"C S-329E: ELEMENTS OF MOBILE COMPUTING, Section no. 54835",D,1,Computer Science
Fall 2025,54835,C S, 329E,ELEMENTS OF MOBILE COMPUTING,"C S-329E: ELEMENTS OF MOBILE COMPUTING, Section no. 54835",C-,2,Computer Science
Fall 2025,54835,C S, 329E,ELEMENTS OF MOBILE COMPUTING,"C S-329E: ELEMENTS OF MOBILE COMPUTING, Section no. 54835",C,3,Computer Science
Fall 2025,54835,C S, 329E,ELEMENTS OF MOBILE COMPUTING,"C S-329E: ELEMENTS OF MOBILE COMPUTING, Section no. 54835",C+,1,Computer Science
Fall 2025,54835,C S, 329E,ELEMENTS OF MOBILE COMPUTING,"C S-329E: ELEMENTS OF MOBILE COMPUTING, Section no. 54835",B-,2,Computer Science
Fall 2025,54835,C S, 329E,ELEMENTS OF MOBILE COMPUTING,"C S-329E: ELEMENTS OF MOBILE COMPUTING, Section no. 54835",B+,1,Computer Science
Fall 2025,54835,C S, 329E,ELEMENTS OF MOBILE COMPUTING,"C S-329E: ELEMENTS OF MOBILE COMPUTING, Section no. 54835",A-,5,Computer Science
Fall 2025,54835,C S, 329E,ELEMENTS OF MOBILE COMPUTING,"C S-329E: ELEMENTS OF MOBILE COMPUTING, Section no. 54835",A,36,Computer Science
Fall 2025,54839,C S, 329E,ELEMENTS OF WEB PROGRAMMING-WB,"C S-329E: ELEMENTS OF WEB PROGRAMMING-WB, Section no. 54839",Other,8,Computer Science
Fall 2025,54839,C S, 329E,ELEMENTS OF WEB PROGRAMMING-WB,"C S-329E: ELEMENTS OF WEB PROGRAMMING-WB, Section no. 54839",D-,1,Computer Science
Fall 2025,54839,C S, 329E,ELEMENTS OF WEB PROGRAMMING-WB,"C S-329E: ELEMENTS OF WEB PROGRAMMING-WB, Section no. 54839",C-,1,Computer Science
Fall 2025,54839,C S, 329E,ELEMENTS OF WEB PROGRAMMING-WB,"C S-329E: ELEMENTS OF WEB PROGRAMMING-WB, Section no. 54839",C+,1,Computer Science
Fall 2025,54839,C S, 329E,ELEMENTS OF WEB PROGRAMMING-WB,"C S-329E: ELEMENTS OF WEB PROGRAMMING-WB, Section no. 54839",B,5,Computer Science
Fall 2025,54839,C S, 329E,ELEMENTS OF WEB PROGRAMMING-WB,"C S-329E: ELEMENTS OF WEB PROGRAMMING-WB, Section no. 54839",B+,2,Computer Science
Fall 2025,54839,C S, 329E,ELEMENTS OF WEB PROGRAMMING-WB,"C S-329E: ELEMENTS OF WEB PROGRAMMING-WB, Section no. 54839",A-,18,Computer Science
Fall 2025,54839,C S, 329E,ELEMENTS OF WEB PROGRAMMING-WB,"C S-329E: ELEMENTS OF WEB PROGRAMMING-WB, Section no. 54839",A,20,Computer Science
Fall 2025,54845,C S, 330E,ELMNTS SOFTWARE ENGINEER I,"C S-330E: ELMNTS SOFTWARE ENGINEER I, Section no. 54845",Other,2,Computer Science
Fall 2025,54845,C S, 330E,ELMNTS SOFTWARE ENGINEER I,"C S-330E: ELMNTS SOFTWARE ENGINEER I, Section no. 54845",C,1,Computer Science
Fall 2025,54845,C S, 330E,ELMNTS SOFTWARE ENGINEER I,"C S-330E: ELMNTS SOFTWARE ENGINEER I, Section no. 54845",C+,1,Computer Science
Fall 2025,54845,C S, 330E,ELMNTS SOFTWARE ENGINEER I,"C S-330E: ELMNTS SOFTWARE ENGINEER I, Section no. 54845",B-,4,Computer Science
Fall 2025,54845,C S, 330E,ELMNTS SOFTWARE ENGINEER I,"C S-330E: ELMNTS SOFTWARE ENGINEER I, Section no. 54845",B,7,Computer Science
Fall 2025,54845,C S, 330E,ELMNTS SOFTWARE ENGINEER I,"C S-330E: ELMNTS SOFTWARE ENGINEER I, Section no. 54845",B+,12,Computer Science
Fall 2025,54845,C S, 330E,ELMNTS SOFTWARE ENGINEER I,"C S-330E: ELMNTS SOFTWARE ENGINEER I, Section no. 54845",A-,18,Computer Science
Fall 2025,54845,C S, 330E,ELMNTS SOFTWARE ENGINEER I,"C S-330E: ELMNTS SOFTWARE ENGINEER I, Section no. 54845",A,30,Computer Science
Fall 2025,54850,C S, 331,ALGORITHMS AND COMPLEXITY,"C S-331: ALGORITHMS AND COMPLEXITY, Section no. 54850",Other,1,Computer Science
Fall 2025,54850,C S, 331,ALGORITHMS AND COMPLEXITY,"C S-331: ALGORITHMS AND COMPLEXITY, Section no. 54850",F,1,Computer Science
Fall 2025,54850,C S, 331,ALGORITHMS AND COMPLEXITY,"C S-331: ALGORITHMS AND COMPLEXITY, Section no. 54850",C,1,Computer Science
Fall 2025,54850,C S, 331,ALGORITHMS AND COMPLEXITY,"C S-331: ALGORITHMS AND COMPLEXITY, Section no. 54850",C+,3,Computer Science
Fall 2025,54850,C S, 331,ALGORITHMS AND COMPLEXITY,"C S-331: ALGORITHMS AND COMPLEXITY, Section no. 54850",B-,2,Computer Science
Fall 2025,54850,C S, 331,ALGORITHMS AND COMPLEXITY,"C S-331: ALGORITHMS AND COMPLEXITY, Section no. 54850",B,4,Computer Science
Fall 2025,54850,C S, 331,ALGORITHMS AND COMPLEXITY,"C S-331: ALGORITHMS AND COMPLEXITY, Section no. 54850",B+,4,Computer Science
Fall 2025,54850,C S, 331,ALGORITHMS AND COMPLEXITY,"C S-331: ALGORITHMS AND COMPLEXITY, Section no. 54850",A-,1,Computer Science
Fall 2025,54850,C S, 331,ALGORITHMS AND COMPLEXITY,"C S-331: ALGORITHMS AND COMPLEXITY, Section no. 54850",A,5,Computer Science
Fall 2025,54855,C S, 331,ALGORITHMS AND COMPLEXITY,"C S-331: ALGORITHMS AND COMPLEXITY, Section no. 54855",B-,1,Computer Science
Fall 2025,54855,C S, 331,ALGORITHMS AND COMPLEXITY,"C S-331: ALGORITHMS AND COMPLEXITY, Section no. 54855",B,8,Computer Science
Fall 2025,54855,C S, 331,ALGORITHMS AND COMPLEXITY,"C S-331: ALGORITHMS AND COMPLEXITY, Section no. 54855",B+,3,Computer Science
Fall 2025,54855,C S, 331,ALGORITHMS AND COMPLEXITY,"C S-331: ALGORITHMS AND COMPLEXITY, Section no. 54855",A-,7,Computer Science
Fall 2025,54855,C S, 331,ALGORITHMS AND COMPLEXITY,"C S-331: ALGORITHMS AND COMPLEXITY, Section no. 54855",A,8,Computer Science
Fall 2025,54856,C S, 331,ALGORITHMS AND COMPLEXITY,"C S-331: ALGORITHMS AND COMPLEXITY, Section no. 54856",F,1,Computer Science
Fall 2025,54856,C S, 331,ALGORITHMS AND COMPLEXITY,"C S-331: ALGORITHMS AND COMPLEXITY, Section no. 54856",C,4,Computer Science
Fall 2025,54856,C S, 331,ALGORITHMS AND COMPLEXITY,"C S-331: ALGORITHMS AND COMPLEXITY, Section no. 54856",C+,5,Computer Science
Fall 2025,54856,C S, 331,ALGORITHMS AND COMPLEXITY,"C S-331: ALGORITHMS AND COMPLEXITY, Section no. 54856",B-,5,Computer Science
Fall 2025,54856,C S, 331,ALGORITHMS AND COMPLEXITY,"C S-331: ALGORITHMS AND COMPLEXITY, Section no. 54856",B,2,Computer Science
Fall 2025,54856,C S, 331,ALGORITHMS AND COMPLEXITY,"C S-331: ALGORITHMS AND COMPLEXITY, Section no. 54856",B+,6,Computer Science
Fall 2025,54856,C S, 331,ALGORITHMS AND COMPLEXITY,"C S-331: ALGORITHMS AND COMPLEXITY, Section no. 54856",A-,7,Computer Science
Fall 2025,54856,C S, 331,ALGORITHMS AND COMPLEXITY,"C S-331: ALGORITHMS AND COMPLEXITY, Section no. 54856",A,3,Computer Science
Fall 2025,54857,C S, 331,ALGORITHMS AND COMPLEXITY,"C S-331: ALGORITHMS AND COMPLEXITY, Section no. 54857",Other,1,Computer Science
Fall 2025,54857,C S, 331,ALGORITHMS AND COMPLEXITY,"C S-331: ALGORITHMS AND COMPLEXITY, Section no. 54857",C-,1,Computer Science
Fall 2025,54857,C S, 331,ALGORITHMS AND COMPLEXITY,"C S-331: ALGORITHMS AND COMPLEXITY, Section no. 54857",C,3,Computer Science
Fall 2025,54857,C S, 331,ALGORITHMS AND COMPLEXITY,"C S-331: ALGORITHMS AND COMPLEXITY, Section no. 54857",C+,5,Computer Science
Fall 2025,54857,C S, 331,ALGORITHMS AND COMPLEXITY,"C S-331: ALGORITHMS AND COMPLEXITY, Section no. 54857",B-,7,Computer Science
Fall 2025,54857,C S, 331,ALGORITHMS AND COMPLEXITY,"C S-331: ALGORITHMS AND COMPLEXITY, Section no. 54857",B,8,Computer Science
Fall 2025,54857,C S, 331,ALGORITHMS AND COMPLEXITY,"C S-331: ALGORITHMS AND COMPLEXITY, Section no. 54857",B+,3,Computer Science
Fall 2025,54857,C S, 331,ALGORITHMS AND COMPLEXITY,"C S-331: ALGORITHMS AND COMPLEXITY, Section no. 54857",A-,4,Computer Science
Fall 2025,54857,C S, 331,ALGORITHMS AND COMPLEXITY,"C S-331: ALGORITHMS AND COMPLEXITY, Section no. 54857",A,3,Computer Science
Fall 2025,54860,C S, 331,ALGORITHMS AND COMPLEXITY,"C S-331: ALGORITHMS AND COMPLEXITY, Section no. 54860",Other,2,Computer Science
Fall 2025,54860,C S, 331,ALGORITHMS AND COMPLEXITY,"C S-331: ALGORITHMS AND COMPLEXITY, Section no. 54860",C,1,Computer Science
Fall 2025,54860,C S, 331,ALGORITHMS AND COMPLEXITY,"C S-331: ALGORITHMS AND COMPLEXITY, Section no. 54860",B-,8,Computer Science
Fall 2025,54860,C S, 331,ALGORITHMS AND COMPLEXITY,"C S-331: ALGORITHMS AND COMPLEXITY, Section no. 54860",B,7,Computer Science
Fall 2025,54860,C S, 331,ALGORITHMS AND COMPLEXITY,"C S-331: ALGORITHMS AND COMPLEXITY, Section no. 54860",B+,3,Computer Science
Fall 2025,54860,C S, 331,ALGORITHMS AND COMPLEXITY,"C S-331: ALGORITHMS AND COMPLEXITY, Section no. 54860",A-,6,Computer Science
Fall 2025,54860,C S, 331,ALGORITHMS AND COMPLEXITY,"C S-331: ALGORITHMS AND COMPLEXITY, Section no. 54860",A,6,Computer Science
Fall 2025,54865,C S, 331,ALGORITHMS AND COMPLEXITY,"C S-331: ALGORITHMS AND COMPLEXITY, Section no. 54865",Other,1,Computer Science
Fall 2025,54865,C S, 331,ALGORITHMS AND COMPLEXITY,"C S-331: ALGORITHMS AND COMPLEXITY, Section no. 54865",C+,2,Computer Science
Fall 2025,54865,C S, 331,ALGORITHMS AND COMPLEXITY,"C S-331: ALGORITHMS AND COMPLEXITY, Section no. 54865",B-,3,Computer Science
Fall 2025,54865,C S, 331,ALGORITHMS AND COMPLEXITY,"C S-331: ALGORITHMS AND COMPLEXITY, Section no. 54865",B,7,Computer Science
Fall 2025,54865,C S, 331,ALGORITHMS AND COMPLEXITY,"C S-331: ALGORITHMS AND COMPLEXITY, Section no. 54865",B+,2,Computer Science
Fall 2025,54865,C S, 331,ALGORITHMS AND COMPLEXITY,"C S-331: ALGORITHMS AND COMPLEXITY, Section no. 54865",A-,5,Computer Science
Fall 2025,54865,C S, 331,ALGORITHMS AND COMPLEXITY,"C S-331: ALGORITHMS AND COMPLEXITY, Section no. 54865",A,9,Computer Science
Fall 2025,54870,C S, 331,ALGORITHMS AND COMPLEXITY,"C S-331: ALGORITHMS AND COMPLEXITY, Section no. 54870",Other,2,Computer Science
Fall 2025,54870,C S, 331,ALGORITHMS AND COMPLEXITY,"C S-331: ALGORITHMS AND COMPLEXITY, Section no. 54870",C,2,Computer Science
Fall 2025,54870,C S, 331,ALGORITHMS AND COMPLEXITY,"C S-331: ALGORITHMS AND COMPLEXITY, Section no. 54870",C+,1,Computer Science
Fall 2025,54870,C S, 331,ALGORITHMS AND COMPLEXITY,"C S-331: ALGORITHMS AND COMPLEXITY, Section no. 54870",B-,3,Computer Science
Fall 2025,54870,C S, 331,ALGORITHMS AND COMPLEXITY,"C S-331: ALGORITHMS AND COMPLEXITY, Section no. 54870",B,8,Computer Science
Fall 2025,54870,C S, 331,ALGORITHMS AND COMPLEXITY,"C S-331: ALGORITHMS AND COMPLEXITY, Section no. 54870",B+,3,Computer Science
Fall 2025,54870,C S, 331,ALGORITHMS AND COMPLEXITY,"C S-331: ALGORITHMS AND COMPLEXITY, Section no. 54870",A-,2,Computer Science
Fall 2025,54870,C S, 331,ALGORITHMS AND COMPLEXITY,"C S-331: ALGORITHMS AND COMPLEXITY, Section no. 54870",A,14,Computer Science
Fall 2025,54875,C S, 331,ALGORITHMS AND COMPLEXITY,"C S-331: ALGORITHMS AND COMPLEXITY, Section no. 54875",Other,5,Computer Science
Fall 2025,54875,C S, 331,ALGORITHMS AND COMPLEXITY,"C S-331: ALGORITHMS AND COMPLEXITY, Section no. 54875",F,2,Computer Science
Fall 2025,54875,C S, 331,ALGORITHMS AND COMPLEXITY,"C S-331: ALGORITHMS AND COMPLEXITY, Section no. 54875",C,1,Computer Science
Fall 2025,54875,C S, 331,ALGORITHMS AND COMPLEXITY,"C S-331: ALGORITHMS AND COMPLEXITY, Section no. 54875",C+,3,Computer Science
Fall 2025,54875,C S, 331,ALGORITHMS AND COMPLEXITY,"C S-331: ALGORITHMS AND COMPLEXITY, Section no. 54875",B-,4,Computer Science
Fall 2025,54875,C S, 331,ALGORITHMS AND COMPLEXITY,"C S-331: ALGORITHMS AND COMPLEXITY, Section no. 54875",B,6,Computer Science
Fall 2025,54875,C S, 331,ALGORITHMS AND COMPLEXITY,"C S-331: ALGORITHMS AND COMPLEXITY, Section no. 54875",B+,2,Computer Science
Fall 2025,54875,C S, 331,ALGORITHMS AND COMPLEXITY,"C S-331: ALGORITHMS AND COMPLEXITY, Section no. 54875",A-,4,Computer Science
Fall 2025,54875,C S, 331,ALGORITHMS AND COMPLEXITY,"C S-331: ALGORITHMS AND COMPLEXITY, Section no. 54875",A,6,Computer Science
Fall 2025,54880,C S, 439,PRINCIPLES OF COMPUTER SYS-C S,"C S-439: PRINCIPLES OF COMPUTER SYS-C S, Section no. 54880",C-,3,Computer Science
Fall 2025,54880,C S, 439,PRINCIPLES OF COMPUTER SYS-C S,"C S-439: PRINCIPLES OF COMPUTER SYS-C S, Section no. 54880",C,3,Computer Science
Fall 2025,54880,C S, 439,PRINCIPLES OF COMPUTER SYS-C S,"C S-439: PRINCIPLES OF COMPUTER SYS-C S, Section no. 54880",C+,3,Computer Science
Fall 2025,54880,C S, 439,PRINCIPLES OF COMPUTER SYS-C S,"C S-439: PRINCIPLES OF COMPUTER SYS-C S, Section no. 54880",B-,2,Computer Science
Fall 2025,54880,C S, 439,PRINCIPLES OF COMPUTER SYS-C S,"C S-439: PRINCIPLES OF COMPUTER SYS-C S, Section no. 54880",B,5,Computer Science
Fall 2025,54880,C S, 439,PRINCIPLES OF COMPUTER SYS-C S,"C S-439: PRINCIPLES OF COMPUTER SYS-C S, Section no. 54880",B+,3,Computer Science
Fall 2025,54880,C S, 439,PRINCIPLES OF COMPUTER SYS-C S,"C S-439: PRINCIPLES OF COMPUTER SYS-C S, Section no. 54880",A-,3,Computer Science
Fall 2025,54880,C S, 439,PRINCIPLES OF COMPUTER SYS-C S,"C S-439: PRINCIPLES OF COMPUTER SYS-C S, Section no. 54880",A,1,Computer Science
Fall 2025,54885,C S, 439,PRINCIPLES OF COMPUTER SYS-C S,"C S-439: PRINCIPLES OF COMPUTER SYS-C S, Section no. 54885",F,1,Computer Science
Fall 2025,54885,C S, 439,PRINCIPLES OF COMPUTER SYS-C S,"C S-439: PRINCIPLES OF COMPUTER SYS-C S, Section no. 54885",D,1,Computer Science
Fall 2025,54885,C S, 439,PRINCIPLES OF COMPUTER SYS-C S,"C S-439: PRINCIPLES OF COMPUTER SYS-C S, Section no. 54885",C,2,Computer Science
Fall 2025,54885,C S, 439,PRINCIPLES OF COMPUTER SYS-C S,"C S-439: PRINCIPLES OF COMPUTER SYS-C S, Section no. 54885",C+,2,Computer Science
Fall 2025,54885,C S, 439,PRINCIPLES OF COMPUTER SYS-C S,"C S-439: PRINCIPLES OF COMPUTER SYS-C S, Section no. 54885",B-,5,Computer Science
Fall 2025,54885,C S, 439,PRINCIPLES OF COMPUTER SYS-C S,"C S-439: PRINCIPLES OF COMPUTER SYS-C S, Section no. 54885",B,5,Computer Science
Fall 2025,54885,C S, 439,PRINCIPLES OF COMPUTER SYS-C S,"C S-439: PRINCIPLES OF COMPUTER SYS-C S, Section no. 54885",B+,1,Computer Science
Fall 2025,54885,C S, 439,PRINCIPLES OF COMPUTER SYS-C S,"C S-439: PRINCIPLES OF COMPUTER SYS-C S, Section no. 54885",A-,2,Computer Science
Fall 2025,54885,C S, 439,PRINCIPLES OF COMPUTER SYS-C S,"C S-439: PRINCIPLES OF COMPUTER SYS-C S, Section no. 54885",A,3,Computer Science
Fall 2025,54890,C S, 439,PRINCIPLES OF COMPUTER SYS-C S,"C S-439: PRINCIPLES OF COMPUTER SYS-C S, Section no. 54890",Other,1,Computer Science
Fall 2025,54890,C S, 439,PRINCIPLES OF COMPUTER SYS-C S,"C S-439: PRINCIPLES OF COMPUTER SYS-C S, Section no. 54890",C-,2,Computer Science
Fall 2025,54890,C S, 439,PRINCIPLES OF COMPUTER SYS-C S,"C S-439: PRINCIPLES OF COMPUTER SYS-C S, Section no. 54890",C,5,Computer Science
Fall 2025,54890,C S, 439,PRINCIPLES OF COMPUTER SYS-C S,"C S-439: PRINCIPLES OF COMPUTER SYS-C S, Section no. 54890",C+,1,Computer Science
Fall 2025,54890,C S, 439,PRINCIPLES OF COMPUTER SYS-C S,"C S-439: PRINCIPLES OF COMPUTER SYS-C S, Section no. 54890",B-,1,Computer Science
Fall 2025,54890,C S, 439,PRINCIPLES OF COMPUTER SYS-C S,"C S-439: PRINCIPLES OF COMPUTER SYS-C S, Section no. 54890",B,5,Computer Science
Fall 2025,54890,C S, 439,PRINCIPLES OF COMPUTER SYS-C S,"C S-439: PRINCIPLES OF COMPUTER SYS-C S, Section no. 54890",B+,2,Computer Science
Fall 2025,54890,C S, 439,PRINCIPLES OF COMPUTER SYS-C S,"C S-439: PRINCIPLES OF COMPUTER SYS-C S, Section no. 54890",A-,1,Computer Science
Fall 2025,54890,C S, 439,PRINCIPLES OF COMPUTER SYS-C S,"C S-439: PRINCIPLES OF COMPUTER SYS-C S, Section no. 54890",A,5,Computer Science
Fall 2025,54895,C S, 439,PRINCIPLES OF COMPUTER SYS-C S,"C S-439: PRINCIPLES OF COMPUTER SYS-C S, Section no. 54895",C,3,Computer Science
Fall 2025,54895,C S, 439,PRINCIPLES OF COMPUTER SYS-C S,"C S-439: PRINCIPLES OF COMPUTER SYS-C S, Section no. 54895",C+,4,Computer Science
Fall 2025,54895,C S, 439,PRINCIPLES OF COMPUTER SYS-C S,"C S-439: PRINCIPLES OF COMPUTER SYS-C S, Section no. 54895",B-,2,Computer Science
Fall 2025,54895,C S, 439,PRINCIPLES OF COMPUTER SYS-C S,"C S-439: PRINCIPLES OF COMPUTER SYS-C S, Section no. 54895",B,3,Computer Science
Fall 2025,54895,C S, 439,PRINCIPLES OF COMPUTER SYS-C S,"C S-439: PRINCIPLES OF COMPUTER SYS-C S, Section no. 54895",B+,4,Computer Science
Fall 2025,54895,C S, 439,PRINCIPLES OF COMPUTER SYS-C S,"C S-439: PRINCIPLES OF COMPUTER SYS-C S, Section no. 54895",A-,5,Computer Science
Fall 2025,54895,C S, 439,PRINCIPLES OF COMPUTER SYS-C S,"C S-439: PRINCIPLES OF COMPUTER SYS-C S, Section no. 54895",A,2,Computer Science
Fall 2025,54900,C S, 439,PRINCIPLES OF COMPUTER SYS-C S,"C S-439: PRINCIPLES OF COMPUTER SYS-C S, Section no. 54900",C-,1,Computer Science
Fall 2025,54900,C S, 439,PRINCIPLES OF COMPUTER SYS-C S,"C S-439: PRINCIPLES OF COMPUTER SYS-C S, Section no. 54900",C,4,Computer Science
Fall 2025,54900,C S, 439,PRINCIPLES OF COMPUTER SYS-C S,"C S-439: PRINCIPLES OF COMPUTER SYS-C S, Section no. 54900",C+,5,Computer Science
Fall 2025,54900,C S, 439,PRINCIPLES OF COMPUTER SYS-C S,"C S-439: PRINCIPLES OF COMPUTER SYS-C S, Section no. 54900",B-,3,Computer Science
Fall 2025,54900,C S, 439,PRINCIPLES OF COMPUTER SYS-C S,"C S-439: PRINCIPLES OF COMPUTER SYS-C S, Section no. 54900",B,1,Computer Science
Fall 2025,54900,C S, 439,PRINCIPLES OF COMPUTER SYS-C S,"C S-439: PRINCIPLES OF COMPUTER SYS-C S, Section no. 54900",B+,6,Computer Science
Fall 2025,54900,C S, 439,PRINCIPLES OF COMPUTER SYS-C S,"C S-439: PRINCIPLES OF COMPUTER SYS-C S, Section no. 54900",A-,1,Computer Science
Fall 2025,54900,C S, 439,PRINCIPLES OF COMPUTER SYS-C S,"C S-439: PRINCIPLES OF COMPUTER SYS-C S, Section no. 54900",A,2,Computer Science
Fall 2025,54905,C S, 439,PRINCIPLES OF COMPUTER SYS-C S,"C S-439: PRINCIPLES OF COMPUTER SYS-C S, Section no. 54905",Other,1,Computer Science
Fall 2025,54905,C S, 439,PRINCIPLES OF COMPUTER SYS-C S,"C S-439: PRINCIPLES OF COMPUTER SYS-C S, Section no. 54905",C-,2,Computer Science
Fall 2025,54905,C S, 439,PRINCIPLES OF COMPUTER SYS-C S,"C S-439: PRINCIPLES OF COMPUTER SYS-C S, Section no. 54905",C,4,Computer Science
Fall 2025,54905,C S, 439,PRINCIPLES OF COMPUTER SYS-C S,"C S-439: PRINCIPLES OF COMPUTER SYS-C S, Section no. 54905",C+,3,Computer Science
Fall 2025,54905,C S, 439,PRINCIPLES OF COMPUTER SYS-C S,"C S-439: PRINCIPLES OF COMPUTER SYS-C S, Section no. 54905",B-,3,Computer Science
Fall 2025,54905,C S, 439,PRINCIPLES OF COMPUTER SYS-C S,"C S-439: PRINCIPLES OF COMPUTER SYS-C S, Section no. 54905",B,6,Computer Science
Fall 2025,54905,C S, 439,PRINCIPLES OF COMPUTER SYS-C S,"C S-439: PRINCIPLES OF COMPUTER SYS-C S, Section no. 54905",A-,2,Computer Science
Fall 2025,54905,C S, 439,PRINCIPLES OF COMPUTER SYS-C S,"C S-439: PRINCIPLES OF COMPUTER SYS-C S, Section no. 54905",A,2,Computer Science
Fall 2025,54910,C S, 439,PRINCIPLES OF COMPUTER SYS-C S,"C S-439: PRINCIPLES OF COMPUTER SYS-C S, Section no. 54910",D,1,Computer Science
Fall 2025,54910,C S, 439,PRINCIPLES OF COMPUTER SYS-C S,"C S-439: PRINCIPLES OF COMPUTER SYS-C S, Section no. 54910",B-,3,Computer Science
Fall 2025,54910,C S, 439,PRINCIPLES OF COMPUTER SYS-C S,"C S-439: PRINCIPLES OF COMPUTER SYS-C S, Section no. 54910",B,6,Computer Science
Fall 2025,54910,C S, 439,PRINCIPLES OF COMPUTER SYS-C S,"C S-439: PRINCIPLES OF COMPUTER SYS-C S, Section no. 54910",B+,4,Computer Science
Fall 2025,54910,C S, 439,PRINCIPLES OF COMPUTER SYS-C S,"C S-439: PRINCIPLES OF COMPUTER SYS-C S, Section no. 54910",A-,4,Computer Science
Fall 2025,54910,C S, 439,PRINCIPLES OF COMPUTER SYS-C S,"C S-439: PRINCIPLES OF COMPUTER SYS-C S, Section no. 54910",A,1,Computer Science
Fall 2025,54915,C S, 439,PRINCIPLES OF COMPUTER SYS-C S,"C S-439: PRINCIPLES OF COMPUTER SYS-C S, Section no. 54915",C,2,Computer Science
Fall 2025,54915,C S, 439,PRINCIPLES OF COMPUTER SYS-C S,"C S-439: PRINCIPLES OF COMPUTER SYS-C S, Section no. 54915",C+,1,Computer Science
Fall 2025,54915,C S, 439,PRINCIPLES OF COMPUTER SYS-C S,"C S-439: PRINCIPLES OF COMPUTER SYS-C S, Section no. 54915",B-,1,Computer Science
Fall 2025,54915,C S, 439,PRINCIPLES OF COMPUTER SYS-C S,"C S-439: PRINCIPLES OF COMPUTER SYS-C S, Section no. 54915",B,3,Computer Science
Fall 2025,54915,C S, 439,PRINCIPLES OF COMPUTER SYS-C S,"C S-439: PRINCIPLES OF COMPUTER SYS-C S, Section no. 54915",B+,5,Computer Science
Fall 2025,54915,C S, 439,PRINCIPLES OF COMPUTER SYS-C S,"C S-439: PRINCIPLES OF COMPUTER SYS-C S, Section no. 54915",A-,6,Computer Science
Fall 2025,54915,C S, 439,PRINCIPLES OF COMPUTER SYS-C S,"C S-439: PRINCIPLES OF COMPUTER SYS-C S, Section no. 54915",A,3,Computer Science
Fall 2025,54920,C S, 439,PRINCIPLES OF COMPUTER SYS-C S,"C S-439: PRINCIPLES OF COMPUTER SYS-C S, Section no. 54920",Other,1,Computer Science
Fall 2025,54920,C S, 439,PRINCIPLES OF COMPUTER SYS-C S,"C S-439: PRINCIPLES OF COMPUTER SYS-C S, Section no. 54920",C,1,Computer Science
Fall 2025,54920,C S, 439,PRINCIPLES OF COMPUTER SYS-C S,"C S-439: PRINCIPLES OF COMPUTER SYS-C S, Section no. 54920",C+,1,Computer Science
Fall 2025,54920,C S, 439,PRINCIPLES OF COMPUTER SYS-C S,"C S-439: PRINCIPLES OF COMPUTER SYS-C S, Section no. 54920",B-,1,Computer Science
Fall 2025,54920,C S, 439,PRINCIPLES OF COMPUTER SYS-C S,"C S-439: PRINCIPLES OF COMPUTER SYS-C S, Section no. 54920",B,5,Computer Science
Fall 2025,54920,C S, 439,PRINCIPLES OF COMPUTER SYS-C S,"C S-439: PRINCIPLES OF COMPUTER SYS-C S, Section no. 54920",B+,1,Computer Science
Fall 2025,54920,C S, 439,PRINCIPLES OF COMPUTER SYS-C S,"C S-439: PRINCIPLES OF COMPUTER SYS-C S, Section no. 54920",A-,2,Computer Science
Fall 2025,54925,C S, 439,PRINCIPLES OF COMPUTER SYS-C S,"C S-439: PRINCIPLES OF COMPUTER SYS-C S, Section no. 54925",Other,1,Computer Science
Fall 2025,54925,C S, 439,PRINCIPLES OF COMPUTER SYS-C S,"C S-439: PRINCIPLES OF COMPUTER SYS-C S, Section no. 54925",C-,1,Computer Science
Fall 2025,54925,C S, 439,PRINCIPLES OF COMPUTER SYS-C S,"C S-439: PRINCIPLES OF COMPUTER SYS-C S, Section no. 54925",C,1,Computer Science
Fall 2025,54925,C S, 439,PRINCIPLES OF COMPUTER SYS-C S,"C S-439: PRINCIPLES OF COMPUTER SYS-C S, Section no. 54925",C+,3,Computer Science
Fall 2025,54925,C S, 439,PRINCIPLES OF COMPUTER SYS-C S,"C S-439: PRINCIPLES OF COMPUTER SYS-C S, Section no. 54925",B-,4,Computer Science
Fall 2025,54925,C S, 439,PRINCIPLES OF COMPUTER SYS-C S,"C S-439: PRINCIPLES OF COMPUTER SYS-C S, Section no. 54925",B,4,Computer Science
Fall 2025,54925,C S, 439,PRINCIPLES OF COMPUTER SYS-C S,"C S-439: PRINCIPLES OF COMPUTER SYS-C S, Section no. 54925",B+,3,Computer Science
Fall 2025,54925,C S, 439,PRINCIPLES OF COMPUTER SYS-C S,"C S-439: PRINCIPLES OF COMPUTER SYS-C S, Section no. 54925",A-,3,Computer Science
Fall 2025,54925,C S, 439,PRINCIPLES OF COMPUTER SYS-C S,"C S-439: PRINCIPLES OF COMPUTER SYS-C S, Section no. 54925",A,2,Computer Science
Fall 2025,54930,C S, 439,PRINCIPLES OF COMPUTER SYS-C S,"C S-439: PRINCIPLES OF COMPUTER SYS-C S, Section no. 54930",Other,1,Computer Science
Fall 2025,54930,C S, 439,PRINCIPLES OF COMPUTER SYS-C S,"C S-439: PRINCIPLES OF COMPUTER SYS-C S, Section no. 54930",D,1,Computer Science
Fall 2025,54930,C S, 439,PRINCIPLES OF COMPUTER SYS-C S,"C S-439: PRINCIPLES OF COMPUTER SYS-C S, Section no. 54930",C-,1,Computer Science
Fall 2025,54930,C S, 439,PRINCIPLES OF COMPUTER SYS-C S,"C S-439: PRINCIPLES OF COMPUTER SYS-C S, Section no. 54930",C,3,Computer Science
Fall 2025,54930,C S, 439,PRINCIPLES OF COMPUTER SYS-C S,"C S-439: PRINCIPLES OF COMPUTER SYS-C S, Section no. 54930",C+,2,Computer Science
Fall 2025,54930,C S, 439,PRINCIPLES OF COMPUTER SYS-C S,"C S-439: PRINCIPLES OF COMPUTER SYS-C S, Section no. 54930",B-,6,Computer Science
Fall 2025,54930,C S, 439,PRINCIPLES OF COMPUTER SYS-C S,"C S-439: PRINCIPLES OF COMPUTER SYS-C S, Section no. 54930",B,2,Computer Science
Fall 2025,54930,C S, 439,PRINCIPLES OF COMPUTER SYS-C S,"C S-439: PRINCIPLES OF COMPUTER SYS-C S, Section no. 54930",B+,2,Computer Science
Fall 2025,54930,C S, 439,PRINCIPLES OF COMPUTER SYS-C S,"C S-439: PRINCIPLES OF COMPUTER SYS-C S, Section no. 54930",A-,2,Computer Science
Fall 2025,54930,C S, 439,PRINCIPLES OF COMPUTER SYS-C S,"C S-439: PRINCIPLES OF COMPUTER SYS-C S, Section no. 54930",A,3,Computer Science
Fall 2025,54935,C S, 439,PRINCIPLES OF COMPUTER SYS-C S,"C S-439: PRINCIPLES OF COMPUTER SYS-C S, Section no. 54935",Other,1,Computer Science
Fall 2025,54935,C S, 439,PRINCIPLES OF COMPUTER SYS-C S,"C S-439: PRINCIPLES OF COMPUTER SYS-C S, Section no. 54935",C-,2,Computer Science
Fall 2025,54935,C S, 439,PRINCIPLES OF COMPUTER SYS-C S,"C S-439: PRINCIPLES OF COMPUTER SYS-C S, Section no. 54935",C+,1,Computer Science
Fall 2025,54935,C S, 439,PRINCIPLES OF COMPUTER SYS-C S,"C S-439: PRINCIPLES OF COMPUTER SYS-C S, Section no. 54935",B-,5,Computer Science
Fall 2025,54935,C S, 439,PRINCIPLES OF COMPUTER SYS-C S,"C S-439: PRINCIPLES OF COMPUTER SYS-C S, Section no. 54935",B,2,Computer Science
Fall 2025,54935,C S, 439,PRINCIPLES OF COMPUTER SYS-C S,"C S-439: PRINCIPLES OF COMPUTER SYS-C S, Section no. 54935",B+,1,Computer Science
Fall 2025,54935,C S, 439,PRINCIPLES OF COMPUTER SYS-C S,"C S-439: PRINCIPLES OF COMPUTER SYS-C S, Section no. 54935",A-,5,Computer Science
Fall 2025,54935,C S, 439,PRINCIPLES OF COMPUTER SYS-C S,"C S-439: PRINCIPLES OF COMPUTER SYS-C S, Section no. 54935",A,3,Computer Science
Fall 2025,54940,C S, 439H,PRINS OF COMPUTER SYS: HONORS,"C S-439H: PRINS OF COMPUTER SYS: HONORS, Section no. 54940",Other,4,Computer Science
Fall 2025,54940,C S, 439H,PRINS OF COMPUTER SYS: HONORS,"C S-439H: PRINS OF COMPUTER SYS: HONORS, Section no. 54940",D-,1,Computer Science
Fall 2025,54940,C S, 439H,PRINS OF COMPUTER SYS: HONORS,"C S-439H: PRINS OF COMPUTER SYS: HONORS, Section no. 54940",C-,4,Computer Science
Fall 2025,54940,C S, 439H,PRINS OF COMPUTER SYS: HONORS,"C S-439H: PRINS OF COMPUTER SYS: HONORS, Section no. 54940",C,1,Computer Science
Fall 2025,54940,C S, 439H,PRINS OF COMPUTER SYS: HONORS,"C S-439H: PRINS OF COMPUTER SYS: HONORS, Section no. 54940",B-,5,Computer Science
Fall 2025,54940,C S, 439H,PRINS OF COMPUTER SYS: HONORS,"C S-439H: PRINS OF COMPUTER SYS: HONORS, Section no. 54940",B,4,Computer Science
Fall 2025,54940,C S, 439H,PRINS OF COMPUTER SYS: HONORS,"C S-439H: PRINS OF COMPUTER SYS: HONORS, Section no. 54940",B+,8,Computer Science
Fall 2025,54940,C S, 439H,PRINS OF COMPUTER SYS: HONORS,"C S-439H: PRINS OF COMPUTER SYS: HONORS, Section no. 54940",A-,12,Computer Science
Fall 2025,54940,C S, 439H,PRINS OF COMPUTER SYS: HONORS,"C S-439H: PRINS OF COMPUTER SYS: HONORS, Section no. 54940",A,14,Computer Science
Fall 2025,54945,C S, 439H,PRINS OF COMPUTER SYS: HONORS,"C S-439H: PRINS OF COMPUTER SYS: HONORS, Section no. 54945",Other,2,Computer Science
Fall 2025,54945,C S, 439H,PRINS OF COMPUTER SYS: HONORS,"C S-439H: PRINS OF COMPUTER SYS: HONORS, Section no. 54945",F,1,Computer Science
Fall 2025,54945,C S, 439H,PRINS OF COMPUTER SYS: HONORS,"C S-439H: PRINS OF COMPUTER SYS: HONORS, Section no. 54945",C-,5,Computer Science
Fall 2025,54945,C S, 439H,PRINS OF COMPUTER SYS: HONORS,"C S-439H: PRINS OF COMPUTER SYS: HONORS, Section no. 54945",C,2,Computer Science
Fall 2025,54945,C S, 439H,PRINS OF COMPUTER SYS: HONORS,"C S-439H: PRINS OF COMPUTER SYS: HONORS, Section no. 54945",C+,4,Computer Science
Fall 2025,54945,C S, 439H,PRINS OF COMPUTER SYS: HONORS,"C S-439H: PRINS OF COMPUTER SYS: HONORS, Section no. 54945",B-,1,Computer Science
Fall 2025,54945,C S, 439H,PRINS OF COMPUTER SYS: HONORS,"C S-439H: PRINS OF COMPUTER SYS: HONORS, Section no. 54945",B,5,Computer Science
Fall 2025,54945,C S, 439H,PRINS OF COMPUTER SYS: HONORS,"C S-439H: PRINS OF COMPUTER SYS: HONORS, Section no. 54945",B+,4,Computer Science
Fall 2025,54945,C S, 439H,PRINS OF COMPUTER SYS: HONORS,"C S-439H: PRINS OF COMPUTER SYS: HONORS, Section no. 54945",A-,6,Computer Science
Fall 2025,54945,C S, 439H,PRINS OF COMPUTER SYS: HONORS,"C S-439H: PRINS OF COMPUTER SYS: HONORS, Section no. 54945",A,10,Computer Science
Fall 2025,54950,C S, 342,NEURAL NETWORKS,"C S-342: NEURAL NETWORKS, Section no. 54950",Other,5,Computer Science
Fall 2025,54950,C S, 342,NEURAL NETWORKS,"C S-342: NEURAL NETWORKS, Section no. 54950",F,1,Computer Science
Fall 2025,54950,C S, 342,NEURAL NETWORKS,"C S-342: NEURAL NETWORKS, Section no. 54950",C-,2,Computer Science
Fall 2025,54950,C S, 342,NEURAL NETWORKS,"C S-342: NEURAL NETWORKS, Section no. 54950",B-,1,Computer Science
Fall 2025,54950,C S, 342,NEURAL NETWORKS,"C S-342: NEURAL NETWORKS, Section no. 54950",B,1,Computer Science
Fall 2025,54950,C S, 342,NEURAL NETWORKS,"C S-342: NEURAL NETWORKS, Section no. 54950",B+,3,Computer Science
Fall 2025,54950,C S, 342,NEURAL NETWORKS,"C S-342: NEURAL NETWORKS, Section no. 54950",A-,8,Computer Science
Fall 2025,54950,C S, 342,NEURAL NETWORKS,"C S-342: NEURAL NETWORKS, Section no. 54950",A,116,Computer Science
Fall 2025,54955,C S, 343,ARTIFICIAL INTELLIGENCE,"C S-343: ARTIFICIAL INTELLIGENCE, Section no. 54955",Other,4,Computer Science
Fall 2025,54955,C S, 343,ARTIFICIAL INTELLIGENCE,"C S-343: ARTIFICIAL INTELLIGENCE, Section no. 54955",C,1,Computer Science
Fall 2025,54955,C S, 343,ARTIFICIAL INTELLIGENCE,"C S-343: ARTIFICIAL INTELLIGENCE, Section no. 54955",C+,1,Computer Science
Fall 2025,54955,C S, 343,ARTIFICIAL INTELLIGENCE,"C S-343: ARTIFICIAL INTELLIGENCE, Section no. 54955",B-,2,Computer Science
Fall 2025,54955,C S, 343,ARTIFICIAL INTELLIGENCE,"C S-343: ARTIFICIAL INTELLIGENCE, Section no. 54955",B,10,Computer Science
Fall 2025,54955,C S, 343,ARTIFICIAL INTELLIGENCE,"C S-343: ARTIFICIAL INTELLIGENCE, Section no. 54955",B+,8,Computer Science
Fall 2025,54955,C S, 343,ARTIFICIAL INTELLIGENCE,"C S-343: ARTIFICIAL INTELLIGENCE, Section no. 54955",A-,15,Computer Science
Fall 2025,54955,C S, 343,ARTIFICIAL INTELLIGENCE,"C S-343: ARTIFICIAL INTELLIGENCE, Section no. 54955",A,11,Computer Science
Fall 2025,54959,C S, 345H,PROGRAMMING LANGUAGES: HONORS,"C S-345H: PROGRAMMING LANGUAGES: HONORS, Section no. 54959",Other,4,Computer Science
Fall 2025,54959,C S, 345H,PROGRAMMING LANGUAGES: HONORS,"C S-345H: PROGRAMMING LANGUAGES: HONORS, Section no. 54959",C,1,Computer Science
Fall 2025,54959,C S, 345H,PROGRAMMING LANGUAGES: HONORS,"C S-345H: PROGRAMMING LANGUAGES: HONORS, Section no. 54959",C+,1,Computer Science
Fall 2025,54959,C S, 345H,PROGRAMMING LANGUAGES: HONORS,"C S-345H: PROGRAMMING LANGUAGES: HONORS, Section no. 54959",B,1,Computer Science
Fall 2025,54959,C S, 345H,PROGRAMMING LANGUAGES: HONORS,"C S-345H: PROGRAMMING LANGUAGES: HONORS, Section no. 54959",B+,2,Computer Science
Fall 2025,54959,C S, 345H,PROGRAMMING LANGUAGES: HONORS,"C S-345H: PROGRAMMING LANGUAGES: HONORS, Section no. 54959",A-,6,Computer Science
Fall 2025,54959,C S, 345H,PROGRAMMING LANGUAGES: HONORS,"C S-345H: PROGRAMMING LANGUAGES: HONORS, Section no. 54959",A,19,Computer Science
Fall 2025,54960,C S, 346,CRYPTOGRAPHY,"C S-346: CRYPTOGRAPHY, Section no. 54960",Other,6,Computer Science
Fall 2025,54960,C S, 346,CRYPTOGRAPHY,"C S-346: CRYPTOGRAPHY, Section no. 54960",C,2,Computer Science
Fall 2025,54960,C S, 346,CRYPTOGRAPHY,"C S-346: CRYPTOGRAPHY, Section no. 54960",B-,3,Computer Science
Fall 2025,54960,C S, 346,CRYPTOGRAPHY,"C S-346: CRYPTOGRAPHY, Section no. 54960",B,8,Computer Science
Fall 2025,54960,C S, 346,CRYPTOGRAPHY,"C S-346: CRYPTOGRAPHY, Section no. 54960",B+,4,Computer Science
Fall 2025,54960,C S, 346,CRYPTOGRAPHY,"C S-346: CRYPTOGRAPHY, Section no. 54960",A-,4,Computer Science
Fall 2025,54960,C S, 346,CRYPTOGRAPHY,"C S-346: CRYPTOGRAPHY, Section no. 54960",A,10,Computer Science
Fall 2025,54965,C S, 347,DATA MANAGEMENT,"C S-347: DATA MANAGEMENT, Section no. 54965",Other,6,Computer Science
Fall 2025,54965,C S, 347,DATA MANAGEMENT,"C S-347: DATA MANAGEMENT, Section no. 54965",C,2,Computer Science
Fall 2025,54965,C S, 347,DATA MANAGEMENT,"C S-347: DATA MANAGEMENT, Section no. 54965",B,3,Computer Science
Fall 2025,54965,C S, 347,DATA MANAGEMENT,"C S-347: DATA MANAGEMENT, Section no. 54965",B+,1,Computer Science
Fall 2025,54965,C S, 347,DATA MANAGEMENT,"C S-347: DATA MANAGEMENT, Section no. 54965",A-,1,Computer Science
Fall 2025,54965,C S, 347,DATA MANAGEMENT,"C S-347: DATA MANAGEMENT, Section no. 54965",A,7,Computer Science
Fall 2025,54975,C S, 349,CONTEMP ISSUES IN COMPUTER SCI,"C S-349: CONTEMP ISSUES IN COMPUTER SCI, Section no. 54975",B,2,Computer Science
Fall 2025,54975,C S, 349,CONTEMP ISSUES IN COMPUTER SCI,"C S-349: CONTEMP ISSUES IN COMPUTER SCI, Section no. 54975",B+,1,Computer Science
Fall 2025,54975,C S, 349,CONTEMP ISSUES IN COMPUTER SCI,"C S-349: CONTEMP ISSUES IN COMPUTER SCI, Section no. 54975",A,45,Computer Science
Fall 2025,54980,C S, 349,CONTEMP ISSUES IN COMPUTER SCI,"C S-349: CONTEMP ISSUES IN COMPUTER SCI, Section no. 54980",B-,1,Computer Science
Fall 2025,54980,C S, 349,CONTEMP ISSUES IN COMPUTER SCI,"C S-349: CONTEMP ISSUES IN COMPUTER SCI, Section no. 54980",B,1,Computer Science
Fall 2025,54980,C S, 349,CONTEMP ISSUES IN COMPUTER SCI,"C S-349: CONTEMP ISSUES IN COMPUTER SCI, Section no. 54980",B+,1,Computer Science
Fall 2025,54980,C S, 349,CONTEMP ISSUES IN COMPUTER SCI,"C S-349: CONTEMP ISSUES IN COMPUTER SCI, Section no. 54980",A-,2,Computer Science
Fall 2025,54980,C S, 349,CONTEMP ISSUES IN COMPUTER SCI,"C S-349: CONTEMP ISSUES IN COMPUTER SCI, Section no. 54980",A,46,Computer Science
Fall 2025,54990,C S, 349,CONTEMP ISSUES IN COMPUTER SCI,"C S-349: CONTEMP ISSUES IN COMPUTER SCI, Section no. 54990",Other,1,Computer Science
Fall 2025,54990,C S, 349,CONTEMP ISSUES IN COMPUTER SCI,"C S-349: CONTEMP ISSUES IN COMPUTER SCI, Section no. 54990",B,1,Computer Science
Fall 2025,54990,C S, 349,CONTEMP ISSUES IN COMPUTER SCI,"C S-349: CONTEMP ISSUES IN COMPUTER SCI, Section no. 54990",A-,1,Computer Science
Fall 2025,54990,C S, 349,CONTEMP ISSUES IN COMPUTER SCI,"C S-349: CONTEMP ISSUES IN COMPUTER SCI, Section no. 54990",A,51,Computer Science
Fall 2025,54995,C S, 354P,GAME PROGRAMMING PARADIGMS,"C S-354P: GAME PROGRAMMING PARADIGMS, Section no. 54995",Other,5,Computer Science
Fall 2025,54995,C S, 354P,GAME PROGRAMMING PARADIGMS,"C S-354P: GAME PROGRAMMING PARADIGMS, Section no. 54995",D,1,Computer Science
Fall 2025,54995,C S, 354P,GAME PROGRAMMING PARADIGMS,"C S-354P: GAME PROGRAMMING PARADIGMS, Section no. 54995",C+,1,Computer Science
Fall 2025,54995,C S, 354P,GAME PROGRAMMING PARADIGMS,"C S-354P: GAME PROGRAMMING PARADIGMS, Section no. 54995",B,1,Computer Science
Fall 2025,54995,C S, 354P,GAME PROGRAMMING PARADIGMS,"C S-354P: GAME PROGRAMMING PARADIGMS, Section no. 54995",A-,6,Computer Science
Fall 2025,54995,C S, 354P,GAME PROGRAMMING PARADIGMS,"C S-354P: GAME PROGRAMMING PARADIGMS, Section no. 54995",A,20,Computer Science
Fall 2025,55000,C S, 354R,GAME TECHNOLOGY,"C S-354R: GAME TECHNOLOGY, Section no. 55000",Other,4,Computer Science
Fall 2025,55000,C S, 354R,GAME TECHNOLOGY,"C S-354R: GAME TECHNOLOGY, Section no. 55000",A-,4,Computer Science
Fall 2025,55000,C S, 354R,GAME TECHNOLOGY,"C S-354R: GAME TECHNOLOGY, Section no. 55000",A,12,Computer Science
Fall 2025,55010,C S, 356,COMPUTER NETWORKS,"C S-356: COMPUTER NETWORKS, Section no. 55010",C+,2,Computer Science
Fall 2025,55010,C S, 356,COMPUTER NETWORKS,"C S-356: COMPUTER NETWORKS, Section no. 55010",B-,4,Computer Science
Fall 2025,55010,C S, 356,COMPUTER NETWORKS,"C S-356: COMPUTER NETWORKS, Section no. 55010",B,7,Computer Science
Fall 2025,55010,C S, 356,COMPUTER NETWORKS,"C S-356: COMPUTER NETWORKS, Section no. 55010",B+,1,Computer Science
Fall 2025,55010,C S, 356,COMPUTER NETWORKS,"C S-356: COMPUTER NETWORKS, Section no. 55010",A-,11,Computer Science
Fall 2025,55010,C S, 356,COMPUTER NETWORKS,"C S-356: COMPUTER NETWORKS, Section no. 55010",A,33,Computer Science
Fall 2025,55020,C S, 358H,INTRO TO QUANTUM INFO SCI: HON,"C S-358H: INTRO TO QUANTUM INFO SCI: HON, Section no. 55020",Other,5,Computer Science
Fall 2025,55020,C S, 358H,INTRO TO QUANTUM INFO SCI: HON,"C S-358H: INTRO TO QUANTUM INFO SCI: HON, Section no. 55020",F,1,Computer Science
Fall 2025,55020,C S, 358H,INTRO TO QUANTUM INFO SCI: HON,"C S-358H: INTRO TO QUANTUM INFO SCI: HON, Section no. 55020",C-,1,Computer Science
Fall 2025,55020,C S, 358H,INTRO TO QUANTUM INFO SCI: HON,"C S-358H: INTRO TO QUANTUM INFO SCI: HON, Section no. 55020",C,1,Computer Science
Fall 2025,55020,C S, 358H,INTRO TO QUANTUM INFO SCI: HON,"C S-358H: INTRO TO QUANTUM INFO SCI: HON, Section no. 55020",C+,2,Computer Science
Fall 2025,55020,C S, 358H,INTRO TO QUANTUM INFO SCI: HON,"C S-358H: INTRO TO QUANTUM INFO SCI: HON, Section no. 55020",B-,5,Computer Science
Fall 2025,55020,C S, 358H,INTRO TO QUANTUM INFO SCI: HON,"C S-358H: INTRO TO QUANTUM INFO SCI: HON, Section no. 55020",B,6,Computer Science
Fall 2025,55020,C S, 358H,INTRO TO QUANTUM INFO SCI: HON,"C S-358H: INTRO TO QUANTUM INFO SCI: HON, Section no. 55020",B+,2,Computer Science
Fall 2025,55020,C S, 358H,INTRO TO QUANTUM INFO SCI: HON,"C S-358H: INTRO TO QUANTUM INFO SCI: HON, Section no. 55020",A-,6,Computer Science
Fall 2025,55020,C S, 358H,INTRO TO QUANTUM INFO SCI: HON,"C S-358H: INTRO TO QUANTUM INFO SCI: HON, Section no. 55020",A,5,Computer Science
Fall 2025,55025,C S, 360V,VIRTUALIZATION,"C S-360V: VIRTUALIZATION, Section no. 55025",Other,6,Computer Science
Fall 2025,55025,C S, 360V,VIRTUALIZATION,"C S-360V: VIRTUALIZATION, Section no. 55025",C-,1,Computer Science
Fall 2025,55025,C S, 360V,VIRTUALIZATION,"C S-360V: VIRTUALIZATION, Section no. 55025",B-,1,Computer Science
Fall 2025,55025,C S, 360V,VIRTUALIZATION,"C S-360V: VIRTUALIZATION, Section no. 55025",B,1,Computer Science
Fall 2025,55025,C S, 360V,VIRTUALIZATION,"C S-360V: VIRTUALIZATION, Section no. 55025",B+,6,Computer Science
Fall 2025,55025,C S, 360V,VIRTUALIZATION,"C S-360V: VIRTUALIZATION, Section no. 55025",A-,8,Computer Science
Fall 2025,55025,C S, 360V,VIRTUALIZATION,"C S-360V: VIRTUALIZATION, Section no. 55025",A,20,Computer Science
Fall 2025,55030,C S, 361S,NETWORK SECURITY AND PRIVACY,"C S-361S: NETWORK SECURITY AND PRIVACY, Section no. 55030",Other,4,Computer Science
Fall 2025,55030,C S, 361S,NETWORK SECURITY AND PRIVACY,"C S-361S: NETWORK SECURITY AND PRIVACY, Section no. 55030",F,1,Computer Science
Fall 2025,55030,C S, 361S,NETWORK SECURITY AND PRIVACY,"C S-361S: NETWORK SECURITY AND PRIVACY, Section no. 55030",D,1,Computer Science
Fall 2025,55030,C S, 361S,NETWORK SECURITY AND PRIVACY,"C S-361S: NETWORK SECURITY AND PRIVACY, Section no. 55030",C-,2,Computer Science
Fall 2025,55030,C S, 361S,NETWORK SECURITY AND PRIVACY,"C S-361S: NETWORK SECURITY AND PRIVACY, Section no. 55030",C,2,Computer Science
Fall 2025,55030,C S, 361S,NETWORK SECURITY AND PRIVACY,"C S-361S: NETWORK SECURITY AND PRIVACY, Section no. 55030",C+,4,Computer Science
Fall 2025,55030,C S, 361S,NETWORK SECURITY AND PRIVACY,"C S-361S: NETWORK SECURITY AND PRIVACY, Section no. 55030",B-,3,Computer Science
Fall 2025,55030,C S, 361S,NETWORK SECURITY AND PRIVACY,"C S-361S: NETWORK SECURITY AND PRIVACY, Section no. 55030",B,9,Computer Science
Fall 2025,55030,C S, 361S,NETWORK SECURITY AND PRIVACY,"C S-361S: NETWORK SECURITY AND PRIVACY, Section no. 55030",B+,3,Computer Science
Fall 2025,55030,C S, 361S,NETWORK SECURITY AND PRIVACY,"C S-361S: NETWORK SECURITY AND PRIVACY, Section no. 55030",A-,7,Computer Science
Fall 2025,55030,C S, 361S,NETWORK SECURITY AND PRIVACY,"C S-361S: NETWORK SECURITY AND PRIVACY, Section no. 55030",A,14,Computer Science
Fall 2025,55035,C S, 363M,PRINCIPLES OF MACHINE LEARN I,"C S-363M: PRINCIPLES OF MACHINE LEARN I, Section no. 55035",Other,4,Computer Science
Fall 2025,55035,C S, 363M,PRINCIPLES OF MACHINE LEARN I,"C S-363M: PRINCIPLES OF MACHINE LEARN I, Section no. 55035",F,1,Computer Science
Fall 2025,55035,C S, 363M,PRINCIPLES OF MACHINE LEARN I,"C S-363M: PRINCIPLES OF MACHINE LEARN I, Section no. 55035",D+,1,Computer Science
Fall 2025,55035,C S, 363M,PRINCIPLES OF MACHINE LEARN I,"C S-363M: PRINCIPLES OF MACHINE LEARN I, Section no. 55035",C-,3,Computer Science
Fall 2025,55035,C S, 363M,PRINCIPLES OF MACHINE LEARN I,"C S-363M: PRINCIPLES OF MACHINE LEARN I, Section no. 55035",C,4,Computer Science
Fall 2025,55035,C S, 363M,PRINCIPLES OF MACHINE LEARN I,"C S-363M: PRINCIPLES OF MACHINE LEARN I, Section no. 55035",C+,3,Computer Science
Fall 2025,55035,C S, 363M,PRINCIPLES OF MACHINE LEARN I,"C S-363M: PRINCIPLES OF MACHINE LEARN I, Section no. 55035",B-,7,Computer Science
Fall 2025,55035,C S, 363M,PRINCIPLES OF MACHINE LEARN I,"C S-363M: PRINCIPLES OF MACHINE LEARN I, Section no. 55035",B,12,Computer Science
Fall 2025,55035,C S, 363M,PRINCIPLES OF MACHINE LEARN I,"C S-363M: PRINCIPLES OF MACHINE LEARN I, Section no. 55035",B+,6,Computer Science
Fall 2025,55035,C S, 363M,PRINCIPLES OF MACHINE LEARN I,"C S-363M: PRINCIPLES OF MACHINE LEARN I, Section no. 55035",A-,5,Computer Science
Fall 2025,55035,C S, 363M,PRINCIPLES OF MACHINE LEARN I,"C S-363M: PRINCIPLES OF MACHINE LEARN I, Section no. 55035",A,17,Computer Science
Fall 2025,55040,C S, 363M,PRINCIPLES OF MACHINE LEARN I,"C S-363M: PRINCIPLES OF MACHINE LEARN I, Section no. 55040",Other,2,Computer Science
Fall 2025,55040,C S, 363M,PRINCIPLES OF MACHINE LEARN I,"C S-363M: PRINCIPLES OF MACHINE LEARN I, Section no. 55040",D,2,Computer Science
Fall 2025,55040,C S, 363M,PRINCIPLES OF MACHINE LEARN I,"C S-363M: PRINCIPLES OF MACHINE LEARN I, Section no. 55040",C-,4,Computer Science
Fall 2025,55040,C S, 363M,PRINCIPLES OF MACHINE LEARN I,"C S-363M: PRINCIPLES OF MACHINE LEARN I, Section no. 55040",C,4,Computer Science
Fall 2025,55040,C S, 363M,PRINCIPLES OF MACHINE LEARN I,"C S-363M: PRINCIPLES OF MACHINE LEARN I, Section no. 55040",C+,4,Computer Science
Fall 2025,55040,C S, 363M,PRINCIPLES OF MACHINE LEARN I,"C S-363M: PRINCIPLES OF MACHINE LEARN I, Section no. 55040",B-,6,Computer Science
Fall 2025,55040,C S, 363M,PRINCIPLES OF MACHINE LEARN I,"C S-363M: PRINCIPLES OF MACHINE LEARN I, Section no. 55040",B,14,Computer Science
Fall 2025,55040,C S, 363M,PRINCIPLES OF MACHINE LEARN I,"C S-363M: PRINCIPLES OF MACHINE LEARN I, Section no. 55040",B+,7,Computer Science
Fall 2025,55040,C S, 363M,PRINCIPLES OF MACHINE LEARN I,"C S-363M: PRINCIPLES OF MACHINE LEARN I, Section no. 55040",A-,13,Computer Science
Fall 2025,55040,C S, 363M,PRINCIPLES OF MACHINE LEARN I,"C S-363M: PRINCIPLES OF MACHINE LEARN I, Section no. 55040",A,9,Computer Science
Fall 2025,55045,C S, 363M,PRINCPLS OF MACHINE LEARN I-WB,"C S-363M: PRINCPLS OF MACHINE LEARN I-WB, Section no. 55045",Other,6,Computer Science
Fall 2025,55045,C S, 363M,PRINCPLS OF MACHINE LEARN I-WB,"C S-363M: PRINCPLS OF MACHINE LEARN I-WB, Section no. 55045",F,1,Computer Science
Fall 2025,55045,C S, 363M,PRINCPLS OF MACHINE LEARN I-WB,"C S-363M: PRINCPLS OF MACHINE LEARN I-WB, Section no. 55045",D+,1,Computer Science
Fall 2025,55045,C S, 363M,PRINCPLS OF MACHINE LEARN I-WB,"C S-363M: PRINCPLS OF MACHINE LEARN I-WB, Section no. 55045",C-,2,Computer Science
Fall 2025,55045,C S, 363M,PRINCPLS OF MACHINE LEARN I-WB,"C S-363M: PRINCPLS OF MACHINE LEARN I-WB, Section no. 55045",C,7,Computer Science
Fall 2025,55045,C S, 363M,PRINCPLS OF MACHINE LEARN I-WB,"C S-363M: PRINCPLS OF MACHINE LEARN I-WB, Section no. 55045",C+,9,Computer Science
Fall 2025,55045,C S, 363M,PRINCPLS OF MACHINE LEARN I-WB,"C S-363M: PRINCPLS OF MACHINE LEARN I-WB, Section no. 55045",B-,5,Computer Science
Fall 2025,55045,C S, 363M,PRINCPLS OF MACHINE LEARN I-WB,"C S-363M: PRINCPLS OF MACHINE LEARN I-WB, Section no. 55045",B,12,Computer Science
Fall 2025,55045,C S, 363M,PRINCPLS OF MACHINE LEARN I-WB,"C S-363M: PRINCPLS OF MACHINE LEARN I-WB, Section no. 55045",B+,3,Computer Science
Fall 2025,55045,C S, 363M,PRINCPLS OF MACHINE LEARN I-WB,"C S-363M: PRINCPLS OF MACHINE LEARN I-WB, Section no. 55045",A-,12,Computer Science
Fall 2025,55045,C S, 363M,PRINCPLS OF MACHINE LEARN I-WB,"C S-363M: PRINCPLS OF MACHINE LEARN I-WB, Section no. 55045",A,10,Computer Science
Fall 2025,55065,C S, 371L,IOS MOBILE COMPUTING,"C S-371L: IOS MOBILE COMPUTING, Section no. 55065",D-,2,Computer Science
Fall 2025,55065,C S, 371L,IOS MOBILE COMPUTING,"C S-371L: IOS MOBILE COMPUTING, Section no. 55065",B+,1,Computer Science
Fall 2025,55065,C S, 371L,IOS MOBILE COMPUTING,"C S-371L: IOS MOBILE COMPUTING, Section no. 55065",A-,7,Computer Science
Fall 2025,55065,C S, 371L,IOS MOBILE COMPUTING,"C S-371L: IOS MOBILE COMPUTING, Section no. 55065",A,50,Computer Science
Fall 2025,55070,C S, 371N,NATURAL LANGUAGE PROCESSING,"C S-371N: NATURAL LANGUAGE PROCESSING, Section no. 55070",B,2,Computer Science
Fall 2025,55070,C S, 371N,NATURAL LANGUAGE PROCESSING,"C S-371N: NATURAL LANGUAGE PROCESSING, Section no. 55070",B+,7,Computer Science
Fall 2025,55070,C S, 371N,NATURAL LANGUAGE PROCESSING,"C S-371N: NATURAL LANGUAGE PROCESSING, Section no. 55070",A-,10,Computer Science
Fall 2025,55070,C S, 371N,NATURAL LANGUAGE PROCESSING,"C S-371N: NATURAL LANGUAGE PROCESSING, Section no. 55070",A,29,Computer Science
Fall 2025,55075,C S, 371P,OBJECT-ORIENTED PROGRAMMING,"C S-371P: OBJECT-ORIENTED PROGRAMMING, Section no. 55075",Other,5,Computer Science
Fall 2025,55075,C S, 371P,OBJECT-ORIENTED PROGRAMMING,"C S-371P: OBJECT-ORIENTED PROGRAMMING, Section no. 55075",F,1,Computer Science
Fall 2025,55075,C S, 371P,OBJECT-ORIENTED PROGRAMMING,"C S-371P: OBJECT-ORIENTED PROGRAMMING, Section no. 55075",D-,1,Computer Science
Fall 2025,55075,C S, 371P,OBJECT-ORIENTED PROGRAMMING,"C S-371P: OBJECT-ORIENTED PROGRAMMING, Section no. 55075",C-,3,Computer Science
Fall 2025,55075,C S, 371P,OBJECT-ORIENTED PROGRAMMING,"C S-371P: OBJECT-ORIENTED PROGRAMMING, Section no. 55075",C+,2,Computer Science
Fall 2025,55075,C S, 371P,OBJECT-ORIENTED PROGRAMMING,"C S-371P: OBJECT-ORIENTED PROGRAMMING, Section no. 55075",B-,1,Computer Science
Fall 2025,55075,C S, 371P,OBJECT-ORIENTED PROGRAMMING,"C S-371P: OBJECT-ORIENTED PROGRAMMING, Section no. 55075",B+,7,Computer Science
Fall 2025,55075,C S, 371P,OBJECT-ORIENTED PROGRAMMING,"C S-371P: OBJECT-ORIENTED PROGRAMMING, Section no. 55075",A-,6,Computer Science
Fall 2025,55075,C S, 371P,OBJECT-ORIENTED PROGRAMMING,"C S-371P: OBJECT-ORIENTED PROGRAMMING, Section no. 55075",A,46,Computer Science
Fall 2025,55080,C S, 371R,INFO RETRIEVAL AND WEB SEARCH,"C S-371R: INFO RETRIEVAL AND WEB SEARCH, Section no. 55080",Other,2,Computer Science
Fall 2025,55080,C S, 371R,INFO RETRIEVAL AND WEB SEARCH,"C S-371R: INFO RETRIEVAL AND WEB SEARCH, Section no. 55080",C-,1,Computer Science
Fall 2025,55080,C S, 371R,INFO RETRIEVAL AND WEB SEARCH,"C S-371R: INFO RETRIEVAL AND WEB SEARCH, Section no. 55080",C,1,Computer Science
Fall 2025,55080,C S, 371R,INFO RETRIEVAL AND WEB SEARCH,"C S-371R: INFO RETRIEVAL AND WEB SEARCH, Section no. 55080",C+,3,Computer Science
Fall 2025,55080,C S, 371R,INFO RETRIEVAL AND WEB SEARCH,"C S-371R: INFO RETRIEVAL AND WEB SEARCH, Section no. 55080",B-,3,Computer Science
Fall 2025,55080,C S, 371R,INFO RETRIEVAL AND WEB SEARCH,"C S-371R: INFO RETRIEVAL AND WEB SEARCH, Section no. 55080",B,5,Computer Science
Fall 2025,55080,C S, 371R,INFO RETRIEVAL AND WEB SEARCH,"C S-371R: INFO RETRIEVAL AND WEB SEARCH, Section no. 55080",B+,2,Computer Science
Fall 2025,55080,C S, 371R,INFO RETRIEVAL AND WEB SEARCH,"C S-371R: INFO RETRIEVAL AND WEB SEARCH, Section no. 55080",A-,9,Computer Science
Fall 2025,55080,C S, 371R,INFO RETRIEVAL AND WEB SEARCH,"C S-371R: INFO RETRIEVAL AND WEB SEARCH, Section no. 55080",A,17,Computer Science
Fall 2025,55085,C S, 373,SOFTWARE ENGINEERING,"C S-373: SOFTWARE ENGINEERING, Section no. 55085",Other,2,Computer Science
Fall 2025,55085,C S, 373,SOFTWARE ENGINEERING,"C S-373: SOFTWARE ENGINEERING, Section no. 55085",D-,1,Computer Science
Fall 2025,55085,C S, 373,SOFTWARE ENGINEERING,"C S-373: SOFTWARE ENGINEERING, Section no. 55085",C-,2,Computer Science
Fall 2025,55085,C S, 373,SOFTWARE ENGINEERING,"C S-373: SOFTWARE ENGINEERING, Section no. 55085",B-,1,Computer Science
Fall 2025,55085,C S, 373,SOFTWARE ENGINEERING,"C S-373: SOFTWARE ENGINEERING, Section no. 55085",B,1,Computer Science
Fall 2025,55085,C S, 373,SOFTWARE ENGINEERING,"C S-373: SOFTWARE ENGINEERING, Section no. 55085",A-,6,Computer Science
Fall 2025,55085,C S, 373,SOFTWARE ENGINEERING,"C S-373: SOFTWARE ENGINEERING, Section no. 55085",A,42,Computer Science
Fall 2025,55090,C S, 373,SOFTWARE ENGINEERING,"C S-373: SOFTWARE ENGINEERING, Section no. 55090",Other,1,Computer Science
Fall 2025,55090,C S, 373,SOFTWARE ENGINEERING,"C S-373: SOFTWARE ENGINEERING, Section no. 55090",D-,1,Computer Science
Fall 2025,55090,C S, 373,SOFTWARE ENGINEERING,"C S-373: SOFTWARE ENGINEERING, Section no. 55090",D+,1,Computer Science
Fall 2025,55090,C S, 373,SOFTWARE ENGINEERING,"C S-373: SOFTWARE ENGINEERING, Section no. 55090",C+,1,Computer Science
Fall 2025,55090,C S, 373,SOFTWARE ENGINEERING,"C S-373: SOFTWARE ENGINEERING, Section no. 55090",B-,1,Computer Science
Fall 2025,55090,C S, 373,SOFTWARE ENGINEERING,"C S-373: SOFTWARE ENGINEERING, Section no. 55090",B+,1,Computer Science
Fall 2025,55090,C S, 373,SOFTWARE ENGINEERING,"C S-373: SOFTWARE ENGINEERING, Section no. 55090",A-,15,Computer Science
Fall 2025,55090,C S, 373,SOFTWARE ENGINEERING,"C S-373: SOFTWARE ENGINEERING, Section no. 55090",A,38,Computer Science
Fall 2025,55095,C S, 373,SOFTWARE ENGINEERING,"C S-373: SOFTWARE ENGINEERING, Section no. 55095",F,1,Computer Science
Fall 2025,55095,C S, 373,SOFTWARE ENGINEERING,"C S-373: SOFTWARE ENGINEERING, Section no. 55095",B-,1,Computer Science
Fall 2025,55095,C S, 373,SOFTWARE ENGINEERING,"C S-373: SOFTWARE ENGINEERING, Section no. 55095",B,4,Computer Science
Fall 2025,55095,C S, 373,SOFTWARE ENGINEERING,"C S-373: SOFTWARE ENGINEERING, Section no. 55095",B+,8,Computer Science
Fall 2025,55095,C S, 373,SOFTWARE ENGINEERING,"C S-373: SOFTWARE ENGINEERING, Section no. 55095",A-,13,Computer Science
Fall 2025,55095,C S, 373,SOFTWARE ENGINEERING,"C S-373: SOFTWARE ENGINEERING, Section no. 55095",A,20,Computer Science
Fall 2025,55100,C S, 174S,LONGHORN STARTUP SEMINAR,"C S-174S: LONGHORN STARTUP SEMINAR, Section no. 55100",Other,6,Computer Science
Fall 2025,55100,C S, 174S,LONGHORN STARTUP SEMINAR,"C S-174S: LONGHORN STARTUP SEMINAR, Section no. 55100",A,16,Computer Science
Fall 2025,55105,C S, 375,COMPILERS,"C S-375: COMPILERS, Section no. 55105",Other,1,Computer Science
Fall 2025,55105,C S, 375,COMPILERS,"C S-375: COMPILERS, Section no. 55105",C,1,Computer Science
Fall 2025,55105,C S, 375,COMPILERS,"C S-375: COMPILERS, Section no. 55105",B-,2,Computer Science
Fall 2025,55105,C S, 375,COMPILERS,"C S-375: COMPILERS, Section no. 55105",B,1,Computer Science
Fall 2025,55105,C S, 375,COMPILERS,"C S-375: COMPILERS, Section no. 55105",B+,3,Computer Science
Fall 2025,55105,C S, 375,COMPILERS,"C S-375: COMPILERS, Section no. 55105",A-,3,Computer Science
Fall 2025,55105,C S, 375,COMPILERS,"C S-375: COMPILERS, Section no. 55105",A,43,Computer Science
Fall 2025,55109,C S, 376,COMPUTER VISION,"C S-376: COMPUTER VISION, Section no. 55109",Other,4,Computer Science
Fall 2025,55109,C S, 376,COMPUTER VISION,"C S-376: COMPUTER VISION, Section no. 55109",C-,1,Computer Science
Fall 2025,55109,C S, 376,COMPUTER VISION,"C S-376: COMPUTER VISION, Section no. 55109",C+,1,Computer Science
Fall 2025,55109,C S, 376,COMPUTER VISION,"C S-376: COMPUTER VISION, Section no. 55109",B-,1,Computer Science
Fall 2025,55109,C S, 376,COMPUTER VISION,"C S-376: COMPUTER VISION, Section no. 55109",B,14,Computer Science
Fall 2025,55109,C S, 376,COMPUTER VISION,"C S-376: COMPUTER VISION, Section no. 55109",B+,4,Computer Science
Fall 2025,55109,C S, 376,COMPUTER VISION,"C S-376: COMPUTER VISION, Section no. 55109",A-,8,Computer Science
Fall 2025,55109,C S, 376,COMPUTER VISION,"C S-376: COMPUTER VISION, Section no. 55109",A,25,Computer Science
Fall 2025,55120,C S, 378,BEHAVIORAL ETHICS: DIGITAL AGE,"C S-378: BEHAVIORAL ETHICS: DIGITAL AGE, Section no. 55120",A-,10,Computer Science
Fall 2025,55120,C S, 378,BEHAVIORAL ETHICS: DIGITAL AGE,"C S-378: BEHAVIORAL ETHICS: DIGITAL AGE, Section no. 55120",A,40,Computer Science
Fall 2025,55130,C S, 378,CLOUD COMPUTING,"C S-378: CLOUD COMPUTING, Section no. 55130",Other,1,Computer Science
Fall 2025,55130,C S, 378,CLOUD COMPUTING,"C S-378: CLOUD COMPUTING, Section no. 55130",C,1,Computer Science
Fall 2025,55130,C S, 378,CLOUD COMPUTING,"C S-378: CLOUD COMPUTING, Section no. 55130",B-,1,Computer Science
Fall 2025,55130,C S, 378,CLOUD COMPUTING,"C S-378: CLOUD COMPUTING, Section no. 55130",B+,2,Computer Science
Fall 2025,55130,C S, 378,CLOUD COMPUTING,"C S-378: CLOUD COMPUTING, Section no. 55130",A-,2,Computer Science
Fall 2025,55130,C S, 378,CLOUD COMPUTING,"C S-378: CLOUD COMPUTING, Section no. 55130",A,44,Computer Science
Fall 2025,55135,C S, 378,CLOUD COMPUTING,"C S-378: CLOUD COMPUTING, Section no. 55135",Other,1,Computer Science
Fall 2025,55135,C S, 378,CLOUD COMPUTING,"C S-378: CLOUD COMPUTING, Section no. 55135",B+,1,Computer Science
Fall 2025,55135,C S, 378,CLOUD COMPUTING,"C S-378: CLOUD COMPUTING, Section no. 55135",A-,1,Computer Science
Fall 2025,55135,C S, 378,CLOUD COMPUTING,"C S-378: CLOUD COMPUTING, Section no. 55135",A,25,Computer Science
Fall 2025,55139,C S, 378,CLOUD-NATIVE COMPUTING-WB,"C S-378: CLOUD-NATIVE COMPUTING-WB, Section no. 55139",Other,1,Computer Science
Fall 2025,55139,C S, 378,CLOUD-NATIVE COMPUTING-WB,"C S-378: CLOUD-NATIVE COMPUTING-WB, Section no. 55139",B-,3,Computer Science
Fall 2025,55139,C S, 378,CLOUD-NATIVE COMPUTING-WB,"C S-378: CLOUD-NATIVE COMPUTING-WB, Section no. 55139",B,1,Computer Science
Fall 2025,55139,C S, 378,CLOUD-NATIVE COMPUTING-WB,"C S-378: CLOUD-NATIVE COMPUTING-WB, Section no. 55139",B+,4,Computer Science
Fall 2025,55139,C S, 378,CLOUD-NATIVE COMPUTING-WB,"C S-378: CLOUD-NATIVE COMPUTING-WB, Section no. 55139",A-,20,Computer Science
Fall 2025,55139,C S, 378,CLOUD-NATIVE COMPUTING-WB,"C S-378: CLOUD-NATIVE COMPUTING-WB, Section no. 55139",A,27,Computer Science
Fall 2025,55145,C S, 378,ENERGY EFFICIENT COMPUTING,"C S-378: ENERGY EFFICIENT COMPUTING, Section no. 55145",Other,2,Computer Science
Fall 2025,55145,C S, 378,ENERGY EFFICIENT COMPUTING,"C S-378: ENERGY EFFICIENT COMPUTING, Section no. 55145",B,3,Computer Science
Fall 2025,55145,C S, 378,ENERGY EFFICIENT COMPUTING,"C S-378: ENERGY EFFICIENT COMPUTING, Section no. 55145",B+,18,Computer Science
Fall 2025,55145,C S, 378,ENERGY EFFICIENT COMPUTING,"C S-378: ENERGY EFFICIENT COMPUTING, Section no. 55145",A-,14,Computer Science
Fall 2025,55145,C S, 378,ENERGY EFFICIENT COMPUTING,"C S-378: ENERGY EFFICIENT COMPUTING, Section no. 55145",A,16,Computer Science
Fall 2025,55150,C S, 378,ETHICAL HACKING,"C S-378: ETHICAL HACKING, Section no. 55150",Other,1,Computer Science
Fall 2025,55150,C S, 378,ETHICAL HACKING,"C S-378: ETHICAL HACKING, Section no. 55150",F,1,Computer Science
Fall 2025,55150,C S, 378,ETHICAL HACKING,"C S-378: ETHICAL HACKING, Section no. 55150",B,2,Computer Science
Fall 2025,55150,C S, 378,ETHICAL HACKING,"C S-378: ETHICAL HACKING, Section no. 55150",B+,1,Computer Science
Fall 2025,55150,C S, 378,ETHICAL HACKING,"C S-378: ETHICAL HACKING, Section no. 55150",A-,11,Computer Science
Fall 2025,55150,C S, 378,ETHICAL HACKING,"C S-378: ETHICAL HACKING, Section no. 55150",A,43,Computer Science
Fall 2025,55155,C S, 378,FNDTN OF DATA WAREHOUSING,"C S-378: FNDTN OF DATA WAREHOUSING, Section no. 55155",Other,1,Computer Science
Fall 2025,55155,C S, 378,FNDTN OF DATA WAREHOUSING,"C S-378: FNDTN OF DATA WAREHOUSING, Section no. 55155",C+,1,Computer Science
Fall 2025,55155,C S, 378,FNDTN OF DATA WAREHOUSING,"C S-378: FNDTN OF DATA WAREHOUSING, Section no. 55155",B-,4,Computer Science
Fall 2025,55155,C S, 378,FNDTN OF DATA WAREHOUSING,"C S-378: FNDTN OF DATA WAREHOUSING, Section no. 55155",B,1,Computer Science
Fall 2025,55155,C S, 378,FNDTN OF DATA WAREHOUSING,"C S-378: FNDTN OF DATA WAREHOUSING, Section no. 55155",B+,2,Computer Science
Fall 2025,55155,C S, 378,FNDTN OF DATA WAREHOUSING,"C S-378: FNDTN OF DATA WAREHOUSING, Section no. 55155",A-,4,Computer Science
Fall 2025,55155,C S, 378,FNDTN OF DATA WAREHOUSING,"C S-378: FNDTN OF DATA WAREHOUSING, Section no. 55155",A,35,Computer Science
Fall 2025,55160,C S, 378,GENERATIVE VISUAL COMPUTING,"C S-378: GENERATIVE VISUAL COMPUTING, Section no. 55160",Other,8,Computer Science
Fall 2025,55160,C S, 378,GENERATIVE VISUAL COMPUTING,"C S-378: GENERATIVE VISUAL COMPUTING, Section no. 55160",C,1,Computer Science
Fall 2025,55160,C S, 378,GENERATIVE VISUAL COMPUTING,"C S-378: GENERATIVE VISUAL COMPUTING, Section no. 55160",B-,2,Computer Science
Fall 2025,55160,C S, 378,GENERATIVE VISUAL COMPUTING,"C S-378: GENERATIVE VISUAL COMPUTING, Section no. 55160",B,1,Computer Science
Fall 2025,55160,C S, 378,GENERATIVE VISUAL COMPUTING,"C S-378: GENERATIVE VISUAL COMPUTING, Section no. 55160",B+,5,Computer Science
Fall 2025,55160,C S, 378,GENERATIVE VISUAL COMPUTING,"C S-378: GENERATIVE VISUAL COMPUTING, Section no. 55160",A-,4,Computer Science
Fall 2025,55160,C S, 378,GENERATIVE VISUAL COMPUTING,"C S-378: GENERATIVE VISUAL COMPUTING, Section no. 55160",A,34,Computer Science
Fall 2025,55180,C S, 378,INTRODUCTORY GAME THEORY,"C S-378: INTRODUCTORY GAME THEORY, Section no. 55180",B,2,Computer Science
Fall 2025,55180,C S, 378,INTRODUCTORY GAME THEORY,"C S-378: INTRODUCTORY GAME THEORY, Section no. 55180",B+,2,Computer Science
Fall 2025,55180,C S, 378,INTRODUCTORY GAME THEORY,"C S-378: INTRODUCTORY GAME THEORY, Section no. 55180",A,7,Computer Science
Fall 2025,55183,C S, 378,INTRODUCTORY GAME THEORY,"C S-378: INTRODUCTORY GAME THEORY, Section no. 55183",Other,2,Computer Science
Fall 2025,55183,C S, 378,INTRODUCTORY GAME THEORY,"C S-378: INTRODUCTORY GAME THEORY, Section no. 55183",C,1,Computer Science
Fall 2025,55183,C S, 378,INTRODUCTORY GAME THEORY,"C S-378: INTRODUCTORY GAME THEORY, Section no. 55183",B-,2,Computer Science
Fall 2025,55183,C S, 378,INTRODUCTORY GAME THEORY,"C S-378: INTRODUCTORY GAME THEORY, Section no. 55183",B,3,Computer Science
Fall 2025,55183,C S, 378,INTRODUCTORY GAME THEORY,"C S-378: INTRODUCTORY GAME THEORY, Section no. 55183",B+,4,Computer Science
Fall 2025,55183,C S, 378,INTRODUCTORY GAME THEORY,"C S-378: INTRODUCTORY GAME THEORY, Section no. 55183",A-,1,Computer Science
Fall 2025,55183,C S, 378,INTRODUCTORY GAME THEORY,"C S-378: INTRODUCTORY GAME THEORY, Section no. 55183",A,9,Computer Science
Fall 2025,55184,C S, 378,INTRODUCTORY GAME THEORY,"C S-378: INTRODUCTORY GAME THEORY, Section no. 55184",Other,1,Computer Science
Fall 2025,55184,C S, 378,INTRODUCTORY GAME THEORY,"C S-378: INTRODUCTORY GAME THEORY, Section no. 55184",F,1,Computer Science
Fall 2025,55184,C S, 378,INTRODUCTORY GAME THEORY,"C S-378: INTRODUCTORY GAME THEORY, Section no. 55184",C+,1,Computer Science
Fall 2025,55184,C S, 378,INTRODUCTORY GAME THEORY,"C S-378: INTRODUCTORY GAME THEORY, Section no. 55184",B,2,Computer Science
Fall 2025,55184,C S, 378,INTRODUCTORY GAME THEORY,"C S-378: INTRODUCTORY GAME THEORY, Section no. 55184",B+,5,Computer Science
Fall 2025,55184,C S, 378,INTRODUCTORY GAME THEORY,"C S-378: INTRODUCTORY GAME THEORY, Section no. 55184",A-,5,Computer Science
Fall 2025,55184,C S, 378,INTRODUCTORY GAME THEORY,"C S-378: INTRODUCTORY GAME THEORY, Section no. 55184",A,3,Computer Science
Fall 2025,55185,C S, 378,MODERN WEB APPLICATIONS-WB,"C S-378: MODERN WEB APPLICATIONS-WB, Section no. 55185",Other,1,Computer Science
Fall 2025,55185,C S, 378,MODERN WEB APPLICATIONS-WB,"C S-378: MODERN WEB APPLICATIONS-WB, Section no. 55185",D+,1,Computer Science
Fall 2025,55185,C S, 378,MODERN WEB APPLICATIONS-WB,"C S-378: MODERN WEB APPLICATIONS-WB, Section no. 55185",C,1,Computer Science
Fall 2025,55185,C S, 378,MODERN WEB APPLICATIONS-WB,"C S-378: MODERN WEB APPLICATIONS-WB, Section no. 55185",C+,1,Computer Science
Fall 2025,55185,C S, 378,MODERN WEB APPLICATIONS-WB,"C S-378: MODERN WEB APPLICATIONS-WB, Section no. 55185",B-,2,Computer Science
Fall 2025,55185,C S, 378,MODERN WEB APPLICATIONS-WB,"C S-378: MODERN WEB APPLICATIONS-WB, Section no. 55185",B,3,Computer Science
Fall 2025,55185,C S, 378,MODERN WEB APPLICATIONS-WB,"C S-378: MODERN WEB APPLICATIONS-WB, Section no. 55185",B+,4,Computer Science
Fall 2025,55185,C S, 378,MODERN WEB APPLICATIONS-WB,"C S-378: MODERN WEB APPLICATIONS-WB, Section no. 55185",A-,5,Computer Science
Fall 2025,55185,C S, 378,MODERN WEB APPLICATIONS-WB,"C S-378: MODERN WEB APPLICATIONS-WB, Section no. 55185",A,39,Computer Science
Fall 2025,55190,C S, 378,QUANTUM COMPUTING-FRI,"C S-378: QUANTUM COMPUTING-FRI, Section no. 55190",C,1,Computer Science
Fall 2025,55190,C S, 378,QUANTUM COMPUTING-FRI,"C S-378: QUANTUM COMPUTING-FRI, Section no. 55190",B-,2,Computer Science
Fall 2025,55190,C S, 378,QUANTUM COMPUTING-FRI,"C S-378: QUANTUM COMPUTING-FRI, Section no. 55190",B+,3,Computer Science
Fall 2025,55190,C S, 378,QUANTUM COMPUTING-FRI,"C S-378: QUANTUM COMPUTING-FRI, Section no. 55190",A-,3,Computer Science
Fall 2025,55190,C S, 378,QUANTUM COMPUTING-FRI,"C S-378: QUANTUM COMPUTING-FRI, Section no. 55190",A,10,Computer Science
Fall 2025,55205,C S, 378,SYMBOLIC PROGRAMMING,"C S-378: SYMBOLIC PROGRAMMING, Section no. 55205",Other,1,Computer Science
Fall 2025,55205,C S, 378,SYMBOLIC PROGRAMMING,"C S-378: SYMBOLIC PROGRAMMING, Section no. 55205",F,1,Computer Science
Fall 2025,55205,C S, 378,SYMBOLIC PROGRAMMING,"C S-378: SYMBOLIC PROGRAMMING, Section no. 55205",D,1,Computer Science
Fall 2025,55205,C S, 378,SYMBOLIC PROGRAMMING,"C S-378: SYMBOLIC PROGRAMMING, Section no. 55205",B,3,Computer Science
Fall 2025,55205,C S, 378,SYMBOLIC PROGRAMMING,"C S-378: SYMBOLIC PROGRAMMING, Section no. 55205",B+,3,Computer Science
Fall 2025,55205,C S, 378,SYMBOLIC PROGRAMMING,"C S-378: SYMBOLIC PROGRAMMING, Section no. 55205",A-,6,Computer Science
Fall 2025,55205,C S, 378,SYMBOLIC PROGRAMMING,"C S-378: SYMBOLIC PROGRAMMING, Section no. 55205",A,37,Computer Science
Fall 2025,55215,C S, 378H,PRINCIPLES OF ML II-HON,"C S-378H: PRINCIPLES OF ML II-HON, Section no. 55215",Other,1,Computer Science
Fall 2025,55215,C S, 378H,PRINCIPLES OF ML II-HON,"C S-378H: PRINCIPLES OF ML II-HON, Section no. 55215",A-,10,Computer Science
Fall 2025,55215,C S, 378H,PRINCIPLES OF ML II-HON,"C S-378H: PRINCIPLES OF ML II-HON, Section no. 55215",A,41,Computer Science
Fall 2025,55229,C S, 380I,STRC/IMPLMNTN MDRN PRG LNGS-WB,"C S-380I: STRC/IMPLMNTN MDRN PRG LNGS-WB, Section no. 55229",Other,23,Computer Science
Fall 2025,55229,C S, 380I,STRC/IMPLMNTN MDRN PRG LNGS-WB,"C S-380I: STRC/IMPLMNTN MDRN PRG LNGS-WB, Section no. 55229",F,4,Computer Science
Fall 2025,55229,C S, 380I,STRC/IMPLMNTN MDRN PRG LNGS-WB,"C S-380I: STRC/IMPLMNTN MDRN PRG LNGS-WB, Section no. 55229",D+,1,Computer Science
Fall 2025,55229,C S, 380I,STRC/IMPLMNTN MDRN PRG LNGS-WB,"C S-380I: STRC/IMPLMNTN MDRN PRG LNGS-WB, Section no. 55229",C-,1,Computer Science
Fall 2025,55229,C S, 380I,STRC/IMPLMNTN MDRN PRG LNGS-WB,"C S-380I: STRC/IMPLMNTN MDRN PRG LNGS-WB, Section no. 55229",C,1,Computer Science
Fall 2025,55229,C S, 380I,STRC/IMPLMNTN MDRN PRG LNGS-WB,"C S-380I: STRC/IMPLMNTN MDRN PRG LNGS-WB, Section no. 55229",C+,3,Computer Science
Fall 2025,55229,C S, 380I,STRC/IMPLMNTN MDRN PRG LNGS-WB,"C S-380I: STRC/IMPLMNTN MDRN PRG LNGS-WB, Section no. 55229",B-,4,Computer Science
Fall 2025,55229,C S, 380I,STRC/IMPLMNTN MDRN PRG LNGS-WB,"C S-380I: STRC/IMPLMNTN MDRN PRG LNGS-WB, Section no. 55229",B,13,Computer Science
Fall 2025,55229,C S, 380I,STRC/IMPLMNTN MDRN PRG LNGS-WB,"C S-380I: STRC/IMPLMNTN MDRN PRG LNGS-WB, Section no. 55229",B+,10,Computer Science
Fall 2025,55229,C S, 380I,STRC/IMPLMNTN MDRN PRG LNGS-WB,"C S-380I: STRC/IMPLMNTN MDRN PRG LNGS-WB, Section no. 55229",A-,25,Computer Science
Fall 2025,55229,C S, 380I,STRC/IMPLMNTN MDRN PRG LNGS-WB,"C S-380I: STRC/IMPLMNTN MDRN PRG LNGS-WB, Section no. 55229",A,33,Computer Science
Fall 2025,55230,C S, 380L,ADVANCED OPERATING SYSTEMS,"C S-380L: ADVANCED OPERATING SYSTEMS, Section no. 55230",Other,2,Computer Science
Fall 2025,55230,C S, 380L,ADVANCED OPERATING SYSTEMS,"C S-380L: ADVANCED OPERATING SYSTEMS, Section no. 55230",B-,1,Computer Science
Fall 2025,55230,C S, 380L,ADVANCED OPERATING SYSTEMS,"C S-380L: ADVANCED OPERATING SYSTEMS, Section no. 55230",B,4,Computer Science
Fall 2025,55230,C S, 380L,ADVANCED OPERATING SYSTEMS,"C S-380L: ADVANCED OPERATING SYSTEMS, Section no. 55230",B+,2,Computer Science
Fall 2025,55230,C S, 380L,ADVANCED OPERATING SYSTEMS,"C S-380L: ADVANCED OPERATING SYSTEMS, Section no. 55230",A-,7,Computer Science
Fall 2025,55230,C S, 380L,ADVANCED OPERATING SYSTEMS,"C S-380L: ADVANCED OPERATING SYSTEMS, Section no. 55230",A,19,Computer Science
Fall 2025,55235,C S, 380P,PARALLEL SYSTEMS-WB,"C S-380P: PARALLEL SYSTEMS-WB, Section no. 55235",Other,24,Computer Science
Fall 2025,55235,C S, 380P,PARALLEL SYSTEMS-WB,"C S-380P: PARALLEL SYSTEMS-WB, Section no. 55235",F,5,Computer Science
Fall 2025,55235,C S, 380P,PARALLEL SYSTEMS-WB,"C S-380P: PARALLEL SYSTEMS-WB, Section no. 55235",C,4,Computer Science
Fall 2025,55235,C S, 380P,PARALLEL SYSTEMS-WB,"C S-380P: PARALLEL SYSTEMS-WB, Section no. 55235",B-,4,Computer Science
Fall 2025,55235,C S, 380P,PARALLEL SYSTEMS-WB,"C S-380P: PARALLEL SYSTEMS-WB, Section no. 55235",B,12,Computer Science
Fall 2025,55235,C S, 380P,PARALLEL SYSTEMS-WB,"C S-380P: PARALLEL SYSTEMS-WB, Section no. 55235",B+,6,Computer Science
Fall 2025,55235,C S, 380P,PARALLEL SYSTEMS-WB,"C S-380P: PARALLEL SYSTEMS-WB, Section no. 55235",A-,19,Computer Science
Fall 2025,55235,C S, 380P,PARALLEL SYSTEMS-WB,"C S-380P: PARALLEL SYSTEMS-WB, Section no. 55235",A,152,Computer Science
Fall 2025,55244,C S, 381V,VISUAL RECOGNITION,"C S-381V: VISUAL RECOGNITION, Section no. 55244",Other,1,Computer Science
Fall 2025,55244,C S, 381V,VISUAL RECOGNITION,"C S-381V: VISUAL RECOGNITION, Section no. 55244",B,4,Computer Science
Fall 2025,55244,C S, 381V,VISUAL RECOGNITION,"C S-381V: VISUAL RECOGNITION, Section no. 55244",B+,1,Computer Science
Fall 2025,55244,C S, 381V,VISUAL RECOGNITION,"C S-381V: VISUAL RECOGNITION, Section no. 55244",A-,7,Computer Science
Fall 2025,55244,C S, 381V,VISUAL RECOGNITION,"C S-381V: VISUAL RECOGNITION, Section no. 55244",A,16,Computer Science
Fall 2025,55245,C S, 383C,NUMERICAL ANLY: LINEAR ALGEBRA,"C S-383C: NUMERICAL ANLY: LINEAR ALGEBRA, Section no. 55245",B-,1,Computer Science
Fall 2025,55245,C S, 383C,NUMERICAL ANLY: LINEAR ALGEBRA,"C S-383C: NUMERICAL ANLY: LINEAR ALGEBRA, Section no. 55245",B,1,Computer Science
Fall 2025,55245,C S, 383C,NUMERICAL ANLY: LINEAR ALGEBRA,"C S-383C: NUMERICAL ANLY: LINEAR ALGEBRA, Section no. 55245",B+,3,Computer Science
Fall 2025,55245,C S, 383C,NUMERICAL ANLY: LINEAR ALGEBRA,"C S-383C: NUMERICAL ANLY: LINEAR ALGEBRA, Section no. 55245",A-,1,Computer Science
Fall 2025,55245,C S, 383C,NUMERICAL ANLY: LINEAR ALGEBRA,"C S-383C: NUMERICAL ANLY: LINEAR ALGEBRA, Section no. 55245",A,5,Computer Science
Fall 2025,55249,C S, 383C,NUMRCL ANLY: LINEAR ALGEBRA-WB,"C S-383C: NUMRCL ANLY: LINEAR ALGEBRA-WB, Section no. 55249",Other,9,Computer Science
Fall 2025,55249,C S, 383C,NUMRCL ANLY: LINEAR ALGEBRA-WB,"C S-383C: NUMRCL ANLY: LINEAR ALGEBRA-WB, Section no. 55249",F,5,Computer Science
Fall 2025,55249,C S, 383C,NUMRCL ANLY: LINEAR ALGEBRA-WB,"C S-383C: NUMRCL ANLY: LINEAR ALGEBRA-WB, Section no. 55249",C-,1,Computer Science
Fall 2025,55249,C S, 383C,NUMRCL ANLY: LINEAR ALGEBRA-WB,"C S-383C: NUMRCL ANLY: LINEAR ALGEBRA-WB, Section no. 55249",B-,1,Computer Science
Fall 2025,55249,C S, 383C,NUMRCL ANLY: LINEAR ALGEBRA-WB,"C S-383C: NUMRCL ANLY: LINEAR ALGEBRA-WB, Section no. 55249",B,4,Computer Science
Fall 2025,55249,C S, 383C,NUMRCL ANLY: LINEAR ALGEBRA-WB,"C S-383C: NUMRCL ANLY: LINEAR ALGEBRA-WB, Section no. 55249",B+,4,Computer Science
Fall 2025,55249,C S, 383C,NUMRCL ANLY: LINEAR ALGEBRA-WB,"C S-383C: NUMRCL ANLY: LINEAR ALGEBRA-WB, Section no. 55249",A-,3,Computer Science
Fall 2025,55249,C S, 383C,NUMRCL ANLY: LINEAR ALGEBRA-WB,"C S-383C: NUMRCL ANLY: LINEAR ALGEBRA-WB, Section no. 55249",A,51,Computer Science
Fall 2025,55250,C S, 386C,DEPENDABLE COMPUTING SYSTEMS,"C S-386C: DEPENDABLE COMPUTING SYSTEMS, Section no. 55250",B-,1,Computer Science
Fall 2025,55250,C S, 386C,DEPENDABLE COMPUTING SYSTEMS,"C S-386C: DEPENDABLE COMPUTING SYSTEMS, Section no. 55250",B,5,Computer Science
Fall 2025,55250,C S, 386C,DEPENDABLE COMPUTING SYSTEMS,"C S-386C: DEPENDABLE COMPUTING SYSTEMS, Section no. 55250",B+,5,Computer Science
Fall 2025,55250,C S, 386C,DEPENDABLE COMPUTING SYSTEMS,"C S-386C: DEPENDABLE COMPUTING SYSTEMS, Section no. 55250",A-,6,Computer Science
Fall 2025,55250,C S, 386C,DEPENDABLE COMPUTING SYSTEMS,"C S-386C: DEPENDABLE COMPUTING SYSTEMS, Section no. 55250",A,6,Computer Science
Fall 2025,55260,C S, 388,NATURAL LANGUAGE PROCESSING-WB,"C S-388: NATURAL LANGUAGE PROCESSING-WB, Section no. 55260",Other,10,Computer Science
Fall 2025,55260,C S, 388,NATURAL LANGUAGE PROCESSING-WB,"C S-388: NATURAL LANGUAGE PROCESSING-WB, Section no. 55260",F,1,Computer Science
Fall 2025,55260,C S, 388,NATURAL LANGUAGE PROCESSING-WB,"C S-388: NATURAL LANGUAGE PROCESSING-WB, Section no. 55260",D+,1,Computer Science
Fall 2025,55260,C S, 388,NATURAL LANGUAGE PROCESSING-WB,"C S-388: NATURAL LANGUAGE PROCESSING-WB, Section no. 55260",C-,1,Computer Science
Fall 2025,55260,C S, 388,NATURAL LANGUAGE PROCESSING-WB,"C S-388: NATURAL LANGUAGE PROCESSING-WB, Section no. 55260",C+,1,Computer Science
Fall 2025,55260,C S, 388,NATURAL LANGUAGE PROCESSING-WB,"C S-388: NATURAL LANGUAGE PROCESSING-WB, Section no. 55260",B-,6,Computer Science
Fall 2025,55260,C S, 388,NATURAL LANGUAGE PROCESSING-WB,"C S-388: NATURAL LANGUAGE PROCESSING-WB, Section no. 55260",B,9,Computer Science
Fall 2025,55260,C S, 388,NATURAL LANGUAGE PROCESSING-WB,"C S-388: NATURAL LANGUAGE PROCESSING-WB, Section no. 55260",B+,23,Computer Science
Fall 2025,55260,C S, 388,NATURAL LANGUAGE PROCESSING-WB,"C S-388: NATURAL LANGUAGE PROCESSING-WB, Section no. 55260",A-,55,Computer Science
Fall 2025,55260,C S, 388,NATURAL LANGUAGE PROCESSING-WB,"C S-388: NATURAL LANGUAGE PROCESSING-WB, Section no. 55260",A,144,Computer Science
Fall 2025,55265,C S, 388E,APPROX ALGORITHMS/COMPLEXITY,"C S-388E: APPROX ALGORITHMS/COMPLEXITY, Section no. 55265",Other,8,Computer Science
Fall 2025,55265,C S, 388E,APPROX ALGORITHMS/COMPLEXITY,"C S-388E: APPROX ALGORITHMS/COMPLEXITY, Section no. 55265",B,4,Computer Science
Fall 2025,55265,C S, 388E,APPROX ALGORITHMS/COMPLEXITY,"C S-388E: APPROX ALGORITHMS/COMPLEXITY, Section no. 55265",A-,7,Computer Science
Fall 2025,55265,C S, 388E,APPROX ALGORITHMS/COMPLEXITY,"C S-388E: APPROX ALGORITHMS/COMPLEXITY, Section no. 55265",A,4,Computer Science
Fall 2025,55270,C S, 388G,ALGORITHMS: TECHNIQUES & THRY,"C S-388G: ALGORITHMS: TECHNIQUES & THRY, Section no. 55270",Other,4,Computer Science
Fall 2025,55270,C S, 388G,ALGORITHMS: TECHNIQUES & THRY,"C S-388G: ALGORITHMS: TECHNIQUES & THRY, Section no. 55270",C,1,Computer Science
Fall 2025,55270,C S, 388G,ALGORITHMS: TECHNIQUES & THRY,"C S-388G: ALGORITHMS: TECHNIQUES & THRY, Section no. 55270",B-,1,Computer Science
Fall 2025,55270,C S, 388G,ALGORITHMS: TECHNIQUES & THRY,"C S-388G: ALGORITHMS: TECHNIQUES & THRY, Section no. 55270",B,1,Computer Science
Fall 2025,55270,C S, 388G,ALGORITHMS: TECHNIQUES & THRY,"C S-388G: ALGORITHMS: TECHNIQUES & THRY, Section no. 55270",A-,4,Computer Science
Fall 2025,55275,C S, 388H,CRYPTOGRAPHY,"C S-388H: CRYPTOGRAPHY, Section no. 55275",B+,1,Computer Science
Fall 2025,55275,C S, 388H,CRYPTOGRAPHY,"C S-388H: CRYPTOGRAPHY, Section no. 55275",A-,2,Computer Science
Fall 2025,55275,C S, 388H,CRYPTOGRAPHY,"C S-388H: CRYPTOGRAPHY, Section no. 55275",A,7,Computer Science
Fall 2025,55280,C S, 388J,OPTIMIZATION-WB,"C S-388J: OPTIMIZATION-WB, Section no. 55280",Other,3,Computer Science
Fall 2025,55280,C S, 388J,OPTIMIZATION-WB,"C S-388J: OPTIMIZATION-WB, Section no. 55280",B-,2,Computer Science
Fall 2025,55280,C S, 388J,OPTIMIZATION-WB,"C S-388J: OPTIMIZATION-WB, Section no. 55280",B,3,Computer Science
Fall 2025,55280,C S, 388J,OPTIMIZATION-WB,"C S-388J: OPTIMIZATION-WB, Section no. 55280",B+,5,Computer Science
Fall 2025,55280,C S, 388J,OPTIMIZATION-WB,"C S-388J: OPTIMIZATION-WB, Section no. 55280",A-,9,Computer Science
Fall 2025,55280,C S, 388J,OPTIMIZATION-WB,"C S-388J: OPTIMIZATION-WB, Section no. 55280",A,30,Computer Science
Fall 2025,55285,C S, 388M,COMMUNICATION COMPLEXITY,"C S-388M: COMMUNICATION COMPLEXITY, Section no. 55285",Other,6,Computer Science
Fall 2025,55285,C S, 388M,COMMUNICATION COMPLEXITY,"C S-388M: COMMUNICATION COMPLEXITY, Section no. 55285",B-,1,Computer Science
Fall 2025,55285,C S, 388M,COMMUNICATION COMPLEXITY,"C S-388M: COMMUNICATION COMPLEXITY, Section no. 55285",B,1,Computer Science
Fall 2025,55285,C S, 388M,COMMUNICATION COMPLEXITY,"C S-388M: COMMUNICATION COMPLEXITY, Section no. 55285",A,10,Computer Science
Fall 2025,55289,C S, 388T,THEORY OF COMPUTATION,"C S-388T: THEORY OF COMPUTATION, Section no. 55289",B,3,Computer Science
Fall 2025,55289,C S, 388T,THEORY OF COMPUTATION,"C S-388T: THEORY OF COMPUTATION, Section no. 55289",A-,1,Computer Science
Fall 2025,55289,C S, 388T,THEORY OF COMPUTATION,"C S-388T: THEORY OF COMPUTATION, Section no. 55289",A,9,Computer Science
Fall 2025,55290,C S, 388U,PLAN/SRCH/REAS UNDR UNCERTY-WB,"C S-388U: PLAN/SRCH/REAS UNDR UNCERTY-WB, Section no. 55290",Other,12,Computer Science
Fall 2025,55290,C S, 388U,PLAN/SRCH/REAS UNDR UNCERTY-WB,"C S-388U: PLAN/SRCH/REAS UNDR UNCERTY-WB, Section no. 55290",C-,1,Computer Science
Fall 2025,55290,C S, 388U,PLAN/SRCH/REAS UNDR UNCERTY-WB,"C S-388U: PLAN/SRCH/REAS UNDR UNCERTY-WB, Section no. 55290",C,2,Computer Science
Fall 2025,55290,C S, 388U,PLAN/SRCH/REAS UNDR UNCERTY-WB,"C S-388U: PLAN/SRCH/REAS UNDR UNCERTY-WB, Section no. 55290",C+,1,Computer Science
Fall 2025,55290,C S, 388U,PLAN/SRCH/REAS UNDR UNCERTY-WB,"C S-388U: PLAN/SRCH/REAS UNDR UNCERTY-WB, Section no. 55290",B-,3,Computer Science
Fall 2025,55290,C S, 388U,PLAN/SRCH/REAS UNDR UNCERTY-WB,"C S-388U: PLAN/SRCH/REAS UNDR UNCERTY-WB, Section no. 55290",B,7,Computer Science
Fall 2025,55290,C S, 388U,PLAN/SRCH/REAS UNDR UNCERTY-WB,"C S-388U: PLAN/SRCH/REAS UNDR UNCERTY-WB, Section no. 55290",B+,14,Computer Science
Fall 2025,55290,C S, 388U,PLAN/SRCH/REAS UNDR UNCERTY-WB,"C S-388U: PLAN/SRCH/REAS UNDR UNCERTY-WB, Section no. 55290",A-,22,Computer Science
Fall 2025,55290,C S, 388U,PLAN/SRCH/REAS UNDR UNCERTY-WB,"C S-388U: PLAN/SRCH/REAS UNDR UNCERTY-WB, Section no. 55290",A,221,Computer Science
Fall 2025,55295,C S, 391L,MACHINE LEARNING-WB,"C S-391L: MACHINE LEARNING-WB, Section no. 55295",Other,11,Computer Science
Fall 2025,55295,C S, 391L,MACHINE LEARNING-WB,"C S-391L: MACHINE LEARNING-WB, Section no. 55295",F,5,Computer Science
Fall 2025,55295,C S, 391L,MACHINE LEARNING-WB,"C S-391L: MACHINE LEARNING-WB, Section no. 55295",C-,1,Computer Science
Fall 2025,55295,C S, 391L,MACHINE LEARNING-WB,"C S-391L: MACHINE LEARNING-WB, Section no. 55295",C+,4,Computer Science
Fall 2025,55295,C S, 391L,MACHINE LEARNING-WB,"C S-391L: MACHINE LEARNING-WB, Section no. 55295",B-,5,Computer Science
Fall 2025,55295,C S, 391L,MACHINE LEARNING-WB,"C S-391L: MACHINE LEARNING-WB, Section no. 55295",B,9,Computer Science
Fall 2025,55295,C S, 391L,MACHINE LEARNING-WB,"C S-391L: MACHINE LEARNING-WB, Section no. 55295",B+,25,Computer Science
Fall 2025,55295,C S, 391L,MACHINE LEARNING-WB,"C S-391L: MACHINE LEARNING-WB, Section no. 55295",A-,16,Computer Science
Fall 2025,55295,C S, 391L,MACHINE LEARNING-WB,"C S-391L: MACHINE LEARNING-WB, Section no. 55295",A,44,Computer Science
Fall 2025,55299,C S, 391M,CASE STUDIES/MCHNE LEARNING-WB,"C S-391M: CASE STUDIES/MCHNE LEARNING-WB, Section no. 55299",Other,9,Computer Science
Fall 2025,55299,C S, 391M,CASE STUDIES/MCHNE LEARNING-WB,"C S-391M: CASE STUDIES/MCHNE LEARNING-WB, Section no. 55299",F,3,Computer Science
Fall 2025,55299,C S, 391M,CASE STUDIES/MCHNE LEARNING-WB,"C S-391M: CASE STUDIES/MCHNE LEARNING-WB, Section no. 55299",B-,1,Computer Science
Fall 2025,55299,C S, 391M,CASE STUDIES/MCHNE LEARNING-WB,"C S-391M: CASE STUDIES/MCHNE LEARNING-WB, Section no. 55299",B,3,Computer Science
Fall 2025,55299,C S, 391M,CASE STUDIES/MCHNE LEARNING-WB,"C S-391M: CASE STUDIES/MCHNE LEARNING-WB, Section no. 55299",B+,8,Computer Science
Fall 2025,55299,C S, 391M,CASE STUDIES/MCHNE LEARNING-WB,"C S-391M: CASE STUDIES/MCHNE LEARNING-WB, Section no. 55299",A-,33,Computer Science
Fall 2025,55299,C S, 391M,CASE STUDIES/MCHNE LEARNING-WB,"C S-391M: CASE STUDIES/MCHNE LEARNING-WB, Section no. 55299",A,230,Computer Science
Fall 2025,55305,C S, 394D,DEEP LEARNING-WB,"C S-394D: DEEP LEARNING-WB, Section no. 55305",Other,3,Computer Science
Fall 2025,55305,C S, 394D,DEEP LEARNING-WB,"C S-394D: DEEP LEARNING-WB, Section no. 55305",F,5,Computer Science
Fall 2025,55305,C S, 394D,DEEP LEARNING-WB,"C S-394D: DEEP LEARNING-WB, Section no. 55305",B,4,Computer Science
Fall 2025,55305,C S, 394D,DEEP LEARNING-WB,"C S-394D: DEEP LEARNING-WB, Section no. 55305",B+,1,Computer Science
Fall 2025,55305,C S, 394D,DEEP LEARNING-WB,"C S-394D: DEEP LEARNING-WB, Section no. 55305",A-,4,Computer Science
Fall 2025,55305,C S, 394D,DEEP LEARNING-WB,"C S-394D: DEEP LEARNING-WB, Section no. 55305",A,233,Computer Science
Fall 2025,55310,C S, 394R,REINFRCMNT LEARN: THRY/PRAC-WB,"C S-394R: REINFRCMNT LEARN: THRY/PRAC-WB, Section no. 55310",Other,1,Computer Science
Fall 2025,55310,C S, 394R,REINFRCMNT LEARN: THRY/PRAC-WB,"C S-394R: REINFRCMNT LEARN: THRY/PRAC-WB, Section no. 55310",D,1,Computer Science
Fall 2025,55310,C S, 394R,REINFRCMNT LEARN: THRY/PRAC-WB,"C S-394R: REINFRCMNT LEARN: THRY/PRAC-WB, Section no. 55310",C-,1,Computer Science
Fall 2025,55310,C S, 394R,REINFRCMNT LEARN: THRY/PRAC-WB,"C S-394R: REINFRCMNT LEARN: THRY/PRAC-WB, Section no. 55310",C,1,Computer Science
Fall 2025,55310,C S, 394R,REINFRCMNT LEARN: THRY/PRAC-WB,"C S-394R: REINFRCMNT LEARN: THRY/PRAC-WB, Section no. 55310",B-,2,Computer Science
Fall 2025,55310,C S, 394R,REINFRCMNT LEARN: THRY/PRAC-WB,"C S-394R: REINFRCMNT LEARN: THRY/PRAC-WB, Section no. 55310",B,4,Computer Science
Fall 2025,55310,C S, 394R,REINFRCMNT LEARN: THRY/PRAC-WB,"C S-394R: REINFRCMNT LEARN: THRY/PRAC-WB, Section no. 55310",B+,6,Computer Science
Fall 2025,55310,C S, 394R,REINFRCMNT LEARN: THRY/PRAC-WB,"C S-394R: REINFRCMNT LEARN: THRY/PRAC-WB, Section no. 55310",A-,19,Computer Science
Fall 2025,55310,C S, 394R,REINFRCMNT LEARN: THRY/PRAC-WB,"C S-394R: REINFRCMNT LEARN: THRY/PRAC-WB, Section no. 55310",A,41,Computer Science
Fall 2025,55334,C S, 395T,ADV IN DEEP GEN MODELS-WB,"C S-395T: ADV IN DEEP GEN MODELS-WB, Section no. 55334",Other,11,Computer Science
Fall 2025,55334,C S, 395T,ADV IN DEEP GEN MODELS-WB,"C S-395T: ADV IN DEEP GEN MODELS-WB, Section no. 55334",C,1,Computer Science
Fall 2025,55334,C S, 395T,ADV IN DEEP GEN MODELS-WB,"C S-395T: ADV IN DEEP GEN MODELS-WB, Section no. 55334",B-,7,Computer Science
Fall 2025,55334,C S, 395T,ADV IN DEEP GEN MODELS-WB,"C S-395T: ADV IN DEEP GEN MODELS-WB, Section no. 55334",B,5,Computer Science
Fall 2025,55334,C S, 395T,ADV IN DEEP GEN MODELS-WB,"C S-395T: ADV IN DEEP GEN MODELS-WB, Section no. 55334",B+,19,Computer Science
Fall 2025,55334,C S, 395T,ADV IN DEEP GEN MODELS-WB,"C S-395T: ADV IN DEEP GEN MODELS-WB, Section no. 55334",A-,8,Computer Science
Fall 2025,55334,C S, 395T,ADV IN DEEP GEN MODELS-WB,"C S-395T: ADV IN DEEP GEN MODELS-WB, Section no. 55334",A,34,Computer Science
Fall 2025,55335,C S, 395T,ADV IN DEEP GENERATIVE MODELS,"C S-395T: ADV IN DEEP GENERATIVE MODELS, Section no. 55335",B+,1,Computer Science
Fall 2025,55335,C S, 395T,ADV IN DEEP GENERATIVE MODELS,"C S-395T: ADV IN DEEP GENERATIVE MODELS, Section no. 55335",A-,10,Computer Science
Fall 2025,55335,C S, 395T,ADV IN DEEP GENERATIVE MODELS,"C S-395T: ADV IN DEEP GENERATIVE MODELS, Section no. 55335",A,18,Computer Science
Fall 2025,55340,C S, 395T,ADV TOPICS IN SYS/GENER AI,"C S-395T: ADV TOPICS IN SYS/GENER AI, Section no. 55340",A-,3,Computer Science
Fall 2025,55340,C S, 395T,ADV TOPICS IN SYS/GENER AI,"C S-395T: ADV TOPICS IN SYS/GENER AI, Section no. 55340",A,27,Computer Science
Fall 2025,55349,C S, 395T,ADVANCES IN DEEP LEARNING-WB,"C S-395T: ADVANCES IN DEEP LEARNING-WB, Section no. 55349",Other,4,Computer Science
Fall 2025,55349,C S, 395T,ADVANCES IN DEEP LEARNING-WB,"C S-395T: ADVANCES IN DEEP LEARNING-WB, Section no. 55349",F,1,Computer Science
Fall 2025,55349,C S, 395T,ADVANCES IN DEEP LEARNING-WB,"C S-395T: ADVANCES IN DEEP LEARNING-WB, Section no. 55349",C-,1,Computer Science
Fall 2025,55349,C S, 395T,ADVANCES IN DEEP LEARNING-WB,"C S-395T: ADVANCES IN DEEP LEARNING-WB, Section no. 55349",C,1,Computer Science
Fall 2025,55349,C S, 395T,ADVANCES IN DEEP LEARNING-WB,"C S-395T: ADVANCES IN DEEP LEARNING-WB, Section no. 55349",C+,1,Computer Science
Fall 2025,55349,C S, 395T,ADVANCES IN DEEP LEARNING-WB,"C S-395T: ADVANCES IN DEEP LEARNING-WB, Section no. 55349",B,7,Computer Science
Fall 2025,55349,C S, 395T,ADVANCES IN DEEP LEARNING-WB,"C S-395T: ADVANCES IN DEEP LEARNING-WB, Section no. 55349",B+,7,Computer Science
Fall 2025,55349,C S, 395T,ADVANCES IN DEEP LEARNING-WB,"C S-395T: ADVANCES IN DEEP LEARNING-WB, Section no. 55349",A-,22,Computer Science
Fall 2025,55349,C S, 395T,ADVANCES IN DEEP LEARNING-WB,"C S-395T: ADVANCES IN DEEP LEARNING-WB, Section no. 55349",A,88,Computer Science
Fall 2025,55354,C S, 395T,COMMUN/GROUNDED AI AGENTS,"C S-395T: COMMUN/GROUNDED AI AGENTS, Section no. 55354",Other,2,Computer Science
Fall 2025,55354,C S, 395T,COMMUN/GROUNDED AI AGENTS,"C S-395T: COMMUN/GROUNDED AI AGENTS, Section no. 55354",A-,1,Computer Science
Fall 2025,55354,C S, 395T,COMMUN/GROUNDED AI AGENTS,"C S-395T: COMMUN/GROUNDED AI AGENTS, Section no. 55354",A,25,Computer Science
Fall 2025,55355,C S, 395T,CONVEX OPTIMIZATION,"C S-395T: CONVEX OPTIMIZATION, Section no. 55355",Other,3,Computer Science
Fall 2025,55355,C S, 395T,CONVEX OPTIMIZATION,"C S-395T: CONVEX OPTIMIZATION, Section no. 55355",C+,1,Computer Science
Fall 2025,55355,C S, 395T,CONVEX OPTIMIZATION,"C S-395T: CONVEX OPTIMIZATION, Section no. 55355",B-,1,Computer Science
Fall 2025,55355,C S, 395T,CONVEX OPTIMIZATION,"C S-395T: CONVEX OPTIMIZATION, Section no. 55355",B,1,Computer Science
Fall 2025,55355,C S, 395T,CONVEX OPTIMIZATION,"C S-395T: CONVEX OPTIMIZATION, Section no. 55355",B+,2,Computer Science
Fall 2025,55355,C S, 395T,CONVEX OPTIMIZATION,"C S-395T: CONVEX OPTIMIZATION, Section no. 55355",A-,1,Computer Science
Fall 2025,55355,C S, 395T,CONVEX OPTIMIZATION,"C S-395T: CONVEX OPTIMIZATION, Section no. 55355",A,5,Computer Science
Fall 2025,55365,C S, 395T,DATABASE SYSTEMS AND LLM,"C S-395T: DATABASE SYSTEMS AND LLM, Section no. 55365",A-,9,Computer Science
Fall 2025,55365,C S, 395T,DATABASE SYSTEMS AND LLM,"C S-395T: DATABASE SYSTEMS AND LLM, Section no. 55365",A,21,Computer Science
Fall 2025,55369,C S, 395T,DISTRIBUTED SYSTEMS-WB,"C S-395T: DISTRIBUTED SYSTEMS-WB, Section no. 55369",Other,10,Computer Science
Fall 2025,55369,C S, 395T,DISTRIBUTED SYSTEMS-WB,"C S-395T: DISTRIBUTED SYSTEMS-WB, Section no. 55369",F,1,Computer Science
Fall 2025,55369,C S, 395T,DISTRIBUTED SYSTEMS-WB,"C S-395T: DISTRIBUTED SYSTEMS-WB, Section no. 55369",D-,1,Computer Science
Fall 2025,55369,C S, 395T,DISTRIBUTED SYSTEMS-WB,"C S-395T: DISTRIBUTED SYSTEMS-WB, Section no. 55369",D+,1,Computer Science
Fall 2025,55369,C S, 395T,DISTRIBUTED SYSTEMS-WB,"C S-395T: DISTRIBUTED SYSTEMS-WB, Section no. 55369",C-,1,Computer Science
Fall 2025,55369,C S, 395T,DISTRIBUTED SYSTEMS-WB,"C S-395T: DISTRIBUTED SYSTEMS-WB, Section no. 55369",C+,6,Computer Science
Fall 2025,55369,C S, 395T,DISTRIBUTED SYSTEMS-WB,"C S-395T: DISTRIBUTED SYSTEMS-WB, Section no. 55369",B-,2,Computer Science
Fall 2025,55369,C S, 395T,DISTRIBUTED SYSTEMS-WB,"C S-395T: DISTRIBUTED SYSTEMS-WB, Section no. 55369",B,6,Computer Science
Fall 2025,55369,C S, 395T,DISTRIBUTED SYSTEMS-WB,"C S-395T: DISTRIBUTED SYSTEMS-WB, Section no. 55369",B+,17,Computer Science
Fall 2025,55369,C S, 395T,DISTRIBUTED SYSTEMS-WB,"C S-395T: DISTRIBUTED SYSTEMS-WB, Section no. 55369",A-,29,Computer Science
Fall 2025,55369,C S, 395T,DISTRIBUTED SYSTEMS-WB,"C S-395T: DISTRIBUTED SYSTEMS-WB, Section no. 55369",A,79,Computer Science
Fall 2025,55370,C S, 395T,FND OF ML FOR SYS RESEARCHERS,"C S-395T: FND OF ML FOR SYS RESEARCHERS, Section no. 55370",B,1,Computer Science
Fall 2025,55370,C S, 395T,FND OF ML FOR SYS RESEARCHERS,"C S-395T: FND OF ML FOR SYS RESEARCHERS, Section no. 55370",B+,2,Computer Science
Fall 2025,55370,C S, 395T,FND OF ML FOR SYS RESEARCHERS,"C S-395T: FND OF ML FOR SYS RESEARCHERS, Section no. 55370",A-,2,Computer Science
Fall 2025,55370,C S, 395T,FND OF ML FOR SYS RESEARCHERS,"C S-395T: FND OF ML FOR SYS RESEARCHERS, Section no. 55370",A,17,Computer Science
Fall 2025,55385,C S, 395T,3D DEEP LEARNING,"C S-395T: 3D DEEP LEARNING, Section no. 55385",Other,2,Computer Science
Fall 2025,55385,C S, 395T,3D DEEP LEARNING,"C S-395T: 3D DEEP LEARNING, Section no. 55385",A-,3,Computer Science
Fall 2025,55385,C S, 395T,3D DEEP LEARNING,"C S-395T: 3D DEEP LEARNING, Section no. 55385",A,20,Computer Science
Fall 2025,55394,C S, 395T,SENSOR PLANNING FOR ROBOTICS,"C S-395T: SENSOR PLANNING FOR ROBOTICS, Section no. 55394",Other,3,Computer Science
Fall 2025,55394,C S, 395T,SENSOR PLANNING FOR ROBOTICS,"C S-395T: SENSOR PLANNING FOR ROBOTICS, Section no. 55394",A-,1,Computer Science
Fall 2025,55394,C S, 395T,SENSOR PLANNING FOR ROBOTICS,"C S-395T: SENSOR PLANNING FOR ROBOTICS, Section no. 55394",A,15,Computer Science
Fall 2025,55395,C S, 395T,SPOKEN LANGUAGE TECHNOLOGIES,"C S-395T: SPOKEN LANGUAGE TECHNOLOGIES, Section no. 55395",B-,1,Computer Science
Fall 2025,55395,C S, 395T,SPOKEN LANGUAGE TECHNOLOGIES,"C S-395T: SPOKEN LANGUAGE TECHNOLOGIES, Section no. 55395",B+,1,Computer Science
Fall 2025,55395,C S, 395T,SPOKEN LANGUAGE TECHNOLOGIES,"C S-395T: SPOKEN LANGUAGE TECHNOLOGIES, Section no. 55395",A-,3,Computer Science
Fall 2025,55395,C S, 395T,SPOKEN LANGUAGE TECHNOLOGIES,"C S-395T: SPOKEN LANGUAGE TECHNOLOGIES, Section no. 55395",A,20,Computer Science
Fall 2025,55400,C S, 395T,THE MODEL CHECKING PARADIGM,"C S-395T: THE MODEL CHECKING PARADIGM, Section no. 55400",Other,1,Computer Science
Fall 2025,55400,C S, 395T,THE MODEL CHECKING PARADIGM,"C S-395T: THE MODEL CHECKING PARADIGM, Section no. 55400",A-,3,Computer Science
Fall 2025,55400,C S, 395T,THE MODEL CHECKING PARADIGM,"C S-395T: THE MODEL CHECKING PARADIGM, Section no. 55400",A,11,Computer Science
Fall 2025,62195,DSC, 381,PROBABLTY/SIMULTN INFERENCE-WB,"DSC-381: PROBABLTY/SIMULTN INFERENCE-WB, Section no. 62195",Other,14,Data Science
Fall 2025,62195,DSC, 381,PROBABLTY/SIMULTN INFERENCE-WB,"DSC-381: PROBABLTY/SIMULTN INFERENCE-WB, Section no. 62195",F,2,Data Science
Fall 2025,62195,DSC, 381,PROBABLTY/SIMULTN INFERENCE-WB,"DSC-381: PROBABLTY/SIMULTN INFERENCE-WB, Section no. 62195",D+,1,Data Science
Fall 2025,62195,DSC, 381,PROBABLTY/SIMULTN INFERENCE-WB,"DSC-381: PROBABLTY/SIMULTN INFERENCE-WB, Section no. 62195",C-,1,Data Science
Fall 2025,62195,DSC, 381,PROBABLTY/SIMULTN INFERENCE-WB,"DSC-381: PROBABLTY/SIMULTN INFERENCE-WB, Section no. 62195",C,2,Data Science
Fall 2025,62195,DSC, 381,PROBABLTY/SIMULTN INFERENCE-WB,"DSC-381: PROBABLTY/SIMULTN INFERENCE-WB, Section no. 62195",C+,3,Data Science
Fall 2025,62195,DSC, 381,PROBABLTY/SIMULTN INFERENCE-WB,"DSC-381: PROBABLTY/SIMULTN INFERENCE-WB, Section no. 62195",B-,6,Data Science
Fall 2025,62195,DSC, 381,PROBABLTY/SIMULTN INFERENCE-WB,"DSC-381: PROBABLTY/SIMULTN INFERENCE-WB, Section no. 62195",B,6,Data Science
Fall 2025,62195,DSC, 381,PROBABLTY/SIMULTN INFERENCE-WB,"DSC-381: PROBABLTY/SIMULTN INFERENCE-WB, Section no. 62195",B+,14,Data Science
Fall 2025,62195,DSC, 381,PROBABLTY/SIMULTN INFERENCE-WB,"DSC-381: PROBABLTY/SIMULTN INFERENCE-WB, Section no. 62195",A-,26,Data Science
Fall 2025,62195,DSC, 381,PROBABLTY/SIMULTN INFERENCE-WB,"DSC-381: PROBABLTY/SIMULTN INFERENCE-WB, Section no. 62195",A,139,Data Science
Fall 2025,62215,DSC, 388,NATURAL LANGUAGE PROCESSING-WB,"DSC-388: NATURAL LANGUAGE PROCESSING-WB, Section no. 62215",Other,13,Data Science
Fall 2025,62215,DSC, 388,NATURAL LANGUAGE PROCESSING-WB,"DSC-388: NATURAL LANGUAGE PROCESSING-WB, Section no. 62215",D,1,Data Science
Fall 2025,62215,DSC, 388,NATURAL LANGUAGE PROCESSING-WB,"DSC-388: NATURAL LANGUAGE PROCESSING-WB, Section no. 62215",C-,1,Data Science
Fall 2025,62215,DSC, 388,NATURAL LANGUAGE PROCESSING-WB,"DSC-388: NATURAL LANGUAGE PROCESSING-WB, Section no. 62215",C,1,Data Science
Fall 2025,62215,DSC, 388,NATURAL LANGUAGE PROCESSING-WB,"DSC-388: NATURAL LANGUAGE PROCESSING-WB, Section no. 62215",C+,3,Data Science
Fall 2025,62215,DSC, 388,NATURAL LANGUAGE PROCESSING-WB,"DSC-388: NATURAL LANGUAGE PROCESSING-WB, Section no. 62215",B-,1,Data Science
Fall 2025,62215,DSC, 388,NATURAL LANGUAGE PROCESSING-WB,"DSC-388: NATURAL LANGUAGE PROCESSING-WB, Section no. 62215",B,13,Data Science
Fall 2025,62215,DSC, 388,NATURAL LANGUAGE PROCESSING-WB,"DSC-388: NATURAL LANGUAGE PROCESSING-WB, Section no. 62215",B+,26,Data Science
Fall 2025,62215,DSC, 388,NATURAL LANGUAGE PROCESSING-WB,"DSC-388: NATURAL LANGUAGE PROCESSING-WB, Section no. 62215",A-,57,Data Science
Fall 2025,62215,DSC, 388,NATURAL LANGUAGE PROCESSING-WB,"DSC-388: NATURAL LANGUAGE PROCESSING-WB, Section no. 62215",A,102,Data Science
Fall 2025,62220,DSC, 388J,OPTIMIZATION-WB,"DSC-388J: OPTIMIZATION-WB, Section no. 62220",Other,3,Data Science
Fall 2025,62220,DSC, 388J,OPTIMIZATION-WB,"DSC-388J: OPTIMIZATION-WB, Section no. 62220",B+,3,Data Science
Fall 2025,62220,DSC, 388J,OPTIMIZATION-WB,"DSC-388J: OPTIMIZATION-WB, Section no. 62220",A-,2,Data Science
Fall 2025,62220,DSC, 388J,OPTIMIZATION-WB,"DSC-388J: OPTIMIZATION-WB, Section no. 62220",A,8,Data Science
Fall 2025,62225,DSC, 391L,PRINCIPLES MACHINE LEARNING-WB,"DSC-391L: PRINCIPLES MACHINE LEARNING-WB, Section no. 62225",Other,11,Data Science
Fall 2025,62225,DSC, 391L,PRINCIPLES MACHINE LEARNING-WB,"DSC-391L: PRINCIPLES MACHINE LEARNING-WB, Section no. 62225",F,1,Data Science
Fall 2025,62225,DSC, 391L,PRINCIPLES MACHINE LEARNING-WB,"DSC-391L: PRINCIPLES MACHINE LEARNING-WB, Section no. 62225",C-,1,Data Science
Fall 2025,62225,DSC, 391L,PRINCIPLES MACHINE LEARNING-WB,"DSC-391L: PRINCIPLES MACHINE LEARNING-WB, Section no. 62225",C,1,Data Science
Fall 2025,62225,DSC, 391L,PRINCIPLES MACHINE LEARNING-WB,"DSC-391L: PRINCIPLES MACHINE LEARNING-WB, Section no. 62225",C+,3,Data Science
Fall 2025,62225,DSC, 391L,PRINCIPLES MACHINE LEARNING-WB,"DSC-391L: PRINCIPLES MACHINE LEARNING-WB, Section no. 62225",B-,9,Data Science
Fall 2025,62225,DSC, 391L,PRINCIPLES MACHINE LEARNING-WB,"DSC-391L: PRINCIPLES MACHINE LEARNING-WB, Section no. 62225",B,19,Data Science
Fall 2025,62225,DSC, 391L,PRINCIPLES MACHINE LEARNING-WB,"DSC-391L: PRINCIPLES MACHINE LEARNING-WB, Section no. 62225",B+,39,Data Science
Fall 2025,62225,DSC, 391L,PRINCIPLES MACHINE LEARNING-WB,"DSC-391L: PRINCIPLES MACHINE LEARNING-WB, Section no. 62225",A-,39,Data Science
Fall 2025,62225,DSC, 391L,PRINCIPLES MACHINE LEARNING-WB,"DSC-391L: PRINCIPLES MACHINE LEARNING-WB, Section no. 62225",A,44,Data Science
Fall 2025,62230,DSC, 394D,DEEP LEARNING-WB,"DSC-394D: DEEP LEARNING-WB, Section no. 62230",Other,8,Data Science
Fall 2025,62230,DSC, 394D,DEEP LEARNING-WB,"DSC-394D: DEEP LEARNING-WB, Section no. 62230",D+,1,Data Science
Fall 2025,62230,DSC, 394D,DEEP LEARNING-WB,"DSC-394D: DEEP LEARNING-WB, Section no. 62230",C+,2,Data Science
Fall 2025,62230,DSC, 394D,DEEP LEARNING-WB,"DSC-394D: DEEP LEARNING-WB, Section no. 62230",B,11,Data Science
Fall 2025,62230,DSC, 394D,DEEP LEARNING-WB,"DSC-394D: DEEP LEARNING-WB, Section no. 62230",A-,10,Data Science
Fall 2025,62230,DSC, 394D,DEEP LEARNING-WB,"DSC-394D: DEEP LEARNING-WB, Section no. 62230",A,163,Data Science
Fall 2025,62240,DSC, 394R,REINFORCEMENT LEARNING-WB,"DSC-394R: REINFORCEMENT LEARNING-WB, Section no. 62240",Other,3,Data Science
Fall 2025,62240,DSC, 394R,REINFORCEMENT LEARNING-WB,"DSC-394R: REINFORCEMENT LEARNING-WB, Section no. 62240",F,2,Data Science
Fall 2025,62240,DSC, 394R,REINFORCEMENT LEARNING-WB,"DSC-394R: REINFORCEMENT LEARNING-WB, Section no. 62240",C+,1,Data Science
Fall 2025,62240,DSC, 394R,REINFORCEMENT LEARNING-WB,"DSC-394R: REINFORCEMENT LEARNING-WB, Section no. 62240",B-,3,Data Science
Fall 2025,62240,DSC, 394R,REINFORCEMENT LEARNING-WB,"DSC-394R: REINFORCEMENT LEARNING-WB, Section no. 62240",B,4,Data Science
Fall 2025,62240,DSC, 394R,REINFORCEMENT LEARNING-WB,"DSC-394R: REINFORCEMENT LEARNING-WB, Section no. 62240",B+,2,Data Science
Fall 2025,62240,DSC, 394R,REINFORCEMENT LEARNING-WB,"DSC-394R: REINFORCEMENT LEARNING-WB, Section no. 62240",A-,9,Data Science
Fall 2025,62240,DSC, 394R,REINFORCEMENT LEARNING-WB,"DSC-394R: REINFORCEMENT LEARNING-WB, Section no. 62240",A,30,Data Science
Fall 2025,62243,DSC, 395T,ADVANCES IN DEEP GEN MODELS-WB,"DSC-395T: ADVANCES IN DEEP GEN MODELS-WB, Section no. 62243",Other,4,Data Science
Fall 2025,62243,DSC, 395T,ADVANCES IN DEEP GEN MODELS-WB,"DSC-395T: ADVANCES IN DEEP GEN MODELS-WB, Section no. 62243",F,1,Data Science
Fall 2025,62243,DSC, 395T,ADVANCES IN DEEP GEN MODELS-WB,"DSC-395T: ADVANCES IN DEEP GEN MODELS-WB, Section no. 62243",B-,2,Data Science
Fall 2025,62243,DSC, 395T,ADVANCES IN DEEP GEN MODELS-WB,"DSC-395T: ADVANCES IN DEEP GEN MODELS-WB, Section no. 62243",B,3,Data Science
Fall 2025,62243,DSC, 395T,ADVANCES IN DEEP GEN MODELS-WB,"DSC-395T: ADVANCES IN DEEP GEN MODELS-WB, Section no. 62243",B+,13,Data Science
Fall 2025,62243,DSC, 395T,ADVANCES IN DEEP GEN MODELS-WB,"DSC-395T: ADVANCES IN DEEP GEN MODELS-WB, Section no. 62243",A-,7,Data Science
Fall 2025,62243,DSC, 395T,ADVANCES IN DEEP GEN MODELS-WB,"DSC-395T: ADVANCES IN DEEP GEN MODELS-WB, Section no. 62243",A,24,Data Science
Fall 2025,62244,DSC, 395T,ADVANCES IN DEEP LEARNING-WB,"DSC-395T: ADVANCES IN DEEP LEARNING-WB, Section no. 62244",Other,3,Data Science
Fall 2025,62244,DSC, 395T,ADVANCES IN DEEP LEARNING-WB,"DSC-395T: ADVANCES IN DEEP LEARNING-WB, Section no. 62244",D,1,Data Science
Fall 2025,62244,DSC, 395T,ADVANCES IN DEEP LEARNING-WB,"DSC-395T: ADVANCES IN DEEP LEARNING-WB, Section no. 62244",C-,1,Data Science
Fall 2025,62244,DSC, 395T,ADVANCES IN DEEP LEARNING-WB,"DSC-395T: ADVANCES IN DEEP LEARNING-WB, Section no. 62244",C,2,Data Science
Fall 2025,62244,DSC, 395T,ADVANCES IN DEEP LEARNING-WB,"DSC-395T: ADVANCES IN DEEP LEARNING-WB, Section no. 62244",C+,3,Data Science
Fall 2025,62244,DSC, 395T,ADVANCES IN DEEP LEARNING-WB,"DSC-395T: ADVANCES IN DEEP LEARNING-WB, Section no. 62244",B,17,Data Science
Fall 2025,62244,DSC, 395T,ADVANCES IN DEEP LEARNING-WB,"DSC-395T: ADVANCES IN DEEP LEARNING-WB, Section no. 62244",B+,14,Data Science
Fall 2025,62244,DSC, 395T,ADVANCES IN DEEP LEARNING-WB,"DSC-395T: ADVANCES IN DEEP LEARNING-WB, Section no. 62244",A-,18,Data Science
Fall 2025,62244,DSC, 395T,ADVANCES IN DEEP LEARNING-WB,"DSC-395T: ADVANCES IN DEEP LEARNING-WB, Section no. 62244",A,74,Data Science
Fall 2025,62245,DSC, 395T,DATA SCI HEAL DISCOV/INNOVT-WB,"DSC-395T: DATA SCI HEAL DISCOV/INNOVT-WB, Section no. 62245",Other,2,Data Science
Fall 2025,62245,DSC, 395T,DATA SCI HEAL DISCOV/INNOVT-WB,"DSC-395T: DATA SCI HEAL DISCOV/INNOVT-WB, Section no. 62245",B-,3,Data Science
Fall 2025,62245,DSC, 395T,DATA SCI HEAL DISCOV/INNOVT-WB,"DSC-395T: DATA SCI HEAL DISCOV/INNOVT-WB, Section no. 62245",B,4,Data Science
Fall 2025,62245,DSC, 395T,DATA SCI HEAL DISCOV/INNOVT-WB,"DSC-395T: DATA SCI HEAL DISCOV/INNOVT-WB, Section no. 62245",B+,9,Data Science
Fall 2025,62245,DSC, 395T,DATA SCI HEAL DISCOV/INNOVT-WB,"DSC-395T: DATA SCI HEAL DISCOV/INNOVT-WB, Section no. 62245",A-,21,Data Science
Fall 2025,62245,DSC, 395T,DATA SCI HEAL DISCOV/INNOVT-WB,"DSC-395T: DATA SCI HEAL DISCOV/INNOVT-WB, Section no. 62245",A,191,Data Science
Fall 2025,62250,DSC, 395T,DATA STRUCTURES/ALGORITHM-WB,"DSC-395T: DATA STRUCTURES/ALGORITHM-WB, Section no. 62250",Other,24,Data Science
Fall 2025,62250,DSC, 395T,DATA STRUCTURES/ALGORITHM-WB,"DSC-395T: DATA STRUCTURES/ALGORITHM-WB, Section no. 62250",C,15,Data Science
Fall 2025,62250,DSC, 395T,DATA STRUCTURES/ALGORITHM-WB,"DSC-395T: DATA STRUCTURES/ALGORITHM-WB, Section no. 62250",C+,8,Data Science
Fall 2025,62250,DSC, 395T,DATA STRUCTURES/ALGORITHM-WB,"DSC-395T: DATA STRUCTURES/ALGORITHM-WB, Section no. 62250",B-,12,Data Science
Fall 2025,62250,DSC, 395T,DATA STRUCTURES/ALGORITHM-WB,"DSC-395T: DATA STRUCTURES/ALGORITHM-WB, Section no. 62250",B,48,Data Science
Fall 2025,62250,DSC, 395T,DATA STRUCTURES/ALGORITHM-WB,"DSC-395T: DATA STRUCTURES/ALGORITHM-WB, Section no. 62250",B+,32,Data Science
Fall 2025,62250,DSC, 395T,DATA STRUCTURES/ALGORITHM-WB,"DSC-395T: DATA STRUCTURES/ALGORITHM-WB, Section no. 62250",A-,43,Data Science
Fall 2025,62250,DSC, 395T,DATA STRUCTURES/ALGORITHM-WB,"DSC-395T: DATA STRUCTURES/ALGORITHM-WB, Section no. 62250",A,106,Data Science
Fall 2025,62251,DSC, 395T,PRINCIPLES OF DATA SCIENCE-WB,"DSC-395T: PRINCIPLES OF DATA SCIENCE-WB, Section no. 62251",Other,6,Data Science
Fall 2025,62251,DSC, 395T,PRINCIPLES OF DATA SCIENCE-WB,"DSC-395T: PRINCIPLES OF DATA SCIENCE-WB, Section no. 62251",F,5,Data Science
Fall 2025,62251,DSC, 395T,PRINCIPLES OF DATA SCIENCE-WB,"DSC-395T: PRINCIPLES OF DATA SCIENCE-WB, Section no. 62251",C,1,Data Science
Fall 2025,62251,DSC, 395T,PRINCIPLES OF DATA SCIENCE-WB,"DSC-395T: PRINCIPLES OF DATA SCIENCE-WB, Section no. 62251",C+,2,Data Science
Fall 2025,62251,DSC, 395T,PRINCIPLES OF DATA SCIENCE-WB,"DSC-395T: PRINCIPLES OF DATA SCIENCE-WB, Section no. 62251",B-,4,Data Science
Fall 2025,62251,DSC, 395T,PRINCIPLES OF DATA SCIENCE-WB,"DSC-395T: PRINCIPLES OF DATA SCIENCE-WB, Section no. 62251",B,2,Data Science
Fall 2025,62251,DSC, 395T,PRINCIPLES OF DATA SCIENCE-WB,"DSC-395T: PRINCIPLES OF DATA SCIENCE-WB, Section no. 62251",B+,3,Data Science
Fall 2025,62251,DSC, 395T,PRINCIPLES OF DATA SCIENCE-WB,"DSC-395T: PRINCIPLES OF DATA SCIENCE-WB, Section no. 62251",A-,8,Data Science
Fall 2025,62251,DSC, 395T,PRINCIPLES OF DATA SCIENCE-WB,"DSC-395T: PRINCIPLES OF DATA SCIENCE-WB, Section no. 62251",A,244,Data Science
